customer_id,name,segment,tenure_months,monthly_charges,total_charges,credit_limit,credit_utilization,education,marital_status,age,phone_service,internet_service,contract_type,payment_method,churn_flag,default_flag
C-0001,Customer 1,enterprise,56,61.81,1066.87,5000,0.86,PhD,Married,43,No,DSL,Month-to-month,Bank transfer,1,1
C-0002,Customer 2,enterprise,63,57.93,2872.91,10000,0.37,PhD,Single,75,No,Fiber optic,One year,Credit card,0,1
C-0003,Customer 3,retail,58,103.37,3183.06,10000,0.38,PhD,Single,72,No,Fiber optic,One year,Electronic check,1,0
C-0004,Customer 4,retail,4,52.54,7612.08,50000,0.17,Masters,Single,28,Yes,Fiber optic,Two year,Mailed check,0,0
C-0005,Customer 5,sme,21,69.14,1429.54,5000,0.1,PhD,Married,53,No,Fiber optic,One year,Electronic check,0,1
C-0006,Customer 6,retail,59,98.66,1397.26,5000,0.82,PhD,Married,59,No,Fiber optic,Month-to-month,Mailed check,0,1
C-0007,Customer 7,retail,29,97.58,2387.1,1000,0.53,High School,Married,23,Yes,No,Two year,Credit card,0,1
C-0008,Customer 8,sme,35,72.19,4866.68,1000,0.7,High School,Married,29,No,No,Two year,Electronic check,0,1
C-0009,Customer 9,sme,20,20.93,2088.71,1000,0.84,PhD,Single,19,No,DSL,Two year,Credit card,0,1
C-0010,Customer 10,sme,54,122.47,4275.25,50000,0.13,High School,Single,58,No,Fiber optic,Month-to-month,Mailed check,0,0
C-0011,Customer 11,enterprise,19,147.35,464.72,1000,0.2,PhD,Married,46,Yes,DSL,One year,Bank transfer,0,1
C-0012,Customer 12,sme,53,29.21,241.15,5000,0.21,High School,Married,78,No,Fiber optic,Month-to-month,Bank transfer,1,0
C-0013,Customer 13,enterprise,6,38.07,6364.34,5000,0.28,Masters,Single,65,Yes,Fiber optic,Month-to-month,Electronic check,1,0
C-0014,Customer 14,sme,47,109.69,5413.52,5000,0.75,PhD,Married,72,Yes,No,Two year,Mailed check,0,1
C-0015,Customer 15,enterprise,25,117.83,2104.41,5000,0.51,Bachelors,Married,37,No,DSL,Month-to-month,Electronic check,0,1
C-0016,Customer 16,sme,46,89.9,3856.1,1000,0.79,Bachelors,Married,56,No,DSL,Month-to-month,Bank transfer,1,1
C-0017,Customer 17,retail,2,96.17,7948.74,50000,0.49,Masters,Married,66,No,DSL,Month-to-month,Mailed check,1,0
C-0018,Customer 18,enterprise,16,43.52,4101.15,1000,0.26,Masters,Married,31,Yes,No,One year,Bank transfer,1,1
C-0019,Customer 19,retail,32,62.74,7229.36,10000,0.86,Masters,Married,21,Yes,Fiber optic,One year,Credit card,0,0
C-0020,Customer 20,enterprise,67,22.83,4777.25,1000,0.34,PhD,Married,28,Yes,Fiber optic,One year,Mailed check,1,1
C-0021,Customer 21,enterprise,48,87.64,6473.0,10000,0.6,Masters,Married,38,No,No,Month-to-month,Electronic check,1,1
C-0022,Customer 22,retail,9,83.78,6068.03,50000,0.66,High School,Single,24,Yes,DSL,One year,Electronic check,0,0
C-0023,Customer 23,sme,34,28.56,887.84,1000,0.61,PhD,Married,45,No,No,One year,Credit card,1,1
C-0024,Customer 24,sme,65,86.39,3910.47,10000,0.66,Masters,Married,76,Yes,DSL,Two year,Mailed check,1,1
C-0025,Customer 25,retail,15,87.37,4247.57,1000,0.24,High School,Married,29,No,No,Two year,Bank transfer,0,1
C-0026,Customer 26,retail,20,133.81,4288.81,1000,0.72,PhD,Married,68,Yes,DSL,Month-to-month,Credit card,1,1
C-0027,Customer 27,retail,67,136.28,6771.85,5000,0.47,Bachelors,Married,18,No,No,One year,Credit card,1,1
C-0028,Customer 28,sme,3,82.95,2441.83,50000,0.38,High School,Married,36,Yes,No,Month-to-month,Credit card,1,0
C-0029,Customer 29,enterprise,61,67.35,678.12,50000,0.71,Bachelors,Married,56,Yes,DSL,One year,Bank transfer,0,0
C-0030,Customer 30,enterprise,14,42.73,1708.59,50000,0.62,Bachelors,Married,66,Yes,DSL,One year,Bank transfer,1,0
C-0031,Customer 31,sme,49,98.83,2887.74,5000,0.27,PhD,Married,27,Yes,DSL,Month-to-month,Credit card,1,1
C-0032,Customer 32,sme,15,140.18,7764.14,5000,0.83,High School,Single,68,No,DSL,Two year,Electronic check,0,1
C-0033,Customer 33,enterprise,10,45.1,1119.01,5000,0.19,PhD,Married,57,Yes,No,Month-to-month,Bank transfer,0,0
C-0034,Customer 34,enterprise,58,94.86,1703.01,5000,0.46,High School,Single,68,No,No,One year,Mailed check,1,1
C-0035,Customer 35,sme,2,35.93,2106.52,50000,0.24,PhD,Married,42,No,No,Two year,Bank transfer,0,0
C-0036,Customer 36,enterprise,35,89.69,760.62,10000,0.43,High School,Married,47,Yes,DSL,Two year,Electronic check,0,1
C-0037,Customer 37,sme,6,20.09,6827.8,10000,0.13,Masters,Single,25,No,DSL,One year,Credit card,0,0
C-0038,Customer 38,retail,23,42.79,6240.02,5000,0.19,Bachelors,Single,23,Yes,No,Month-to-month,Bank transfer,0,1
C-0039,Customer 39,retail,1,46.68,1501.85,5000,0.53,PhD,Single,77,No,DSL,Month-to-month,Credit card,0,1
C-0040,Customer 40,enterprise,21,113.43,6668.27,1000,0.16,PhD,Married,74,No,DSL,One year,Bank transfer,0,1
C-0041,Customer 41,enterprise,62,104.45,7185.87,1000,0.42,Bachelors,Married,37,Yes,DSL,Two year,Mailed check,0,1
C-0042,Customer 42,retail,47,61.11,5405.2,10000,0.69,Bachelors,Single,36,No,DSL,One year,Mailed check,0,0
C-0043,Customer 43,enterprise,26,30.31,4368.15,50000,0.48,High School,Single,25,No,No,Two year,Bank transfer,0,0
C-0044,Customer 44,retail,35,119.98,6189.04,50000,0.36,High School,Married,26,Yes,No,Two year,Electronic check,0,0
C-0045,Customer 45,retail,14,138.59,2084.25,50000,0.74,PhD,Single,64,No,Fiber optic,Two year,Bank transfer,0,1
C-0046,Customer 46,retail,39,60.34,6839.78,50000,0.19,PhD,Married,75,Yes,DSL,Month-to-month,Electronic check,1,0
C-0047,Customer 47,retail,2,100.41,5686.32,10000,0.79,Bachelors,Single,69,Yes,No,Two year,Bank transfer,0,1
C-0048,Customer 48,sme,16,77.83,7152.29,1000,0.37,Bachelors,Married,44,No,DSL,Two year,Mailed check,1,1
C-0049,Customer 49,retail,52,141.05,7902.28,5000,0.29,High School,Married,24,Yes,Fiber optic,One year,Mailed check,0,1
C-0050,Customer 50,enterprise,61,31.77,1967.43,10000,0.57,Bachelors,Single,45,No,No,Month-to-month,Electronic check,1,0
C-0051,Customer 51,sme,56,91.73,6219.84,1000,0.52,Bachelors,Married,35,No,No,One year,Mailed check,1,1
C-0052,Customer 52,enterprise,38,105.04,5634.48,10000,0.49,PhD,Married,29,Yes,DSL,Two year,Credit card,0,0
C-0053,Customer 53,retail,42,47.32,2933.57,1000,0.18,Masters,Single,67,Yes,No,Two year,Credit card,0,1
C-0054,Customer 54,sme,35,86.91,2258.15,50000,0.19,PhD,Married,40,Yes,Fiber optic,Two year,Credit card,0,0
C-0055,Customer 55,retail,28,79.29,1004.64,10000,0.25,High School,Married,40,Yes,DSL,Two year,Mailed check,1,1
C-0056,Customer 56,retail,25,96.77,7169.48,5000,0.14,High School,Single,71,Yes,Fiber optic,Month-to-month,Electronic check,0,1
C-0057,Customer 57,retail,16,116.18,7179.95,50000,0.45,Masters,Married,53,No,Fiber optic,One year,Bank transfer,0,0
C-0058,Customer 58,enterprise,43,118.32,3342.45,5000,0.29,Bachelors,Single,60,No,No,One year,Credit card,0,1
C-0059,Customer 59,enterprise,10,130.03,5281.78,50000,0.3,Masters,Single,43,Yes,Fiber optic,Month-to-month,Bank transfer,0,1
C-0060,Customer 60,enterprise,16,126.8,7719.76,50000,0.38,Masters,Married,48,No,No,Month-to-month,Mailed check,0,0
C-0061,Customer 61,enterprise,41,24.01,6236.32,10000,0.14,Masters,Single,23,Yes,No,Month-to-month,Credit card,0,0
C-0062,Customer 62,sme,66,119.9,694.93,50000,0.68,Bachelors,Married,30,No,DSL,Two year,Credit card,0,0
C-0063,Customer 63,sme,32,130.35,4243.9,10000,0.1,Masters,Single,39,Yes,DSL,Two year,Bank transfer,0,1
C-0064,Customer 64,sme,62,60.21,7094.83,50000,0.89,Bachelors,Married,43,Yes,No,Month-to-month,Credit card,1,0
C-0065,Customer 65,enterprise,67,129.43,1035.14,1000,0.27,High School,Single,58,Yes,No,One year,Credit card,0,1
C-0066,Customer 66,retail,31,77.34,6118.06,5000,0.19,Bachelors,Married,73,No,DSL,Two year,Mailed check,0,0
C-0067,Customer 67,enterprise,10,30.95,7046.87,10000,0.3,Masters,Married,35,No,Fiber optic,One year,Mailed check,1,1
C-0068,Customer 68,sme,36,136.01,7940.96,5000,0.39,High School,Single,50,Yes,Fiber optic,Month-to-month,Bank transfer,1,1
C-0069,Customer 69,enterprise,24,97.81,7283.39,50000,0.73,PhD,Single,39,No,DSL,Month-to-month,Electronic check,0,0
C-0070,Customer 70,sme,63,63.18,5574.39,10000,0.9,High School,Single,63,Yes,No,Month-to-month,Mailed check,0,0
C-0071,Customer 71,retail,38,123.36,7139.61,5000,0.83,Masters,Married,72,Yes,DSL,Two year,Bank transfer,0,1
C-0072,Customer 72,sme,7,78.07,1017.58,50000,0.43,PhD,Married,26,Yes,No,One year,Credit card,0,0
C-0073,Customer 73,sme,50,64.88,3605.39,5000,0.75,Masters,Married,55,Yes,No,Month-to-month,Bank transfer,0,1
C-0074,Customer 74,enterprise,6,113.55,2659.85,5000,0.28,PhD,Married,25,No,Fiber optic,One year,Bank transfer,1,1
C-0075,Customer 75,enterprise,23,96.69,7024.11,10000,0.65,PhD,Single,49,No,Fiber optic,One year,Electronic check,0,1
C-0076,Customer 76,retail,53,37.47,3113.61,5000,0.32,High School,Single,79,Yes,Fiber optic,Two year,Electronic check,0,0
C-0077,Customer 77,enterprise,58,106.41,7532.87,50000,0.31,Masters,Married,28,No,Fiber optic,One year,Credit card,0,0
C-0078,Customer 78,retail,32,77.55,7319.85,50000,0.69,High School,Single,32,Yes,Fiber optic,Two year,Electronic check,0,0
C-0079,Customer 79,retail,39,44.99,7792.35,50000,0.33,PhD,Single,35,No,No,Two year,Mailed check,0,0
C-0080,Customer 80,retail,18,22.65,2613.14,10000,0.73,High School,Single,78,No,DSL,One year,Electronic check,0,1
C-0081,Customer 81,retail,44,91.78,209.5,50000,0.4,PhD,Single,39,Yes,No,Two year,Credit card,0,0
C-0082,Customer 82,sme,14,60.22,5733.18,5000,0.13,Masters,Single,73,No,Fiber optic,Month-to-month,Mailed check,0,1
C-0083,Customer 83,enterprise,25,143.31,7985.54,50000,0.81,Bachelors,Single,44,Yes,No,Month-to-month,Bank transfer,0,1
C-0084,Customer 84,sme,15,128.48,6315.15,1000,0.63,PhD,Single,58,Yes,DSL,Two year,Electronic check,1,1
C-0085,Customer 85,retail,6,147.21,1630.9,50000,0.6,High School,Married,70,No,DSL,Month-to-month,Electronic check,1,1
C-0086,Customer 86,retail,71,64.98,1991.11,5000,0.48,Bachelors,Married,52,Yes,No,Month-to-month,Bank transfer,0,1
C-0087,Customer 87,enterprise,3,76.87,7219.1,5000,0.53,Masters,Married,58,No,No,Two year,Credit card,0,1
C-0088,Customer 88,sme,42,96.63,7598.14,5000,0.36,High School,Married,61,Yes,Fiber optic,Two year,Mailed check,0,1
C-0089,Customer 89,enterprise,14,149.53,3026.83,10000,0.55,High School,Single,47,Yes,No,Month-to-month,Bank transfer,0,1
C-0090,Customer 90,enterprise,34,144.73,6250.66,50000,0.19,PhD,Single,47,Yes,No,Month-to-month,Credit card,0,0
C-0091,Customer 91,enterprise,5,54.69,1020.55,10000,0.35,PhD,Single,43,Yes,DSL,Month-to-month,Bank transfer,0,1
C-0092,Customer 92,sme,30,82.2,378.99,50000,0.57,Masters,Married,22,No,DSL,Two year,Electronic check,0,0
C-0093,Customer 93,sme,28,106.03,5567.3,1000,0.24,High School,Single,47,No,No,One year,Bank transfer,1,1
C-0094,Customer 94,enterprise,9,46.17,3930.54,50000,0.17,High School,Married,54,Yes,Fiber optic,One year,Mailed check,1,0
C-0095,Customer 95,retail,20,149.97,1870.49,10000,0.76,High School,Married,18,No,Fiber optic,Month-to-month,Mailed check,0,1
C-0096,Customer 96,sme,19,142.43,6065.22,10000,0.43,PhD,Married,24,No,Fiber optic,Month-to-month,Electronic check,1,1
C-0097,Customer 97,sme,25,107.34,1638.67,5000,0.28,Masters,Single,18,No,DSL,One year,Electronic check,1,1
C-0098,Customer 98,retail,27,121.47,188.35,10000,0.65,Bachelors,Single,46,No,DSL,Two year,Mailed check,0,1
C-0099,Customer 99,retail,10,117.59,6645.5,50000,0.66,High School,Single,60,Yes,Fiber optic,Month-to-month,Mailed check,0,0
C-0100,Customer 100,sme,38,65.05,3675.85,5000,0.8,High School,Married,35,Yes,No,One year,Bank transfer,0,1
C-0101,Customer 101,retail,15,66.7,6335.1,1000,0.3,High School,Single,32,No,Fiber optic,Month-to-month,Credit card,1,1
C-0102,Customer 102,retail,21,25.38,3636.24,5000,0.88,High School,Married,42,No,Fiber optic,Month-to-month,Credit card,0,1
C-0103,Customer 103,retail,9,26.81,6917.41,1000,0.35,PhD,Single,21,Yes,No,One year,Credit card,0,1
C-0104,Customer 104,sme,25,21.13,6721.53,50000,0.55,Bachelors,Single,23,Yes,No,Month-to-month,Mailed check,0,0
C-0105,Customer 105,retail,8,23.46,1726.34,50000,0.42,Bachelors,Single,29,No,Fiber optic,One year,Mailed check,0,0
C-0106,Customer 106,enterprise,57,57.39,3657.22,1000,0.43,PhD,Married,35,No,DSL,One year,Electronic check,0,1
C-0107,Customer 107,retail,36,149.28,4490.5,1000,0.78,PhD,Married,47,No,DSL,Two year,Electronic check,0,1
C-0108,Customer 108,sme,40,144.02,2544.23,10000,0.2,Masters,Married,42,Yes,Fiber optic,One year,Electronic check,0,1
C-0109,Customer 109,retail,15,83.75,7295.19,1000,0.89,PhD,Single,32,Yes,DSL,Month-to-month,Bank transfer,1,1
C-0110,Customer 110,retail,45,121.79,4418.07,5000,0.75,Bachelors,Single,57,Yes,No,Month-to-month,Mailed check,1,1
C-0111,Customer 111,sme,25,59.06,2804.39,1000,0.89,PhD,Single,22,Yes,No,Month-to-month,Bank transfer,1,1
C-0112,Customer 112,sme,4,142.83,1035.34,1000,0.33,Masters,Single,23,No,Fiber optic,One year,Credit card,0,1
C-0113,Customer 113,enterprise,54,49.98,6969.59,1000,0.24,Masters,Married,26,No,Fiber optic,Month-to-month,Bank transfer,0,1
C-0114,Customer 114,sme,68,43.82,1303.02,10000,0.58,Masters,Single,50,Yes,Fiber optic,Month-to-month,Electronic check,0,1
C-0115,Customer 115,retail,40,63.75,1093.97,1000,0.11,Masters,Married,33,Yes,No,Month-to-month,Mailed check,1,1
C-0116,Customer 116,enterprise,30,134.42,7929.02,10000,0.25,PhD,Single,54,Yes,No,Two year,Bank transfer,0,0
C-0117,Customer 117,sme,66,63.08,1072.73,1000,0.41,PhD,Single,67,Yes,No,Month-to-month,Electronic check,0,1
C-0118,Customer 118,enterprise,71,114.32,1358.42,1000,0.36,Bachelors,Married,27,No,Fiber optic,One year,Electronic check,1,1
C-0119,Customer 119,sme,11,75.76,526.73,10000,0.21,Bachelors,Single,65,No,Fiber optic,Two year,Credit card,1,1
C-0120,Customer 120,sme,32,52.66,6714.37,10000,0.1,Masters,Single,53,No,Fiber optic,Month-to-month,Electronic check,0,0
C-0121,Customer 121,retail,43,67.82,5858.9,10000,0.61,High School,Married,61,No,Fiber optic,Two year,Mailed check,1,1
C-0122,Customer 122,enterprise,38,144.8,6356.2,5000,0.5,High School,Single,30,Yes,No,Two year,Bank transfer,0,1
C-0123,Customer 123,enterprise,9,114.96,5348.88,5000,0.8,High School,Married,31,No,DSL,Month-to-month,Mailed check,1,1
C-0124,Customer 124,enterprise,10,112.8,6332.64,5000,0.66,High School,Married,72,No,No,Two year,Credit card,0,1
C-0125,Customer 125,retail,44,45.6,6163.92,1000,0.15,High School,Married,25,Yes,No,Month-to-month,Mailed check,1,1
C-0126,Customer 126,sme,31,24.44,2067.73,10000,0.27,High School,Single,27,No,DSL,Two year,Electronic check,1,0
C-0127,Customer 127,retail,67,101.93,6683.11,5000,0.58,High School,Single,47,Yes,No,Month-to-month,Bank transfer,0,1
C-0128,Customer 128,retail,57,73.55,4983.84,1000,0.24,Masters,Married,78,No,DSL,Two year,Mailed check,0,1
C-0129,Customer 129,enterprise,10,75.71,7252.59,1000,0.55,Bachelors,Married,47,No,DSL,Two year,Mailed check,0,1
C-0130,Customer 130,enterprise,43,66.47,3976.47,10000,0.62,PhD,Single,21,Yes,DSL,Two year,Electronic check,0,1
C-0131,Customer 131,retail,38,113.4,1864.45,5000,0.59,PhD,Single,54,Yes,Fiber optic,Two year,Bank transfer,0,1
C-0132,Customer 132,sme,18,138.64,7505.47,5000,0.78,PhD,Single,48,No,Fiber optic,One year,Electronic check,0,1
C-0133,Customer 133,retail,8,51.75,4181.23,10000,0.17,Masters,Married,65,No,Fiber optic,Two year,Mailed check,0,1
C-0134,Customer 134,enterprise,25,97.02,509.35,10000,0.35,PhD,Single,46,No,DSL,Month-to-month,Electronic check,0,0
C-0135,Customer 135,retail,10,143.6,1348.2,50000,0.64,High School,Married,55,No,No,Month-to-month,Credit card,1,1
C-0136,Customer 136,sme,23,29.84,4547.65,10000,0.63,Bachelors,Single,58,Yes,Fiber optic,Two year,Electronic check,0,1
C-0137,Customer 137,retail,34,129.04,7045.22,5000,0.11,Masters,Married,21,No,Fiber optic,Two year,Electronic check,0,1
C-0138,Customer 138,sme,68,41.42,5448.54,50000,0.83,Masters,Married,25,Yes,No,Month-to-month,Bank transfer,1,0
C-0139,Customer 139,retail,49,68.18,4495.2,10000,0.35,Masters,Single,69,No,DSL,One year,Electronic check,0,0
C-0140,Customer 140,enterprise,42,76.67,5777.16,5000,0.47,PhD,Single,43,No,DSL,One year,Bank transfer,1,1
C-0141,Customer 141,sme,34,20.15,1996.72,1000,0.77,High School,Single,44,No,No,Month-to-month,Electronic check,1,1
C-0142,Customer 142,enterprise,67,102.75,5265.97,5000,0.38,Masters,Married,54,No,No,Two year,Credit card,0,1
C-0143,Customer 143,retail,42,63.08,1588.83,1000,0.87,Bachelors,Married,44,No,DSL,Month-to-month,Mailed check,1,1
C-0144,Customer 144,sme,1,66.6,3055.98,5000,0.44,High School,Married,22,Yes,No,Two year,Bank transfer,0,1
C-0145,Customer 145,sme,53,96.44,7152.71,10000,0.6,High School,Single,53,Yes,Fiber optic,One year,Credit card,1,0
C-0146,Customer 146,sme,32,50.26,6056.96,10000,0.41,PhD,Married,20,Yes,DSL,Two year,Bank transfer,0,0
C-0147,Customer 147,sme,39,72.83,6796.88,1000,0.77,High School,Married,25,Yes,DSL,Month-to-month,Bank transfer,1,1
C-0148,Customer 148,retail,30,121.02,4201.65,10000,0.76,Masters,Single,19,No,No,Month-to-month,Bank transfer,1,1
C-0149,Customer 149,sme,7,133.03,6697.84,10000,0.63,Masters,Single,54,Yes,No,Two year,Credit card,0,1
C-0150,Customer 150,sme,15,45.19,4687.93,5000,0.33,High School,Married,40,Yes,DSL,One year,Bank transfer,0,1
C-0151,Customer 151,retail,26,40.24,2886.79,5000,0.43,Bachelors,Married,67,No,DSL,Month-to-month,Electronic check,1,1
C-0152,Customer 152,enterprise,57,40.32,5214.54,5000,0.23,PhD,Single,31,No,Fiber optic,Two year,Credit card,1,1
C-0153,Customer 153,retail,46,142.69,3235.35,50000,0.3,Masters,Single,25,No,Fiber optic,Month-to-month,Electronic check,1,0
C-0154,Customer 154,sme,1,23.89,7814.82,5000,0.51,Masters,Single,40,No,Fiber optic,Two year,Credit card,0,0
C-0155,Customer 155,retail,68,44.49,1015.96,1000,0.31,Masters,Single,57,Yes,No,Month-to-month,Mailed check,0,1
C-0156,Customer 156,sme,1,33.56,3013.96,50000,0.82,Bachelors,Married,41,No,Fiber optic,One year,Mailed check,0,0
C-0157,Customer 157,sme,19,140.33,3362.93,5000,0.18,PhD,Married,31,Yes,Fiber optic,Month-to-month,Bank transfer,1,1
C-0158,Customer 158,retail,1,117.67,1105.16,10000,0.59,High School,Single,48,No,DSL,One year,Mailed check,1,1
C-0159,Customer 159,sme,42,40.26,6288.12,10000,0.42,Bachelors,Single,73,Yes,No,Month-to-month,Mailed check,0,1
C-0160,Customer 160,retail,15,89.61,1561.72,10000,0.18,Masters,Single,39,Yes,No,Month-to-month,Mailed check,0,1
C-0161,Customer 161,sme,58,85.76,1606.07,50000,0.49,Masters,Married,42,No,DSL,One year,Credit card,0,0
C-0162,Customer 162,retail,5,48.43,6697.28,5000,0.36,Bachelors,Married,29,Yes,Fiber optic,One year,Credit card,0,0
C-0163,Customer 163,enterprise,21,98.51,2518.55,50000,0.12,Bachelors,Married,33,Yes,No,One year,Credit card,1,0
C-0164,Customer 164,retail,1,108.75,5945.4,5000,0.73,Bachelors,Married,36,No,DSL,Two year,Mailed check,0,1
C-0165,Customer 165,retail,11,130.78,3182.14,1000,0.15,Masters,Married,78,No,DSL,Month-to-month,Bank transfer,0,1
C-0166,Customer 166,retail,3,61.36,2414.04,50000,0.19,Bachelors,Single,25,Yes,No,Month-to-month,Electronic check,0,0
C-0167,Customer 167,sme,33,141.02,3583.64,5000,0.5,PhD,Married,67,Yes,DSL,One year,Bank transfer,0,1
C-0168,Customer 168,retail,47,69.45,4125.63,5000,0.86,Bachelors,Single,30,Yes,Fiber optic,Two year,Credit card,0,1
C-0169,Customer 169,enterprise,20,29.05,6431.18,5000,0.12,Bachelors,Single,20,Yes,DSL,One year,Electronic check,0,1
C-0170,Customer 170,enterprise,57,115.03,7083.54,50000,0.81,High School,Married,60,No,DSL,Month-to-month,Credit card,1,0
C-0171,Customer 171,retail,27,148.28,2513.95,50000,0.54,PhD,Single,79,Yes,DSL,Two year,Bank transfer,0,1
C-0172,Customer 172,retail,70,125.11,7699.63,1000,0.84,PhD,Married,34,No,DSL,One year,Mailed check,1,1
C-0173,Customer 173,sme,50,67.75,4538.38,50000,0.56,Bachelors,Single,41,Yes,DSL,Two year,Mailed check,0,0
C-0174,Customer 174,enterprise,39,119.33,2062.16,10000,0.54,Bachelors,Married,57,Yes,No,Month-to-month,Bank transfer,0,1
C-0175,Customer 175,sme,53,118.41,5552.47,50000,0.33,Bachelors,Married,38,Yes,DSL,Two year,Bank transfer,0,1
C-0176,Customer 176,enterprise,53,137.41,1277.51,1000,0.34,Bachelors,Single,51,No,Fiber optic,Two year,Mailed check,0,1
C-0177,Customer 177,enterprise,4,40.46,2640.2,1000,0.85,Bachelors,Single,22,No,No,Two year,Bank transfer,0,1
C-0178,Customer 178,retail,58,92.37,220.6,10000,0.13,Bachelors,Single,59,No,No,Month-to-month,Credit card,1,0
C-0179,Customer 179,enterprise,1,44.6,4356.32,10000,0.83,PhD,Single,23,Yes,No,Two year,Credit card,0,1
C-0180,Customer 180,retail,31,20.61,2291.63,1000,0.4,Masters,Single,50,No,Fiber optic,Month-to-month,Mailed check,1,1
C-0181,Customer 181,sme,27,113.5,1405.53,10000,0.49,Bachelors,Married,73,No,DSL,Two year,Credit card,0,1
C-0182,Customer 182,sme,43,28.63,7546.34,50000,0.65,PhD,Single,71,Yes,Fiber optic,Month-to-month,Mailed check,0,0
C-0183,Customer 183,retail,42,126.13,3416.82,10000,0.85,PhD,Single,26,No,DSL,One year,Bank transfer,0,1
C-0184,Customer 184,enterprise,47,59.31,2694.08,50000,0.16,High School,Married,47,Yes,No,One year,Credit card,0,1
C-0185,Customer 185,enterprise,26,104.85,4634.64,1000,0.52,PhD,Single,65,No,DSL,One year,Credit card,0,1
C-0186,Customer 186,retail,13,102.71,2216.83,5000,0.42,Bachelors,Married,25,No,Fiber optic,Two year,Credit card,0,1
C-0187,Customer 187,sme,21,117.12,1541.46,50000,0.81,PhD,Single,28,No,DSL,Month-to-month,Electronic check,1,0
C-0188,Customer 188,enterprise,45,31.94,5805.79,1000,0.36,Bachelors,Married,77,Yes,Fiber optic,Month-to-month,Electronic check,0,1
C-0189,Customer 189,sme,57,71.32,261.38,1000,0.13,Masters,Single,76,Yes,DSL,Two year,Mailed check,0,1
C-0190,Customer 190,retail,67,48.0,1502.5,50000,0.64,Masters,Single,40,No,Fiber optic,One year,Credit card,0,0
C-0191,Customer 191,enterprise,55,66.43,5815.61,50000,0.42,Bachelors,Single,28,No,No,Month-to-month,Credit card,1,1
C-0192,Customer 192,enterprise,3,135.61,6660.42,1000,0.55,PhD,Single,67,No,No,One year,Electronic check,0,1
C-0193,Customer 193,retail,55,41.9,2013.62,50000,0.3,Bachelors,Married,53,Yes,Fiber optic,Two year,Electronic check,0,0
C-0194,Customer 194,enterprise,4,143.33,5919.58,10000,0.11,Bachelors,Married,53,Yes,Fiber optic,One year,Mailed check,0,0
C-0195,Customer 195,sme,6,92.18,2595.99,50000,0.22,Bachelors,Married,45,Yes,No,Two year,Credit card,0,0
C-0196,Customer 196,enterprise,54,113.31,3977.1,1000,0.41,High School,Married,69,No,No,One year,Credit card,0,1
C-0197,Customer 197,sme,43,72.85,3247.48,1000,0.18,Bachelors,Single,42,No,DSL,Month-to-month,Mailed check,0,1
C-0198,Customer 198,sme,26,53.62,7943.4,1000,0.59,PhD,Single,72,No,No,Two year,Credit card,0,1
C-0199,Customer 199,retail,35,79.09,3806.33,10000,0.87,PhD,Married,58,Yes,DSL,Two year,Mailed check,0,1
C-0200,Customer 200,enterprise,61,54.12,591.54,1000,0.78,PhD,Married,30,Yes,Fiber optic,Month-to-month,Mailed check,1,1
C-0201,Customer 201,sme,48,56.28,2045.24,5000,0.16,Bachelors,Single,23,No,No,Month-to-month,Bank transfer,0,0
C-0202,Customer 202,enterprise,2,79.6,4365.65,50000,0.15,Bachelors,Married,71,No,Fiber optic,One year,Bank transfer,0,1
C-0203,Customer 203,sme,37,61.84,2288.5,10000,0.65,Masters,Single,53,No,DSL,Month-to-month,Bank transfer,0,1
C-0204,Customer 204,retail,11,26.38,3961.99,1000,0.38,PhD,Married,64,No,DSL,One year,Mailed check,0,1
C-0205,Customer 205,enterprise,8,122.05,1960.19,50000,0.4,Masters,Single,52,Yes,Fiber optic,One year,Bank transfer,0,0
C-0206,Customer 206,retail,54,56.45,3588.98,1000,0.25,PhD,Single,46,Yes,DSL,Two year,Credit card,0,1
C-0207,Customer 207,sme,23,109.37,4664.39,5000,0.8,Bachelors,Single,52,Yes,No,One year,Electronic check,0,1
C-0208,Customer 208,retail,10,52.93,4871.8,5000,0.64,Bachelors,Married,18,Yes,Fiber optic,One year,Mailed check,1,1
C-0209,Customer 209,sme,53,76.33,6702.29,5000,0.25,Bachelors,Single,29,No,Fiber optic,Two year,Credit card,1,1
C-0210,Customer 210,sme,61,77.3,5984.97,5000,0.6,Masters,Married,35,Yes,DSL,One year,Electronic check,0,1
C-0211,Customer 211,enterprise,37,147.92,284.66,10000,0.29,Masters,Single,41,Yes,Fiber optic,One year,Credit card,0,0
C-0212,Customer 212,enterprise,68,116.79,2805.42,1000,0.67,High School,Married,56,No,DSL,Two year,Bank transfer,0,1
C-0213,Customer 213,sme,19,119.65,4697.61,50000,0.54,PhD,Single,22,Yes,DSL,Month-to-month,Credit card,0,0
C-0214,Customer 214,retail,18,26.08,5906.57,10000,0.79,Bachelors,Single,48,No,Fiber optic,Month-to-month,Bank transfer,1,1
C-0215,Customer 215,enterprise,13,80.16,6993.69,5000,0.62,Masters,Married,74,Yes,DSL,One year,Electronic check,0,1
C-0216,Customer 216,enterprise,70,145.32,322.91,10000,0.73,High School,Single,25,No,DSL,Two year,Credit card,0,1
C-0217,Customer 217,sme,69,61.74,2310.43,1000,0.22,Bachelors,Married,31,No,Fiber optic,Two year,Credit card,0,1
C-0218,Customer 218,retail,4,32.47,3650.61,10000,0.63,High School,Married,32,No,DSL,Month-to-month,Bank transfer,1,0
C-0219,Customer 219,sme,25,70.84,6462.31,50000,0.83,PhD,Married,78,Yes,Fiber optic,Two year,Electronic check,0,0
C-0220,Customer 220,sme,16,42.51,953.0,10000,0.7,Bachelors,Married,49,Yes,Fiber optic,Two year,Bank transfer,0,1
C-0221,Customer 221,sme,31,115.8,2327.72,50000,0.28,PhD,Married,39,No,DSL,One year,Credit card,0,0
C-0222,Customer 222,sme,11,111.03,3336.8,10000,0.26,Bachelors,Married,53,No,Fiber optic,Month-to-month,Credit card,1,1
C-0223,Customer 223,enterprise,14,25.71,6667.0,10000,0.48,High School,Single,46,No,DSL,Two year,Mailed check,0,0
C-0224,Customer 224,sme,65,133.04,2316.37,10000,0.38,Masters,Single,58,No,No,One year,Mailed check,0,1
C-0225,Customer 225,retail,23,65.36,7128.53,10000,0.51,Masters,Married,52,No,Fiber optic,Month-to-month,Mailed check,1,0
C-0226,Customer 226,sme,16,96.8,4023.8,50000,0.2,High School,Married,62,Yes,DSL,One year,Bank transfer,0,0
C-0227,Customer 227,enterprise,7,75.56,1599.19,5000,0.17,Masters,Single,44,Yes,DSL,One year,Electronic check,0,0
C-0228,Customer 228,sme,46,105.91,4664.03,1000,0.14,Bachelors,Married,59,Yes,Fiber optic,Month-to-month,Electronic check,1,1
C-0229,Customer 229,enterprise,23,55.03,7637.77,10000,0.33,Masters,Single,54,No,DSL,Two year,Credit card,0,0
C-0230,Customer 230,retail,5,67.13,895.97,10000,0.38,Masters,Single,60,Yes,DSL,Two year,Electronic check,0,0
C-0231,Customer 231,enterprise,40,102.85,5497.04,5000,0.45,PhD,Single,64,Yes,DSL,Two year,Credit card,0,1
C-0232,Customer 232,retail,20,105.42,6985.21,50000,0.37,PhD,Single,19,No,Fiber optic,Month-to-month,Bank transfer,0,0
C-0233,Customer 233,sme,14,84.38,4364.85,5000,0.29,High School,Married,74,No,Fiber optic,One year,Electronic check,1,1
C-0234,Customer 234,sme,52,118.64,3125.8,10000,0.29,Masters,Single,21,Yes,No,Month-to-month,Electronic check,0,0
C-0235,Customer 235,retail,9,108.36,5347.56,10000,0.37,High School,Single,18,Yes,No,Month-to-month,Bank transfer,0,1
C-0236,Customer 236,retail,8,96.36,969.98,50000,0.31,PhD,Married,73,Yes,DSL,Month-to-month,Credit card,1,0
C-0237,Customer 237,retail,47,73.77,3009.63,50000,0.33,Bachelors,Married,50,Yes,Fiber optic,Two year,Electronic check,0,0
C-0238,Customer 238,retail,27,144.44,6208.63,50000,0.63,Bachelors,Married,56,Yes,No,Month-to-month,Electronic check,1,1
C-0239,Customer 239,sme,3,127.18,1148.22,50000,0.34,PhD,Married,21,Yes,DSL,Two year,Credit card,0,0
C-0240,Customer 240,enterprise,59,116.97,7995.3,50000,0.64,Bachelors,Single,44,Yes,No,Month-to-month,Bank transfer,1,0
C-0241,Customer 241,sme,1,74.43,1931.35,5000,0.76,PhD,Single,66,Yes,DSL,Month-to-month,Mailed check,0,1
C-0242,Customer 242,retail,62,148.96,4258.87,5000,0.19,PhD,Married,45,No,DSL,Two year,Mailed check,0,1
C-0243,Customer 243,retail,17,139.4,5123.67,1000,0.79,PhD,Single,31,Yes,DSL,One year,Mailed check,0,1
C-0244,Customer 244,retail,38,91.85,5100.26,50000,0.73,Masters,Single,33,Yes,DSL,Two year,Bank transfer,0,0
C-0245,Customer 245,enterprise,26,142.77,4400.21,50000,0.57,High School,Single,18,Yes,No,Month-to-month,Credit card,0,0
C-0246,Customer 246,sme,69,25.96,5254.31,10000,0.63,High School,Married,18,No,No,One year,Mailed check,0,0
C-0247,Customer 247,enterprise,6,87.76,7779.15,5000,0.29,Bachelors,Single,56,No,No,Two year,Mailed check,0,1
C-0248,Customer 248,enterprise,58,131.7,7792.77,5000,0.61,PhD,Single,45,Yes,No,Two year,Credit card,0,1
C-0249,Customer 249,retail,5,108.67,2660.15,1000,0.2,PhD,Married,67,Yes,DSL,Month-to-month,Credit card,1,1
C-0250,Customer 250,sme,48,88.52,3002.64,5000,0.27,Bachelors,Married,51,Yes,No,Two year,Mailed check,0,1
C-0251,Customer 251,enterprise,28,67.61,2858.26,10000,0.43,Masters,Single,42,Yes,DSL,One year,Credit card,0,0
C-0252,Customer 252,enterprise,60,78.54,4232.44,5000,0.31,Masters,Married,53,Yes,DSL,One year,Bank transfer,1,1
C-0253,Customer 253,retail,8,119.42,268.69,10000,0.36,High School,Single,47,Yes,DSL,Month-to-month,Mailed check,1,1
C-0254,Customer 254,retail,30,40.3,2778.27,10000,0.19,High School,Married,49,No,DSL,Month-to-month,Bank transfer,0,0
C-0255,Customer 255,sme,52,136.35,390.49,50000,0.15,High School,Married,73,Yes,No,One year,Mailed check,0,0
C-0256,Customer 256,enterprise,34,91.89,2573.7,10000,0.45,Masters,Married,46,No,No,One year,Electronic check,0,0
C-0257,Customer 257,retail,5,88.85,4443.11,1000,0.62,PhD,Married,50,No,Fiber optic,One year,Mailed check,0,1
C-0258,Customer 258,enterprise,7,119.63,2849.27,10000,0.85,Bachelors,Married,45,Yes,DSL,Two year,Mailed check,0,1
C-0259,Customer 259,enterprise,33,97.5,3282.79,50000,0.81,Masters,Single,78,Yes,No,Month-to-month,Bank transfer,0,0
C-0260,Customer 260,retail,34,69.18,4699.57,50000,0.38,PhD,Single,52,No,Fiber optic,One year,Credit card,1,1
C-0261,Customer 261,sme,57,132.44,4741.65,1000,0.64,Masters,Married,25,No,DSL,Two year,Electronic check,1,1
C-0262,Customer 262,retail,50,97.84,1708.8,1000,0.18,Bachelors,Married,65,Yes,No,Month-to-month,Electronic check,1,1
C-0263,Customer 263,enterprise,62,42.99,4582.64,10000,0.12,PhD,Single,31,No,Fiber optic,Two year,Bank transfer,0,0
C-0264,Customer 264,sme,46,92.22,493.22,10000,0.59,High School,Single,47,Yes,No,One year,Bank transfer,1,1
C-0265,Customer 265,enterprise,32,40.34,104.83,10000,0.41,Bachelors,Single,59,Yes,No,Two year,Electronic check,0,0
C-0266,Customer 266,retail,44,53.43,3103.33,50000,0.73,PhD,Single,25,No,DSL,Month-to-month,Electronic check,0,0
C-0267,Customer 267,retail,29,109.09,647.64,50000,0.89,Bachelors,Single,28,Yes,DSL,One year,Mailed check,1,1
C-0268,Customer 268,enterprise,59,98.51,5949.35,10000,0.59,High School,Single,72,No,DSL,One year,Electronic check,0,1
C-0269,Customer 269,retail,67,26.2,6488.28,10000,0.15,High School,Single,38,Yes,DSL,One year,Mailed check,0,0
C-0270,Customer 270,retail,32,144.35,4981.84,1000,0.4,High School,Single,75,No,DSL,One year,Credit card,0,1
C-0271,Customer 271,enterprise,52,113.57,594.57,10000,0.23,Masters,Married,69,Yes,Fiber optic,One year,Mailed check,0,1
C-0272,Customer 272,retail,9,43.34,4979.53,1000,0.14,High School,Single,60,Yes,No,Month-to-month,Bank transfer,1,1
C-0273,Customer 273,enterprise,42,64.93,2295.88,5000,0.51,High School,Single,21,Yes,No,One year,Mailed check,0,1
C-0274,Customer 274,sme,69,42.12,7444.41,5000,0.41,PhD,Married,58,No,No,Two year,Bank transfer,1,1
C-0275,Customer 275,sme,13,55.92,4932.07,1000,0.74,Masters,Married,68,No,DSL,One year,Bank transfer,0,1
C-0276,Customer 276,retail,46,141.04,1979.59,1000,0.34,Masters,Married,67,Yes,DSL,One year,Bank transfer,0,1
C-0277,Customer 277,retail,12,56.03,3060.65,5000,0.5,PhD,Single,57,Yes,No,One year,Mailed check,0,1
C-0278,Customer 278,enterprise,31,99.87,4035.81,5000,0.15,High School,Married,60,Yes,Fiber optic,Month-to-month,Bank transfer,0,1
C-0279,Customer 279,retail,51,62.05,799.22,50000,0.59,Bachelors,Married,66,Yes,DSL,Two year,Credit card,0,1
C-0280,Customer 280,retail,49,88.3,476.16,1000,0.87,Bachelors,Married,30,Yes,Fiber optic,Two year,Credit card,0,1
C-0281,Customer 281,enterprise,37,20.78,3151.7,10000,0.7,High School,Single,59,Yes,Fiber optic,Month-to-month,Mailed check,1,0
C-0282,Customer 282,retail,58,34.32,2296.2,50000,0.8,High School,Married,44,Yes,DSL,One year,Electronic check,0,0
C-0283,Customer 283,retail,37,115.61,7015.27,50000,0.77,Bachelors,Married,68,Yes,No,One year,Electronic check,0,0
C-0284,Customer 284,retail,27,132.19,5570.14,5000,0.66,Masters,Single,23,Yes,DSL,Month-to-month,Bank transfer,1,1
C-0285,Customer 285,enterprise,56,70.99,2849.39,10000,0.45,Masters,Married,59,No,DSL,One year,Electronic check,0,0
C-0286,Customer 286,enterprise,45,134.6,2054.73,5000,0.63,Bachelors,Married,72,No,No,Month-to-month,Mailed check,0,1
C-0287,Customer 287,enterprise,51,100.4,2466.82,10000,0.55,PhD,Married,63,Yes,Fiber optic,Two year,Credit card,0,0
C-0288,Customer 288,retail,65,85.91,4475.84,10000,0.64,PhD,Married,41,Yes,No,One year,Bank transfer,1,1
C-0289,Customer 289,enterprise,25,124.23,126.46,50000,0.15,High School,Married,27,Yes,No,Month-to-month,Bank transfer,1,0
C-0290,Customer 290,sme,20,83.05,3893.94,1000,0.77,PhD,Married,62,Yes,DSL,Two year,Electronic check,0,1
C-0291,Customer 291,retail,20,92.04,1048.84,1000,0.63,Bachelors,Married,60,Yes,Fiber optic,One year,Credit card,1,1
C-0292,Customer 292,enterprise,71,47.71,309.52,50000,0.86,Masters,Single,61,No,DSL,Month-to-month,Electronic check,1,1
C-0293,Customer 293,enterprise,70,22.41,3117.17,5000,0.55,Masters,Married,67,Yes,Fiber optic,Two year,Bank transfer,0,0
C-0294,Customer 294,retail,45,46.5,3424.46,5000,0.7,High School,Married,75,Yes,No,One year,Credit card,0,1
C-0295,Customer 295,enterprise,7,27.78,6182.58,50000,0.84,PhD,Single,64,No,No,Month-to-month,Electronic check,0,0
C-0296,Customer 296,retail,25,28.06,743.86,5000,0.11,PhD,Married,51,No,No,One year,Electronic check,1,0
C-0297,Customer 297,retail,54,63.91,5397.68,10000,0.46,Bachelors,Single,71,No,DSL,Month-to-month,Electronic check,0,0
C-0298,Customer 298,sme,56,41.69,4496.33,1000,0.27,High School,Single,66,Yes,Fiber optic,Month-to-month,Credit card,1,1
C-0299,Customer 299,retail,27,57.81,5113.36,5000,0.14,High School,Married,78,No,No,Month-to-month,Electronic check,1,1
C-0300,Customer 300,retail,14,53.04,4015.85,10000,0.65,Bachelors,Married,68,Yes,Fiber optic,Month-to-month,Electronic check,0,1
C-0301,Customer 301,retail,64,44.98,4539.44,1000,0.42,Bachelors,Married,19,Yes,No,Two year,Mailed check,0,1
C-0302,Customer 302,retail,45,107.0,1859.21,1000,0.77,High School,Single,42,Yes,DSL,One year,Bank transfer,0,1
C-0303,Customer 303,retail,68,85.88,2547.69,1000,0.19,Masters,Married,23,Yes,Fiber optic,Month-to-month,Electronic check,1,1
C-0304,Customer 304,sme,48,87.41,2201.68,1000,0.47,Bachelors,Single,46,Yes,Fiber optic,One year,Credit card,0,1
C-0305,Customer 305,retail,10,104.18,7963.78,50000,0.34,Masters,Married,39,Yes,DSL,One year,Mailed check,0,0
C-0306,Customer 306,enterprise,58,101.11,6610.3,50000,0.16,PhD,Single,18,No,DSL,Month-to-month,Credit card,1,0
C-0307,Customer 307,retail,43,56.99,3865.89,50000,0.46,High School,Married,35,No,DSL,Two year,Bank transfer,0,1
C-0308,Customer 308,enterprise,27,66.71,5108.97,50000,0.13,PhD,Single,58,No,No,Two year,Bank transfer,0,0
C-0309,Customer 309,retail,70,69.44,1773.95,10000,0.89,Masters,Married,21,No,No,One year,Electronic check,1,1
C-0310,Customer 310,retail,56,86.78,7242.57,50000,0.46,High School,Married,54,Yes,DSL,Two year,Bank transfer,0,0
C-0311,Customer 311,sme,37,20.88,3484.28,5000,0.14,Masters,Married,42,Yes,No,One year,Bank transfer,0,0
C-0312,Customer 312,enterprise,65,28.35,7969.57,1000,0.79,High School,Married,26,Yes,DSL,Month-to-month,Credit card,0,1
C-0313,Customer 313,enterprise,42,129.12,4628.45,1000,0.58,High School,Single,38,No,No,Month-to-month,Credit card,1,1
C-0314,Customer 314,enterprise,6,125.63,6074.28,5000,0.33,PhD,Married,50,No,DSL,Two year,Mailed check,0,1
C-0315,Customer 315,enterprise,55,53.32,3958.02,10000,0.12,High School,Married,76,Yes,Fiber optic,Month-to-month,Mailed check,1,0
C-0316,Customer 316,sme,66,80.63,3562.76,50000,0.24,Bachelors,Single,66,No,Fiber optic,One year,Electronic check,0,0
C-0317,Customer 317,retail,2,65.23,4499.8,5000,0.73,Masters,Married,30,Yes,DSL,One year,Bank transfer,0,1
C-0318,Customer 318,retail,45,54.1,2144.4,10000,0.47,Masters,Married,59,Yes,Fiber optic,Month-to-month,Mailed check,1,0
C-0319,Customer 319,sme,66,48.57,5739.77,10000,0.72,PhD,Married,54,No,Fiber optic,One year,Credit card,0,1
C-0320,Customer 320,enterprise,43,44.6,5829.03,1000,0.71,Bachelors,Married,73,No,Fiber optic,Month-to-month,Bank transfer,0,1
C-0321,Customer 321,enterprise,55,92.28,7149.26,1000,0.34,PhD,Married,54,No,DSL,One year,Credit card,0,1
C-0322,Customer 322,retail,44,110.8,3099.99,5000,0.65,PhD,Married,30,No,DSL,Month-to-month,Mailed check,1,1
C-0323,Customer 323,retail,15,91.67,1697.36,50000,0.11,Bachelors,Single,38,No,DSL,Month-to-month,Electronic check,0,0
C-0324,Customer 324,sme,43,39.92,1969.93,10000,0.33,PhD,Single,61,Yes,Fiber optic,One year,Bank transfer,0,0
C-0325,Customer 325,enterprise,63,84.74,7493.33,50000,0.23,PhD,Single,39,No,Fiber optic,One year,Bank transfer,1,0
C-0326,Customer 326,sme,64,49.95,5813.11,10000,0.34,Bachelors,Married,40,Yes,Fiber optic,Two year,Mailed check,0,1
C-0327,Customer 327,enterprise,1,68.44,4226.55,5000,0.68,Bachelors,Married,54,No,No,One year,Mailed check,0,1
C-0328,Customer 328,retail,47,45.02,1177.97,5000,0.53,Masters,Married,64,Yes,No,Month-to-month,Mailed check,0,1
C-0329,Customer 329,enterprise,6,118.67,1560.78,5000,0.9,Masters,Single,20,Yes,Fiber optic,Month-to-month,Mailed check,1,1
C-0330,Customer 330,retail,42,124.47,399.37,10000,0.55,PhD,Single,33,Yes,Fiber optic,Month-to-month,Credit card,1,1
C-0331,Customer 331,enterprise,16,136.47,373.98,5000,0.45,PhD,Single,51,Yes,No,One year,Electronic check,0,1
C-0332,Customer 332,retail,57,95.18,5948.42,10000,0.45,PhD,Married,62,No,DSL,Month-to-month,Credit card,0,0
C-0333,Customer 333,enterprise,51,44.23,6828.76,10000,0.55,Bachelors,Married,19,No,No,Two year,Credit card,0,1
C-0334,Customer 334,sme,59,82.21,6934.95,50000,0.57,PhD,Single,52,No,Fiber optic,Two year,Mailed check,1,0
C-0335,Customer 335,retail,32,27.88,757.43,5000,0.45,PhD,Married,56,No,Fiber optic,Month-to-month,Electronic check,0,0
C-0336,Customer 336,retail,41,25.67,4923.19,10000,0.35,Bachelors,Married,51,Yes,No,One year,Electronic check,0,0
C-0337,Customer 337,retail,3,39.41,6378.93,1000,0.68,Masters,Single,43,No,Fiber optic,Two year,Bank transfer,0,1
C-0338,Customer 338,sme,14,54.15,3985.36,1000,0.76,PhD,Married,33,Yes,DSL,Month-to-month,Credit card,1,1
C-0339,Customer 339,retail,63,68.83,4291.73,5000,0.61,Bachelors,Single,32,No,No,Month-to-month,Bank transfer,1,1
C-0340,Customer 340,enterprise,30,56.31,7729.59,50000,0.17,High School,Single,54,Yes,Fiber optic,Month-to-month,Bank transfer,1,0
C-0341,Customer 341,sme,15,98.8,5418.06,10000,0.1,Bachelors,Married,32,No,DSL,Two year,Electronic check,0,0
C-0342,Customer 342,sme,23,79.12,374.07,50000,0.29,Bachelors,Married,69,Yes,Fiber optic,One year,Mailed check,1,0
C-0343,Customer 343,sme,71,147.11,2981.16,10000,0.29,High School,Married,43,No,Fiber optic,One year,Electronic check,0,1
C-0344,Customer 344,sme,45,39.54,4969.83,5000,0.7,Bachelors,Married,63,No,No,Two year,Mailed check,0,0
C-0345,Customer 345,enterprise,58,78.15,3620.73,50000,0.51,Masters,Single,63,Yes,No,Month-to-month,Electronic check,0,0
C-0346,Customer 346,retail,29,52.51,6872.35,1000,0.28,Masters,Single,51,No,Fiber optic,Two year,Electronic check,0,1
C-0347,Customer 347,sme,28,55.2,7281.3,1000,0.51,PhD,Married,63,No,Fiber optic,One year,Bank transfer,0,1
C-0348,Customer 348,enterprise,22,124.37,1555.14,50000,0.54,PhD,Single,64,Yes,DSL,One year,Mailed check,1,1
C-0349,Customer 349,enterprise,5,54.66,4257.5,5000,0.4,Bachelors,Married,36,Yes,DSL,One year,Credit card,0,1
C-0350,Customer 350,enterprise,30,114.31,2669.02,10000,0.57,PhD,Single,58,Yes,DSL,Two year,Bank transfer,0,1
C-0351,Customer 351,enterprise,4,58.63,4873.09,5000,0.7,PhD,Single,32,Yes,Fiber optic,One year,Bank transfer,0,0
C-0352,Customer 352,sme,67,130.32,1234.82,1000,0.76,PhD,Married,58,Yes,Fiber optic,One year,Mailed check,1,1
C-0353,Customer 353,enterprise,55,107.55,7518.65,5000,0.23,Masters,Married,65,No,DSL,Month-to-month,Bank transfer,0,1
C-0354,Customer 354,enterprise,47,96.55,7044.8,50000,0.31,Masters,Single,46,No,DSL,Month-to-month,Mailed check,0,0
C-0355,Customer 355,sme,28,89.23,6377.26,1000,0.45,High School,Married,73,Yes,No,Two year,Electronic check,0,1
C-0356,Customer 356,enterprise,47,109.77,2751.84,5000,0.18,Bachelors,Married,32,Yes,Fiber optic,Two year,Electronic check,0,1
C-0357,Customer 357,enterprise,38,69.45,7287.26,5000,0.13,High School,Married,38,No,Fiber optic,Month-to-month,Bank transfer,1,0
C-0358,Customer 358,enterprise,15,73.58,6409.36,50000,0.32,PhD,Single,78,No,No,One year,Mailed check,0,0
C-0359,Customer 359,retail,48,64.64,680.9,1000,0.56,High School,Married,69,Yes,No,Two year,Credit card,1,1
C-0360,Customer 360,sme,56,53.39,1729.03,10000,0.78,High School,Single,52,Yes,Fiber optic,One year,Mailed check,0,0
C-0361,Customer 361,retail,7,111.82,7155.94,5000,0.28,High School,Married,72,No,No,Month-to-month,Bank transfer,0,1
C-0362,Customer 362,enterprise,37,129.38,3428.53,1000,0.8,Bachelors,Single,45,No,Fiber optic,Two year,Credit card,0,1
C-0363,Customer 363,sme,66,74.04,6399.03,1000,0.74,High School,Single,63,Yes,Fiber optic,Two year,Electronic check,0,1
C-0364,Customer 364,retail,28,71.04,5423.22,5000,0.7,Bachelors,Single,31,Yes,No,One year,Mailed check,0,0
C-0365,Customer 365,enterprise,43,129.79,5671.19,5000,0.46,Masters,Married,37,No,No,One year,Mailed check,1,1
C-0366,Customer 366,sme,29,20.6,5136.39,5000,0.48,High School,Single,55,No,No,Month-to-month,Mailed check,0,0
C-0367,Customer 367,sme,34,101.99,7642.15,50000,0.35,High School,Married,79,Yes,Fiber optic,Two year,Credit card,0,0
C-0368,Customer 368,enterprise,52,121.53,2655.95,50000,0.4,PhD,Single,29,No,DSL,Month-to-month,Credit card,0,1
C-0369,Customer 369,retail,22,43.16,5046.02,50000,0.62,Bachelors,Single,38,No,DSL,Two year,Mailed check,0,0
C-0370,Customer 370,retail,48,62.94,7029.19,50000,0.2,Masters,Married,73,Yes,Fiber optic,Month-to-month,Electronic check,0,0
C-0371,Customer 371,enterprise,15,79.2,1208.7,50000,0.39,High School,Married,77,No,No,Month-to-month,Bank transfer,1,0
C-0372,Customer 372,sme,50,142.73,7851.89,1000,0.25,High School,Single,65,Yes,DSL,Month-to-month,Electronic check,1,1
C-0373,Customer 373,retail,30,94.41,2968.03,5000,0.6,Bachelors,Married,28,No,Fiber optic,Month-to-month,Electronic check,0,1
C-0374,Customer 374,retail,24,134.83,3996.51,1000,0.33,High School,Single,58,No,No,Two year,Bank transfer,0,1
C-0375,Customer 375,enterprise,56,49.99,2773.87,1000,0.62,High School,Single,21,No,Fiber optic,One year,Electronic check,0,1
C-0376,Customer 376,retail,71,132.86,1374.04,1000,0.73,Masters,Single,69,No,No,Two year,Mailed check,0,1
C-0377,Customer 377,retail,47,101.93,1265.33,1000,0.67,Masters,Single,19,No,DSL,One year,Bank transfer,0,1
C-0378,Customer 378,enterprise,17,129.71,4092.92,50000,0.6,PhD,Married,41,Yes,No,One year,Electronic check,0,0
C-0379,Customer 379,retail,53,58.21,1552.15,1000,0.55,Masters,Single,39,Yes,No,Month-to-month,Credit card,1,1
C-0380,Customer 380,enterprise,60,147.57,2804.01,1000,0.74,Masters,Single,44,Yes,No,One year,Mailed check,0,1
C-0381,Customer 381,retail,33,127.29,4851.43,10000,0.86,Bachelors,Married,50,No,No,Two year,Electronic check,0,1
C-0382,Customer 382,enterprise,18,119.71,5455.46,5000,0.84,Masters,Married,28,Yes,DSL,Month-to-month,Credit card,1,1
C-0383,Customer 383,enterprise,47,87.65,693.65,5000,0.87,High School,Married,35,No,DSL,Two year,Bank transfer,1,1
C-0384,Customer 384,enterprise,6,131.81,3815.1,1000,0.81,Masters,Married,70,No,Fiber optic,One year,Bank transfer,0,1
C-0385,Customer 385,sme,14,103.56,1040.1,5000,0.7,High School,Married,64,No,Fiber optic,One year,Electronic check,0,1
C-0386,Customer 386,sme,24,50.4,7988.54,1000,0.72,Masters,Married,56,No,No,Two year,Credit card,0,1
C-0387,Customer 387,sme,66,69.67,1682.86,50000,0.11,PhD,Single,68,No,No,One year,Mailed check,0,0
C-0388,Customer 388,retail,4,104.44,224.35,5000,0.55,Bachelors,Single,66,Yes,DSL,Two year,Bank transfer,0,1
C-0389,Customer 389,enterprise,22,138.03,376.14,1000,0.19,High School,Married,34,No,DSL,One year,Electronic check,0,1
C-0390,Customer 390,enterprise,53,33.28,2770.91,50000,0.76,Masters,Married,37,Yes,No,One year,Electronic check,0,1
C-0391,Customer 391,sme,51,22.61,3812.72,50000,0.57,Bachelors,Single,61,Yes,DSL,Two year,Electronic check,1,0
C-0392,Customer 392,sme,48,68.77,3735.5,50000,0.36,PhD,Married,49,No,Fiber optic,Month-to-month,Bank transfer,0,0
C-0393,Customer 393,enterprise,4,29.0,484.7,10000,0.55,PhD,Single,18,No,DSL,Month-to-month,Electronic check,0,0
C-0394,Customer 394,enterprise,64,77.21,920.73,10000,0.3,Masters,Single,53,Yes,No,Month-to-month,Credit card,0,1
C-0395,Customer 395,sme,56,38.46,3959.75,5000,0.27,Bachelors,Single,72,No,DSL,One year,Mailed check,1,0
C-0396,Customer 396,enterprise,16,78.46,312.01,50000,0.72,Masters,Single,76,No,DSL,Month-to-month,Mailed check,1,1
C-0397,Customer 397,sme,54,128.15,1124.99,10000,0.53,PhD,Married,31,No,DSL,Two year,Mailed check,1,1
C-0398,Customer 398,enterprise,13,38.94,921.38,10000,0.56,PhD,Single,64,Yes,Fiber optic,One year,Mailed check,0,0
C-0399,Customer 399,enterprise,24,96.75,1517.42,1000,0.33,Masters,Single,53,No,Fiber optic,Two year,Bank transfer,0,1
C-0400,Customer 400,retail,3,24.15,156.93,1000,0.63,Masters,Single,36,Yes,No,Month-to-month,Credit card,0,1
C-0401,Customer 401,retail,46,48.92,4243.23,1000,0.48,Bachelors,Married,29,No,No,Two year,Credit card,0,1
C-0402,Customer 402,retail,39,143.96,3285.36,50000,0.42,High School,Single,63,Yes,No,Month-to-month,Electronic check,0,0
C-0403,Customer 403,retail,36,65.98,3518.35,1000,0.29,Masters,Single,71,No,DSL,Two year,Mailed check,0,1
C-0404,Customer 404,retail,40,92.46,5084.7,50000,0.43,Bachelors,Married,58,No,DSL,One year,Credit card,0,1
C-0405,Customer 405,retail,3,37.83,3079.2,50000,0.83,Bachelors,Married,35,No,DSL,Two year,Electronic check,1,0
C-0406,Customer 406,sme,36,63.13,749.02,10000,0.6,High School,Married,43,No,Fiber optic,Month-to-month,Credit card,1,0
C-0407,Customer 407,enterprise,71,132.85,520.78,50000,0.3,Masters,Married,48,No,Fiber optic,Month-to-month,Mailed check,1,0
C-0408,Customer 408,sme,51,87.58,7060.92,10000,0.5,Masters,Single,57,No,No,Month-to-month,Mailed check,0,1
C-0409,Customer 409,sme,50,91.45,4585.6,50000,0.12,PhD,Single,71,Yes,No,Month-to-month,Mailed check,1,0
C-0410,Customer 410,retail,35,50.85,6868.66,5000,0.35,PhD,Married,37,Yes,DSL,Two year,Bank transfer,0,1
C-0411,Customer 411,retail,5,49.22,5385.85,5000,0.14,High School,Single,47,Yes,No,Two year,Mailed check,0,0
C-0412,Customer 412,retail,58,30.21,6377.1,10000,0.25,PhD,Married,61,No,No,Two year,Bank transfer,0,0
C-0413,Customer 413,sme,50,76.51,6137.03,50000,0.35,PhD,Married,21,Yes,Fiber optic,Two year,Electronic check,0,0
C-0414,Customer 414,enterprise,60,59.26,6949.11,1000,0.9,PhD,Married,18,No,No,Month-to-month,Mailed check,0,1
C-0415,Customer 415,retail,20,140.63,256.73,50000,0.79,High School,Single,75,Yes,No,One year,Mailed check,0,0
C-0416,Customer 416,enterprise,21,79.61,3834.55,5000,0.89,High School,Single,38,No,DSL,Two year,Credit card,0,1
C-0417,Customer 417,retail,48,41.84,4292.15,5000,0.84,Bachelors,Single,24,No,No,Two year,Credit card,0,1
C-0418,Customer 418,enterprise,59,126.34,185.56,10000,0.16,Masters,Single,79,No,No,One year,Mailed check,0,1
C-0419,Customer 419,retail,9,38.5,6980.21,50000,0.33,PhD,Single,79,Yes,Fiber optic,Two year,Electronic check,0,0
C-0420,Customer 420,enterprise,56,113.02,4826.72,50000,0.38,PhD,Married,46,No,No,Month-to-month,Credit card,0,0
C-0421,Customer 421,retail,64,115.67,4583.07,5000,0.9,Masters,Single,61,No,Fiber optic,One year,Electronic check,0,1
C-0422,Customer 422,retail,57,78.51,2865.28,10000,0.61,PhD,Married,64,No,No,One year,Electronic check,0,0
C-0423,Customer 423,enterprise,32,79.16,1103.81,1000,0.62,High School,Single,24,Yes,No,Two year,Bank transfer,0,1
C-0424,Customer 424,sme,17,95.44,1321.94,5000,0.37,PhD,Married,77,No,Fiber optic,Month-to-month,Bank transfer,0,1
C-0425,Customer 425,enterprise,1,26.66,1310.33,10000,0.89,High School,Married,53,Yes,DSL,Two year,Mailed check,0,0
C-0426,Customer 426,sme,4,87.26,7060.04,1000,0.75,High School,Married,74,Yes,Fiber optic,Month-to-month,Bank transfer,1,1
C-0427,Customer 427,retail,60,95.39,4035.46,50000,0.59,PhD,Single,54,Yes,No,Month-to-month,Credit card,1,0
C-0428,Customer 428,retail,40,93.45,4307.11,5000,0.65,Masters,Married,76,No,DSL,One year,Bank transfer,1,1
C-0429,Customer 429,retail,43,99.17,1535.5,10000,0.16,Masters,Married,56,No,No,Two year,Credit card,0,0
C-0430,Customer 430,enterprise,9,110.81,6477.5,5000,0.83,Masters,Single,38,No,Fiber optic,Two year,Bank transfer,0,1
C-0431,Customer 431,enterprise,67,139.06,958.49,10000,0.86,PhD,Married,53,No,Fiber optic,Two year,Credit card,0,1
C-0432,Customer 432,enterprise,17,20.58,4743.33,50000,0.87,PhD,Single,28,No,Fiber optic,One year,Mailed check,0,1
C-0433,Customer 433,retail,22,129.9,2124.84,5000,0.27,Masters,Married,36,Yes,No,Two year,Mailed check,0,1
C-0434,Customer 434,sme,45,75.42,1024.57,50000,0.68,PhD,Single,46,No,No,One year,Credit card,0,0
C-0435,Customer 435,enterprise,27,74.72,3828.89,1000,0.57,High School,Married,49,Yes,DSL,One year,Electronic check,0,1
C-0436,Customer 436,enterprise,71,135.43,5030.79,50000,0.49,PhD,Single,57,Yes,Fiber optic,One year,Electronic check,0,1
C-0437,Customer 437,sme,25,100.49,6151.76,1000,0.65,High School,Single,64,Yes,DSL,Two year,Bank transfer,0,1
C-0438,Customer 438,retail,44,119.96,1976.16,5000,0.53,PhD,Single,25,No,No,Month-to-month,Mailed check,0,1
C-0439,Customer 439,sme,15,113.6,4191.05,1000,0.35,PhD,Single,43,No,DSL,Two year,Electronic check,0,1
C-0440,Customer 440,retail,20,33.19,2771.86,50000,0.81,Masters,Single,23,Yes,Fiber optic,One year,Credit card,0,0
C-0441,Customer 441,sme,51,27.94,3192.97,1000,0.61,High School,Single,23,No,DSL,Month-to-month,Credit card,1,1
C-0442,Customer 442,retail,41,62.2,440.34,10000,0.51,Bachelors,Single,56,Yes,Fiber optic,One year,Mailed check,0,0
C-0443,Customer 443,enterprise,63,103.44,7530.26,50000,0.65,PhD,Single,28,No,DSL,One year,Electronic check,1,0
C-0444,Customer 444,sme,70,113.6,7032.93,50000,0.23,PhD,Single,44,Yes,No,One year,Electronic check,0,0
C-0445,Customer 445,sme,33,36.88,6286.53,50000,0.48,Masters,Married,70,Yes,Fiber optic,Month-to-month,Electronic check,0,0
C-0446,Customer 446,enterprise,62,81.06,2217.47,10000,0.65,High School,Single,72,Yes,Fiber optic,Month-to-month,Bank transfer,1,1
C-0447,Customer 447,sme,31,79.24,6594.17,1000,0.25,Masters,Single,18,No,DSL,Two year,Mailed check,0,1
C-0448,Customer 448,enterprise,42,27.88,2725.38,5000,0.39,High School,Single,74,No,No,Month-to-month,Electronic check,0,0
C-0449,Customer 449,enterprise,52,55.89,1239.82,5000,0.48,Masters,Single,60,No,No,Two year,Electronic check,0,0
C-0450,Customer 450,enterprise,67,143.14,4213.15,50000,0.11,PhD,Single,71,Yes,Fiber optic,One year,Electronic check,1,0
C-0451,Customer 451,retail,34,104.53,1563.88,1000,0.64,High School,Married,53,No,Fiber optic,One year,Bank transfer,0,1
C-0452,Customer 452,retail,19,72.06,4065.64,10000,0.28,High School,Married,73,No,DSL,Two year,Bank transfer,0,0
C-0453,Customer 453,retail,34,116.89,6983.37,50000,0.8,Masters,Single,56,Yes,No,One year,Credit card,0,1
C-0454,Customer 454,enterprise,45,88.32,1031.49,10000,0.21,PhD,Married,61,Yes,DSL,One year,Mailed check,0,0
C-0455,Customer 455,enterprise,25,140.84,5043.8,50000,0.33,Bachelors,Single,46,Yes,Fiber optic,Month-to-month,Credit card,0,0
C-0456,Customer 456,retail,7,23.52,1843.49,1000,0.86,PhD,Married,50,No,No,Two year,Credit card,0,1
C-0457,Customer 457,sme,37,70.32,2747.98,5000,0.22,Bachelors,Married,74,No,DSL,Two year,Credit card,0,1
C-0458,Customer 458,sme,31,30.61,2788.3,5000,0.58,Masters,Married,72,No,DSL,One year,Electronic check,0,0
C-0459,Customer 459,sme,69,106.04,7967.46,1000,0.61,Bachelors,Single,78,No,Fiber optic,Month-to-month,Credit card,1,1
C-0460,Customer 460,enterprise,59,147.39,4372.57,5000,0.77,Bachelors,Single,34,No,No,Month-to-month,Mailed check,0,1
C-0461,Customer 461,sme,26,44.54,3785.18,1000,0.37,PhD,Single,76,No,Fiber optic,One year,Electronic check,0,1
C-0462,Customer 462,sme,66,142.54,4835.34,50000,0.74,PhD,Married,66,No,DSL,Month-to-month,Bank transfer,0,0
C-0463,Customer 463,enterprise,18,64.06,5036.05,5000,0.5,PhD,Single,60,Yes,DSL,Two year,Credit card,1,1
C-0464,Customer 464,enterprise,30,134.29,6561.73,5000,0.61,Masters,Single,76,No,DSL,Month-to-month,Mailed check,1,1
C-0465,Customer 465,retail,65,131.76,2073.52,5000,0.62,Bachelors,Married,63,Yes,DSL,Two year,Mailed check,0,1
C-0466,Customer 466,enterprise,66,93.92,3527.79,50000,0.66,PhD,Married,36,Yes,DSL,Two year,Bank transfer,0,1
C-0467,Customer 467,sme,5,94.82,4263.51,5000,0.17,Bachelors,Single,36,Yes,DSL,Month-to-month,Bank transfer,1,0
C-0468,Customer 468,enterprise,8,59.75,1432.06,50000,0.17,Masters,Married,38,No,Fiber optic,Two year,Credit card,0,0
C-0469,Customer 469,enterprise,4,86.27,5475.45,1000,0.61,Bachelors,Married,19,Yes,Fiber optic,One year,Electronic check,0,1
C-0470,Customer 470,sme,3,133.73,6675.75,50000,0.81,Masters,Married,48,No,Fiber optic,One year,Electronic check,0,0
C-0471,Customer 471,sme,55,25.17,1153.15,50000,0.59,High School,Single,70,No,No,Two year,Electronic check,0,0
C-0472,Customer 472,retail,41,104.18,5837.93,50000,0.53,PhD,Single,25,No,Fiber optic,One year,Electronic check,0,0
C-0473,Customer 473,enterprise,10,119.55,2417.29,10000,0.21,High School,Single,38,Yes,No,Month-to-month,Mailed check,0,1
C-0474,Customer 474,sme,27,39.14,2050.0,1000,0.6,PhD,Single,41,Yes,No,Month-to-month,Mailed check,0,1
C-0475,Customer 475,enterprise,39,50.0,3737.04,5000,0.61,Bachelors,Married,62,No,Fiber optic,One year,Mailed check,1,1
C-0476,Customer 476,enterprise,29,66.99,4159.07,10000,0.83,High School,Married,38,Yes,Fiber optic,Month-to-month,Credit card,0,0
C-0477,Customer 477,retail,67,128.27,3894.23,10000,0.55,Bachelors,Single,63,No,Fiber optic,Month-to-month,Mailed check,1,1
C-0478,Customer 478,enterprise,11,50.6,3923.13,10000,0.29,PhD,Married,47,No,DSL,Month-to-month,Electronic check,1,0
C-0479,Customer 479,sme,12,20.84,4508.39,10000,0.55,Bachelors,Single,78,Yes,No,Month-to-month,Mailed check,1,0
C-0480,Customer 480,sme,67,56.41,2168.66,10000,0.82,PhD,Married,18,No,DSL,Month-to-month,Bank transfer,0,0
C-0481,Customer 481,sme,34,138.56,7604.94,10000,0.27,High School,Married,72,Yes,Fiber optic,Month-to-month,Credit card,0,0
C-0482,Customer 482,enterprise,56,138.62,1972.2,10000,0.38,High School,Married,44,Yes,DSL,One year,Mailed check,1,1
C-0483,Customer 483,enterprise,27,135.57,927.74,1000,0.49,Masters,Married,34,Yes,Fiber optic,One year,Mailed check,0,1
C-0484,Customer 484,enterprise,23,120.66,803.5,50000,0.65,Bachelors,Married,42,Yes,No,Two year,Mailed check,0,0
C-0485,Customer 485,sme,38,59.31,693.29,5000,0.5,Masters,Single,55,No,DSL,Two year,Credit card,0,1
C-0486,Customer 486,sme,54,93.34,931.58,5000,0.53,High School,Single,33,No,DSL,Month-to-month,Credit card,0,1
C-0487,Customer 487,sme,61,32.45,1936.49,5000,0.24,Masters,Married,19,Yes,Fiber optic,One year,Electronic check,0,1
C-0488,Customer 488,sme,48,59.56,6550.25,1000,0.59,Bachelors,Single,25,Yes,Fiber optic,Month-to-month,Mailed check,1,1
C-0489,Customer 489,sme,14,52.99,7401.35,10000,0.24,Bachelors,Single,54,No,Fiber optic,Month-to-month,Mailed check,0,0
C-0490,Customer 490,retail,24,63.24,1576.31,5000,0.81,PhD,Married,44,No,No,One year,Electronic check,0,1
C-0491,Customer 491,retail,61,82.82,7737.67,10000,0.88,High School,Single,74,Yes,DSL,Two year,Mailed check,0,1
C-0492,Customer 492,sme,68,120.05,2654.99,50000,0.39,High School,Single,73,Yes,Fiber optic,Two year,Mailed check,0,0
C-0493,Customer 493,retail,57,71.98,3413.42,50000,0.83,High School,Married,30,Yes,Fiber optic,Two year,Bank transfer,1,1
C-0494,Customer 494,sme,70,21.85,4068.29,10000,0.78,PhD,Single,47,Yes,DSL,Month-to-month,Credit card,0,1
C-0495,Customer 495,enterprise,7,53.52,1561.89,1000,0.35,Bachelors,Married,68,Yes,No,Two year,Electronic check,0,1
C-0496,Customer 496,sme,59,110.84,4054.77,1000,0.25,High School,Single,37,No,DSL,Month-to-month,Credit card,0,1
C-0497,Customer 497,enterprise,56,125.22,3159.82,1000,0.14,Masters,Single,48,No,DSL,One year,Electronic check,0,1
C-0498,Customer 498,enterprise,17,144.86,3500.71,5000,0.41,High School,Single,77,No,Fiber optic,One year,Bank transfer,0,1
C-0499,Customer 499,retail,23,131.31,3954.58,50000,0.82,High School,Married,24,Yes,No,Month-to-month,Mailed check,1,0
C-0500,Customer 500,retail,19,129.72,6504.22,10000,0.76,Bachelors,Single,38,Yes,Fiber optic,Two year,Credit card,0,1
C-0501,Customer 501,enterprise,45,51.95,4400.92,10000,0.76,Masters,Single,23,No,DSL,Month-to-month,Mailed check,0,1
C-0502,Customer 502,sme,50,51.44,6872.74,10000,0.89,Masters,Single,68,Yes,DSL,One year,Mailed check,0,1
C-0503,Customer 503,sme,44,82.0,780.5,10000,0.81,PhD,Married,60,No,DSL,One year,Bank transfer,0,1
C-0504,Customer 504,sme,54,145.29,6591.11,5000,0.37,Masters,Single,24,No,DSL,Month-to-month,Credit card,0,1
C-0505,Customer 505,retail,5,25.78,2585.99,5000,0.4,Masters,Married,21,Yes,Fiber optic,Two year,Mailed check,1,0
C-0506,Customer 506,retail,67,75.51,3814.9,50000,0.19,Masters,Married,37,No,DSL,One year,Electronic check,0,1
C-0507,Customer 507,retail,56,79.41,5058.11,1000,0.71,PhD,Single,41,No,DSL,Month-to-month,Bank transfer,0,1
C-0508,Customer 508,enterprise,39,125.33,3832.89,50000,0.26,Masters,Married,25,No,Fiber optic,Two year,Credit card,0,1
C-0509,Customer 509,enterprise,44,95.44,3316.55,50000,0.79,Bachelors,Married,39,Yes,DSL,Month-to-month,Electronic check,1,0
C-0510,Customer 510,sme,28,128.37,5183.2,10000,0.73,Masters,Single,38,Yes,No,Two year,Electronic check,0,1
C-0511,Customer 511,sme,53,110.38,6420.72,5000,0.18,Bachelors,Married,69,Yes,DSL,One year,Mailed check,1,1
C-0512,Customer 512,retail,49,65.57,6461.47,50000,0.62,Masters,Single,39,Yes,DSL,Month-to-month,Bank transfer,0,0
C-0513,Customer 513,retail,64,50.98,6961.71,50000,0.8,High School,Married,31,No,DSL,Month-to-month,Credit card,1,0
C-0514,Customer 514,sme,56,66.37,1835.08,5000,0.67,PhD,Single,67,No,DSL,One year,Mailed check,0,1
C-0515,Customer 515,sme,33,141.87,2374.55,5000,0.88,Masters,Single,42,No,Fiber optic,Month-to-month,Bank transfer,1,1
C-0516,Customer 516,retail,10,110.45,5938.93,5000,0.24,High School,Single,69,No,Fiber optic,Month-to-month,Credit card,0,1
C-0517,Customer 517,enterprise,44,79.06,5498.34,1000,0.34,Masters,Single,18,Yes,DSL,Month-to-month,Credit card,0,1
C-0518,Customer 518,sme,29,143.46,3351.68,10000,0.34,Masters,Single,79,Yes,Fiber optic,Two year,Bank transfer,0,1
C-0519,Customer 519,sme,14,149.71,880.46,50000,0.2,Bachelors,Married,47,No,DSL,Two year,Electronic check,1,1
C-0520,Customer 520,retail,42,21.23,4035.23,5000,0.69,PhD,Married,73,No,No,Month-to-month,Bank transfer,0,1
C-0521,Customer 521,enterprise,61,108.82,120.14,10000,0.6,Masters,Married,61,No,No,Month-to-month,Bank transfer,1,0
C-0522,Customer 522,enterprise,26,42.54,859.51,10000,0.43,Masters,Single,62,Yes,DSL,Two year,Mailed check,0,0
C-0523,Customer 523,retail,37,56.54,1582.72,50000,0.84,Bachelors,Married,77,Yes,DSL,Two year,Bank transfer,1,0
C-0524,Customer 524,retail,56,49.3,210.66,10000,0.17,Bachelors,Single,40,Yes,No,Month-to-month,Mailed check,0,0
C-0525,Customer 525,retail,71,135.39,5499.97,1000,0.63,High School,Single,19,No,DSL,One year,Electronic check,1,1
C-0526,Customer 526,retail,68,90.08,4049.2,1000,0.49,PhD,Married,42,No,DSL,Two year,Bank transfer,0,1
C-0527,Customer 527,retail,16,36.49,6900.39,1000,0.58,PhD,Married,66,Yes,Fiber optic,Two year,Electronic check,0,1
C-0528,Customer 528,enterprise,22,49.15,1302.37,5000,0.86,PhD,Single,51,No,No,Two year,Mailed check,0,1
C-0529,Customer 529,sme,50,84.04,7385.92,1000,0.16,High School,Married,24,No,No,One year,Bank transfer,1,1
C-0530,Customer 530,retail,63,50.7,3118.98,1000,0.86,Masters,Single,40,No,No,Two year,Electronic check,0,1
C-0531,Customer 531,enterprise,42,103.59,2016.98,5000,0.74,Bachelors,Married,29,No,DSL,One year,Electronic check,1,1
C-0532,Customer 532,enterprise,53,98.66,3393.14,10000,0.12,PhD,Single,77,No,DSL,One year,Mailed check,0,1
C-0533,Customer 533,enterprise,69,134.22,3926.32,1000,0.61,High School,Married,38,No,DSL,Month-to-month,Bank transfer,1,1
C-0534,Customer 534,retail,51,80.73,958.18,1000,0.58,High School,Married,31,No,No,Two year,Electronic check,0,1
C-0535,Customer 535,sme,48,122.19,6289.17,50000,0.51,Masters,Single,63,Yes,DSL,Month-to-month,Bank transfer,1,1
C-0536,Customer 536,enterprise,70,126.47,4831.76,1000,0.45,Masters,Single,36,No,Fiber optic,Two year,Bank transfer,0,1
C-0537,Customer 537,sme,63,114.81,6004.39,5000,0.27,Bachelors,Single,57,No,No,Month-to-month,Bank transfer,0,1
C-0538,Customer 538,enterprise,63,132.96,6867.43,5000,0.8,Bachelors,Married,75,Yes,Fiber optic,Two year,Credit card,0,1
C-0539,Customer 539,enterprise,39,123.87,3714.14,10000,0.64,PhD,Married,51,No,DSL,Two year,Credit card,0,1
C-0540,Customer 540,sme,50,139.63,7428.31,50000,0.89,High School,Single,37,No,DSL,Month-to-month,Credit card,1,0
C-0541,Customer 541,retail,63,139.47,7363.9,5000,0.81,Bachelors,Single,75,No,DSL,One year,Credit card,0,1
C-0542,Customer 542,retail,42,98.75,4162.76,5000,0.72,Masters,Single,39,Yes,Fiber optic,Two year,Electronic check,0,1
C-0543,Customer 543,enterprise,70,42.37,6046.81,1000,0.38,PhD,Married,45,No,DSL,One year,Bank transfer,1,1
C-0544,Customer 544,enterprise,20,34.75,3814.69,50000,0.6,Masters,Married,26,Yes,No,One year,Credit card,0,1
C-0545,Customer 545,sme,47,129.35,7483.61,50000,0.54,Bachelors,Single,75,No,DSL,Month-to-month,Electronic check,1,0
C-0546,Customer 546,sme,56,87.32,1449.36,10000,0.46,Bachelors,Married,40,Yes,Fiber optic,Two year,Electronic check,0,0
C-0547,Customer 547,sme,67,50.13,7897.7,1000,0.27,Bachelors,Single,28,Yes,DSL,Two year,Electronic check,0,1
C-0548,Customer 548,enterprise,62,24.11,2102.22,5000,0.46,Bachelors,Married,75,Yes,No,One year,Mailed check,0,0
C-0549,Customer 549,retail,49,134.11,7520.6,1000,0.55,Bachelors,Married,27,No,No,One year,Bank transfer,1,1
C-0550,Customer 550,sme,15,145.97,1806.25,1000,0.21,Bachelors,Single,69,Yes,No,One year,Mailed check,0,1
C-0551,Customer 551,enterprise,54,48.89,4992.69,50000,0.13,Masters,Single,47,Yes,DSL,Month-to-month,Electronic check,1,0
C-0552,Customer 552,sme,30,137.99,3619.46,5000,0.49,Masters,Married,18,Yes,No,Two year,Electronic check,0,1
C-0553,Customer 553,sme,22,99.26,5093.37,50000,0.3,Masters,Married,37,Yes,No,One year,Mailed check,0,1
C-0554,Customer 554,sme,16,119.3,765.44,5000,0.17,Bachelors,Married,54,No,Fiber optic,Month-to-month,Bank transfer,0,1
C-0555,Customer 555,sme,46,56.71,4440.83,1000,0.61,PhD,Single,68,No,Fiber optic,Two year,Credit card,0,1
C-0556,Customer 556,enterprise,61,52.76,5976.41,5000,0.7,Masters,Married,68,No,Fiber optic,One year,Electronic check,0,1
C-0557,Customer 557,retail,53,50.07,7222.36,50000,0.79,High School,Single,35,Yes,Fiber optic,Month-to-month,Bank transfer,0,0
C-0558,Customer 558,retail,69,130.52,6976.38,50000,0.11,Masters,Single,71,No,DSL,Two year,Mailed check,0,0
C-0559,Customer 559,retail,33,99.89,4237.87,1000,0.41,Bachelors,Single,41,No,DSL,Two year,Bank transfer,0,1
C-0560,Customer 560,retail,27,146.48,2026.9,50000,0.36,Masters,Married,24,Yes,DSL,One year,Mailed check,0,0
C-0561,Customer 561,retail,3,66.2,5613.14,50000,0.75,Bachelors,Single,59,Yes,Fiber optic,Month-to-month,Bank transfer,0,0
C-0562,Customer 562,retail,39,66.66,2368.48,10000,0.42,High School,Single,70,No,DSL,One year,Electronic check,0,0
C-0563,Customer 563,sme,26,130.0,7070.63,1000,0.36,Masters,Married,21,No,DSL,Month-to-month,Electronic check,1,1
C-0564,Customer 564,retail,62,132.26,4958.16,1000,0.78,High School,Single,55,Yes,DSL,One year,Mailed check,0,1
C-0565,Customer 565,enterprise,67,54.43,344.08,1000,0.17,High School,Married,65,No,DSL,One year,Credit card,0,1
C-0566,Customer 566,retail,6,112.83,1458.92,10000,0.84,High School,Married,69,No,No,One year,Bank transfer,1,1
C-0567,Customer 567,retail,47,44.94,3756.07,1000,0.9,High School,Single,68,Yes,No,Two year,Electronic check,0,1
C-0568,Customer 568,sme,50,63.47,4859.13,1000,0.33,Masters,Single,50,No,No,Two year,Bank transfer,0,1
C-0569,Customer 569,enterprise,46,115.41,6609.0,5000,0.59,PhD,Married,73,Yes,No,Two year,Bank transfer,0,1
C-0570,Customer 570,enterprise,21,67.63,7279.35,50000,0.28,High School,Single,54,Yes,Fiber optic,One year,Electronic check,0,0
C-0571,Customer 571,sme,47,32.49,2146.93,1000,0.29,PhD,Married,79,No,DSL,Month-to-month,Electronic check,0,1
C-0572,Customer 572,enterprise,60,80.35,1635.63,10000,0.72,Bachelors,Married,74,No,No,Two year,Credit card,1,1
C-0573,Customer 573,retail,61,39.89,7046.5,5000,0.43,High School,Married,26,No,No,Month-to-month,Bank transfer,1,0
C-0574,Customer 574,sme,30,25.62,6246.57,10000,0.31,PhD,Single,41,Yes,No,Two year,Bank transfer,0,0
C-0575,Customer 575,sme,66,129.74,4492.42,1000,0.29,Masters,Single,31,Yes,Fiber optic,One year,Electronic check,1,1
C-0576,Customer 576,sme,31,23.3,3723.93,10000,0.12,Bachelors,Single,70,Yes,Fiber optic,Two year,Mailed check,0,0
C-0577,Customer 577,retail,19,74.58,2890.03,1000,0.34,Bachelors,Married,56,Yes,No,One year,Electronic check,0,1
C-0578,Customer 578,sme,63,36.9,3756.45,1000,0.12,High School,Single,35,No,Fiber optic,One year,Bank transfer,0,1
C-0579,Customer 579,sme,13,77.91,3497.42,1000,0.12,High School,Married,69,Yes,No,One year,Electronic check,0,1
C-0580,Customer 580,retail,65,30.11,6670.3,10000,0.52,Masters,Single,41,Yes,Fiber optic,Month-to-month,Mailed check,0,0
C-0581,Customer 581,retail,64,20.99,3099.99,1000,0.17,Bachelors,Married,45,Yes,No,Month-to-month,Bank transfer,1,1
C-0582,Customer 582,sme,55,117.92,2945.93,50000,0.64,Bachelors,Single,68,Yes,No,One year,Bank transfer,0,0
C-0583,Customer 583,enterprise,34,104.4,1022.66,10000,0.13,Masters,Married,19,Yes,Fiber optic,Two year,Credit card,1,0
C-0584,Customer 584,enterprise,25,114.02,7234.16,10000,0.88,PhD,Single,58,No,DSL,Month-to-month,Bank transfer,1,1
C-0585,Customer 585,enterprise,7,44.51,1538.68,10000,0.19,Masters,Married,56,Yes,No,Two year,Mailed check,1,0
C-0586,Customer 586,retail,65,94.8,2891.28,50000,0.59,High School,Single,33,No,DSL,Month-to-month,Mailed check,0,0
C-0587,Customer 587,retail,36,116.8,5098.78,1000,0.82,Bachelors,Married,73,No,Fiber optic,Two year,Mailed check,0,1
C-0588,Customer 588,sme,40,88.85,116.26,50000,0.2,PhD,Single,32,No,Fiber optic,One year,Credit card,1,0
C-0589,Customer 589,sme,42,32.77,3187.72,1000,0.47,PhD,Single,40,No,No,One year,Bank transfer,1,1
C-0590,Customer 590,enterprise,51,38.7,811.55,50000,0.89,High School,Single,41,Yes,Fiber optic,One year,Credit card,0,0
C-0591,Customer 591,retail,65,139.98,7390.78,10000,0.8,High School,Single,43,Yes,No,One year,Bank transfer,0,1
C-0592,Customer 592,enterprise,69,91.62,2695.7,5000,0.3,Bachelors,Married,32,No,Fiber optic,One year,Electronic check,0,1
C-0593,Customer 593,sme,30,86.87,6567.73,1000,0.58,PhD,Single,39,No,No,Month-to-month,Mailed check,0,1
C-0594,Customer 594,retail,26,59.24,6138.21,5000,0.33,PhD,Single,27,No,Fiber optic,Month-to-month,Bank transfer,0,1
C-0595,Customer 595,retail,71,110.49,493.18,10000,0.49,High School,Single,61,No,Fiber optic,Month-to-month,Electronic check,1,1
C-0596,Customer 596,sme,41,97.93,2505.98,50000,0.16,High School,Single,33,No,DSL,Two year,Electronic check,0,1
C-0597,Customer 597,enterprise,67,73.63,5450.76,5000,0.69,Bachelors,Single,79,No,DSL,One year,Bank transfer,0,1
C-0598,Customer 598,enterprise,37,106.77,1505.1,10000,0.5,PhD,Married,60,No,Fiber optic,One year,Credit card,0,1
C-0599,Customer 599,retail,10,66.86,3587.59,1000,0.52,PhD,Married,70,Yes,Fiber optic,One year,Electronic check,1,1
C-0600,Customer 600,retail,32,40.82,2416.09,1000,0.55,Bachelors,Married,64,Yes,Fiber optic,Two year,Electronic check,1,1
C-0601,Customer 601,sme,26,139.19,5397.66,1000,0.11,Masters,Single,47,No,No,Month-to-month,Mailed check,1,1
C-0602,Customer 602,sme,36,130.54,7942.88,5000,0.8,High School,Married,57,No,DSL,Month-to-month,Mailed check,1,1
C-0603,Customer 603,enterprise,2,43.15,4738.12,5000,0.7,PhD,Married,32,Yes,Fiber optic,Month-to-month,Credit card,0,0
C-0604,Customer 604,retail,45,72.76,5234.75,50000,0.51,Masters,Married,20,No,DSL,Month-to-month,Electronic check,1,1
C-0605,Customer 605,enterprise,42,95.33,582.53,5000,0.36,Bachelors,Single,56,Yes,Fiber optic,One year,Bank transfer,0,1
C-0606,Customer 606,enterprise,9,139.76,4632.85,50000,0.29,High School,Single,62,No,Fiber optic,Two year,Mailed check,0,0
C-0607,Customer 607,sme,21,110.78,2207.92,50000,0.84,Bachelors,Single,43,Yes,Fiber optic,One year,Credit card,0,1
C-0608,Customer 608,retail,65,135.91,5813.05,50000,0.52,Masters,Single,21,Yes,DSL,One year,Credit card,0,0
C-0609,Customer 609,enterprise,51,29.64,7322.85,1000,0.83,High School,Single,72,Yes,Fiber optic,One year,Electronic check,0,1
C-0610,Customer 610,enterprise,68,93.98,6450.86,50000,0.75,High School,Married,40,Yes,No,One year,Bank transfer,0,1
C-0611,Customer 611,retail,35,34.85,717.25,50000,0.61,High School,Single,28,Yes,No,One year,Electronic check,0,1
C-0612,Customer 612,enterprise,62,116.33,4573.6,50000,0.87,PhD,Married,48,Yes,Fiber optic,Two year,Electronic check,0,1
C-0613,Customer 613,retail,9,43.81,533.29,5000,0.76,PhD,Married,22,No,DSL,Two year,Bank transfer,0,1
C-0614,Customer 614,sme,22,71.5,1306.28,10000,0.15,PhD,Single,67,Yes,No,Month-to-month,Mailed check,0,0
C-0615,Customer 615,retail,31,88.63,2904.84,50000,0.34,Bachelors,Married,33,No,No,Month-to-month,Bank transfer,0,0
C-0616,Customer 616,retail,41,141.44,3055.04,5000,0.76,High School,Married,33,Yes,Fiber optic,Two year,Mailed check,1,1
C-0617,Customer 617,retail,46,44.13,7923.08,1000,0.61,PhD,Single,51,No,Fiber optic,Month-to-month,Electronic check,0,1
C-0618,Customer 618,enterprise,53,82.53,5867.33,10000,0.75,Masters,Single,76,Yes,DSL,Two year,Bank transfer,0,0
C-0619,Customer 619,enterprise,48,135.67,4385.29,50000,0.77,Masters,Single,68,No,No,Two year,Credit card,1,1
C-0620,Customer 620,sme,38,50.59,6384.93,5000,0.85,PhD,Single,37,Yes,DSL,Two year,Bank transfer,0,1
C-0621,Customer 621,enterprise,8,23.85,2838.7,1000,0.16,Bachelors,Married,41,No,DSL,Month-to-month,Mailed check,0,1
C-0622,Customer 622,retail,49,29.93,4524.64,5000,0.44,Masters,Married,60,No,No,Two year,Electronic check,0,0
C-0623,Customer 623,retail,58,22.89,3313.72,1000,0.33,High School,Married,50,Yes,Fiber optic,Month-to-month,Credit card,0,1
C-0624,Customer 624,retail,58,89.52,2959.15,50000,0.43,PhD,Married,51,Yes,No,Two year,Credit card,0,0
C-0625,Customer 625,retail,5,34.28,2588.52,50000,0.83,High School,Single,23,Yes,Fiber optic,Two year,Mailed check,0,1
C-0626,Customer 626,retail,55,147.42,6348.68,5000,0.8,Bachelors,Married,43,No,No,Month-to-month,Credit card,0,1
C-0627,Customer 627,retail,65,53.06,5153.71,10000,0.57,Masters,Single,27,No,Fiber optic,Two year,Mailed check,0,0
C-0628,Customer 628,enterprise,23,21.21,4249.91,50000,0.19,Bachelors,Single,43,Yes,No,Two year,Bank transfer,0,1
C-0629,Customer 629,sme,29,35.88,3809.99,5000,0.14,Masters,Single,67,Yes,No,Two year,Credit card,0,1
C-0630,Customer 630,enterprise,18,145.36,5062.59,10000,0.84,PhD,Married,38,Yes,Fiber optic,Month-to-month,Bank transfer,1,1
C-0631,Customer 631,retail,44,112.56,5651.88,50000,0.1,Masters,Married,47,No,DSL,Two year,Bank transfer,0,0
C-0632,Customer 632,sme,71,98.01,6608.45,10000,0.49,Masters,Single,79,No,Fiber optic,Two year,Mailed check,0,0
C-0633,Customer 633,retail,24,147.46,7587.89,10000,0.16,High School,Married,70,No,Fiber optic,Two year,Electronic check,0,0
C-0634,Customer 634,enterprise,43,21.9,758.59,10000,0.8,PhD,Single,23,Yes,DSL,One year,Credit card,0,1
C-0635,Customer 635,enterprise,35,57.28,2037.09,50000,0.18,Bachelors,Married,31,Yes,Fiber optic,One year,Electronic check,0,0
C-0636,Customer 636,sme,1,24.64,2580.09,10000,0.19,Masters,Married,36,Yes,No,Month-to-month,Credit card,0,0
C-0637,Customer 637,enterprise,2,84.16,2454.56,50000,0.65,High School,Single,36,No,No,Month-to-month,Credit card,1,0
C-0638,Customer 638,sme,61,66.54,7881.16,50000,0.52,Masters,Single,23,Yes,DSL,Two year,Electronic check,0,1
C-0639,Customer 639,enterprise,11,144.03,737.35,50000,0.82,PhD,Married,65,No,No,One year,Credit card,1,0
C-0640,Customer 640,sme,18,99.11,3352.55,10000,0.65,Bachelors,Single,35,No,No,Two year,Electronic check,0,0
C-0641,Customer 641,enterprise,36,102.6,6265.61,50000,0.87,PhD,Married,18,No,DSL,Two year,Electronic check,0,0
C-0642,Customer 642,sme,17,128.84,1453.59,10000,0.69,Bachelors,Single,71,Yes,Fiber optic,Month-to-month,Electronic check,1,1
C-0643,Customer 643,retail,11,59.02,6458.85,1000,0.82,PhD,Married,67,No,DSL,One year,Bank transfer,0,1
C-0644,Customer 644,retail,52,114.02,2442.59,5000,0.5,PhD,Single,32,No,Fiber optic,Two year,Credit card,0,1
C-0645,Customer 645,enterprise,24,143.69,940.77,1000,0.75,Bachelors,Married,63,Yes,DSL,Month-to-month,Mailed check,0,1
C-0646,Customer 646,retail,64,40.43,7696.56,10000,0.79,PhD,Single,40,Yes,No,One year,Electronic check,0,0
C-0647,Customer 647,retail,40,59.33,5095.75,10000,0.29,Masters,Single,34,No,DSL,Two year,Bank transfer,0,0
C-0648,Customer 648,retail,44,99.1,155.74,5000,0.64,PhD,Married,45,No,DSL,Month-to-month,Mailed check,0,1
C-0649,Customer 649,sme,56,88.71,6393.6,1000,0.73,High School,Single,51,Yes,DSL,Two year,Mailed check,0,1
C-0650,Customer 650,retail,19,82.66,3141.29,5000,0.55,High School,Single,30,No,DSL,Month-to-month,Bank transfer,0,1
C-0651,Customer 651,sme,45,20.99,6116.31,5000,0.8,Masters,Married,33,Yes,DSL,One year,Mailed check,0,1
C-0652,Customer 652,enterprise,7,76.28,7586.06,10000,0.14,High School,Married,59,Yes,No,Two year,Electronic check,0,0
C-0653,Customer 653,enterprise,30,58.83,7992.41,5000,0.84,Masters,Single,39,Yes,Fiber optic,Month-to-month,Mailed check,0,1
C-0654,Customer 654,retail,36,70.59,2971.34,1000,0.69,High School,Single,34,No,No,Month-to-month,Mailed check,1,1
C-0655,Customer 655,enterprise,13,90.93,720.84,10000,0.33,Masters,Single,40,Yes,DSL,Month-to-month,Credit card,0,0
C-0656,Customer 656,enterprise,22,95.38,6654.3,10000,0.23,Masters,Single,65,Yes,No,Month-to-month,Mailed check,1,0
C-0657,Customer 657,enterprise,25,51.23,761.29,1000,0.22,Bachelors,Single,45,No,DSL,One year,Credit card,0,1
C-0658,Customer 658,retail,20,23.65,1005.02,1000,0.13,PhD,Single,26,No,DSL,Month-to-month,Electronic check,0,1
C-0659,Customer 659,sme,19,142.77,2312.45,1000,0.17,High School,Married,33,Yes,No,Month-to-month,Bank transfer,0,1
C-0660,Customer 660,enterprise,69,90.42,418.21,5000,0.54,PhD,Married,60,Yes,No,Month-to-month,Mailed check,1,0
C-0661,Customer 661,sme,38,29.61,7689.15,10000,0.38,PhD,Married,47,No,Fiber optic,Two year,Electronic check,0,0
C-0662,Customer 662,retail,23,24.7,3303.73,5000,0.71,Masters,Single,42,Yes,Fiber optic,Two year,Credit card,0,1
C-0663,Customer 663,sme,41,103.06,5133.46,5000,0.45,Bachelors,Single,79,No,Fiber optic,Two year,Electronic check,0,1
C-0664,Customer 664,sme,61,31.94,3986.52,1000,0.85,High School,Married,33,Yes,DSL,Two year,Credit card,1,1
C-0665,Customer 665,retail,66,118.42,384.59,5000,0.25,Bachelors,Single,18,Yes,DSL,Two year,Mailed check,1,1
C-0666,Customer 666,enterprise,10,46.21,3021.69,5000,0.4,PhD,Single,33,No,Fiber optic,Month-to-month,Credit card,0,1
C-0667,Customer 667,sme,47,98.7,3434.51,1000,0.81,Bachelors,Married,75,No,DSL,One year,Credit card,0,1
C-0668,Customer 668,retail,10,87.74,470.48,1000,0.74,High School,Married,67,Yes,No,Month-to-month,Bank transfer,1,1
C-0669,Customer 669,enterprise,20,117.0,1132.31,1000,0.13,PhD,Married,36,No,Fiber optic,Month-to-month,Electronic check,1,1
C-0670,Customer 670,enterprise,16,100.57,7826.92,1000,0.83,Masters,Married,19,Yes,DSL,One year,Credit card,0,1
C-0671,Customer 671,sme,36,81.98,276.41,1000,0.49,Bachelors,Married,67,No,Fiber optic,Month-to-month,Credit card,1,1
C-0672,Customer 672,sme,1,62.49,6185.69,5000,0.51,PhD,Single,77,No,DSL,Month-to-month,Bank transfer,0,1
C-0673,Customer 673,sme,63,144.61,1146.06,1000,0.34,High School,Single,28,No,Fiber optic,Month-to-month,Credit card,0,1
C-0674,Customer 674,sme,3,46.12,6516.36,1000,0.27,High School,Married,27,No,Fiber optic,One year,Bank transfer,0,1
C-0675,Customer 675,retail,17,81.43,6015.56,10000,0.54,Bachelors,Single,38,Yes,Fiber optic,Two year,Credit card,0,0
C-0676,Customer 676,sme,70,97.85,3443.71,1000,0.22,Bachelors,Married,59,Yes,No,Month-to-month,Bank transfer,1,1
C-0677,Customer 677,sme,12,135.7,4659.76,5000,0.46,PhD,Single,56,No,Fiber optic,One year,Bank transfer,0,1
C-0678,Customer 678,retail,51,148.45,3103.58,5000,0.27,Bachelors,Married,52,No,Fiber optic,Month-to-month,Mailed check,0,1
C-0679,Customer 679,sme,9,104.9,6595.53,5000,0.14,PhD,Married,62,No,Fiber optic,Month-to-month,Mailed check,1,1
C-0680,Customer 680,enterprise,13,139.07,2927.25,5000,0.3,Bachelors,Single,68,Yes,Fiber optic,One year,Electronic check,0,1
C-0681,Customer 681,retail,45,66.77,5996.54,1000,0.29,PhD,Married,26,Yes,Fiber optic,Month-to-month,Electronic check,1,1
C-0682,Customer 682,sme,66,132.71,5686.22,1000,0.86,High School,Married,66,Yes,DSL,Two year,Mailed check,0,1
C-0683,Customer 683,enterprise,36,88.83,1920.87,1000,0.88,Masters,Single,25,No,No,Month-to-month,Credit card,1,1
C-0684,Customer 684,retail,22,34.49,858.09,10000,0.73,PhD,Married,20,No,Fiber optic,One year,Mailed check,0,1
C-0685,Customer 685,sme,69,26.72,4918.82,10000,0.12,PhD,Married,29,Yes,DSL,Month-to-month,Electronic check,1,0
C-0686,Customer 686,sme,3,56.84,546.66,1000,0.43,PhD,Married,34,Yes,No,One year,Electronic check,1,1
C-0687,Customer 687,retail,66,56.32,3261.5,50000,0.8,Masters,Single,78,No,DSL,One year,Bank transfer,0,0
C-0688,Customer 688,enterprise,51,101.5,7619.73,10000,0.56,PhD,Single,70,No,Fiber optic,Two year,Mailed check,0,1
C-0689,Customer 689,sme,36,77.69,4263.07,5000,0.2,Masters,Single,27,Yes,Fiber optic,Month-to-month,Bank transfer,1,1
C-0690,Customer 690,retail,61,36.09,3920.67,10000,0.74,PhD,Single,41,Yes,No,One year,Bank transfer,1,1
C-0691,Customer 691,retail,54,80.11,699.88,50000,0.83,Bachelors,Married,32,No,Fiber optic,Month-to-month,Bank transfer,1,1
C-0692,Customer 692,enterprise,16,38.17,4053.29,50000,0.68,PhD,Married,41,No,Fiber optic,Month-to-month,Bank transfer,0,0
C-0693,Customer 693,retail,14,106.85,1064.55,1000,0.51,PhD,Single,79,No,DSL,One year,Bank transfer,0,1
C-0694,Customer 694,enterprise,47,141.39,540.66,5000,0.64,Bachelors,Married,62,No,DSL,One year,Credit card,0,1
C-0695,Customer 695,enterprise,37,54.62,4964.37,50000,0.33,Bachelors,Single,33,Yes,Fiber optic,One year,Bank transfer,1,0
C-0696,Customer 696,retail,4,64.15,1532.91,50000,0.54,High School,Married,75,Yes,DSL,One year,Electronic check,0,0
C-0697,Customer 697,enterprise,40,127.72,2037.71,5000,0.47,Masters,Married,47,No,Fiber optic,Two year,Bank transfer,0,1
C-0698,Customer 698,enterprise,70,141.31,1683.76,1000,0.59,Bachelors,Married,22,No,Fiber optic,Month-to-month,Credit card,0,1
C-0699,Customer 699,retail,5,79.78,3710.42,50000,0.71,Masters,Single,37,Yes,DSL,One year,Bank transfer,0,0
C-0700,Customer 700,enterprise,1,106.09,7512.25,50000,0.21,Masters,Single,41,No,DSL,Month-to-month,Bank transfer,1,0
C-0701,Customer 701,retail,24,117.68,5944.77,50000,0.52,High School,Single,72,No,No,Month-to-month,Credit card,0,0
C-0702,Customer 702,sme,15,141.33,2348.48,50000,0.78,PhD,Single,27,Yes,No,One year,Mailed check,1,1
C-0703,Customer 703,enterprise,44,31.02,1686.67,10000,0.38,Bachelors,Single,39,Yes,DSL,One year,Credit card,0,0
C-0704,Customer 704,enterprise,10,47.28,5632.15,10000,0.89,PhD,Single,56,Yes,Fiber optic,One year,Credit card,0,1
C-0705,Customer 705,sme,62,134.88,3447.55,1000,0.54,High School,Married,77,Yes,DSL,One year,Mailed check,0,1
C-0706,Customer 706,sme,52,102.05,390.03,5000,0.22,Bachelors,Single,24,Yes,DSL,One year,Mailed check,0,1
C-0707,Customer 707,enterprise,31,64.43,772.74,50000,0.78,Masters,Single,18,No,DSL,Month-to-month,Credit card,0,0
C-0708,Customer 708,retail,19,60.0,6095.67,1000,0.69,PhD,Married,18,No,Fiber optic,One year,Mailed check,0,1
C-0709,Customer 709,retail,62,20.19,3764.97,5000,0.34,PhD,Married,66,No,Fiber optic,Two year,Mailed check,1,0
C-0710,Customer 710,enterprise,8,102.66,4604.7,1000,0.1,PhD,Married,48,No,Fiber optic,One year,Electronic check,0,1
C-0711,Customer 711,retail,39,93.49,821.07,1000,0.35,Bachelors,Married,24,No,No,Two year,Mailed check,1,1
C-0712,Customer 712,enterprise,10,25.25,4065.02,1000,0.65,Masters,Single,36,Yes,DSL,Two year,Credit card,0,1
C-0713,Customer 713,retail,52,26.25,1219.61,10000,0.14,Masters,Married,60,Yes,Fiber optic,Month-to-month,Electronic check,0,0
C-0714,Customer 714,sme,48,47.4,4834.32,50000,0.84,Bachelors,Single,37,Yes,DSL,Two year,Mailed check,0,1
C-0715,Customer 715,retail,69,144.31,916.97,50000,0.73,Bachelors,Single,43,Yes,DSL,Month-to-month,Mailed check,1,1
C-0716,Customer 716,enterprise,23,36.97,6078.77,50000,0.22,Masters,Married,54,No,Fiber optic,One year,Credit card,0,0
C-0717,Customer 717,enterprise,54,69.06,5412.39,5000,0.17,Masters,Single,58,No,DSL,Month-to-month,Bank transfer,1,1
C-0718,Customer 718,retail,70,58.87,2560.28,10000,0.27,High School,Married,20,Yes,Fiber optic,One year,Credit card,0,0
C-0719,Customer 719,retail,25,32.98,4369.89,5000,0.84,Masters,Married,78,Yes,No,Month-to-month,Electronic check,0,1
C-0720,Customer 720,enterprise,57,126.72,3173.0,5000,0.59,PhD,Married,36,Yes,DSL,Two year,Credit card,0,1
C-0721,Customer 721,enterprise,40,79.12,2044.81,1000,0.52,Masters,Married,35,No,DSL,One year,Bank transfer,0,1
C-0722,Customer 722,sme,69,122.8,2252.61,1000,0.21,Masters,Married,79,Yes,Fiber optic,Two year,Electronic check,0,1
C-0723,Customer 723,sme,29,96.01,6698.34,50000,0.86,Masters,Single,38,Yes,DSL,One year,Credit card,0,1
C-0724,Customer 724,sme,15,23.13,7859.57,50000,0.67,Bachelors,Single,20,Yes,Fiber optic,One year,Mailed check,0,0
C-0725,Customer 725,enterprise,23,52.88,6844.45,1000,0.41,Bachelors,Single,22,No,DSL,One year,Credit card,0,1
C-0726,Customer 726,sme,66,130.19,6181.35,50000,0.12,Bachelors,Single,75,Yes,No,One year,Credit card,0,0
C-0727,Customer 727,sme,39,115.69,4452.41,1000,0.28,PhD,Married,42,Yes,DSL,Two year,Credit card,0,1
C-0728,Customer 728,enterprise,39,69.74,2026.5,5000,0.69,PhD,Single,63,No,Fiber optic,Month-to-month,Electronic check,0,1
C-0729,Customer 729,retail,70,113.11,326.87,1000,0.89,High School,Single,47,No,DSL,Two year,Bank transfer,0,1
C-0730,Customer 730,retail,15,94.3,577.97,5000,0.85,Bachelors,Single,20,No,No,Two year,Bank transfer,1,1
C-0731,Customer 731,sme,69,54.37,6568.76,10000,0.59,High School,Single,69,No,Fiber optic,Month-to-month,Electronic check,1,0
C-0732,Customer 732,retail,60,52.77,6545.14,10000,0.53,Masters,Married,59,Yes,Fiber optic,Two year,Credit card,0,0
C-0733,Customer 733,retail,55,91.58,7831.93,10000,0.62,Bachelors,Married,37,No,Fiber optic,Two year,Electronic check,1,1
C-0734,Customer 734,enterprise,55,61.24,6705.43,10000,0.71,PhD,Single,37,No,DSL,Month-to-month,Mailed check,0,1
C-0735,Customer 735,enterprise,68,115.08,6422.11,1000,0.44,PhD,Married,36,No,Fiber optic,One year,Mailed check,0,1
C-0736,Customer 736,retail,28,85.37,5804.93,50000,0.83,Masters,Married,23,Yes,Fiber optic,Two year,Credit card,0,0
C-0737,Customer 737,retail,12,55.93,6343.4,1000,0.27,Masters,Single,52,Yes,Fiber optic,One year,Mailed check,0,1
C-0738,Customer 738,sme,71,148.23,4312.63,5000,0.39,Masters,Married,25,Yes,DSL,One year,Bank transfer,0,1
C-0739,Customer 739,retail,27,70.32,2199.6,1000,0.46,Bachelors,Married,70,Yes,DSL,Two year,Mailed check,0,1
C-0740,Customer 740,retail,15,120.93,4262.96,1000,0.43,Bachelors,Married,63,No,DSL,Month-to-month,Electronic check,1,1
C-0741,Customer 741,sme,60,67.35,5782.87,1000,0.55,Masters,Married,68,Yes,No,Two year,Credit card,0,1
C-0742,Customer 742,sme,54,130.14,3338.54,50000,0.59,High School,Single,74,Yes,Fiber optic,Two year,Mailed check,0,1
C-0743,Customer 743,sme,69,65.22,1074.85,5000,0.7,Bachelors,Married,72,No,Fiber optic,One year,Bank transfer,0,1
C-0744,Customer 744,enterprise,19,99.45,3789.39,10000,0.8,High School,Married,38,No,Fiber optic,Month-to-month,Electronic check,1,1
C-0745,Customer 745,sme,67,77.72,5853.77,1000,0.2,PhD,Single,54,No,No,Month-to-month,Credit card,0,1
C-0746,Customer 746,enterprise,9,52.18,2409.71,5000,0.18,High School,Married,54,Yes,No,Two year,Electronic check,0,1
C-0747,Customer 747,sme,62,143.94,6985.64,1000,0.73,Masters,Married,62,Yes,DSL,Month-to-month,Credit card,1,1
C-0748,Customer 748,enterprise,1,27.02,1356.35,1000,0.63,PhD,Single,21,No,No,One year,Electronic check,0,1
C-0749,Customer 749,enterprise,17,134.56,5979.24,10000,0.53,Masters,Single,20,Yes,No,One year,Credit card,1,0
C-0750,Customer 750,retail,39,98.75,807.29,5000,0.7,PhD,Married,31,Yes,No,Month-to-month,Electronic check,0,1
C-0751,Customer 751,enterprise,29,36.29,7843.54,5000,0.69,PhD,Married,52,Yes,DSL,One year,Mailed check,1,1
C-0752,Customer 752,sme,65,91.66,5477.55,5000,0.22,PhD,Married,32,No,Fiber optic,Month-to-month,Bank transfer,0,1
C-0753,Customer 753,retail,61,58.8,7070.16,5000,0.5,Bachelors,Single,45,Yes,Fiber optic,Two year,Bank transfer,0,1
C-0754,Customer 754,enterprise,21,101.25,2327.07,1000,0.65,PhD,Single,59,Yes,Fiber optic,Two year,Mailed check,0,1
C-0755,Customer 755,sme,69,36.53,7944.26,5000,0.45,PhD,Single,18,No,DSL,Month-to-month,Bank transfer,1,1
C-0756,Customer 756,enterprise,56,35.88,1908.58,10000,0.71,PhD,Single,76,Yes,Fiber optic,Two year,Credit card,0,0
C-0757,Customer 757,enterprise,35,77.27,4226.15,1000,0.41,PhD,Married,79,Yes,Fiber optic,Two year,Mailed check,1,1
C-0758,Customer 758,sme,13,46.44,7477.17,1000,0.14,PhD,Married,21,Yes,DSL,One year,Credit card,0,1
C-0759,Customer 759,sme,9,88.93,7934.01,1000,0.56,PhD,Single,52,Yes,DSL,Month-to-month,Bank transfer,1,1
C-0760,Customer 760,sme,29,133.82,2653.36,10000,0.77,High School,Married,66,No,DSL,One year,Bank transfer,0,1
C-0761,Customer 761,enterprise,36,101.84,1324.04,5000,0.26,PhD,Married,57,Yes,Fiber optic,Month-to-month,Electronic check,0,1
C-0762,Customer 762,sme,16,26.59,6014.48,5000,0.58,High School,Married,77,Yes,No,Month-to-month,Bank transfer,1,0
C-0763,Customer 763,retail,42,72.17,7080.39,10000,0.89,Bachelors,Married,76,Yes,No,Two year,Bank transfer,0,1
C-0764,Customer 764,retail,35,133.96,7594.32,10000,0.21,Masters,Single,22,No,No,One year,Credit card,0,0
C-0765,Customer 765,retail,14,77.42,5261.36,50000,0.9,PhD,Single,21,Yes,DSL,Two year,Mailed check,0,1
C-0766,Customer 766,enterprise,26,89.26,3964.34,10000,0.23,Masters,Single,29,No,DSL,Month-to-month,Mailed check,1,0
C-0767,Customer 767,enterprise,44,35.61,2696.64,50000,0.83,PhD,Married,79,No,Fiber optic,Two year,Mailed check,0,0
C-0768,Customer 768,sme,33,132.55,7856.08,1000,0.15,Masters,Single,79,No,No,Two year,Mailed check,0,1
C-0769,Customer 769,sme,29,116.38,1379.92,5000,0.68,Masters,Married,75,No,DSL,Month-to-month,Electronic check,0,1
C-0770,Customer 770,enterprise,66,144.36,6866.51,50000,0.63,High School,Single,50,Yes,DSL,Month-to-month,Electronic check,0,0
C-0771,Customer 771,sme,66,136.9,1605.44,1000,0.68,PhD,Single,37,No,DSL,One year,Mailed check,0,1
C-0772,Customer 772,enterprise,44,97.04,2457.38,1000,0.74,Masters,Married,37,Yes,Fiber optic,Two year,Bank transfer,0,1
C-0773,Customer 773,enterprise,40,84.86,2557.04,5000,0.21,Masters,Single,19,Yes,Fiber optic,Month-to-month,Credit card,0,1
C-0774,Customer 774,retail,10,109.26,3201.06,5000,0.7,PhD,Single,18,Yes,DSL,Month-to-month,Credit card,0,1
C-0775,Customer 775,sme,20,149.65,3637.1,50000,0.32,Masters,Married,35,Yes,DSL,Month-to-month,Credit card,0,0
C-0776,Customer 776,sme,50,129.45,1387.24,10000,0.62,Bachelors,Single,70,Yes,No,Two year,Bank transfer,0,1
C-0777,Customer 777,sme,54,55.11,3115.23,5000,0.78,Masters,Married,47,Yes,No,Month-to-month,Credit card,0,0
C-0778,Customer 778,enterprise,54,83.47,2304.97,10000,0.29,High School,Single,45,No,DSL,Month-to-month,Electronic check,0,0
C-0779,Customer 779,enterprise,62,85.15,212.21,1000,0.33,Masters,Married,20,Yes,Fiber optic,One year,Bank transfer,0,1
C-0780,Customer 780,enterprise,48,111.83,2232.83,1000,0.53,Bachelors,Married,72,No,No,Month-to-month,Credit card,1,1
C-0781,Customer 781,enterprise,30,87.6,5663.03,5000,0.77,High School,Married,63,No,Fiber optic,Month-to-month,Bank transfer,0,1
C-0782,Customer 782,enterprise,71,136.5,2472.37,10000,0.9,Bachelors,Married,66,No,Fiber optic,One year,Electronic check,0,1
C-0783,Customer 783,retail,11,56.12,5038.38,10000,0.63,High School,Married,45,Yes,DSL,Two year,Bank transfer,0,1
C-0784,Customer 784,sme,40,50.51,4601.49,10000,0.47,Bachelors,Married,30,No,Fiber optic,Month-to-month,Mailed check,0,0
C-0785,Customer 785,retail,18,90.96,3070.62,10000,0.67,Masters,Single,48,Yes,Fiber optic,Month-to-month,Mailed check,0,0
C-0786,Customer 786,enterprise,23,100.53,2454.26,5000,0.41,High School,Single,71,Yes,DSL,One year,Bank transfer,0,1
C-0787,Customer 787,retail,16,37.89,3032.81,5000,0.82,PhD,Married,32,Yes,No,Two year,Bank transfer,0,1
C-0788,Customer 788,retail,22,61.15,6477.87,10000,0.62,Masters,Single,42,Yes,Fiber optic,Two year,Bank transfer,0,0
C-0789,Customer 789,enterprise,60,90.53,7192.53,10000,0.17,High School,Single,46,No,Fiber optic,Month-to-month,Mailed check,0,1
C-0790,Customer 790,sme,9,147.92,7002.42,5000,0.39,Masters,Single,42,No,DSL,Month-to-month,Bank transfer,0,1
C-0791,Customer 791,enterprise,41,62.95,3510.01,5000,0.9,Masters,Single,62,No,DSL,Two year,Credit card,0,1
C-0792,Customer 792,enterprise,16,47.5,2479.54,1000,0.6,Masters,Single,21,Yes,Fiber optic,One year,Mailed check,0,1
C-0793,Customer 793,retail,13,99.8,5099.43,1000,0.69,Bachelors,Married,61,No,No,One year,Bank transfer,1,1
C-0794,Customer 794,enterprise,17,32.24,6778.42,10000,0.87,High School,Single,57,Yes,Fiber optic,Month-to-month,Electronic check,0,1
C-0795,Customer 795,sme,48,35.75,3277.79,1000,0.77,Bachelors,Single,79,No,DSL,Two year,Mailed check,1,1
C-0796,Customer 796,retail,53,133.18,332.39,1000,0.39,High School,Married,70,No,Fiber optic,Two year,Mailed check,0,1
C-0797,Customer 797,retail,63,81.27,4491.7,50000,0.52,PhD,Single,28,No,DSL,Two year,Mailed check,0,1
C-0798,Customer 798,retail,51,130.11,3117.58,5000,0.12,Bachelors,Married,46,No,DSL,Two year,Bank transfer,0,1
C-0799,Customer 799,sme,54,56.21,7846.58,5000,0.83,Masters,Married,23,Yes,No,Month-to-month,Electronic check,0,1
C-0800,Customer 800,retail,52,118.44,2127.38,50000,0.84,PhD,Married,18,No,No,Two year,Bank transfer,0,0
C-0801,Customer 801,sme,11,137.89,6084.38,10000,0.26,Bachelors,Single,63,No,No,Month-to-month,Electronic check,1,1
C-0802,Customer 802,sme,21,82.99,5939.58,10000,0.64,High School,Single,38,Yes,Fiber optic,One year,Mailed check,0,0
C-0803,Customer 803,enterprise,70,111.73,415.65,5000,0.84,High School,Single,77,No,DSL,Month-to-month,Electronic check,1,1
C-0804,Customer 804,enterprise,1,121.09,6895.19,10000,0.41,Masters,Married,58,Yes,Fiber optic,Month-to-month,Mailed check,1,1
C-0805,Customer 805,enterprise,48,44.1,3979.3,1000,0.23,Masters,Single,21,No,No,Two year,Mailed check,0,1
C-0806,Customer 806,retail,27,109.63,3503.45,5000,0.8,Bachelors,Single,59,No,DSL,Two year,Electronic check,0,1
C-0807,Customer 807,retail,45,138.44,1344.8,5000,0.81,PhD,Single,72,No,No,Two year,Electronic check,0,1
C-0808,Customer 808,sme,8,53.64,1309.32,50000,0.73,High School,Married,56,No,No,One year,Bank transfer,0,1
C-0809,Customer 809,retail,21,59.54,2351.98,50000,0.8,High School,Single,78,Yes,DSL,One year,Credit card,0,1
C-0810,Customer 810,sme,49,21.68,3312.75,5000,0.23,High School,Married,71,Yes,DSL,Two year,Mailed check,0,1
C-0811,Customer 811,enterprise,42,139.85,4103.51,1000,0.48,PhD,Single,45,Yes,No,One year,Electronic check,0,1
C-0812,Customer 812,retail,37,142.69,4928.39,50000,0.29,High School,Married,60,No,Fiber optic,Month-to-month,Mailed check,0,0
C-0813,Customer 813,retail,25,32.32,6414.64,10000,0.17,PhD,Married,79,Yes,Fiber optic,Two year,Bank transfer,0,0
C-0814,Customer 814,retail,69,93.73,1918.81,10000,0.39,PhD,Married,46,No,Fiber optic,Month-to-month,Mailed check,1,0
C-0815,Customer 815,enterprise,2,107.97,5989.71,50000,0.56,High School,Single,57,No,No,Two year,Bank transfer,0,1
C-0816,Customer 816,retail,56,123.88,4553.94,5000,0.21,Bachelors,Married,58,No,Fiber optic,Month-to-month,Electronic check,0,1
C-0817,Customer 817,retail,52,101.16,1053.42,10000,0.79,Bachelors,Single,30,No,No,Two year,Electronic check,0,1
C-0818,Customer 818,enterprise,47,34.98,2671.09,5000,0.71,Bachelors,Married,51,Yes,No,One year,Credit card,0,1
C-0819,Customer 819,retail,58,64.07,2412.91,5000,0.38,Masters,Married,53,Yes,DSL,Two year,Electronic check,0,0
C-0820,Customer 820,enterprise,30,94.36,594.39,5000,0.72,Masters,Single,60,No,DSL,Two year,Electronic check,1,1
C-0821,Customer 821,retail,7,114.79,5195.45,10000,0.73,High School,Single,61,Yes,No,Month-to-month,Mailed check,1,1
C-0822,Customer 822,enterprise,9,83.55,1797.09,5000,0.88,Bachelors,Single,66,Yes,Fiber optic,Two year,Mailed check,0,1
C-0823,Customer 823,sme,69,23.24,6386.79,1000,0.8,Bachelors,Married,21,No,Fiber optic,Two year,Mailed check,0,1
C-0824,Customer 824,retail,10,122.44,6887.21,1000,0.57,High School,Married,41,No,DSL,One year,Bank transfer,0,1
C-0825,Customer 825,sme,25,24.11,3035.82,50000,0.21,PhD,Married,62,Yes,DSL,Month-to-month,Credit card,0,0
C-0826,Customer 826,sme,66,49.87,6898.87,10000,0.77,PhD,Single,45,Yes,Fiber optic,Two year,Electronic check,0,1
C-0827,Customer 827,sme,5,114.66,3497.27,5000,0.2,Bachelors,Married,19,Yes,No,Month-to-month,Mailed check,1,1
C-0828,Customer 828,sme,27,106.43,205.57,5000,0.47,Masters,Married,25,No,No,Two year,Electronic check,0,1
C-0829,Customer 829,sme,60,76.2,5973.9,50000,0.56,PhD,Married,45,Yes,DSL,One year,Bank transfer,1,0
C-0830,Customer 830,enterprise,47,31.16,6523.31,50000,0.24,PhD,Married,58,No,Fiber optic,One year,Credit card,0,0
C-0831,Customer 831,enterprise,66,39.42,7490.65,10000,0.66,PhD,Single,27,No,Fiber optic,One year,Mailed check,0,0
C-0832,Customer 832,enterprise,62,116.72,3262.25,10000,0.62,Masters,Single,25,No,No,One year,Bank transfer,0,1
C-0833,Customer 833,enterprise,15,48.36,4727.56,50000,0.4,Bachelors,Married,50,No,Fiber optic,Two year,Bank transfer,0,0
C-0834,Customer 834,retail,15,146.51,430.84,5000,0.42,High School,Single,66,No,DSL,One year,Electronic check,1,1
C-0835,Customer 835,sme,14,69.68,678.1,50000,0.28,PhD,Single,59,Yes,No,One year,Electronic check,0,1
C-0836,Customer 836,retail,53,27.38,6101.01,50000,0.28,PhD,Married,64,No,No,Two year,Mailed check,0,0
C-0837,Customer 837,retail,12,21.02,4416.18,5000,0.24,Bachelors,Single,26,Yes,Fiber optic,One year,Electronic check,0,0
C-0838,Customer 838,enterprise,8,58.14,5361.25,5000,0.76,High School,Married,79,No,No,Two year,Credit card,1,1
C-0839,Customer 839,retail,22,65.39,7239.14,1000,0.69,High School,Married,69,No,Fiber optic,Month-to-month,Mailed check,0,1
C-0840,Customer 840,sme,27,82.02,4295.67,1000,0.13,Masters,Married,57,No,Fiber optic,One year,Mailed check,0,1
C-0841,Customer 841,retail,10,126.97,3664.42,50000,0.38,Bachelors,Married,27,Yes,No,One year,Bank transfer,0,1
C-0842,Customer 842,retail,64,88.1,5355.45,5000,0.82,Masters,Married,53,No,DSL,Month-to-month,Electronic check,0,1
C-0843,Customer 843,sme,15,52.37,3103.67,5000,0.48,Masters,Single,48,No,No,Two year,Bank transfer,0,1
C-0844,Customer 844,sme,18,68.9,5891.35,50000,0.76,High School,Single,32,No,Fiber optic,Month-to-month,Mailed check,0,0
C-0845,Customer 845,retail,13,49.26,1697.48,5000,0.39,Masters,Single,76,Yes,DSL,Month-to-month,Electronic check,0,0
C-0846,Customer 846,retail,62,146.61,3539.52,50000,0.75,Masters,Married,79,No,DSL,One year,Bank transfer,0,1
C-0847,Customer 847,enterprise,14,144.74,1574.92,1000,0.19,Masters,Single,58,No,Fiber optic,Two year,Mailed check,0,1
C-0848,Customer 848,retail,32,97.1,1987.95,50000,0.45,High School,Single,72,No,Fiber optic,One year,Mailed check,0,0
C-0849,Customer 849,retail,15,87.67,4166.85,10000,0.7,High School,Married,57,Yes,No,One year,Electronic check,1,1
C-0850,Customer 850,retail,46,27.31,2555.51,50000,0.46,Masters,Married,22,Yes,DSL,Two year,Mailed check,0,0
C-0851,Customer 851,enterprise,26,92.54,670.66,1000,0.2,High School,Single,50,Yes,DSL,One year,Mailed check,0,1
C-0852,Customer 852,retail,26,62.8,1757.96,1000,0.64,Masters,Single,53,Yes,DSL,One year,Credit card,0,1
C-0853,Customer 853,retail,64,50.29,2841.26,5000,0.85,High School,Single,40,Yes,DSL,Month-to-month,Bank transfer,0,1
C-0854,Customer 854,retail,34,123.27,7754.79,50000,0.59,Masters,Single,32,Yes,Fiber optic,One year,Mailed check,0,0
C-0855,Customer 855,enterprise,7,128.37,5669.67,1000,0.78,High School,Married,54,Yes,Fiber optic,One year,Bank transfer,0,1
C-0856,Customer 856,retail,23,33.18,4212.31,50000,0.3,Bachelors,Married,78,No,Fiber optic,One year,Credit card,0,0
C-0857,Customer 857,sme,46,71.02,201.44,50000,0.74,Bachelors,Single,33,Yes,DSL,Month-to-month,Mailed check,0,1
C-0858,Customer 858,retail,45,32.05,2030.61,5000,0.11,PhD,Married,69,No,No,Two year,Electronic check,0,0
C-0859,Customer 859,sme,65,108.51,331.69,50000,0.23,Masters,Married,60,No,DSL,One year,Credit card,0,1
C-0860,Customer 860,retail,35,106.24,112.5,10000,0.15,Bachelors,Single,25,No,DSL,One year,Mailed check,0,1
C-0861,Customer 861,enterprise,12,142.97,3285.09,1000,0.46,Bachelors,Married,50,No,DSL,One year,Credit card,0,1
C-0862,Customer 862,retail,59,131.8,6777.19,5000,0.39,High School,Married,67,No,DSL,Two year,Mailed check,1,1
C-0863,Customer 863,retail,57,97.0,1304.67,5000,0.67,PhD,Married,53,Yes,DSL,Month-to-month,Credit card,1,1
C-0864,Customer 864,enterprise,28,20.68,6001.05,10000,0.88,High School,Married,68,No,DSL,Two year,Electronic check,0,0
C-0865,Customer 865,retail,55,77.77,6131.81,1000,0.81,PhD,Married,58,No,No,Month-to-month,Mailed check,1,1
C-0866,Customer 866,enterprise,25,141.34,3189.58,1000,0.67,High School,Single,74,No,Fiber optic,One year,Electronic check,1,1
C-0867,Customer 867,enterprise,67,110.74,7432.22,1000,0.45,Bachelors,Married,34,No,Fiber optic,Month-to-month,Credit card,1,1
C-0868,Customer 868,sme,70,39.42,7186.18,1000,0.3,Masters,Single,18,Yes,DSL,Month-to-month,Credit card,1,1
C-0869,Customer 869,sme,10,146.34,1194.47,5000,0.27,High School,Single,45,No,DSL,One year,Credit card,1,1
C-0870,Customer 870,sme,6,81.81,7987.63,1000,0.73,Bachelors,Single,76,No,Fiber optic,One year,Credit card,0,1
C-0871,Customer 871,enterprise,38,131.17,7767.58,50000,0.48,Masters,Single,38,Yes,Fiber optic,Two year,Mailed check,0,0
C-0872,Customer 872,retail,23,97.03,3756.97,50000,0.38,Bachelors,Single,64,No,No,One year,Credit card,1,0
C-0873,Customer 873,enterprise,64,132.78,3117.01,1000,0.83,High School,Married,49,Yes,DSL,Month-to-month,Credit card,1,1
C-0874,Customer 874,enterprise,63,86.86,6214.41,10000,0.71,PhD,Married,69,Yes,Fiber optic,One year,Credit card,0,1
C-0875,Customer 875,retail,65,102.2,1468.77,1000,0.6,Bachelors,Married,32,Yes,DSL,Two year,Bank transfer,0,1
C-0876,Customer 876,retail,14,52.16,5469.3,10000,0.21,PhD,Single,59,No,No,Month-to-month,Credit card,1,1
C-0877,Customer 877,enterprise,7,74.01,4982.02,50000,0.68,High School,Single,54,Yes,Fiber optic,Two year,Mailed check,0,1
C-0878,Customer 878,sme,53,108.79,5501.66,5000,0.28,PhD,Married,20,No,DSL,One year,Electronic check,0,1
C-0879,Customer 879,retail,3,26.19,5415.8,5000,0.2,Bachelors,Married,68,No,DSL,One year,Electronic check,0,0
C-0880,Customer 880,enterprise,63,139.63,3928.27,5000,0.11,High School,Married,32,No,DSL,Month-to-month,Electronic check,0,1
C-0881,Customer 881,retail,71,57.14,7537.08,10000,0.3,Masters,Single,39,Yes,Fiber optic,One year,Electronic check,0,0
C-0882,Customer 882,sme,49,132.8,5904.93,10000,0.43,PhD,Single,36,Yes,Fiber optic,Two year,Mailed check,0,1
C-0883,Customer 883,enterprise,27,144.21,5009.0,10000,0.63,High School,Single,63,No,Fiber optic,Two year,Bank transfer,0,1
C-0884,Customer 884,sme,29,103.6,3654.2,5000,0.37,Masters,Married,43,No,No,Two year,Mailed check,1,1
C-0885,Customer 885,sme,17,88.06,4918.31,1000,0.28,High School,Married,19,Yes,No,Two year,Credit card,0,1
C-0886,Customer 886,retail,54,42.61,1788.03,50000,0.88,Bachelors,Married,64,No,Fiber optic,Two year,Mailed check,0,0
C-0887,Customer 887,enterprise,32,73.58,3402.24,1000,0.82,High School,Single,38,No,No,Two year,Credit card,0,1
C-0888,Customer 888,enterprise,6,62.33,4189.34,50000,0.61,High School,Married,34,No,DSL,Month-to-month,Credit card,0,0
C-0889,Customer 889,enterprise,10,100.53,5543.63,5000,0.41,PhD,Single,68,Yes,Fiber optic,Month-to-month,Electronic check,0,1
C-0890,Customer 890,enterprise,55,143.54,1645.04,1000,0.79,Bachelors,Married,47,No,No,Month-to-month,Bank transfer,0,1
C-0891,Customer 891,enterprise,46,146.04,786.04,10000,0.87,Bachelors,Single,49,Yes,Fiber optic,One year,Mailed check,0,1
C-0892,Customer 892,sme,36,138.85,2148.97,10000,0.44,High School,Single,66,No,Fiber optic,One year,Mailed check,0,1
C-0893,Customer 893,enterprise,33,84.22,3107.36,10000,0.26,High School,Married,48,No,DSL,One year,Credit card,0,1
C-0894,Customer 894,retail,42,62.44,6204.84,10000,0.37,High School,Married,33,No,No,One year,Bank transfer,0,0
C-0895,Customer 895,retail,23,25.99,3195.69,50000,0.89,Masters,Single,21,Yes,Fiber optic,Month-to-month,Credit card,1,0
C-0896,Customer 896,retail,68,112.48,7524.03,1000,0.25,Bachelors,Single,48,Yes,Fiber optic,Month-to-month,Credit card,1,1
C-0897,Customer 897,enterprise,63,93.1,894.61,10000,0.48,Masters,Single,62,Yes,DSL,One year,Electronic check,0,1
C-0898,Customer 898,sme,62,138.96,5436.33,50000,0.16,Bachelors,Single,19,No,No,Month-to-month,Mailed check,0,1
C-0899,Customer 899,retail,23,127.2,3535.94,10000,0.89,Bachelors,Single,54,No,Fiber optic,Two year,Mailed check,1,1
C-0900,Customer 900,sme,43,59.22,5582.55,1000,0.2,Bachelors,Single,68,No,DSL,Two year,Electronic check,0,1
C-0901,Customer 901,retail,56,42.08,7423.89,10000,0.51,Masters,Single,76,Yes,Fiber optic,Month-to-month,Credit card,0,0
C-0902,Customer 902,sme,67,20.92,1981.7,1000,0.32,Bachelors,Married,55,Yes,Fiber optic,One year,Electronic check,0,1
C-0903,Customer 903,sme,38,46.06,7657.11,10000,0.85,PhD,Single,50,Yes,DSL,Month-to-month,Credit card,0,0
C-0904,Customer 904,sme,67,149.46,4103.79,10000,0.53,Masters,Married,46,Yes,Fiber optic,Month-to-month,Bank transfer,0,1
C-0905,Customer 905,retail,71,20.45,1393.37,10000,0.68,Masters,Single,25,No,Fiber optic,Month-to-month,Bank transfer,1,0
C-0906,Customer 906,enterprise,10,140.17,6464.48,1000,0.59,High School,Married,50,No,DSL,One year,Electronic check,0,1
C-0907,Customer 907,sme,7,69.14,4226.21,1000,0.74,Masters,Married,77,No,Fiber optic,Two year,Mailed check,0,1
C-0908,Customer 908,retail,20,113.42,7332.39,10000,0.66,High School,Single,61,Yes,DSL,Month-to-month,Bank transfer,1,1
C-0909,Customer 909,sme,35,77.3,4336.05,5000,0.5,Bachelors,Married,50,No,DSL,One year,Mailed check,1,1
C-0910,Customer 910,retail,53,89.25,6277.16,5000,0.72,Masters,Single,34,No,Fiber optic,Two year,Mailed check,0,1
C-0911,Customer 911,enterprise,45,50.29,6914.42,5000,0.17,Bachelors,Single,79,No,Fiber optic,Two year,Credit card,0,1
C-0912,Customer 912,sme,33,34.84,2924.65,1000,0.4,Masters,Married,57,Yes,No,Month-to-month,Mailed check,0,1
C-0913,Customer 913,sme,30,119.03,1253.32,5000,0.73,Masters,Single,35,No,DSL,Two year,Mailed check,0,1
C-0914,Customer 914,sme,39,79.23,4067.93,10000,0.2,Bachelors,Married,46,Yes,No,One year,Electronic check,0,1
C-0915,Customer 915,sme,58,110.73,7121.74,5000,0.72,High School,Single,71,Yes,DSL,Two year,Bank transfer,0,1
C-0916,Customer 916,sme,18,99.48,2251.26,5000,0.4,Masters,Single,42,No,Fiber optic,One year,Mailed check,0,1
C-0917,Customer 917,enterprise,35,83.1,3776.5,5000,0.67,PhD,Single,67,Yes,No,Two year,Credit card,0,1
C-0918,Customer 918,enterprise,60,55.77,6560.17,1000,0.35,PhD,Married,33,No,DSL,Month-to-month,Electronic check,0,1
C-0919,Customer 919,retail,20,60.61,152.18,10000,0.83,PhD,Single,62,Yes,Fiber optic,One year,Bank transfer,0,1
C-0920,Customer 920,sme,10,45.04,4484.58,10000,0.81,High School,Married,21,No,Fiber optic,Two year,Electronic check,0,1
C-0921,Customer 921,sme,71,70.88,3318.19,10000,0.36,Masters,Married,79,No,DSL,Two year,Credit card,0,0
C-0922,Customer 922,sme,36,22.88,6541.93,50000,0.66,PhD,Single,59,Yes,Fiber optic,Two year,Bank transfer,0,0
C-0923,Customer 923,retail,47,131.74,147.65,1000,0.27,Masters,Single,37,No,DSL,Two year,Credit card,0,1
C-0924,Customer 924,enterprise,10,82.37,3318.02,1000,0.28,High School,Married,73,Yes,Fiber optic,Month-to-month,Electronic check,0,1
C-0925,Customer 925,enterprise,38,113.07,4217.07,5000,0.48,Masters,Single,20,Yes,DSL,Two year,Electronic check,0,1
C-0926,Customer 926,retail,9,144.71,7026.05,1000,0.87,PhD,Married,63,Yes,Fiber optic,Month-to-month,Electronic check,0,1
C-0927,Customer 927,enterprise,26,133.2,2036.55,1000,0.88,High School,Married,64,Yes,DSL,Month-to-month,Mailed check,0,1
C-0928,Customer 928,retail,71,109.29,6528.31,5000,0.75,High School,Married,22,No,No,Two year,Bank transfer,0,1
C-0929,Customer 929,sme,48,144.59,2066.25,50000,0.46,High School,Married,34,Yes,No,Two year,Bank transfer,0,1
C-0930,Customer 930,retail,37,122.1,356.41,5000,0.83,Bachelors,Married,59,No,No,Two year,Credit card,1,1
C-0931,Customer 931,retail,57,122.84,4317.6,50000,0.85,Masters,Married,25,Yes,DSL,Month-to-month,Bank transfer,0,0
C-0932,Customer 932,retail,25,32.75,5034.62,10000,0.19,High School,Single,41,Yes,DSL,Month-to-month,Bank transfer,1,0
C-0933,Customer 933,retail,53,99.17,7832.73,1000,0.58,Masters,Single,25,Yes,Fiber optic,Month-to-month,Electronic check,0,1
C-0934,Customer 934,enterprise,11,82.73,118.46,50000,0.48,PhD,Married,41,No,DSL,Two year,Electronic check,0,0
C-0935,Customer 935,retail,68,135.07,3594.5,5000,0.88,PhD,Married,66,No,No,One year,Bank transfer,0,1
C-0936,Customer 936,sme,13,63.18,5775.94,10000,0.71,High School,Single,66,No,DSL,Month-to-month,Electronic check,0,1
C-0937,Customer 937,sme,13,94.48,6364.79,50000,0.25,Bachelors,Single,51,No,No,One year,Credit card,0,0
C-0938,Customer 938,retail,8,96.1,5570.32,1000,0.31,Masters,Single,19,Yes,Fiber optic,Two year,Credit card,0,1
C-0939,Customer 939,retail,56,109.26,6414.06,50000,0.26,Bachelors,Single,43,Yes,No,Month-to-month,Credit card,0,0
C-0940,Customer 940,sme,14,51.18,6871.98,1000,0.82,PhD,Single,20,No,No,One year,Electronic check,0,1
C-0941,Customer 941,enterprise,60,149.58,5975.37,5000,0.75,Masters,Single,23,Yes,DSL,Month-to-month,Electronic check,0,1
C-0942,Customer 942,enterprise,1,53.06,961.43,5000,0.88,High School,Married,26,Yes,Fiber optic,One year,Credit card,0,1
C-0943,Customer 943,retail,63,142.81,6969.53,1000,0.35,PhD,Single,36,Yes,DSL,Two year,Mailed check,0,1
C-0944,Customer 944,sme,14,44.99,2642.37,10000,0.83,Bachelors,Single,43,No,Fiber optic,Month-to-month,Mailed check,0,1
C-0945,Customer 945,retail,28,148.52,7243.02,50000,0.82,Masters,Married,56,No,DSL,Month-to-month,Credit card,1,0
C-0946,Customer 946,sme,7,36.87,4754.52,1000,0.67,PhD,Single,76,Yes,Fiber optic,One year,Electronic check,1,1
C-0947,Customer 947,enterprise,26,94.05,5450.08,50000,0.82,High School,Married,23,Yes,DSL,Two year,Electronic check,0,1
C-0948,Customer 948,retail,70,70.14,4836.11,5000,0.64,PhD,Single,50,Yes,Fiber optic,Month-to-month,Mailed check,0,1
C-0949,Customer 949,enterprise,30,142.62,5082.71,10000,0.64,PhD,Married,57,Yes,DSL,Month-to-month,Bank transfer,1,1
C-0950,Customer 950,sme,50,96.08,1509.44,50000,0.44,PhD,Single,53,No,DSL,One year,Bank transfer,1,0
C-0951,Customer 951,sme,18,130.89,5564.19,1000,0.8,Bachelors,Married,68,Yes,DSL,Month-to-month,Electronic check,1,1
C-0952,Customer 952,enterprise,58,30.74,7293.48,5000,0.44,Masters,Married,57,Yes,DSL,One year,Bank transfer,1,1
C-0953,Customer 953,enterprise,58,25.44,3545.94,1000,0.11,Bachelors,Single,62,No,Fiber optic,Two year,Electronic check,0,1
C-0954,Customer 954,sme,20,83.37,6625.65,1000,0.19,PhD,Married,69,No,Fiber optic,Month-to-month,Mailed check,1,1
C-0955,Customer 955,retail,40,89.32,7128.54,10000,0.43,High School,Married,27,No,No,One year,Credit card,1,0
C-0956,Customer 956,retail,30,70.99,6741.17,50000,0.34,PhD,Married,21,No,Fiber optic,Two year,Credit card,0,0
C-0957,Customer 957,retail,5,120.0,3054.36,10000,0.48,PhD,Married,33,No,DSL,Month-to-month,Bank transfer,1,0
C-0958,Customer 958,sme,58,108.08,1814.82,10000,0.89,High School,Married,26,No,Fiber optic,Month-to-month,Credit card,0,1
C-0959,Customer 959,retail,22,63.32,964.63,1000,0.66,High School,Married,53,Yes,No,Month-to-month,Mailed check,0,1
C-0960,Customer 960,enterprise,22,122.97,6749.05,1000,0.74,PhD,Single,61,No,No,Month-to-month,Bank transfer,1,1
C-0961,Customer 961,enterprise,8,118.12,307.41,10000,0.71,PhD,Married,30,Yes,Fiber optic,One year,Credit card,0,1
C-0962,Customer 962,sme,5,83.37,1288.75,5000,0.73,PhD,Married,73,Yes,No,One year,Credit card,0,1
C-0963,Customer 963,sme,20,65.77,7480.94,10000,0.82,Masters,Married,48,No,Fiber optic,One year,Credit card,0,1
C-0964,Customer 964,sme,39,95.66,2649.6,50000,0.32,High School,Married,64,No,DSL,One year,Credit card,0,0
C-0965,Customer 965,enterprise,3,149.35,1276.0,5000,0.84,Bachelors,Single,38,Yes,DSL,Two year,Bank transfer,0,1
C-0966,Customer 966,retail,49,23.7,4029.68,5000,0.85,Bachelors,Single,27,No,Fiber optic,Two year,Credit card,0,0
C-0967,Customer 967,retail,28,41.09,1515.33,50000,0.22,High School,Single,60,Yes,Fiber optic,Month-to-month,Mailed check,1,0
C-0968,Customer 968,retail,49,50.17,908.76,10000,0.48,PhD,Single,36,Yes,DSL,One year,Electronic check,0,1
C-0969,Customer 969,sme,13,65.64,6669.56,1000,0.65,PhD,Married,66,No,No,One year,Bank transfer,0,1
C-0970,Customer 970,enterprise,11,133.56,3670.21,10000,0.57,Masters,Single,39,No,No,Month-to-month,Electronic check,0,1
C-0971,Customer 971,enterprise,63,111.75,6645.19,50000,0.65,Masters,Single,30,No,No,Two year,Mailed check,0,0
C-0972,Customer 972,sme,53,68.96,4855.5,1000,0.74,High School,Single,65,No,No,Two year,Mailed check,0,1
C-0973,Customer 973,retail,39,65.84,7346.73,5000,0.42,Masters,Single,24,Yes,Fiber optic,Month-to-month,Bank transfer,0,1
C-0974,Customer 974,retail,4,48.12,3569.93,50000,0.75,Bachelors,Married,70,Yes,DSL,One year,Credit card,0,1
C-0975,Customer 975,enterprise,48,36.6,1156.07,1000,0.75,High School,Single,39,Yes,Fiber optic,Two year,Mailed check,0,1
C-0976,Customer 976,retail,28,74.69,2995.62,5000,0.69,Masters,Single,36,Yes,Fiber optic,One year,Electronic check,0,1
C-0977,Customer 977,retail,7,78.84,7161.27,10000,0.74,High School,Single,78,Yes,No,Two year,Bank transfer,1,1
C-0978,Customer 978,enterprise,42,131.22,4919.29,5000,0.73,PhD,Married,69,No,No,One year,Electronic check,0,1
C-0979,Customer 979,sme,59,141.57,6310.65,50000,0.55,High School,Single,62,No,DSL,Month-to-month,Credit card,0,0
C-0980,Customer 980,enterprise,63,126.09,3405.56,5000,0.46,Masters,Single,65,No,No,Two year,Bank transfer,0,1
C-0981,Customer 981,enterprise,10,135.2,4198.73,10000,0.41,High School,Single,37,No,Fiber optic,One year,Credit card,1,1
C-0982,Customer 982,enterprise,44,50.47,7894.0,1000,0.52,PhD,Single,23,Yes,No,Month-to-month,Credit card,1,1
C-0983,Customer 983,retail,61,39.21,3729.8,1000,0.18,Masters,Married,45,No,No,Month-to-month,Electronic check,0,1
C-0984,Customer 984,sme,27,52.07,7095.31,10000,0.34,Masters,Married,50,Yes,Fiber optic,Two year,Electronic check,0,0
C-0985,Customer 985,sme,21,131.58,6200.38,50000,0.85,PhD,Single,50,No,DSL,One year,Electronic check,0,0
C-0986,Customer 986,enterprise,37,146.31,3995.34,5000,0.45,High School,Married,53,No,No,One year,Electronic check,0,1
C-0987,Customer 987,enterprise,40,58.74,4066.17,50000,0.33,PhD,Single,48,Yes,Fiber optic,Two year,Mailed check,0,0
C-0988,Customer 988,enterprise,55,127.36,754.77,5000,0.15,Masters,Single,47,Yes,Fiber optic,Two year,Mailed check,0,1
C-0989,Customer 989,enterprise,32,51.16,4033.53,50000,0.38,High School,Single,68,Yes,Fiber optic,Month-to-month,Bank transfer,0,0
C-0990,Customer 990,sme,5,40.81,313.22,10000,0.14,High School,Married,35,No,No,Two year,Credit card,0,1
C-0991,Customer 991,retail,51,115.57,4696.33,5000,0.11,Masters,Single,22,No,No,Month-to-month,Credit card,0,1
C-0992,Customer 992,enterprise,18,145.07,5299.97,5000,0.21,High School,Single,56,No,DSL,Month-to-month,Mailed check,0,1
C-0993,Customer 993,retail,68,32.33,6415.82,50000,0.74,PhD,Married,34,Yes,DSL,Two year,Electronic check,0,1
C-0994,Customer 994,sme,61,135.33,7039.2,1000,0.35,Masters,Married,52,No,Fiber optic,Two year,Bank transfer,0,1
C-0995,Customer 995,enterprise,61,149.72,1918.16,1000,0.7,High School,Married,73,No,Fiber optic,Two year,Mailed check,0,1
C-0996,Customer 996,enterprise,25,149.82,3529.07,10000,0.42,PhD,Single,35,No,Fiber optic,One year,Bank transfer,1,1
C-0997,Customer 997,enterprise,23,145.85,7109.41,10000,0.3,Masters,Married,21,No,DSL,Two year,Mailed check,0,1
C-0998,Customer 998,sme,29,140.65,1825.75,5000,0.17,Bachelors,Single,22,Yes,Fiber optic,Two year,Bank transfer,0,1
C-0999,Customer 999,retail,30,35.36,6130.31,5000,0.54,Bachelors,Married,47,Yes,DSL,Two year,Mailed check,0,1
C-1000,Customer 1000,enterprise,71,97.34,4580.52,1000,0.19,Bachelors,Single,68,Yes,DSL,Two year,Bank transfer,0,1
C-1001,Customer 1001,sme,44,119.4,4934.56,10000,0.4,High School,Married,21,Yes,Fiber optic,Two year,Electronic check,1,0
C-1002,Customer 1002,sme,26,24.72,266.79,10000,0.22,High School,Married,20,No,Fiber optic,Month-to-month,Electronic check,1,0
C-1003,Customer 1003,sme,69,60.98,7293.2,10000,0.55,Masters,Married,45,Yes,Fiber optic,Two year,Bank transfer,0,0
C-1004,Customer 1004,retail,69,132.91,2316.57,10000,0.55,Bachelors,Single,68,No,No,Month-to-month,Credit card,1,1
C-1005,Customer 1005,retail,9,89.82,1857.36,1000,0.74,Masters,Married,23,No,No,Month-to-month,Credit card,1,1
C-1006,Customer 1006,retail,58,31.12,6317.17,50000,0.64,Masters,Single,70,Yes,No,One year,Bank transfer,1,0
C-1007,Customer 1007,enterprise,46,68.52,6842.41,50000,0.55,High School,Married,50,Yes,Fiber optic,Month-to-month,Electronic check,0,0
C-1008,Customer 1008,enterprise,29,75.48,1625.15,10000,0.78,High School,Married,25,No,DSL,Month-to-month,Credit card,0,1
C-1009,Customer 1009,retail,58,127.19,6482.8,50000,0.52,Bachelors,Married,23,Yes,No,Two year,Mailed check,0,0
C-1010,Customer 1010,enterprise,31,140.51,7904.82,50000,0.25,High School,Married,42,Yes,No,Month-to-month,Bank transfer,0,0
C-1011,Customer 1011,retail,17,103.2,4630.75,50000,0.86,Masters,Married,69,No,No,Month-to-month,Mailed check,1,1
C-1012,Customer 1012,sme,69,149.24,2707.82,50000,0.51,Masters,Single,37,Yes,No,One year,Bank transfer,0,0
C-1013,Customer 1013,enterprise,21,108.46,7173.04,10000,0.39,Masters,Single,40,No,DSL,Month-to-month,Credit card,1,1
C-1014,Customer 1014,sme,8,78.25,6126.7,1000,0.28,Masters,Single,32,Yes,Fiber optic,Month-to-month,Credit card,0,1
C-1015,Customer 1015,sme,56,33.03,7940.83,1000,0.61,High School,Single,52,No,No,Two year,Mailed check,0,1
C-1016,Customer 1016,retail,24,107.47,4674.3,10000,0.65,PhD,Married,68,Yes,No,Two year,Electronic check,0,1
C-1017,Customer 1017,sme,6,128.06,7181.65,5000,0.74,PhD,Married,27,Yes,DSL,Month-to-month,Mailed check,0,1
C-1018,Customer 1018,retail,29,114.83,165.91,5000,0.35,High School,Single,47,Yes,No,Two year,Mailed check,0,1
C-1019,Customer 1019,enterprise,23,26.42,6554.21,5000,0.58,High School,Married,24,Yes,No,Two year,Electronic check,0,0
C-1020,Customer 1020,retail,21,23.97,5408.1,5000,0.83,High School,Married,46,Yes,Fiber optic,Month-to-month,Electronic check,0,0
C-1021,Customer 1021,sme,50,66.54,2543.21,1000,0.23,Bachelors,Single,46,Yes,No,One year,Credit card,0,1
C-1022,Customer 1022,sme,29,105.65,2600.53,10000,0.2,PhD,Married,65,No,DSL,Two year,Bank transfer,0,1
C-1023,Customer 1023,sme,4,88.4,6639.08,50000,0.69,PhD,Single,52,No,DSL,Month-to-month,Credit card,1,0
C-1024,Customer 1024,sme,43,97.74,3875.96,50000,0.44,Masters,Single,53,No,Fiber optic,Month-to-month,Electronic check,1,1
C-1025,Customer 1025,sme,6,148.18,6991.22,5000,0.12,Bachelors,Married,27,No,DSL,Month-to-month,Mailed check,0,1
C-1026,Customer 1026,retail,18,114.36,4013.64,50000,0.35,Bachelors,Married,33,Yes,Fiber optic,Two year,Bank transfer,0,0
C-1027,Customer 1027,retail,55,136.29,6654.22,5000,0.55,Bachelors,Married,72,No,No,One year,Credit card,1,1
C-1028,Customer 1028,sme,55,130.13,5680.6,50000,0.3,PhD,Married,36,Yes,No,Month-to-month,Mailed check,0,0
C-1029,Customer 1029,sme,44,135.01,5311.15,50000,0.24,Masters,Married,44,Yes,DSL,Month-to-month,Bank transfer,1,0
C-1030,Customer 1030,sme,49,116.09,120.88,1000,0.75,High School,Single,68,Yes,Fiber optic,Two year,Bank transfer,0,1
C-1031,Customer 1031,enterprise,69,129.22,4631.63,1000,0.11,Bachelors,Single,35,Yes,Fiber optic,One year,Credit card,1,1
C-1032,Customer 1032,retail,44,76.6,775.53,5000,0.13,PhD,Married,47,No,No,Two year,Electronic check,0,1
C-1033,Customer 1033,retail,24,24.06,7383.44,10000,0.62,High School,Single,41,Yes,DSL,Month-to-month,Bank transfer,1,0
C-1034,Customer 1034,sme,3,68.64,2326.04,5000,0.89,PhD,Married,74,Yes,No,Month-to-month,Mailed check,0,1
C-1035,Customer 1035,sme,40,37.97,3686.63,10000,0.27,Bachelors,Married,50,Yes,Fiber optic,Month-to-month,Credit card,1,0
C-1036,Customer 1036,sme,21,126.57,1770.64,5000,0.22,Masters,Single,62,No,Fiber optic,Two year,Electronic check,0,1
C-1037,Customer 1037,retail,17,25.11,5992.37,10000,0.69,Masters,Single,33,Yes,No,Month-to-month,Electronic check,0,1
C-1038,Customer 1038,enterprise,28,21.73,2247.35,5000,0.49,High School,Single,26,Yes,No,Two year,Electronic check,0,1
C-1039,Customer 1039,enterprise,62,60.82,3853.87,50000,0.72,Masters,Single,39,Yes,Fiber optic,Month-to-month,Credit card,0,0
C-1040,Customer 1040,enterprise,39,39.56,976.22,50000,0.41,Masters,Married,20,Yes,No,One year,Credit card,0,0
C-1041,Customer 1041,sme,28,34.63,5399.81,5000,0.87,PhD,Married,65,No,Fiber optic,One year,Credit card,0,1
C-1042,Customer 1042,enterprise,7,112.41,4765.05,50000,0.24,Masters,Single,75,No,No,One year,Credit card,1,0
C-1043,Customer 1043,sme,20,97.03,4864.53,10000,0.12,Masters,Single,32,No,Fiber optic,One year,Bank transfer,0,1
C-1044,Customer 1044,retail,2,54.27,2068.8,10000,0.73,PhD,Married,66,No,Fiber optic,Month-to-month,Bank transfer,1,0
C-1045,Customer 1045,retail,43,130.31,5261.07,10000,0.35,Masters,Married,57,No,Fiber optic,Two year,Bank transfer,0,0
C-1046,Customer 1046,retail,33,30.95,7220.15,5000,0.33,Bachelors,Single,23,No,Fiber optic,One year,Electronic check,0,0
C-1047,Customer 1047,sme,26,113.0,2323.35,5000,0.76,Bachelors,Single,46,Yes,Fiber optic,Two year,Bank transfer,0,1
C-1048,Customer 1048,sme,26,135.76,5784.06,5000,0.1,Masters,Single,63,Yes,DSL,One year,Credit card,0,1
C-1049,Customer 1049,sme,18,115.86,7975.14,10000,0.54,Bachelors,Married,38,Yes,No,One year,Credit card,0,1
C-1050,Customer 1050,retail,26,45.59,1493.57,50000,0.43,Masters,Married,27,Yes,No,One year,Electronic check,0,0
C-1051,Customer 1051,retail,36,47.11,2023.96,5000,0.31,High School,Married,50,Yes,No,Month-to-month,Mailed check,1,1
C-1052,Customer 1052,retail,22,149.47,5002.62,5000,0.55,Masters,Married,79,Yes,No,One year,Electronic check,0,1
C-1053,Customer 1053,sme,17,53.15,1694.66,50000,0.73,High School,Single,75,No,Fiber optic,Two year,Credit card,1,0
C-1054,Customer 1054,sme,30,141.03,5942.84,1000,0.67,Bachelors,Married,35,No,DSL,Month-to-month,Credit card,0,1
C-1055,Customer 1055,sme,3,116.98,2802.0,10000,0.26,Bachelors,Married,63,Yes,No,One year,Electronic check,0,0
C-1056,Customer 1056,sme,20,62.01,4793.91,1000,0.78,High School,Married,60,No,No,One year,Credit card,0,1
C-1057,Customer 1057,sme,20,133.41,262.93,1000,0.14,Masters,Married,35,No,No,Two year,Mailed check,0,1
C-1058,Customer 1058,enterprise,65,118.87,1174.63,10000,0.21,Masters,Single,55,Yes,Fiber optic,Month-to-month,Mailed check,1,1
C-1059,Customer 1059,retail,63,127.31,2104.63,5000,0.21,Bachelors,Married,23,No,DSL,Two year,Credit card,1,1
C-1060,Customer 1060,sme,29,86.88,4206.33,10000,0.49,High School,Married,41,No,Fiber optic,Two year,Credit card,0,0
C-1061,Customer 1061,retail,14,116.45,3039.58,50000,0.15,Masters,Married,26,No,DSL,Two year,Credit card,0,1
C-1062,Customer 1062,sme,11,145.46,739.67,10000,0.78,High School,Married,61,Yes,DSL,Two year,Electronic check,0,1
C-1063,Customer 1063,sme,16,44.02,3453.91,1000,0.89,Bachelors,Married,32,No,No,Month-to-month,Credit card,0,1
C-1064,Customer 1064,enterprise,23,59.33,4603.78,10000,0.81,Bachelors,Married,68,No,Fiber optic,One year,Electronic check,1,0
C-1065,Customer 1065,retail,50,91.32,4155.78,5000,0.66,Masters,Single,79,Yes,DSL,One year,Credit card,0,1
C-1066,Customer 1066,sme,62,115.96,6052.21,1000,0.33,Bachelors,Single,39,Yes,Fiber optic,Two year,Bank transfer,0,1
C-1067,Customer 1067,enterprise,51,135.35,1961.56,50000,0.33,PhD,Single,49,Yes,DSL,Month-to-month,Bank transfer,0,0
C-1068,Customer 1068,enterprise,44,88.49,5073.53,1000,0.16,High School,Single,61,No,Fiber optic,Month-to-month,Electronic check,1,1
C-1069,Customer 1069,retail,24,108.27,5548.65,1000,0.89,PhD,Married,61,No,Fiber optic,Month-to-month,Bank transfer,0,1
C-1070,Customer 1070,enterprise,25,93.76,6765.57,10000,0.75,Bachelors,Married,44,Yes,Fiber optic,Month-to-month,Credit card,1,1
C-1071,Customer 1071,retail,17,45.66,662.97,50000,0.28,High School,Married,79,Yes,Fiber optic,Month-to-month,Bank transfer,1,0
C-1072,Customer 1072,sme,51,90.56,7429.88,10000,0.76,PhD,Single,25,Yes,DSL,One year,Credit card,0,1
C-1073,Customer 1073,retail,32,120.01,3685.08,10000,0.3,High School,Single,23,Yes,No,Month-to-month,Mailed check,0,1
C-1074,Customer 1074,enterprise,17,140.61,5743.58,1000,0.31,High School,Married,39,Yes,Fiber optic,Month-to-month,Mailed check,0,1
C-1075,Customer 1075,sme,27,118.21,5607.75,10000,0.8,Masters,Married,28,Yes,Fiber optic,One year,Credit card,0,0
C-1076,Customer 1076,enterprise,15,79.79,1250.23,10000,0.14,High School,Single,47,Yes,DSL,Month-to-month,Bank transfer,0,0
C-1077,Customer 1077,retail,9,37.58,2616.29,1000,0.9,High School,Single,54,No,Fiber optic,Two year,Mailed check,0,1
C-1078,Customer 1078,retail,66,23.97,2348.31,1000,0.23,Masters,Married,63,Yes,No,One year,Electronic check,0,1
C-1079,Customer 1079,enterprise,69,72.78,5835.51,5000,0.69,Masters,Single,64,Yes,Fiber optic,One year,Bank transfer,0,1
C-1080,Customer 1080,enterprise,44,122.81,920.22,10000,0.19,Bachelors,Single,33,No,DSL,Month-to-month,Electronic check,1,1
C-1081,Customer 1081,sme,21,123.25,2384.34,5000,0.6,High School,Single,31,No,Fiber optic,Month-to-month,Bank transfer,1,1
C-1082,Customer 1082,sme,26,81.1,6428.77,1000,0.51,Bachelors,Married,71,Yes,Fiber optic,Two year,Electronic check,0,1
C-1083,Customer 1083,retail,4,137.62,7051.6,50000,0.52,High School,Married,56,Yes,Fiber optic,One year,Mailed check,1,0
C-1084,Customer 1084,sme,18,102.49,5071.99,1000,0.49,Bachelors,Single,78,No,No,Month-to-month,Electronic check,0,1
C-1085,Customer 1085,enterprise,17,57.75,782.42,1000,0.53,High School,Single,30,No,No,Two year,Credit card,0,1
C-1086,Customer 1086,enterprise,12,67.76,350.13,50000,0.9,Masters,Single,31,No,DSL,One year,Bank transfer,0,0
C-1087,Customer 1087,sme,37,63.08,3071.22,10000,0.78,PhD,Married,71,No,DSL,One year,Electronic check,0,1
C-1088,Customer 1088,sme,18,65.75,5375.82,5000,0.72,High School,Married,65,Yes,DSL,Month-to-month,Credit card,1,1
C-1089,Customer 1089,enterprise,36,78.65,4926.63,10000,0.42,Masters,Single,58,No,Fiber optic,Month-to-month,Electronic check,1,1
C-1090,Customer 1090,enterprise,14,128.49,2584.34,10000,0.88,Masters,Married,72,No,Fiber optic,Two year,Bank transfer,0,1
C-1091,Customer 1091,enterprise,56,95.08,2072.69,1000,0.8,Bachelors,Married,63,Yes,DSL,One year,Mailed check,0,1
C-1092,Customer 1092,retail,23,109.89,2098.86,1000,0.7,Bachelors,Single,26,Yes,No,Month-to-month,Mailed check,0,1
C-1093,Customer 1093,retail,70,50.0,249.71,1000,0.74,Masters,Single,74,Yes,Fiber optic,Two year,Credit card,0,1
C-1094,Customer 1094,sme,63,95.89,3376.17,5000,0.85,PhD,Single,56,No,No,Month-to-month,Bank transfer,0,1
C-1095,Customer 1095,retail,22,144.12,7220.5,10000,0.45,Masters,Married,56,No,DSL,One year,Mailed check,0,1
C-1096,Customer 1096,retail,53,117.53,7793.52,50000,0.12,Bachelors,Married,69,No,Fiber optic,One year,Electronic check,0,0
C-1097,Customer 1097,sme,60,24.04,2093.01,5000,0.59,Bachelors,Married,77,No,DSL,Two year,Bank transfer,1,1
C-1098,Customer 1098,sme,28,126.09,4352.39,50000,0.74,PhD,Married,71,Yes,No,Two year,Credit card,0,0
C-1099,Customer 1099,sme,40,74.81,7431.18,5000,0.14,PhD,Single,64,Yes,Fiber optic,Month-to-month,Mailed check,1,1
C-1100,Customer 1100,sme,35,87.37,3073.38,1000,0.36,High School,Married,38,Yes,DSL,Two year,Credit card,0,1
C-1101,Customer 1101,sme,45,75.16,5116.59,1000,0.54,Masters,Married,63,Yes,DSL,Month-to-month,Credit card,0,1
C-1102,Customer 1102,enterprise,48,41.14,4216.95,50000,0.22,Bachelors,Married,29,No,DSL,Two year,Credit card,0,0
C-1103,Customer 1103,retail,48,59.34,1962.0,10000,0.18,Bachelors,Single,77,No,DSL,Two year,Credit card,0,0
C-1104,Customer 1104,enterprise,5,109.14,3771.58,5000,0.22,Masters,Single,63,Yes,DSL,One year,Mailed check,0,1
C-1105,Customer 1105,sme,42,119.52,5111.7,50000,0.22,PhD,Single,41,No,No,Two year,Credit card,0,0
C-1106,Customer 1106,retail,25,35.32,839.76,10000,0.33,PhD,Single,77,Yes,DSL,One year,Bank transfer,0,0
C-1107,Customer 1107,retail,40,97.63,7754.24,50000,0.89,Masters,Single,70,Yes,No,Month-to-month,Electronic check,1,0
C-1108,Customer 1108,enterprise,30,146.9,1098.94,10000,0.15,PhD,Married,57,Yes,DSL,Two year,Credit card,0,1
C-1109,Customer 1109,enterprise,39,136.53,6301.69,10000,0.84,High School,Married,43,Yes,No,One year,Bank transfer,0,1
C-1110,Customer 1110,enterprise,2,52.56,6051.12,50000,0.69,High School,Married,50,Yes,Fiber optic,Month-to-month,Electronic check,1,0
C-1111,Customer 1111,retail,5,44.73,4824.36,5000,0.12,High School,Single,68,Yes,DSL,One year,Credit card,0,1
C-1112,Customer 1112,enterprise,5,74.59,5265.36,1000,0.57,Bachelors,Married,58,Yes,Fiber optic,Month-to-month,Mailed check,0,1
C-1113,Customer 1113,retail,45,69.12,353.04,50000,0.71,Bachelors,Single,74,Yes,Fiber optic,Month-to-month,Credit card,1,1
C-1114,Customer 1114,retail,39,54.86,4346.96,50000,0.61,PhD,Single,38,No,DSL,One year,Electronic check,0,1
C-1115,Customer 1115,enterprise,65,135.08,6933.57,50000,0.66,Masters,Married,55,Yes,DSL,One year,Bank transfer,0,0
C-1116,Customer 1116,retail,18,44.98,3305.34,10000,0.49,Bachelors,Married,64,No,DSL,Two year,Bank transfer,0,0
C-1117,Customer 1117,retail,62,42.72,490.24,50000,0.66,High School,Married,30,No,Fiber optic,Month-to-month,Mailed check,0,0
C-1118,Customer 1118,enterprise,13,82.63,7685.56,1000,0.69,Bachelors,Single,30,No,DSL,Two year,Electronic check,0,1
C-1119,Customer 1119,retail,40,98.76,3505.58,5000,0.4,High School,Single,53,Yes,No,Two year,Mailed check,0,1
C-1120,Customer 1120,sme,43,97.24,3703.04,10000,0.41,PhD,Single,18,No,DSL,Month-to-month,Bank transfer,1,0
C-1121,Customer 1121,retail,14,121.27,4430.14,10000,0.47,Masters,Married,21,Yes,DSL,Two year,Bank transfer,0,1
C-1122,Customer 1122,enterprise,9,94.11,2288.6,50000,0.49,Bachelors,Married,44,Yes,DSL,Month-to-month,Credit card,0,0
C-1123,Customer 1123,enterprise,50,144.97,6086.61,50000,0.56,Masters,Married,51,No,DSL,Two year,Electronic check,0,0
C-1124,Customer 1124,retail,70,96.48,4135.49,1000,0.68,PhD,Single,35,No,No,Two year,Credit card,0,1
C-1125,Customer 1125,retail,54,113.12,4960.92,1000,0.28,Bachelors,Single,40,No,No,One year,Electronic check,0,1
C-1126,Customer 1126,retail,54,24.3,2118.53,10000,0.21,Bachelors,Married,29,Yes,No,Month-to-month,Credit card,0,0
C-1127,Customer 1127,sme,28,146.48,2611.77,5000,0.37,Bachelors,Single,56,Yes,Fiber optic,Month-to-month,Credit card,1,1
C-1128,Customer 1128,retail,28,55.12,2026.94,5000,0.21,PhD,Single,70,No,DSL,Month-to-month,Bank transfer,0,1
C-1129,Customer 1129,enterprise,35,20.57,4280.0,10000,0.53,Bachelors,Married,73,Yes,No,Month-to-month,Credit card,0,0
C-1130,Customer 1130,retail,8,86.61,2485.36,1000,0.29,High School,Single,73,No,DSL,One year,Credit card,1,1
C-1131,Customer 1131,enterprise,41,90.35,5465.42,50000,0.83,Bachelors,Married,29,Yes,No,Two year,Credit card,0,1
C-1132,Customer 1132,retail,45,43.27,2603.91,5000,0.86,High School,Married,63,Yes,No,Two year,Mailed check,0,1
C-1133,Customer 1133,retail,44,34.56,902.5,1000,0.62,Masters,Single,69,Yes,No,One year,Bank transfer,0,1
C-1134,Customer 1134,sme,13,31.36,4102.62,50000,0.21,PhD,Single,71,No,Fiber optic,One year,Electronic check,0,1
C-1135,Customer 1135,enterprise,43,91.99,3718.98,50000,0.31,Masters,Single,43,No,No,Month-to-month,Mailed check,0,0
C-1136,Customer 1136,sme,63,65.38,6182.07,5000,0.65,Masters,Married,61,No,DSL,Month-to-month,Mailed check,0,1
C-1137,Customer 1137,retail,63,67.03,304.93,10000,0.45,High School,Single,33,No,Fiber optic,One year,Mailed check,1,0
C-1138,Customer 1138,sme,16,112.63,2371.7,10000,0.68,High School,Married,63,No,DSL,Month-to-month,Bank transfer,1,1
C-1139,Customer 1139,enterprise,63,26.17,3232.27,50000,0.51,Bachelors,Single,45,No,Fiber optic,Two year,Bank transfer,0,0
C-1140,Customer 1140,sme,6,84.96,3879.51,1000,0.51,PhD,Married,70,No,No,One year,Mailed check,0,1
C-1141,Customer 1141,enterprise,31,32.27,6531.52,10000,0.15,High School,Married,66,Yes,Fiber optic,Month-to-month,Mailed check,1,1
C-1142,Customer 1142,retail,27,122.71,5931.14,50000,0.13,High School,Married,42,Yes,No,Month-to-month,Electronic check,1,0
C-1143,Customer 1143,retail,70,131.79,4548.83,50000,0.22,High School,Single,32,No,DSL,Two year,Mailed check,1,0
C-1144,Customer 1144,enterprise,55,93.9,7764.03,10000,0.76,High School,Single,40,No,Fiber optic,Two year,Bank transfer,0,0
C-1145,Customer 1145,retail,56,31.05,3469.22,10000,0.63,Masters,Married,28,No,No,One year,Bank transfer,0,0
C-1146,Customer 1146,retail,57,128.17,7198.53,1000,0.37,PhD,Married,23,No,Fiber optic,Two year,Mailed check,0,1
C-1147,Customer 1147,sme,8,41.3,7113.49,10000,0.37,Masters,Married,29,No,No,Month-to-month,Electronic check,1,0
C-1148,Customer 1148,sme,71,44.44,5465.44,5000,0.33,Bachelors,Married,32,No,Fiber optic,Month-to-month,Electronic check,1,1
C-1149,Customer 1149,enterprise,9,90.31,6954.98,10000,0.48,Masters,Single,38,No,Fiber optic,One year,Bank transfer,0,1
C-1150,Customer 1150,sme,5,103.12,5850.49,1000,0.37,High School,Married,25,Yes,DSL,Two year,Electronic check,0,1
C-1151,Customer 1151,retail,44,36.69,6663.12,1000,0.34,High School,Married,67,Yes,Fiber optic,One year,Credit card,0,1
C-1152,Customer 1152,enterprise,48,136.01,5378.86,10000,0.35,PhD,Married,27,Yes,Fiber optic,Two year,Credit card,0,1
C-1153,Customer 1153,retail,70,143.92,290.1,5000,0.46,Masters,Married,34,No,DSL,One year,Bank transfer,0,1
C-1154,Customer 1154,sme,27,94.54,2871.64,10000,0.61,Bachelors,Married,72,No,No,One year,Bank transfer,0,0
C-1155,Customer 1155,retail,28,41.9,6771.4,1000,0.48,PhD,Married,61,No,DSL,Two year,Bank transfer,0,1
C-1156,Customer 1156,retail,20,36.03,1267.54,50000,0.55,Bachelors,Single,27,No,DSL,Month-to-month,Mailed check,0,0
C-1157,Customer 1157,enterprise,53,51.6,4596.14,1000,0.15,Masters,Married,60,No,No,One year,Mailed check,0,1
C-1158,Customer 1158,sme,58,121.24,7425.67,10000,0.55,Bachelors,Married,54,No,No,Month-to-month,Electronic check,0,1
C-1159,Customer 1159,sme,58,136.89,161.13,10000,0.55,Bachelors,Married,33,No,Fiber optic,One year,Electronic check,0,1
C-1160,Customer 1160,retail,30,119.03,3791.15,50000,0.54,Bachelors,Single,40,No,DSL,Month-to-month,Credit card,0,1
C-1161,Customer 1161,sme,44,146.02,3951.58,50000,0.5,Masters,Single,59,Yes,No,One year,Credit card,1,0
C-1162,Customer 1162,enterprise,11,82.23,3287.58,10000,0.85,High School,Married,44,Yes,Fiber optic,Two year,Mailed check,0,1
C-1163,Customer 1163,enterprise,15,115.85,7294.75,1000,0.68,Masters,Married,57,No,DSL,One year,Electronic check,0,1
C-1164,Customer 1164,retail,70,131.02,2227.34,1000,0.74,PhD,Married,72,No,No,One year,Bank transfer,1,1
C-1165,Customer 1165,retail,4,95.0,859.73,50000,0.36,Bachelors,Single,65,No,No,Two year,Mailed check,0,0
C-1166,Customer 1166,retail,38,65.49,6868.83,5000,0.57,Bachelors,Married,54,No,No,Month-to-month,Bank transfer,0,1
C-1167,Customer 1167,sme,43,78.77,346.56,10000,0.25,High School,Single,64,No,Fiber optic,Month-to-month,Credit card,1,0
C-1168,Customer 1168,enterprise,54,110.76,2911.09,1000,0.36,High School,Married,43,No,Fiber optic,Two year,Bank transfer,0,1
C-1169,Customer 1169,sme,11,80.74,4725.17,5000,0.86,PhD,Single,33,Yes,Fiber optic,Two year,Electronic check,0,0
C-1170,Customer 1170,sme,31,31.12,1038.64,50000,0.17,Bachelors,Married,49,No,No,Two year,Credit card,0,0
C-1171,Customer 1171,retail,45,100.68,3711.94,10000,0.63,Masters,Single,58,No,Fiber optic,One year,Electronic check,0,0
C-1172,Customer 1172,retail,7,135.65,5107.27,5000,0.18,High School,Married,28,Yes,Fiber optic,Month-to-month,Electronic check,0,1
C-1173,Customer 1173,retail,17,21.41,6906.62,1000,0.7,High School,Married,45,Yes,No,One year,Electronic check,0,1
C-1174,Customer 1174,sme,1,56.2,714.62,5000,0.73,PhD,Married,21,No,Fiber optic,Two year,Mailed check,0,1
C-1175,Customer 1175,retail,69,148.98,5790.92,10000,0.14,PhD,Single,23,Yes,Fiber optic,Month-to-month,Mailed check,1,1
C-1176,Customer 1176,enterprise,20,77.93,2146.17,5000,0.56,High School,Single,61,Yes,No,One year,Credit card,0,1
C-1177,Customer 1177,sme,69,129.46,7720.36,10000,0.84,PhD,Married,41,No,DSL,Month-to-month,Bank transfer,0,1
C-1178,Customer 1178,sme,2,113.7,860.58,10000,0.89,Bachelors,Married,18,Yes,Fiber optic,One year,Electronic check,0,1
C-1179,Customer 1179,sme,19,90.9,1828.3,5000,0.28,Masters,Single,67,Yes,No,Two year,Electronic check,0,1
C-1180,Customer 1180,retail,28,83.89,5348.56,50000,0.23,Bachelors,Single,61,No,No,Month-to-month,Bank transfer,1,0
C-1181,Customer 1181,retail,5,81.32,1972.29,10000,0.61,Masters,Married,45,No,DSL,Two year,Bank transfer,0,0
C-1182,Customer 1182,enterprise,37,95.78,6968.61,5000,0.49,High School,Married,44,No,Fiber optic,One year,Credit card,0,0
C-1183,Customer 1183,retail,26,70.7,6406.29,50000,0.55,Bachelors,Married,49,Yes,DSL,Month-to-month,Bank transfer,0,0
C-1184,Customer 1184,retail,38,133.09,7744.34,10000,0.52,PhD,Married,31,No,No,Month-to-month,Electronic check,1,1
C-1185,Customer 1185,enterprise,9,89.68,1968.33,5000,0.46,PhD,Single,44,No,DSL,One year,Mailed check,0,1
C-1186,Customer 1186,retail,43,128.38,1399.94,10000,0.78,Bachelors,Single,25,Yes,DSL,One year,Credit card,0,1
C-1187,Customer 1187,enterprise,70,103.89,1329.53,1000,0.37,Bachelors,Married,30,Yes,No,Two year,Bank transfer,0,1
C-1188,Customer 1188,sme,31,95.32,1019.3,10000,0.5,Masters,Married,54,No,No,One year,Credit card,0,1
C-1189,Customer 1189,enterprise,46,116.28,3924.21,10000,0.32,Masters,Single,53,No,DSL,Two year,Bank transfer,0,0
C-1190,Customer 1190,enterprise,18,44.71,1521.92,10000,0.2,PhD,Married,45,No,Fiber optic,Two year,Bank transfer,0,0
C-1191,Customer 1191,sme,44,148.61,7769.67,10000,0.46,PhD,Married,22,No,DSL,Two year,Bank transfer,0,1
C-1192,Customer 1192,sme,62,130.16,5971.98,5000,0.11,PhD,Single,73,No,No,One year,Electronic check,0,1
C-1193,Customer 1193,sme,35,41.24,7691.07,5000,0.69,PhD,Single,58,No,No,Month-to-month,Mailed check,0,1
C-1194,Customer 1194,sme,28,95.53,2837.36,1000,0.13,High School,Single,26,No,No,Month-to-month,Credit card,0,1
C-1195,Customer 1195,retail,48,50.32,4152.74,5000,0.74,Bachelors,Married,22,No,No,One year,Bank transfer,1,0
C-1196,Customer 1196,enterprise,67,75.32,4914.97,1000,0.43,PhD,Married,60,No,No,Month-to-month,Bank transfer,0,1
C-1197,Customer 1197,sme,48,108.45,7006.02,50000,0.36,PhD,Single,37,No,No,Month-to-month,Electronic check,0,0
C-1198,Customer 1198,sme,66,35.1,5284.49,1000,0.57,PhD,Married,23,Yes,No,Month-to-month,Bank transfer,1,1
C-1199,Customer 1199,sme,61,139.97,7419.03,10000,0.41,Bachelors,Single,61,No,No,One year,Mailed check,0,1
C-1200,Customer 1200,retail,58,74.25,1895.85,50000,0.35,Masters,Single,33,No,No,Month-to-month,Bank transfer,0,0
C-1201,Customer 1201,enterprise,54,33.77,5685.89,5000,0.82,Masters,Single,72,Yes,Fiber optic,Two year,Electronic check,0,0
C-1202,Customer 1202,enterprise,19,44.55,3458.1,5000,0.56,PhD,Single,21,No,No,Month-to-month,Electronic check,0,0
C-1203,Customer 1203,retail,11,43.42,4085.76,50000,0.63,Masters,Single,41,Yes,No,Month-to-month,Mailed check,1,1
C-1204,Customer 1204,sme,6,76.89,1184.78,50000,0.42,High School,Married,37,No,DSL,Two year,Electronic check,0,0
C-1205,Customer 1205,retail,67,140.11,7915.85,10000,0.82,High School,Married,72,Yes,No,Two year,Mailed check,0,1
C-1206,Customer 1206,enterprise,35,65.63,5174.91,1000,0.67,Bachelors,Single,51,Yes,Fiber optic,One year,Credit card,0,1
C-1207,Customer 1207,enterprise,60,138.98,4777.15,50000,0.74,PhD,Married,39,No,No,Two year,Credit card,1,1
C-1208,Customer 1208,enterprise,31,70.81,4492.67,5000,0.83,Bachelors,Married,55,Yes,Fiber optic,Two year,Electronic check,0,1
C-1209,Customer 1209,sme,27,56.52,4286.51,5000,0.43,High School,Married,78,Yes,Fiber optic,One year,Electronic check,0,1
C-1210,Customer 1210,sme,39,65.75,7645.92,1000,0.27,Bachelors,Married,67,No,Fiber optic,One year,Mailed check,0,1
C-1211,Customer 1211,retail,19,83.42,6114.2,5000,0.11,High School,Married,30,Yes,Fiber optic,One year,Credit card,0,1
C-1212,Customer 1212,enterprise,29,34.77,3430.16,5000,0.63,High School,Single,51,Yes,No,Two year,Credit card,0,1
C-1213,Customer 1213,sme,9,30.27,2509.26,5000,0.32,High School,Single,31,No,DSL,Two year,Credit card,0,1
C-1214,Customer 1214,sme,34,20.52,6713.76,50000,0.34,Masters,Married,65,No,No,One year,Mailed check,1,0
C-1215,Customer 1215,enterprise,45,26.39,1987.63,1000,0.82,Bachelors,Married,34,Yes,DSL,Two year,Mailed check,0,1
C-1216,Customer 1216,sme,60,49.17,862.83,10000,0.48,PhD,Single,49,No,Fiber optic,One year,Electronic check,0,0
C-1217,Customer 1217,sme,15,42.6,3852.19,50000,0.7,Bachelors,Single,41,No,No,One year,Credit card,0,1
C-1218,Customer 1218,enterprise,67,29.94,4288.5,5000,0.26,PhD,Single,42,No,No,Month-to-month,Electronic check,0,0
C-1219,Customer 1219,retail,13,137.63,7016.1,1000,0.32,High School,Married,56,No,No,Month-to-month,Bank transfer,0,1
C-1220,Customer 1220,sme,24,121.99,7101.26,50000,0.12,Bachelors,Married,72,Yes,DSL,One year,Credit card,0,0
C-1221,Customer 1221,sme,38,67.73,986.77,1000,0.68,PhD,Married,31,No,Fiber optic,Two year,Credit card,0,1
C-1222,Customer 1222,enterprise,26,39.9,6938.9,5000,0.25,High School,Married,41,Yes,No,One year,Electronic check,0,0
C-1223,Customer 1223,retail,12,148.78,722.15,1000,0.58,Bachelors,Married,26,No,DSL,One year,Credit card,0,1
C-1224,Customer 1224,sme,45,46.17,5374.91,5000,0.78,PhD,Single,63,Yes,No,Month-to-month,Mailed check,1,0
C-1225,Customer 1225,retail,28,140.73,6178.96,5000,0.34,High School,Single,35,Yes,No,Two year,Credit card,0,1
C-1226,Customer 1226,retail,64,39.24,2834.02,5000,0.43,High School,Married,78,No,DSL,Two year,Bank transfer,0,0
C-1227,Customer 1227,retail,43,69.28,4534.28,50000,0.78,PhD,Single,45,No,Fiber optic,Month-to-month,Bank transfer,1,0
C-1228,Customer 1228,enterprise,58,143.51,5163.37,5000,0.12,Bachelors,Single,43,No,No,One year,Electronic check,0,1
C-1229,Customer 1229,enterprise,32,53.86,3316.86,5000,0.28,Bachelors,Married,57,Yes,Fiber optic,Month-to-month,Mailed check,0,1
C-1230,Customer 1230,enterprise,25,120.37,3338.79,5000,0.39,PhD,Single,19,No,No,One year,Electronic check,1,1
C-1231,Customer 1231,retail,5,94.27,6171.88,10000,0.13,Bachelors,Single,20,Yes,Fiber optic,Two year,Credit card,1,0
C-1232,Customer 1232,retail,13,126.4,2025.47,1000,0.11,High School,Married,44,No,Fiber optic,One year,Credit card,0,1
C-1233,Customer 1233,retail,62,35.1,843.43,1000,0.26,High School,Single,73,No,DSL,Two year,Electronic check,0,1
C-1234,Customer 1234,retail,7,97.33,6654.0,10000,0.67,Bachelors,Single,65,No,No,One year,Bank transfer,0,0
C-1235,Customer 1235,retail,35,102.03,7304.09,50000,0.51,High School,Married,72,Yes,DSL,Two year,Credit card,0,0
C-1236,Customer 1236,enterprise,8,68.94,3191.04,5000,0.77,High School,Married,28,Yes,No,One year,Credit card,0,1
C-1237,Customer 1237,sme,34,139.4,5996.47,50000,0.11,Masters,Single,72,No,Fiber optic,Two year,Bank transfer,0,0
C-1238,Customer 1238,enterprise,16,61.31,7399.26,1000,0.64,Masters,Single,30,Yes,DSL,Two year,Credit card,1,1
C-1239,Customer 1239,sme,29,68.97,5846.36,5000,0.45,High School,Married,66,Yes,Fiber optic,Month-to-month,Credit card,0,1
C-1240,Customer 1240,enterprise,19,57.04,7052.18,1000,0.35,Masters,Married,29,No,Fiber optic,Two year,Electronic check,1,1
C-1241,Customer 1241,sme,24,105.61,1438.55,1000,0.56,Masters,Single,19,Yes,Fiber optic,Month-to-month,Electronic check,0,1
C-1242,Customer 1242,retail,65,130.04,6689.87,10000,0.46,Masters,Married,51,Yes,DSL,Month-to-month,Bank transfer,1,1
C-1243,Customer 1243,retail,45,54.62,4137.11,50000,0.76,Masters,Married,22,Yes,DSL,One year,Credit card,0,0
C-1244,Customer 1244,sme,5,142.09,5833.94,10000,0.21,PhD,Married,49,Yes,No,One year,Bank transfer,0,1
C-1245,Customer 1245,sme,14,115.63,4457.48,5000,0.75,High School,Single,32,No,DSL,Month-to-month,Electronic check,1,1
C-1246,Customer 1246,sme,31,140.3,3804.06,50000,0.51,PhD,Single,32,Yes,Fiber optic,Month-to-month,Credit card,0,0
C-1247,Customer 1247,retail,68,22.21,7227.88,10000,0.52,PhD,Married,34,Yes,Fiber optic,One year,Electronic check,0,0
C-1248,Customer 1248,sme,60,133.87,663.1,5000,0.75,Bachelors,Married,56,Yes,No,Month-to-month,Electronic check,1,1
C-1249,Customer 1249,retail,21,86.68,1612.47,1000,0.86,PhD,Single,18,Yes,No,One year,Credit card,1,1
C-1250,Customer 1250,sme,24,81.84,7724.21,1000,0.81,Bachelors,Married,32,Yes,Fiber optic,Month-to-month,Electronic check,0,1
C-1251,Customer 1251,retail,25,94.22,2841.2,10000,0.39,High School,Single,52,Yes,DSL,One year,Mailed check,1,0
C-1252,Customer 1252,enterprise,69,88.74,2532.24,50000,0.7,Masters,Married,35,Yes,No,Month-to-month,Mailed check,0,0
C-1253,Customer 1253,retail,62,142.93,7176.46,50000,0.23,Masters,Single,31,Yes,DSL,Two year,Electronic check,0,0
C-1254,Customer 1254,enterprise,31,139.13,1707.52,10000,0.76,Bachelors,Single,30,Yes,No,Month-to-month,Credit card,1,1
C-1255,Customer 1255,enterprise,28,81.99,3892.96,50000,0.14,PhD,Single,57,No,No,One year,Credit card,0,0
C-1256,Customer 1256,retail,8,94.28,6948.39,5000,0.11,PhD,Married,67,Yes,No,One year,Mailed check,0,1
C-1257,Customer 1257,sme,50,116.79,4055.0,10000,0.84,Bachelors,Married,53,No,DSL,Two year,Bank transfer,0,1
C-1258,Customer 1258,enterprise,51,60.4,2680.93,10000,0.23,PhD,Married,66,No,No,One year,Bank transfer,0,1
C-1259,Customer 1259,enterprise,56,102.8,1988.8,5000,0.86,PhD,Married,36,No,No,One year,Bank transfer,0,1
C-1260,Customer 1260,retail,56,134.97,2587.16,50000,0.14,PhD,Married,42,No,No,Month-to-month,Bank transfer,0,0
C-1261,Customer 1261,sme,49,20.74,5548.05,10000,0.7,High School,Married,27,No,DSL,Two year,Bank transfer,0,0
C-1262,Customer 1262,sme,28,83.24,3387.78,10000,0.11,Bachelors,Single,72,Yes,DSL,Month-to-month,Mailed check,1,1
C-1263,Customer 1263,retail,56,29.18,944.96,50000,0.39,High School,Married,38,Yes,No,Two year,Mailed check,0,0
C-1264,Customer 1264,sme,47,41.36,7404.36,5000,0.58,Masters,Single,66,Yes,DSL,One year,Mailed check,0,0
C-1265,Customer 1265,sme,28,55.49,2146.26,10000,0.34,High School,Married,27,No,DSL,Two year,Electronic check,0,0
C-1266,Customer 1266,sme,21,95.99,731.91,10000,0.54,PhD,Single,55,No,No,Two year,Mailed check,0,0
C-1267,Customer 1267,retail,34,63.91,2598.63,5000,0.69,Bachelors,Single,20,Yes,Fiber optic,Month-to-month,Mailed check,1,1
C-1268,Customer 1268,enterprise,3,51.91,952.29,5000,0.85,PhD,Single,32,Yes,DSL,Month-to-month,Mailed check,1,1
C-1269,Customer 1269,enterprise,52,42.76,6878.8,50000,0.45,High School,Single,21,Yes,DSL,One year,Mailed check,1,0
C-1270,Customer 1270,enterprise,45,84.62,2291.16,10000,0.41,Bachelors,Married,36,Yes,DSL,One year,Bank transfer,0,0
C-1271,Customer 1271,sme,1,54.76,6002.12,1000,0.25,Bachelors,Single,76,Yes,DSL,Two year,Mailed check,0,1
C-1272,Customer 1272,enterprise,3,115.5,3487.68,50000,0.39,Masters,Single,77,No,DSL,One year,Credit card,0,0
C-1273,Customer 1273,enterprise,39,130.38,5208.96,10000,0.11,High School,Single,68,No,DSL,One year,Bank transfer,1,1
C-1274,Customer 1274,retail,68,38.54,5720.06,5000,0.33,High School,Married,49,Yes,Fiber optic,Two year,Mailed check,0,1
C-1275,Customer 1275,sme,49,36.27,2009.94,5000,0.19,PhD,Single,24,No,Fiber optic,Month-to-month,Mailed check,0,0
C-1276,Customer 1276,retail,35,53.76,4487.33,1000,0.29,PhD,Single,37,No,Fiber optic,Month-to-month,Credit card,1,1
C-1277,Customer 1277,retail,68,106.14,4172.55,50000,0.46,High School,Single,56,Yes,DSL,One year,Electronic check,0,0
C-1278,Customer 1278,retail,53,53.03,2809.4,50000,0.16,Bachelors,Married,28,No,Fiber optic,One year,Credit card,0,0
C-1279,Customer 1279,enterprise,38,144.61,2620.77,1000,0.5,High School,Married,42,Yes,No,One year,Electronic check,1,1
C-1280,Customer 1280,retail,6,135.38,3079.34,50000,0.71,PhD,Single,51,No,No,Two year,Bank transfer,0,1
C-1281,Customer 1281,enterprise,61,117.49,7638.11,1000,0.25,Masters,Single,59,Yes,DSL,One year,Credit card,0,1
C-1282,Customer 1282,retail,57,68.19,6717.07,5000,0.32,High School,Single,44,Yes,DSL,Month-to-month,Bank transfer,0,1
C-1283,Customer 1283,retail,29,73.64,5036.37,1000,0.39,PhD,Single,68,Yes,Fiber optic,Two year,Bank transfer,0,1
C-1284,Customer 1284,retail,5,67.77,4612.0,5000,0.9,Bachelors,Single,64,Yes,DSL,Month-to-month,Bank transfer,1,1
C-1285,Customer 1285,enterprise,68,77.3,6930.34,5000,0.61,Masters,Married,61,No,No,Month-to-month,Bank transfer,0,1
C-1286,Customer 1286,retail,29,136.24,2073.95,10000,0.11,Bachelors,Single,65,Yes,DSL,One year,Mailed check,0,1
C-1287,Customer 1287,retail,48,106.6,6019.74,10000,0.81,High School,Married,30,Yes,DSL,Two year,Electronic check,0,1
C-1288,Customer 1288,enterprise,66,63.07,6372.92,5000,0.23,PhD,Single,22,Yes,DSL,Two year,Bank transfer,0,1
C-1289,Customer 1289,sme,39,140.95,5023.02,1000,0.34,High School,Married,68,No,Fiber optic,One year,Mailed check,0,1
C-1290,Customer 1290,retail,20,58.55,6872.18,1000,0.46,Masters,Single,48,Yes,DSL,One year,Mailed check,1,1
C-1291,Customer 1291,retail,30,140.66,2843.47,1000,0.84,PhD,Married,53,Yes,DSL,One year,Credit card,0,1
C-1292,Customer 1292,retail,47,44.43,6368.6,10000,0.79,PhD,Single,47,Yes,DSL,Two year,Credit card,0,1
C-1293,Customer 1293,sme,54,149.4,4650.54,1000,0.29,PhD,Single,41,Yes,Fiber optic,Month-to-month,Electronic check,0,1
C-1294,Customer 1294,retail,15,70.18,3761.02,1000,0.24,PhD,Single,60,Yes,Fiber optic,Month-to-month,Mailed check,1,1
C-1295,Customer 1295,enterprise,60,133.63,178.52,10000,0.23,PhD,Married,32,Yes,Fiber optic,One year,Credit card,0,0
C-1296,Customer 1296,retail,33,70.32,3622.0,5000,0.31,PhD,Married,26,Yes,Fiber optic,Two year,Electronic check,0,0
C-1297,Customer 1297,retail,21,141.85,5747.25,50000,0.73,PhD,Single,60,Yes,DSL,One year,Credit card,0,0
C-1298,Customer 1298,sme,3,78.64,6546.1,10000,0.61,Masters,Single,70,Yes,Fiber optic,Month-to-month,Bank transfer,1,1
C-1299,Customer 1299,enterprise,56,93.2,2257.84,10000,0.87,High School,Single,60,Yes,Fiber optic,Month-to-month,Bank transfer,0,1
C-1300,Customer 1300,retail,61,130.5,4007.05,1000,0.13,Bachelors,Married,65,No,No,Two year,Bank transfer,0,1
C-1301,Customer 1301,sme,25,104.49,3720.76,50000,0.13,Bachelors,Married,74,Yes,DSL,Month-to-month,Credit card,1,0
C-1302,Customer 1302,sme,20,93.67,7429.85,5000,0.16,PhD,Married,60,No,Fiber optic,Month-to-month,Mailed check,1,1
C-1303,Customer 1303,sme,9,71.56,2899.41,50000,0.64,Bachelors,Single,36,No,DSL,Month-to-month,Bank transfer,1,0
C-1304,Customer 1304,enterprise,10,126.68,3694.27,5000,0.88,PhD,Married,23,Yes,Fiber optic,Two year,Mailed check,0,1
C-1305,Customer 1305,retail,66,24.47,7426.07,1000,0.84,Bachelors,Married,51,No,DSL,Month-to-month,Mailed check,1,1
C-1306,Customer 1306,enterprise,65,48.67,121.45,10000,0.66,PhD,Married,30,No,DSL,Two year,Bank transfer,0,1
C-1307,Customer 1307,sme,32,62.99,285.43,50000,0.74,PhD,Married,34,Yes,DSL,One year,Electronic check,0,0
C-1308,Customer 1308,retail,43,84.8,1023.61,5000,0.41,PhD,Single,28,Yes,DSL,Month-to-month,Bank transfer,0,1
C-1309,Customer 1309,sme,2,142.04,3385.77,10000,0.42,High School,Single,61,No,Fiber optic,Month-to-month,Electronic check,1,1
C-1310,Customer 1310,enterprise,16,92.07,4830.27,50000,0.62,Masters,Married,52,Yes,No,Two year,Mailed check,1,0
C-1311,Customer 1311,sme,43,73.22,6390.48,1000,0.25,PhD,Single,20,No,No,Month-to-month,Electronic check,1,1
C-1312,Customer 1312,sme,45,71.65,5614.73,1000,0.73,Masters,Single,59,Yes,No,Month-to-month,Credit card,0,1
C-1313,Customer 1313,retail,12,87.26,4027.09,50000,0.59,Masters,Single,74,No,DSL,One year,Electronic check,1,0
C-1314,Customer 1314,retail,3,95.36,3551.73,5000,0.82,High School,Married,27,Yes,DSL,Month-to-month,Electronic check,0,1
C-1315,Customer 1315,retail,15,67.99,1530.31,1000,0.23,PhD,Single,76,Yes,DSL,Two year,Credit card,0,1
C-1316,Customer 1316,sme,12,110.15,6377.07,50000,0.4,Masters,Married,70,Yes,Fiber optic,Two year,Electronic check,0,1
C-1317,Customer 1317,sme,65,133.12,2715.6,1000,0.68,Masters,Married,27,Yes,DSL,Month-to-month,Bank transfer,0,1
C-1318,Customer 1318,retail,62,73.45,5766.08,50000,0.35,Masters,Married,69,Yes,No,Two year,Electronic check,0,0
C-1319,Customer 1319,enterprise,60,62.67,7589.56,10000,0.25,Masters,Single,56,No,No,Two year,Mailed check,0,0
C-1320,Customer 1320,sme,66,50.38,5567.26,1000,0.32,Masters,Married,36,Yes,No,One year,Electronic check,0,1
C-1321,Customer 1321,retail,53,49.12,5130.36,5000,0.27,High School,Single,36,Yes,Fiber optic,One year,Electronic check,0,0
C-1322,Customer 1322,sme,60,143.44,6937.52,1000,0.59,Masters,Married,24,Yes,No,Month-to-month,Mailed check,0,1
C-1323,Customer 1323,retail,18,53.07,4544.98,50000,0.85,High School,Married,51,No,DSL,Two year,Bank transfer,0,0
C-1324,Customer 1324,sme,17,142.11,2650.72,10000,0.46,High School,Married,25,Yes,Fiber optic,One year,Electronic check,0,1
C-1325,Customer 1325,sme,49,32.64,4019.33,10000,0.65,PhD,Single,26,Yes,Fiber optic,Month-to-month,Bank transfer,0,0
C-1326,Customer 1326,retail,39,65.75,7686.83,50000,0.56,Masters,Single,44,No,Fiber optic,Two year,Mailed check,0,0
C-1327,Customer 1327,retail,54,123.29,7109.14,1000,0.72,PhD,Married,78,Yes,Fiber optic,Two year,Mailed check,0,1
C-1328,Customer 1328,retail,56,23.77,5204.75,5000,0.53,Masters,Single,33,Yes,DSL,One year,Mailed check,0,0
C-1329,Customer 1329,sme,10,26.18,5313.87,1000,0.68,Masters,Married,23,Yes,Fiber optic,One year,Mailed check,1,1
C-1330,Customer 1330,sme,8,120.87,6938.68,10000,0.62,Masters,Single,48,Yes,DSL,Two year,Mailed check,0,1
C-1331,Customer 1331,retail,30,102.81,1696.31,50000,0.8,PhD,Married,53,No,DSL,Month-to-month,Credit card,1,1
C-1332,Customer 1332,sme,17,134.04,187.02,50000,0.24,PhD,Single,22,Yes,Fiber optic,One year,Credit card,0,1
C-1333,Customer 1333,retail,54,135.53,1680.73,5000,0.54,Bachelors,Single,68,Yes,Fiber optic,One year,Mailed check,0,1
C-1334,Customer 1334,sme,49,110.77,5735.53,5000,0.69,Bachelors,Married,18,Yes,Fiber optic,Month-to-month,Bank transfer,1,1
C-1335,Customer 1335,retail,39,33.34,7267.26,1000,0.46,High School,Single,53,Yes,No,Month-to-month,Credit card,1,1
C-1336,Customer 1336,retail,41,80.42,899.45,5000,0.67,High School,Married,60,No,No,Month-to-month,Electronic check,1,0
C-1337,Customer 1337,retail,25,73.57,2147.82,5000,0.58,High School,Married,35,Yes,No,Two year,Credit card,0,1
C-1338,Customer 1338,enterprise,7,86.11,5815.85,5000,0.31,High School,Single,67,No,No,Two year,Credit card,0,1
C-1339,Customer 1339,enterprise,49,121.34,1368.5,10000,0.85,Bachelors,Single,55,Yes,No,Two year,Credit card,0,1
C-1340,Customer 1340,retail,53,36.04,6578.69,10000,0.15,Bachelors,Single,78,No,Fiber optic,Two year,Bank transfer,0,1
C-1341,Customer 1341,enterprise,42,42.39,5697.96,50000,0.28,High School,Single,33,Yes,Fiber optic,Two year,Mailed check,1,0
C-1342,Customer 1342,sme,34,92.05,3442.62,50000,0.28,High School,Single,30,Yes,Fiber optic,Two year,Bank transfer,0,0
C-1343,Customer 1343,sme,12,77.16,7074.46,10000,0.41,High School,Single,46,Yes,Fiber optic,One year,Credit card,1,1
C-1344,Customer 1344,enterprise,60,95.59,2470.71,50000,0.33,Masters,Married,50,Yes,Fiber optic,Month-to-month,Bank transfer,1,0
C-1345,Customer 1345,retail,60,112.38,6160.86,10000,0.46,High School,Married,79,Yes,No,Two year,Bank transfer,0,1
C-1346,Customer 1346,enterprise,18,60.91,5992.45,5000,0.81,Masters,Single,67,No,No,Two year,Electronic check,0,1
C-1347,Customer 1347,retail,36,128.26,5055.05,1000,0.89,High School,Single,53,No,No,Month-to-month,Bank transfer,0,1
C-1348,Customer 1348,sme,57,100.65,4489.41,1000,0.16,Masters,Married,64,No,Fiber optic,Two year,Electronic check,0,1
C-1349,Customer 1349,retail,44,72.67,7905.5,10000,0.46,Masters,Single,41,No,DSL,Two year,Bank transfer,1,0
C-1350,Customer 1350,retail,7,74.64,7326.8,5000,0.42,High School,Single,25,No,Fiber optic,One year,Mailed check,0,1
C-1351,Customer 1351,retail,34,28.66,914.39,5000,0.14,Bachelors,Single,73,Yes,No,Two year,Credit card,0,0
C-1352,Customer 1352,enterprise,4,95.4,2905.74,1000,0.18,High School,Single,39,No,No,One year,Electronic check,0,1
C-1353,Customer 1353,enterprise,19,124.47,388.07,5000,0.55,Masters,Married,31,Yes,No,Two year,Electronic check,0,1
C-1354,Customer 1354,enterprise,51,51.76,7366.56,50000,0.45,PhD,Single,41,No,Fiber optic,Two year,Electronic check,0,1
C-1355,Customer 1355,retail,8,118.15,6554.04,5000,0.2,Masters,Married,31,Yes,No,One year,Mailed check,0,1
C-1356,Customer 1356,enterprise,8,20.75,6673.29,5000,0.2,Masters,Married,24,Yes,No,Two year,Credit card,0,0
C-1357,Customer 1357,enterprise,20,61.09,4287.98,5000,0.28,PhD,Married,62,No,DSL,One year,Credit card,0,1
C-1358,Customer 1358,enterprise,2,97.81,6001.33,50000,0.27,High School,Married,26,No,Fiber optic,One year,Bank transfer,0,0
C-1359,Customer 1359,enterprise,48,51.98,4676.97,50000,0.88,High School,Single,60,No,No,One year,Mailed check,0,1
C-1360,Customer 1360,retail,31,20.32,3782.46,5000,0.51,Masters,Married,22,No,DSL,Two year,Bank transfer,0,0
C-1361,Customer 1361,sme,20,32.47,2538.96,5000,0.16,Bachelors,Single,55,No,DSL,Month-to-month,Mailed check,1,1
C-1362,Customer 1362,enterprise,36,93.12,4025.88,10000,0.55,High School,Single,47,Yes,Fiber optic,Month-to-month,Bank transfer,1,1
C-1363,Customer 1363,sme,39,66.62,2695.8,10000,0.78,PhD,Married,62,No,DSL,Month-to-month,Credit card,0,0
C-1364,Customer 1364,sme,49,121.61,6529.83,10000,0.35,High School,Married,30,No,No,One year,Credit card,0,1
C-1365,Customer 1365,retail,57,58.14,1959.85,10000,0.5,High School,Married,79,No,No,Two year,Mailed check,1,1
C-1366,Customer 1366,sme,55,145.46,7481.42,5000,0.81,PhD,Single,69,No,Fiber optic,Two year,Mailed check,0,1
C-1367,Customer 1367,sme,16,83.12,1336.11,50000,0.13,High School,Married,62,Yes,DSL,Two year,Credit card,0,0
C-1368,Customer 1368,retail,3,148.84,995.17,1000,0.82,Bachelors,Married,61,Yes,Fiber optic,Month-to-month,Credit card,0,1
C-1369,Customer 1369,retail,43,32.94,6383.63,5000,0.75,PhD,Single,51,Yes,No,Two year,Bank transfer,0,1
C-1370,Customer 1370,retail,55,40.01,5992.95,5000,0.34,Bachelors,Single,39,Yes,DSL,One year,Electronic check,0,0
C-1371,Customer 1371,sme,20,97.0,7418.85,50000,0.36,High School,Married,36,Yes,Fiber optic,Two year,Credit card,0,0
C-1372,Customer 1372,enterprise,26,113.71,7160.79,50000,0.17,PhD,Single,39,Yes,No,Month-to-month,Bank transfer,1,0
C-1373,Customer 1373,sme,19,147.5,1487.6,1000,0.23,Masters,Single,72,No,No,Month-to-month,Credit card,1,1
C-1374,Customer 1374,enterprise,4,63.71,4755.83,10000,0.73,High School,Married,38,Yes,DSL,Two year,Credit card,0,1
C-1375,Customer 1375,retail,16,85.36,1754.36,10000,0.76,Bachelors,Single,67,Yes,No,Two year,Mailed check,0,0
C-1376,Customer 1376,enterprise,30,148.19,6037.15,10000,0.43,Bachelors,Single,38,Yes,No,Month-to-month,Mailed check,0,0
C-1377,Customer 1377,sme,26,116.69,7091.1,1000,0.37,Masters,Married,66,No,Fiber optic,Two year,Credit card,0,1
C-1378,Customer 1378,retail,56,65.57,5350.33,10000,0.29,PhD,Single,26,No,Fiber optic,Two year,Mailed check,0,0
C-1379,Customer 1379,enterprise,22,65.33,3516.11,50000,0.58,Masters,Married,30,Yes,Fiber optic,Two year,Mailed check,0,0
C-1380,Customer 1380,enterprise,11,42.6,4077.89,1000,0.54,Bachelors,Married,33,No,No,One year,Electronic check,0,1
C-1381,Customer 1381,sme,20,50.18,1552.3,10000,0.72,High School,Married,62,No,Fiber optic,One year,Electronic check,0,0
C-1382,Customer 1382,enterprise,20,92.61,7855.84,1000,0.46,PhD,Married,44,Yes,Fiber optic,Two year,Bank transfer,0,1
C-1383,Customer 1383,enterprise,11,93.57,5595.65,1000,0.21,Masters,Married,20,Yes,DSL,One year,Credit card,0,1
C-1384,Customer 1384,sme,64,106.14,5997.72,10000,0.46,Masters,Married,79,Yes,DSL,One year,Bank transfer,0,1
C-1385,Customer 1385,enterprise,18,95.21,7186.61,5000,0.19,Masters,Married,69,Yes,DSL,Two year,Credit card,0,1
C-1386,Customer 1386,sme,27,79.26,4189.12,5000,0.86,Masters,Single,74,Yes,No,One year,Bank transfer,0,1
C-1387,Customer 1387,retail,1,40.3,7278.06,5000,0.89,High School,Single,68,No,Fiber optic,Month-to-month,Mailed check,1,1
C-1388,Customer 1388,sme,37,120.76,7392.99,50000,0.62,High School,Married,23,No,DSL,One year,Electronic check,0,0
C-1389,Customer 1389,sme,61,129.1,2870.05,10000,0.13,PhD,Married,37,Yes,No,Month-to-month,Electronic check,0,0
C-1390,Customer 1390,sme,21,47.27,1343.52,10000,0.45,PhD,Married,21,No,DSL,Month-to-month,Mailed check,0,0
C-1391,Customer 1391,sme,1,114.91,2281.39,5000,0.88,Bachelors,Married,71,Yes,DSL,Two year,Bank transfer,0,1
C-1392,Customer 1392,enterprise,9,110.97,1570.4,5000,0.79,Masters,Married,23,No,No,Two year,Bank transfer,0,1
C-1393,Customer 1393,enterprise,11,141.83,2102.96,5000,0.54,PhD,Married,24,No,DSL,One year,Bank transfer,0,1
C-1394,Customer 1394,enterprise,64,101.64,7361.6,1000,0.53,Bachelors,Single,43,Yes,No,Two year,Bank transfer,0,1
C-1395,Customer 1395,retail,43,85.35,4198.42,50000,0.23,PhD,Married,69,No,No,Month-to-month,Electronic check,1,0
C-1396,Customer 1396,retail,57,39.56,3649.17,1000,0.39,High School,Married,48,No,No,Two year,Mailed check,0,1
C-1397,Customer 1397,enterprise,28,131.24,1751.97,1000,0.2,Masters,Single,42,Yes,DSL,Month-to-month,Mailed check,0,1
C-1398,Customer 1398,retail,44,98.88,2855.88,5000,0.59,PhD,Married,23,No,DSL,Two year,Credit card,0,1
C-1399,Customer 1399,enterprise,68,137.59,1780.67,1000,0.76,Masters,Married,53,No,No,Two year,Credit card,0,1
C-1400,Customer 1400,retail,37,46.8,5829.21,50000,0.64,High School,Single,50,Yes,DSL,Month-to-month,Mailed check,0,0
C-1401,Customer 1401,enterprise,58,38.09,7848.53,10000,0.4,Bachelors,Married,34,No,Fiber optic,Two year,Credit card,0,0
C-1402,Customer 1402,retail,40,108.71,3560.0,1000,0.66,Bachelors,Married,22,No,No,Month-to-month,Credit card,1,1
C-1403,Customer 1403,retail,18,29.46,4354.71,50000,0.22,Masters,Single,55,Yes,No,Two year,Credit card,0,0
C-1404,Customer 1404,retail,55,39.96,3584.67,5000,0.54,High School,Married,77,Yes,No,One year,Electronic check,0,0
C-1405,Customer 1405,enterprise,52,67.46,4615.62,10000,0.73,PhD,Single,49,Yes,DSL,Two year,Mailed check,0,0
C-1406,Customer 1406,retail,28,124.27,4154.8,5000,0.78,Bachelors,Married,61,Yes,DSL,Month-to-month,Bank transfer,0,1
C-1407,Customer 1407,enterprise,1,72.25,6601.01,5000,0.56,Bachelors,Single,53,No,No,One year,Credit card,0,1
C-1408,Customer 1408,retail,24,108.9,885.88,10000,0.47,Masters,Single,34,No,No,One year,Electronic check,1,1
C-1409,Customer 1409,retail,69,100.65,2314.71,10000,0.31,PhD,Married,57,Yes,Fiber optic,Month-to-month,Credit card,1,0
C-1410,Customer 1410,enterprise,52,149.86,3166.87,1000,0.81,Masters,Single,37,No,DSL,Two year,Credit card,0,1
C-1411,Customer 1411,sme,6,26.98,1014.82,1000,0.3,Bachelors,Married,54,Yes,DSL,One year,Mailed check,0,1
C-1412,Customer 1412,retail,34,65.5,6619.9,1000,0.11,PhD,Married,51,Yes,Fiber optic,Two year,Electronic check,1,1
C-1413,Customer 1413,enterprise,18,124.13,7285.75,50000,0.58,PhD,Married,21,Yes,Fiber optic,Month-to-month,Mailed check,0,0
C-1414,Customer 1414,retail,66,109.28,5060.75,1000,0.19,PhD,Married,19,No,Fiber optic,Month-to-month,Electronic check,1,1
C-1415,Customer 1415,enterprise,45,78.41,3662.73,1000,0.25,Bachelors,Single,56,Yes,DSL,Two year,Bank transfer,0,1
C-1416,Customer 1416,sme,8,64.43,4659.49,50000,0.16,Masters,Married,62,Yes,Fiber optic,Month-to-month,Credit card,0,0
C-1417,Customer 1417,sme,53,140.96,5608.46,50000,0.67,High School,Married,34,No,No,One year,Bank transfer,0,0
C-1418,Customer 1418,enterprise,50,117.08,2773.69,1000,0.28,Bachelors,Single,58,Yes,Fiber optic,One year,Bank transfer,1,1
C-1419,Customer 1419,retail,15,125.81,7888.39,1000,0.38,PhD,Single,39,Yes,No,One year,Bank transfer,0,1
C-1420,Customer 1420,sme,65,118.89,1867.07,10000,0.7,PhD,Married,25,No,DSL,One year,Mailed check,0,1
C-1421,Customer 1421,enterprise,13,140.75,432.58,1000,0.17,PhD,Married,28,No,DSL,One year,Credit card,0,1
C-1422,Customer 1422,enterprise,35,120.32,1021.16,1000,0.74,Bachelors,Single,34,Yes,DSL,One year,Credit card,0,1
C-1423,Customer 1423,retail,50,46.09,5040.6,10000,0.56,PhD,Single,22,No,Fiber optic,Month-to-month,Electronic check,1,0
C-1424,Customer 1424,sme,47,84.93,4337.04,1000,0.65,Masters,Married,35,Yes,Fiber optic,Month-to-month,Credit card,0,1
C-1425,Customer 1425,retail,57,143.96,6857.29,50000,0.63,Masters,Married,18,Yes,Fiber optic,Month-to-month,Credit card,0,0
C-1426,Customer 1426,retail,3,61.81,5004.35,50000,0.87,Masters,Married,60,No,DSL,Month-to-month,Electronic check,0,0
C-1427,Customer 1427,retail,70,38.25,3772.61,10000,0.77,PhD,Married,75,No,Fiber optic,Two year,Electronic check,1,1
C-1428,Customer 1428,enterprise,21,55.99,2855.04,10000,0.36,PhD,Married,64,Yes,No,Two year,Credit card,0,1
C-1429,Customer 1429,enterprise,66,36.53,7272.05,1000,0.41,Masters,Married,66,No,Fiber optic,Two year,Credit card,0,1
C-1430,Customer 1430,sme,66,84.05,6598.83,50000,0.66,Bachelors,Married,63,Yes,DSL,One year,Electronic check,0,0
C-1431,Customer 1431,retail,28,111.62,5155.6,10000,0.58,High School,Married,78,No,No,One year,Bank transfer,0,1
C-1432,Customer 1432,retail,21,81.27,5963.51,5000,0.16,PhD,Married,32,No,Fiber optic,Month-to-month,Electronic check,1,1
C-1433,Customer 1433,sme,69,56.38,7569.15,10000,0.88,Bachelors,Married,78,No,No,One year,Credit card,0,0
C-1434,Customer 1434,retail,55,132.73,5106.7,50000,0.77,Bachelors,Married,29,Yes,DSL,One year,Bank transfer,0,0
C-1435,Customer 1435,retail,7,119.13,6096.16,10000,0.26,High School,Single,76,Yes,Fiber optic,Two year,Credit card,0,0
C-1436,Customer 1436,enterprise,3,91.51,7829.82,10000,0.35,Bachelors,Single,43,No,DSL,One year,Mailed check,0,1
C-1437,Customer 1437,enterprise,7,80.64,2015.1,50000,0.73,PhD,Married,57,Yes,No,Two year,Bank transfer,0,0
C-1438,Customer 1438,enterprise,44,34.08,7001.96,10000,0.78,Masters,Married,34,Yes,No,Month-to-month,Mailed check,0,1
C-1439,Customer 1439,retail,13,121.02,6445.63,10000,0.29,Masters,Single,51,Yes,Fiber optic,One year,Mailed check,0,0
C-1440,Customer 1440,enterprise,20,148.5,1044.59,5000,0.54,Bachelors,Single,65,Yes,Fiber optic,Month-to-month,Bank transfer,0,1
C-1441,Customer 1441,sme,33,50.02,4581.55,5000,0.51,High School,Married,49,Yes,DSL,Two year,Mailed check,1,0
C-1442,Customer 1442,retail,64,118.98,7188.99,5000,0.43,Bachelors,Single,22,Yes,No,Two year,Mailed check,0,1
C-1443,Customer 1443,retail,65,104.38,605.92,50000,0.8,Masters,Single,70,Yes,No,Month-to-month,Credit card,0,1
C-1444,Customer 1444,retail,44,34.62,5458.98,1000,0.15,High School,Married,23,Yes,DSL,Month-to-month,Electronic check,0,1
C-1445,Customer 1445,enterprise,32,78.3,2042.27,50000,0.28,High School,Married,36,Yes,DSL,Month-to-month,Credit card,1,0
C-1446,Customer 1446,enterprise,41,42.47,2815.4,1000,0.72,Bachelors,Single,39,Yes,DSL,Month-to-month,Credit card,0,1
C-1447,Customer 1447,sme,12,114.45,4089.23,50000,0.45,High School,Married,49,Yes,Fiber optic,Month-to-month,Mailed check,1,1
C-1448,Customer 1448,retail,16,108.72,5069.1,50000,0.43,High School,Single,73,Yes,Fiber optic,One year,Credit card,0,1
C-1449,Customer 1449,retail,35,90.84,3817.08,50000,0.24,Masters,Single,43,No,No,Month-to-month,Mailed check,1,0
C-1450,Customer 1450,retail,33,138.16,5645.61,1000,0.77,High School,Married,31,Yes,No,One year,Mailed check,0,1
C-1451,Customer 1451,sme,29,76.82,7043.29,5000,0.71,Masters,Married,29,Yes,DSL,One year,Credit card,0,1
C-1452,Customer 1452,sme,40,81.89,1955.24,5000,0.78,PhD,Married,40,Yes,Fiber optic,One year,Bank transfer,0,1
C-1453,Customer 1453,sme,71,57.23,6762.0,10000,0.32,Masters,Married,57,No,No,Month-to-month,Electronic check,1,0
C-1454,Customer 1454,sme,41,142.29,7392.28,1000,0.45,PhD,Married,30,Yes,Fiber optic,Two year,Credit card,0,1
C-1455,Customer 1455,enterprise,49,147.0,7523.11,50000,0.81,Masters,Single,65,No,Fiber optic,One year,Credit card,1,1
C-1456,Customer 1456,enterprise,58,140.82,1775.14,5000,0.57,PhD,Married,48,No,No,Month-to-month,Credit card,0,1
C-1457,Customer 1457,sme,52,25.28,939.13,5000,0.35,Bachelors,Single,73,No,No,Month-to-month,Electronic check,0,0
C-1458,Customer 1458,enterprise,50,79.43,6791.13,50000,0.15,Masters,Single,32,Yes,DSL,Two year,Credit card,0,0
C-1459,Customer 1459,sme,49,112.68,4665.36,10000,0.72,Bachelors,Married,29,No,DSL,Two year,Credit card,0,1
C-1460,Customer 1460,sme,15,60.53,3045.58,5000,0.68,Bachelors,Married,78,No,No,One year,Credit card,1,1
C-1461,Customer 1461,enterprise,2,108.0,5746.62,1000,0.29,PhD,Single,20,Yes,DSL,Month-to-month,Electronic check,0,1
C-1462,Customer 1462,enterprise,58,137.85,7223.87,1000,0.5,PhD,Married,28,Yes,No,One year,Credit card,1,1
C-1463,Customer 1463,retail,65,20.1,7607.3,5000,0.54,Bachelors,Married,39,Yes,DSL,Two year,Electronic check,1,0
C-1464,Customer 1464,enterprise,32,106.17,1525.04,50000,0.48,PhD,Married,26,Yes,DSL,Two year,Bank transfer,0,0
C-1465,Customer 1465,enterprise,21,120.33,7770.82,10000,0.22,High School,Married,19,Yes,DSL,One year,Credit card,0,0
C-1466,Customer 1466,sme,33,24.6,2590.19,50000,0.6,High School,Single,29,No,No,Two year,Mailed check,0,0
C-1467,Customer 1467,sme,51,144.37,3460.21,10000,0.28,Bachelors,Single,79,No,Fiber optic,Month-to-month,Credit card,0,0
C-1468,Customer 1468,retail,9,98.3,7649.53,10000,0.48,PhD,Married,47,Yes,Fiber optic,Month-to-month,Bank transfer,0,1
C-1469,Customer 1469,sme,64,87.46,4149.63,1000,0.39,Bachelors,Single,26,No,No,Two year,Bank transfer,0,1
C-1470,Customer 1470,sme,57,93.93,6160.38,5000,0.19,Bachelors,Married,78,Yes,Fiber optic,One year,Bank transfer,0,1
C-1471,Customer 1471,sme,16,97.67,2257.39,5000,0.76,Masters,Single,25,Yes,No,One year,Electronic check,1,1
C-1472,Customer 1472,sme,63,30.82,7308.17,10000,0.72,Bachelors,Married,74,No,Fiber optic,One year,Electronic check,1,1
C-1473,Customer 1473,retail,19,59.87,3705.22,50000,0.28,High School,Single,39,No,Fiber optic,One year,Bank transfer,0,0
C-1474,Customer 1474,sme,22,89.79,1573.58,50000,0.83,High School,Single,51,Yes,Fiber optic,Two year,Mailed check,0,0
C-1475,Customer 1475,enterprise,70,119.52,3424.19,5000,0.64,Bachelors,Married,31,Yes,No,One year,Mailed check,1,1
C-1476,Customer 1476,sme,2,123.24,1997.04,50000,0.89,Bachelors,Married,68,Yes,No,Two year,Electronic check,0,0
C-1477,Customer 1477,enterprise,3,147.11,162.4,50000,0.21,Masters,Single,42,Yes,Fiber optic,Month-to-month,Credit card,0,0
C-1478,Customer 1478,sme,7,93.76,5579.99,1000,0.39,Bachelors,Single,55,Yes,Fiber optic,Two year,Mailed check,0,1
C-1479,Customer 1479,enterprise,30,22.02,5728.04,50000,0.73,Masters,Married,57,No,No,One year,Electronic check,0,1
C-1480,Customer 1480,enterprise,51,112.13,5840.78,50000,0.31,High School,Single,72,Yes,Fiber optic,Month-to-month,Mailed check,0,0
C-1481,Customer 1481,sme,60,62.79,4797.62,5000,0.52,Bachelors,Married,23,No,DSL,Month-to-month,Credit card,0,1
C-1482,Customer 1482,retail,30,59.5,4723.76,5000,0.34,High School,Single,75,No,No,Two year,Electronic check,0,1
C-1483,Customer 1483,sme,41,138.64,4509.97,5000,0.34,Masters,Single,59,Yes,No,Two year,Electronic check,0,1
C-1484,Customer 1484,sme,9,97.28,4977.33,1000,0.56,PhD,Single,36,No,Fiber optic,Two year,Bank transfer,0,1
C-1485,Customer 1485,retail,31,47.66,1896.79,10000,0.3,PhD,Married,77,No,Fiber optic,Month-to-month,Bank transfer,0,0
C-1486,Customer 1486,retail,62,123.91,7433.73,50000,0.54,PhD,Married,73,Yes,Fiber optic,Two year,Bank transfer,1,0
C-1487,Customer 1487,enterprise,26,128.49,5843.32,5000,0.86,PhD,Married,67,Yes,Fiber optic,Two year,Bank transfer,1,1
C-1488,Customer 1488,sme,67,113.27,892.83,50000,0.76,PhD,Married,26,No,Fiber optic,Month-to-month,Credit card,0,0
C-1489,Customer 1489,retail,50,144.42,1596.74,5000,0.2,High School,Married,61,No,No,Month-to-month,Credit card,1,1
C-1490,Customer 1490,enterprise,19,117.51,4784.04,10000,0.78,Bachelors,Single,38,No,No,One year,Bank transfer,0,0
C-1491,Customer 1491,enterprise,66,140.27,179.87,50000,0.38,Bachelors,Single,73,No,DSL,Two year,Mailed check,0,0
C-1492,Customer 1492,enterprise,7,23.99,6450.86,10000,0.76,Bachelors,Married,60,No,Fiber optic,One year,Bank transfer,0,0
C-1493,Customer 1493,enterprise,67,30.65,1922.7,5000,0.72,Bachelors,Single,19,Yes,No,One year,Bank transfer,0,1
C-1494,Customer 1494,enterprise,39,144.07,2436.71,50000,0.9,Bachelors,Married,54,Yes,No,Month-to-month,Electronic check,1,0
C-1495,Customer 1495,enterprise,32,20.65,7009.97,5000,0.2,Masters,Single,67,Yes,Fiber optic,One year,Bank transfer,0,0
C-1496,Customer 1496,sme,38,100.14,3110.45,1000,0.27,High School,Single,62,No,DSL,One year,Bank transfer,1,1
C-1497,Customer 1497,retail,53,61.57,7688.64,50000,0.61,PhD,Married,53,Yes,Fiber optic,Two year,Credit card,0,1
C-1498,Customer 1498,enterprise,66,107.14,1858.83,5000,0.45,High School,Single,79,No,No,Two year,Mailed check,0,1
C-1499,Customer 1499,sme,71,21.2,6700.47,5000,0.27,Bachelors,Married,58,No,Fiber optic,One year,Bank transfer,0,0
C-1500,Customer 1500,retail,39,46.97,6030.34,50000,0.33,High School,Married,63,Yes,DSL,Month-to-month,Electronic check,1,0
C-1501,Customer 1501,sme,67,127.25,1526.89,10000,0.59,Masters,Married,24,Yes,No,Month-to-month,Bank transfer,0,1
C-1502,Customer 1502,enterprise,18,128.0,1594.25,50000,0.46,PhD,Single,43,Yes,No,Two year,Credit card,0,0
C-1503,Customer 1503,enterprise,14,48.33,112.33,5000,0.81,Masters,Married,35,No,DSL,One year,Mailed check,0,1
C-1504,Customer 1504,sme,59,102.96,7052.59,10000,0.86,Masters,Married,47,No,No,Month-to-month,Credit card,1,1
C-1505,Customer 1505,retail,21,135.8,6446.58,50000,0.86,High School,Married,33,No,No,Two year,Mailed check,0,0
C-1506,Customer 1506,sme,32,66.15,6823.44,50000,0.49,Bachelors,Single,68,Yes,Fiber optic,Month-to-month,Mailed check,0,0
C-1507,Customer 1507,enterprise,19,138.82,4933.4,1000,0.74,Bachelors,Married,40,Yes,No,One year,Bank transfer,0,1
C-1508,Customer 1508,sme,13,118.41,7338.73,50000,0.4,PhD,Single,56,Yes,DSL,One year,Credit card,0,0
C-1509,Customer 1509,enterprise,52,119.17,7834.54,50000,0.76,High School,Married,67,No,Fiber optic,One year,Electronic check,1,0
C-1510,Customer 1510,retail,48,138.42,6120.05,5000,0.14,High School,Single,57,Yes,Fiber optic,Two year,Credit card,0,1
C-1511,Customer 1511,enterprise,19,62.05,4378.53,10000,0.75,High School,Married,28,Yes,DSL,One year,Credit card,0,1
C-1512,Customer 1512,retail,68,128.47,7520.96,5000,0.23,PhD,Married,39,No,Fiber optic,Month-to-month,Electronic check,0,1
C-1513,Customer 1513,enterprise,50,149.39,5843.76,5000,0.58,High School,Single,27,No,No,Month-to-month,Bank transfer,1,1
C-1514,Customer 1514,retail,31,134.58,4563.12,10000,0.52,Masters,Married,67,No,No,Two year,Credit card,1,1
C-1515,Customer 1515,sme,60,97.49,4067.52,10000,0.45,PhD,Married,21,Yes,No,Two year,Credit card,0,1
C-1516,Customer 1516,enterprise,35,104.63,5507.38,50000,0.36,Masters,Married,25,Yes,DSL,One year,Mailed check,0,0
C-1517,Customer 1517,sme,19,132.25,4376.59,5000,0.23,High School,Married,60,Yes,Fiber optic,Two year,Electronic check,0,1
C-1518,Customer 1518,enterprise,54,43.52,6421.81,10000,0.15,High School,Single,37,No,DSL,Two year,Electronic check,0,1
C-1519,Customer 1519,enterprise,35,34.83,3112.94,5000,0.56,Bachelors,Married,30,Yes,Fiber optic,Month-to-month,Electronic check,0,0
C-1520,Customer 1520,retail,68,99.33,4634.65,10000,0.26,PhD,Single,60,Yes,DSL,Two year,Electronic check,0,1
C-1521,Customer 1521,retail,4,129.92,2403.64,10000,0.11,High School,Single,38,No,DSL,Month-to-month,Mailed check,0,1
C-1522,Customer 1522,enterprise,2,51.43,5576.06,50000,0.81,High School,Married,39,No,No,Two year,Credit card,0,0
C-1523,Customer 1523,enterprise,41,119.4,4550.04,5000,0.25,PhD,Single,52,Yes,DSL,One year,Bank transfer,0,1
C-1524,Customer 1524,sme,42,34.3,1969.41,1000,0.59,High School,Married,60,No,No,One year,Credit card,1,1
C-1525,Customer 1525,enterprise,7,101.68,7777.54,10000,0.21,High School,Single,52,Yes,Fiber optic,Two year,Mailed check,0,0
C-1526,Customer 1526,enterprise,6,97.51,4789.36,5000,0.36,High School,Single,24,Yes,Fiber optic,Month-to-month,Bank transfer,1,1
C-1527,Customer 1527,sme,7,142.69,5483.91,10000,0.11,High School,Married,30,No,No,One year,Electronic check,0,1
C-1528,Customer 1528,retail,8,86.59,7874.79,50000,0.45,Bachelors,Married,76,Yes,DSL,One year,Electronic check,0,0
C-1529,Customer 1529,retail,7,61.01,1057.69,50000,0.61,Bachelors,Married,78,No,Fiber optic,One year,Electronic check,0,0
C-1530,Customer 1530,enterprise,49,37.37,859.63,10000,0.35,PhD,Single,27,Yes,No,Two year,Electronic check,0,0
C-1531,Customer 1531,retail,18,79.68,4997.25,1000,0.53,High School,Married,60,No,No,Month-to-month,Electronic check,1,1
C-1532,Customer 1532,retail,71,123.77,7807.21,50000,0.6,Masters,Single,20,Yes,Fiber optic,One year,Credit card,0,1
C-1533,Customer 1533,retail,48,149.11,1710.6,5000,0.13,Bachelors,Single,56,Yes,DSL,One year,Bank transfer,1,1
C-1534,Customer 1534,retail,31,99.24,5080.57,50000,0.63,Masters,Single,70,Yes,No,Two year,Mailed check,0,1
C-1535,Customer 1535,retail,65,131.76,225.52,5000,0.32,Masters,Single,60,No,DSL,Two year,Electronic check,0,1
C-1536,Customer 1536,enterprise,61,34.24,6063.42,50000,0.51,High School,Married,21,No,DSL,Month-to-month,Electronic check,1,0
C-1537,Customer 1537,sme,62,133.22,2611.09,5000,0.76,High School,Married,56,Yes,No,Two year,Mailed check,1,1
C-1538,Customer 1538,enterprise,41,74.84,6959.6,1000,0.56,Masters,Single,65,Yes,Fiber optic,One year,Electronic check,0,1
C-1539,Customer 1539,sme,25,88.27,4276.22,10000,0.47,High School,Married,48,Yes,No,Month-to-month,Mailed check,1,1
C-1540,Customer 1540,retail,38,123.2,6352.49,10000,0.23,PhD,Single,58,Yes,DSL,One year,Credit card,0,0
C-1541,Customer 1541,retail,50,142.79,5035.63,50000,0.62,Bachelors,Married,37,No,No,Month-to-month,Mailed check,1,1
C-1542,Customer 1542,retail,58,24.32,3085.99,1000,0.48,High School,Married,72,Yes,No,One year,Credit card,0,1
C-1543,Customer 1543,sme,43,68.65,1913.29,50000,0.77,Masters,Married,73,No,Fiber optic,Month-to-month,Bank transfer,1,1
C-1544,Customer 1544,sme,60,128.94,3764.03,50000,0.84,Bachelors,Single,45,No,No,One year,Bank transfer,0,0
C-1545,Customer 1545,retail,34,104.04,2652.19,1000,0.88,High School,Single,46,Yes,No,Two year,Mailed check,0,1
C-1546,Customer 1546,retail,33,63.8,1125.87,1000,0.38,Bachelors,Single,77,Yes,DSL,One year,Credit card,1,1
C-1547,Customer 1547,enterprise,35,117.98,448.06,50000,0.76,Masters,Married,22,No,Fiber optic,Two year,Bank transfer,0,1
C-1548,Customer 1548,sme,18,37.76,3060.97,5000,0.23,Masters,Married,41,No,No,One year,Credit card,0,1
C-1549,Customer 1549,retail,3,108.59,1342.19,50000,0.84,PhD,Married,65,No,DSL,Two year,Electronic check,1,1
C-1550,Customer 1550,sme,27,86.28,6916.24,50000,0.19,Bachelors,Single,35,No,DSL,Two year,Credit card,0,0
C-1551,Customer 1551,retail,55,143.94,5587.04,1000,0.68,PhD,Married,72,No,No,Two year,Electronic check,0,1
C-1552,Customer 1552,enterprise,22,143.42,1681.65,50000,0.38,Masters,Single,55,No,No,One year,Bank transfer,1,0
C-1553,Customer 1553,sme,55,141.87,4992.96,5000,0.37,Masters,Single,51,No,DSL,Month-to-month,Electronic check,0,1
C-1554,Customer 1554,retail,40,126.81,7252.84,50000,0.43,High School,Married,28,Yes,No,One year,Electronic check,0,0
C-1555,Customer 1555,enterprise,30,145.24,4630.27,1000,0.6,PhD,Single,32,Yes,Fiber optic,Month-to-month,Credit card,1,1
C-1556,Customer 1556,sme,15,55.9,6354.78,1000,0.56,Bachelors,Married,59,No,Fiber optic,One year,Credit card,1,1
C-1557,Customer 1557,enterprise,68,88.79,1605.12,5000,0.38,Bachelors,Married,59,Yes,Fiber optic,Month-to-month,Mailed check,1,0
C-1558,Customer 1558,retail,11,125.71,7649.47,1000,0.29,Bachelors,Single,77,No,No,One year,Bank transfer,0,1
C-1559,Customer 1559,sme,58,130.22,5908.25,10000,0.73,Masters,Single,73,No,Fiber optic,One year,Electronic check,0,1
C-1560,Customer 1560,retail,34,138.1,2827.84,1000,0.3,Bachelors,Single,42,Yes,Fiber optic,Month-to-month,Bank transfer,0,1
C-1561,Customer 1561,retail,35,112.95,3864.63,5000,0.89,High School,Married,59,Yes,Fiber optic,Two year,Credit card,0,1
C-1562,Customer 1562,enterprise,27,101.12,5324.64,10000,0.85,High School,Married,50,Yes,Fiber optic,One year,Credit card,0,1
C-1563,Customer 1563,retail,41,32.86,1976.35,10000,0.55,PhD,Single,60,Yes,Fiber optic,One year,Mailed check,0,0
C-1564,Customer 1564,enterprise,56,50.16,4638.19,5000,0.42,Masters,Single,78,No,Fiber optic,One year,Credit card,0,0
C-1565,Customer 1565,enterprise,1,119.04,6884.96,10000,0.12,PhD,Married,21,Yes,Fiber optic,Month-to-month,Electronic check,0,0
C-1566,Customer 1566,sme,23,97.44,1602.03,10000,0.5,Bachelors,Single,68,Yes,Fiber optic,Two year,Electronic check,0,0
C-1567,Customer 1567,sme,27,44.73,2625.79,5000,0.21,Masters,Married,45,Yes,No,Two year,Electronic check,0,1
C-1568,Customer 1568,enterprise,14,131.15,4215.87,50000,0.87,Bachelors,Married,40,Yes,No,Two year,Mailed check,0,0
C-1569,Customer 1569,retail,52,103.44,7972.58,10000,0.54,PhD,Married,55,No,Fiber optic,One year,Mailed check,0,0
C-1570,Customer 1570,enterprise,1,28.35,1799.39,1000,0.65,PhD,Single,28,No,No,Two year,Credit card,0,1
C-1571,Customer 1571,enterprise,11,119.17,4396.6,50000,0.56,Bachelors,Single,68,Yes,Fiber optic,Month-to-month,Bank transfer,0,0
C-1572,Customer 1572,sme,7,121.22,5591.77,1000,0.13,Masters,Single,44,No,DSL,One year,Credit card,0,1
C-1573,Customer 1573,retail,16,24.99,6599.3,50000,0.35,Bachelors,Single,61,No,Fiber optic,One year,Mailed check,0,0
C-1574,Customer 1574,sme,67,53.1,5916.55,50000,0.1,PhD,Married,32,No,DSL,Two year,Mailed check,0,1
C-1575,Customer 1575,enterprise,12,82.64,4057.0,1000,0.55,Bachelors,Single,24,Yes,Fiber optic,Month-to-month,Electronic check,0,1
C-1576,Customer 1576,retail,14,131.34,6760.39,5000,0.48,PhD,Single,32,No,No,Month-to-month,Mailed check,0,1
C-1577,Customer 1577,retail,28,49.27,2990.36,5000,0.24,High School,Single,50,No,No,One year,Credit card,1,1
C-1578,Customer 1578,enterprise,55,21.4,5974.79,1000,0.66,Bachelors,Married,54,Yes,No,Month-to-month,Electronic check,0,1
C-1579,Customer 1579,enterprise,42,133.62,3866.66,10000,0.24,High School,Single,64,No,Fiber optic,One year,Mailed check,0,1
C-1580,Customer 1580,enterprise,39,114.99,5348.31,50000,0.43,High School,Single,44,No,DSL,Two year,Credit card,1,0
C-1581,Customer 1581,enterprise,60,133.09,1194.0,50000,0.8,Masters,Single,34,No,DSL,Two year,Credit card,0,0
C-1582,Customer 1582,retail,61,118.6,2401.51,50000,0.64,Masters,Single,35,Yes,DSL,Two year,Credit card,0,0
C-1583,Customer 1583,sme,11,82.84,5849.55,5000,0.37,PhD,Married,38,Yes,No,Two year,Credit card,0,1
C-1584,Customer 1584,enterprise,62,126.59,2059.77,5000,0.21,Bachelors,Single,22,Yes,DSL,One year,Credit card,0,1
C-1585,Customer 1585,enterprise,53,36.03,4406.41,10000,0.45,Bachelors,Single,28,No,DSL,Month-to-month,Mailed check,0,0
C-1586,Customer 1586,sme,48,125.35,660.71,5000,0.24,PhD,Single,52,Yes,No,Two year,Electronic check,0,1
C-1587,Customer 1587,enterprise,40,46.34,995.1,5000,0.44,Masters,Married,75,Yes,DSL,One year,Bank transfer,0,1
C-1588,Customer 1588,sme,68,20.62,6386.16,50000,0.28,High School,Single,71,No,Fiber optic,Month-to-month,Mailed check,0,0
C-1589,Customer 1589,retail,36,68.29,2305.34,10000,0.84,Masters,Single,63,No,No,Two year,Credit card,0,0
C-1590,Customer 1590,retail,38,43.68,3283.35,1000,0.15,High School,Married,55,Yes,No,Two year,Bank transfer,0,1
C-1591,Customer 1591,enterprise,5,127.84,1297.77,50000,0.68,High School,Single,72,No,No,Two year,Credit card,0,0
C-1592,Customer 1592,sme,29,109.89,2990.83,5000,0.22,Masters,Married,18,Yes,Fiber optic,Two year,Bank transfer,0,1
C-1593,Customer 1593,sme,40,76.82,7675.53,50000,0.61,High School,Single,20,Yes,Fiber optic,Month-to-month,Bank transfer,0,0
C-1594,Customer 1594,enterprise,48,50.07,6858.59,1000,0.4,PhD,Married,78,No,Fiber optic,One year,Mailed check,0,1
C-1595,Customer 1595,sme,1,149.13,6955.11,50000,0.89,Masters,Married,23,Yes,Fiber optic,One year,Electronic check,0,0
C-1596,Customer 1596,retail,59,32.81,2111.86,1000,0.75,High School,Married,68,No,No,Month-to-month,Bank transfer,0,1
C-1597,Customer 1597,sme,17,74.34,832.61,1000,0.3,Masters,Single,38,Yes,No,Two year,Electronic check,0,1
C-1598,Customer 1598,enterprise,13,81.13,4492.55,50000,0.32,High School,Single,37,Yes,DSL,Month-to-month,Bank transfer,1,0
C-1599,Customer 1599,retail,25,122.95,2441.25,50000,0.18,High School,Married,22,Yes,DSL,Month-to-month,Bank transfer,1,0
C-1600,Customer 1600,enterprise,11,98.85,3687.22,1000,0.22,PhD,Single,73,No,DSL,Month-to-month,Mailed check,0,1
C-1601,Customer 1601,retail,6,66.81,987.35,10000,0.58,PhD,Married,59,No,Fiber optic,One year,Bank transfer,1,1
C-1602,Customer 1602,enterprise,29,59.29,1964.09,50000,0.52,High School,Single,66,No,Fiber optic,Month-to-month,Electronic check,1,1
C-1603,Customer 1603,sme,2,26.09,6741.55,10000,0.72,Bachelors,Married,68,Yes,DSL,Month-to-month,Bank transfer,0,0
C-1604,Customer 1604,retail,68,36.7,6210.27,1000,0.4,PhD,Married,27,No,No,Month-to-month,Mailed check,1,1
C-1605,Customer 1605,enterprise,68,62.39,1842.35,50000,0.74,Bachelors,Single,63,Yes,No,Month-to-month,Mailed check,0,0
C-1606,Customer 1606,retail,50,29.05,479.94,1000,0.86,Bachelors,Single,48,Yes,Fiber optic,One year,Electronic check,1,1
C-1607,Customer 1607,sme,40,125.03,375.02,1000,0.25,Bachelors,Single,24,No,No,One year,Mailed check,0,1
C-1608,Customer 1608,retail,52,119.64,6065.51,10000,0.23,PhD,Single,27,No,DSL,One year,Mailed check,0,1
C-1609,Customer 1609,enterprise,66,112.17,2836.75,10000,0.53,PhD,Single,65,No,Fiber optic,Two year,Electronic check,0,0
C-1610,Customer 1610,sme,54,61.17,6711.29,50000,0.25,Masters,Married,42,No,DSL,Two year,Mailed check,0,0
C-1611,Customer 1611,enterprise,18,71.71,2118.61,5000,0.59,Bachelors,Single,36,No,Fiber optic,Month-to-month,Electronic check,1,1
C-1612,Customer 1612,retail,15,143.1,4716.57,1000,0.83,Masters,Married,61,Yes,Fiber optic,One year,Credit card,0,1
C-1613,Customer 1613,enterprise,14,128.05,1958.35,1000,0.56,PhD,Married,59,No,No,Two year,Mailed check,0,1
C-1614,Customer 1614,retail,51,132.1,7857.07,10000,0.32,PhD,Married,66,Yes,No,One year,Bank transfer,0,0
C-1615,Customer 1615,sme,57,145.03,6902.55,1000,0.86,High School,Single,67,No,DSL,Two year,Credit card,0,1
C-1616,Customer 1616,retail,49,87.0,6932.2,5000,0.41,Masters,Single,68,Yes,Fiber optic,Two year,Electronic check,0,0
C-1617,Customer 1617,enterprise,21,41.45,3220.88,10000,0.2,Bachelors,Married,33,No,DSL,One year,Mailed check,0,0
C-1618,Customer 1618,retail,3,98.11,1386.97,50000,0.78,Bachelors,Single,58,No,DSL,One year,Bank transfer,0,0
C-1619,Customer 1619,retail,26,94.31,3976.4,1000,0.68,PhD,Married,60,Yes,No,Two year,Mailed check,1,1
C-1620,Customer 1620,sme,22,78.93,1492.71,10000,0.57,Masters,Married,25,Yes,Fiber optic,Month-to-month,Bank transfer,0,0
C-1621,Customer 1621,retail,65,29.31,6201.06,5000,0.47,Bachelors,Single,26,Yes,Fiber optic,Two year,Credit card,0,0
C-1622,Customer 1622,retail,66,111.89,3673.31,1000,0.44,Masters,Married,25,No,DSL,Month-to-month,Credit card,1,1
C-1623,Customer 1623,sme,47,96.26,4804.56,5000,0.1,Bachelors,Single,36,Yes,DSL,One year,Mailed check,0,1
C-1624,Customer 1624,sme,65,102.69,2303.51,10000,0.23,High School,Married,32,Yes,Fiber optic,One year,Credit card,0,1
C-1625,Customer 1625,sme,41,142.65,6847.89,50000,0.79,PhD,Single,57,Yes,DSL,One year,Electronic check,0,0
C-1626,Customer 1626,sme,66,127.72,3136.23,5000,0.41,High School,Married,76,No,No,One year,Credit card,0,1
C-1627,Customer 1627,sme,9,66.88,1895.42,10000,0.46,PhD,Single,34,No,No,One year,Mailed check,0,0
C-1628,Customer 1628,sme,6,145.11,5129.43,5000,0.21,PhD,Single,47,No,DSL,Month-to-month,Credit card,1,1
C-1629,Customer 1629,sme,56,47.69,3675.66,10000,0.58,High School,Married,60,No,No,Month-to-month,Bank transfer,0,0
C-1630,Customer 1630,sme,44,53.91,3054.73,5000,0.14,Masters,Single,32,No,DSL,Two year,Bank transfer,0,0
C-1631,Customer 1631,retail,8,21.31,6524.77,5000,0.66,Bachelors,Single,46,No,Fiber optic,One year,Bank transfer,1,0
C-1632,Customer 1632,enterprise,43,85.22,7815.55,5000,0.16,High School,Married,18,No,DSL,Two year,Electronic check,0,1
C-1633,Customer 1633,sme,4,80.73,4884.45,10000,0.76,Masters,Married,52,No,Fiber optic,One year,Bank transfer,1,1
C-1634,Customer 1634,retail,64,125.88,2658.45,10000,0.2,Bachelors,Married,53,Yes,DSL,Two year,Electronic check,0,1
C-1635,Customer 1635,retail,17,79.24,3550.92,5000,0.7,PhD,Single,77,Yes,Fiber optic,Two year,Credit card,0,1
C-1636,Customer 1636,enterprise,61,148.39,1820.23,1000,0.11,Bachelors,Single,70,Yes,DSL,One year,Credit card,0,1
C-1637,Customer 1637,enterprise,71,133.63,6949.4,10000,0.74,High School,Single,49,No,No,Month-to-month,Mailed check,1,1
C-1638,Customer 1638,sme,37,37.16,710.35,10000,0.73,PhD,Married,27,No,Fiber optic,Month-to-month,Bank transfer,0,0
C-1639,Customer 1639,retail,62,136.28,769.22,10000,0.75,PhD,Single,62,Yes,Fiber optic,Two year,Credit card,0,1
C-1640,Customer 1640,enterprise,9,92.71,5378.73,10000,0.88,Masters,Single,73,No,Fiber optic,One year,Electronic check,0,1
C-1641,Customer 1641,enterprise,66,144.87,994.04,10000,0.48,PhD,Single,72,No,Fiber optic,Two year,Electronic check,0,1
C-1642,Customer 1642,retail,29,94.6,5565.2,1000,0.65,Masters,Single,69,No,DSL,Two year,Mailed check,0,1
C-1643,Customer 1643,retail,11,143.21,3567.22,10000,0.8,High School,Married,48,Yes,Fiber optic,Month-to-month,Electronic check,1,1
C-1644,Customer 1644,enterprise,58,21.99,1631.59,50000,0.33,Masters,Married,24,Yes,No,One year,Electronic check,0,0
C-1645,Customer 1645,retail,44,114.87,7684.73,50000,0.39,Bachelors,Single,76,No,Fiber optic,One year,Mailed check,1,0
C-1646,Customer 1646,sme,28,106.27,4340.49,5000,0.21,Bachelors,Single,57,Yes,Fiber optic,Month-to-month,Electronic check,0,1
C-1647,Customer 1647,sme,46,114.48,1522.32,10000,0.48,Masters,Married,28,No,DSL,One year,Credit card,1,1
C-1648,Customer 1648,sme,60,145.27,2098.1,5000,0.53,Bachelors,Single,50,No,Fiber optic,Two year,Credit card,0,1
C-1649,Customer 1649,retail,56,22.14,7540.86,5000,0.71,Bachelors,Married,57,Yes,Fiber optic,Month-to-month,Bank transfer,1,0
C-1650,Customer 1650,retail,29,128.71,3992.76,1000,0.21,Masters,Single,39,Yes,DSL,One year,Electronic check,0,1
C-1651,Customer 1651,sme,61,105.42,5993.9,10000,0.67,High School,Single,57,No,Fiber optic,Two year,Electronic check,0,1
C-1652,Customer 1652,sme,42,94.23,7761.76,50000,0.28,High School,Married,19,No,No,Two year,Mailed check,0,0
C-1653,Customer 1653,retail,4,33.89,4631.42,5000,0.54,Masters,Married,69,No,No,One year,Mailed check,0,1
C-1654,Customer 1654,retail,13,139.46,2460.02,10000,0.55,High School,Married,41,No,DSL,Two year,Mailed check,0,1
C-1655,Customer 1655,retail,50,74.08,7441.45,10000,0.64,High School,Married,29,Yes,DSL,Two year,Mailed check,0,1
C-1656,Customer 1656,sme,44,110.73,2946.07,1000,0.23,Bachelors,Married,29,Yes,No,One year,Mailed check,0,1
C-1657,Customer 1657,sme,37,126.19,3407.36,5000,0.49,Masters,Single,25,No,No,One year,Bank transfer,1,1
C-1658,Customer 1658,sme,28,107.6,7538.2,1000,0.37,Masters,Single,21,No,No,Month-to-month,Mailed check,1,1
C-1659,Customer 1659,retail,18,36.55,1748.68,1000,0.33,PhD,Single,72,Yes,DSL,Two year,Electronic check,0,1
C-1660,Customer 1660,sme,19,36.23,865.29,5000,0.2,High School,Married,47,Yes,Fiber optic,One year,Credit card,0,0
C-1661,Customer 1661,retail,45,24.38,1178.48,5000,0.79,High School,Single,39,No,Fiber optic,One year,Mailed check,0,0
C-1662,Customer 1662,retail,45,45.26,6621.01,10000,0.29,Masters,Married,38,No,No,One year,Credit card,0,0
C-1663,Customer 1663,sme,45,70.25,6405.73,5000,0.34,Masters,Single,23,No,No,One year,Bank transfer,0,0
C-1664,Customer 1664,retail,30,76.79,2616.62,10000,0.46,PhD,Single,43,No,No,Two year,Mailed check,0,0
C-1665,Customer 1665,sme,60,32.21,1097.51,50000,0.64,High School,Single,24,No,DSL,Two year,Electronic check,0,0
C-1666,Customer 1666,sme,20,117.18,7433.29,5000,0.27,Masters,Single,37,No,No,Month-to-month,Bank transfer,0,1
C-1667,Customer 1667,enterprise,24,139.53,925.5,10000,0.76,High School,Married,22,Yes,No,Two year,Electronic check,0,1
C-1668,Customer 1668,sme,19,63.36,3870.64,50000,0.41,Bachelors,Single,78,Yes,DSL,One year,Electronic check,0,0
C-1669,Customer 1669,sme,59,131.14,1771.75,5000,0.33,Bachelors,Single,27,Yes,DSL,Two year,Mailed check,1,1
C-1670,Customer 1670,sme,46,131.86,672.52,10000,0.47,Masters,Single,28,No,DSL,Two year,Mailed check,0,1
C-1671,Customer 1671,retail,33,77.53,4768.13,50000,0.19,Masters,Married,21,Yes,No,One year,Bank transfer,0,0
C-1672,Customer 1672,retail,46,146.77,6887.01,10000,0.82,Bachelors,Married,48,No,Fiber optic,One year,Mailed check,1,1
C-1673,Customer 1673,enterprise,38,97.77,6701.23,5000,0.71,Bachelors,Married,36,Yes,No,Month-to-month,Bank transfer,0,1
C-1674,Customer 1674,retail,58,111.26,6086.25,50000,0.15,High School,Single,55,No,Fiber optic,Month-to-month,Credit card,0,0
C-1675,Customer 1675,sme,21,47.35,3124.9,1000,0.89,PhD,Married,48,Yes,No,Two year,Electronic check,0,1
C-1676,Customer 1676,retail,14,25.78,2262.23,10000,0.3,High School,Single,53,No,DSL,One year,Credit card,0,0
C-1677,Customer 1677,enterprise,69,139.13,3120.76,5000,0.58,Masters,Single,54,No,No,Month-to-month,Electronic check,0,1
C-1678,Customer 1678,retail,71,76.21,485.89,1000,0.39,PhD,Married,40,Yes,Fiber optic,Month-to-month,Credit card,0,1
C-1679,Customer 1679,enterprise,40,69.18,3914.64,5000,0.62,High School,Single,76,No,No,Two year,Bank transfer,0,1
C-1680,Customer 1680,retail,3,130.7,921.12,50000,0.32,PhD,Single,49,No,DSL,One year,Mailed check,0,0
C-1681,Customer 1681,enterprise,65,120.41,4358.05,5000,0.77,High School,Married,70,No,No,Month-to-month,Bank transfer,0,1
C-1682,Customer 1682,sme,52,148.4,7886.39,50000,0.74,High School,Single,52,No,Fiber optic,One year,Bank transfer,0,1
C-1683,Customer 1683,sme,61,149.14,4977.79,10000,0.27,High School,Married,24,Yes,DSL,Two year,Mailed check,0,1
C-1684,Customer 1684,retail,63,146.18,7451.79,10000,0.74,High School,Single,69,Yes,Fiber optic,Month-to-month,Mailed check,1,1
C-1685,Customer 1685,sme,16,56.77,6520.67,10000,0.12,PhD,Single,27,No,No,Two year,Bank transfer,0,0
C-1686,Customer 1686,enterprise,57,86.11,1771.71,5000,0.84,High School,Single,63,No,No,One year,Bank transfer,0,1
C-1687,Customer 1687,enterprise,46,135.93,2930.28,5000,0.1,Masters,Single,52,Yes,Fiber optic,Two year,Credit card,0,1
C-1688,Customer 1688,enterprise,6,54.08,7173.19,50000,0.26,Bachelors,Single,74,No,Fiber optic,Two year,Mailed check,1,0
C-1689,Customer 1689,sme,63,147.28,2586.62,50000,0.39,Bachelors,Married,19,Yes,No,Month-to-month,Credit card,0,0
C-1690,Customer 1690,enterprise,50,71.13,1339.85,1000,0.36,Bachelors,Single,53,No,No,Two year,Electronic check,0,1
C-1691,Customer 1691,sme,39,124.67,4049.1,50000,0.32,Masters,Married,69,Yes,DSL,Two year,Credit card,0,0
C-1692,Customer 1692,sme,38,123.13,6101.2,1000,0.84,PhD,Single,18,Yes,DSL,Two year,Electronic check,0,1
C-1693,Customer 1693,retail,35,95.96,2699.05,1000,0.25,High School,Married,73,Yes,DSL,Two year,Bank transfer,0,1
C-1694,Customer 1694,enterprise,69,42.1,5198.48,5000,0.89,Bachelors,Single,62,Yes,DSL,Two year,Mailed check,0,0
C-1695,Customer 1695,enterprise,9,48.53,7920.48,5000,0.67,Masters,Single,65,No,DSL,One year,Mailed check,0,1
C-1696,Customer 1696,retail,56,73.27,1977.31,10000,0.19,Masters,Single,22,Yes,Fiber optic,One year,Mailed check,0,0
C-1697,Customer 1697,retail,5,73.3,7823.03,5000,0.57,Bachelors,Married,71,Yes,No,Two year,Bank transfer,0,1
C-1698,Customer 1698,enterprise,57,136.61,4880.59,50000,0.31,PhD,Single,66,No,No,One year,Credit card,0,0
C-1699,Customer 1699,sme,26,148.55,3100.36,50000,0.44,Masters,Single,65,Yes,DSL,Two year,Bank transfer,0,0
C-1700,Customer 1700,enterprise,49,119.04,6885.88,50000,0.38,High School,Single,54,Yes,Fiber optic,Month-to-month,Mailed check,1,1
C-1701,Customer 1701,sme,43,109.67,7100.92,1000,0.72,Bachelors,Single,32,Yes,Fiber optic,Month-to-month,Electronic check,0,1
C-1702,Customer 1702,retail,49,109.23,2446.9,1000,0.13,Masters,Single,52,No,Fiber optic,Month-to-month,Electronic check,0,1
C-1703,Customer 1703,enterprise,22,50.36,112.78,50000,0.27,Bachelors,Single,25,No,Fiber optic,Two year,Electronic check,0,0
C-1704,Customer 1704,retail,69,56.22,1768.11,1000,0.34,Masters,Single,78,No,Fiber optic,One year,Credit card,0,1
C-1705,Customer 1705,enterprise,32,35.77,4296.51,50000,0.32,High School,Single,65,No,Fiber optic,Month-to-month,Electronic check,0,0
C-1706,Customer 1706,retail,8,97.92,5249.21,10000,0.42,PhD,Single,78,Yes,No,One year,Bank transfer,0,1
C-1707,Customer 1707,enterprise,26,98.03,3377.96,50000,0.66,High School,Married,61,No,Fiber optic,Two year,Electronic check,0,0
C-1708,Customer 1708,retail,35,146.24,4875.14,10000,0.89,High School,Married,23,Yes,DSL,Month-to-month,Credit card,1,1
C-1709,Customer 1709,enterprise,46,89.89,3604.81,1000,0.89,Masters,Married,40,Yes,Fiber optic,One year,Credit card,0,1
C-1710,Customer 1710,sme,18,68.51,5365.27,5000,0.84,Bachelors,Single,62,No,Fiber optic,Month-to-month,Electronic check,1,1
C-1711,Customer 1711,sme,59,99.18,6646.3,50000,0.25,Masters,Married,20,Yes,Fiber optic,Two year,Bank transfer,0,0
C-1712,Customer 1712,enterprise,54,129.85,2973.77,1000,0.33,Masters,Single,44,Yes,No,One year,Credit card,1,1
C-1713,Customer 1713,retail,62,121.53,5063.29,10000,0.6,Bachelors,Single,78,No,Fiber optic,One year,Electronic check,0,0
C-1714,Customer 1714,enterprise,65,63.07,946.59,50000,0.14,Bachelors,Single,19,Yes,No,One year,Credit card,0,0
C-1715,Customer 1715,retail,31,141.2,3592.44,1000,0.39,Bachelors,Married,70,No,No,One year,Mailed check,0,1
C-1716,Customer 1716,retail,52,100.26,2837.75,50000,0.7,PhD,Single,46,Yes,Fiber optic,Two year,Bank transfer,0,0
C-1717,Customer 1717,sme,29,69.39,7602.49,50000,0.39,PhD,Married,39,Yes,Fiber optic,One year,Credit card,0,0
C-1718,Customer 1718,enterprise,8,32.72,4614.73,1000,0.44,PhD,Single,18,No,No,One year,Electronic check,0,1
C-1719,Customer 1719,enterprise,47,147.99,3431.52,5000,0.67,Masters,Married,77,No,Fiber optic,One year,Bank transfer,0,1
C-1720,Customer 1720,enterprise,28,147.86,3240.55,50000,0.28,High School,Single,64,Yes,No,One year,Mailed check,0,0
C-1721,Customer 1721,retail,39,54.26,6787.13,50000,0.43,Masters,Married,18,No,Fiber optic,Month-to-month,Credit card,1,0
C-1722,Customer 1722,enterprise,55,62.18,289.08,10000,0.52,PhD,Married,77,Yes,DSL,Two year,Electronic check,0,0
C-1723,Customer 1723,sme,59,118.67,751.46,1000,0.59,High School,Single,54,No,DSL,Month-to-month,Bank transfer,0,1
C-1724,Customer 1724,sme,30,139.7,926.38,10000,0.26,High School,Single,65,Yes,No,One year,Credit card,0,1
C-1725,Customer 1725,enterprise,62,27.06,2129.13,10000,0.87,Bachelors,Married,63,Yes,No,Month-to-month,Mailed check,0,0
C-1726,Customer 1726,retail,64,146.91,4004.04,1000,0.58,Bachelors,Married,73,No,No,Month-to-month,Electronic check,1,1
C-1727,Customer 1727,retail,69,70.42,7317.37,1000,0.64,Masters,Single,38,Yes,Fiber optic,Month-to-month,Credit card,1,1
C-1728,Customer 1728,sme,27,141.5,888.24,50000,0.48,Masters,Married,71,Yes,Fiber optic,Month-to-month,Bank transfer,0,0
C-1729,Customer 1729,enterprise,25,70.61,1457.35,10000,0.42,High School,Married,74,Yes,Fiber optic,Month-to-month,Bank transfer,0,1
C-1730,Customer 1730,sme,56,54.85,402.03,50000,0.76,PhD,Single,72,Yes,Fiber optic,Month-to-month,Electronic check,0,0
C-1731,Customer 1731,retail,32,149.43,2832.83,1000,0.71,High School,Single,18,No,Fiber optic,Month-to-month,Electronic check,1,1
C-1732,Customer 1732,retail,54,106.54,4962.04,1000,0.34,PhD,Married,77,No,No,Two year,Mailed check,0,1
C-1733,Customer 1733,retail,3,74.3,516.16,5000,0.74,High School,Married,79,Yes,Fiber optic,Month-to-month,Electronic check,0,1
C-1734,Customer 1734,enterprise,4,23.41,2683.65,5000,0.57,PhD,Married,29,Yes,No,One year,Bank transfer,1,0
C-1735,Customer 1735,retail,11,58.11,4837.52,5000,0.51,High School,Single,79,Yes,No,Two year,Electronic check,0,1
C-1736,Customer 1736,sme,36,138.47,5569.09,5000,0.18,Bachelors,Married,33,No,No,Two year,Credit card,0,1
C-1737,Customer 1737,retail,62,83.64,4417.91,10000,0.51,PhD,Single,41,Yes,No,Month-to-month,Mailed check,0,1
C-1738,Customer 1738,retail,57,38.22,6839.77,1000,0.59,High School,Married,60,No,Fiber optic,Month-to-month,Electronic check,0,1
C-1739,Customer 1739,sme,41,102.93,6207.32,10000,0.1,Bachelors,Married,41,Yes,DSL,Two year,Mailed check,0,0
C-1740,Customer 1740,retail,14,82.51,7169.35,1000,0.85,High School,Single,62,Yes,No,Month-to-month,Mailed check,1,1
C-1741,Customer 1741,sme,19,68.87,3024.7,1000,0.21,High School,Married,68,No,Fiber optic,One year,Credit card,1,1
C-1742,Customer 1742,retail,48,32.3,4749.71,5000,0.12,Masters,Married,79,Yes,DSL,Month-to-month,Credit card,0,0
C-1743,Customer 1743,retail,49,25.51,5358.06,50000,0.7,High School,Married,18,No,DSL,Two year,Electronic check,0,0
C-1744,Customer 1744,retail,55,37.57,7510.7,1000,0.7,Masters,Married,49,Yes,Fiber optic,Month-to-month,Mailed check,0,1
C-1745,Customer 1745,sme,24,51.67,6922.84,10000,0.64,High School,Single,22,Yes,Fiber optic,One year,Mailed check,0,0
C-1746,Customer 1746,sme,66,20.05,2766.98,50000,0.27,High School,Married,52,Yes,DSL,Two year,Bank transfer,0,0
C-1747,Customer 1747,sme,26,133.24,6652.13,50000,0.52,Bachelors,Single,61,Yes,DSL,One year,Credit card,0,0
C-1748,Customer 1748,retail,60,73.34,2170.29,10000,0.6,High School,Single,48,Yes,No,Month-to-month,Mailed check,0,0
C-1749,Customer 1749,enterprise,36,23.73,2422.63,1000,0.35,PhD,Single,40,Yes,No,Month-to-month,Bank transfer,1,1
C-1750,Customer 1750,enterprise,15,27.4,6515.95,1000,0.82,High School,Single,69,No,Fiber optic,One year,Bank transfer,0,1
C-1751,Customer 1751,retail,17,32.89,7624.41,1000,0.13,PhD,Married,21,No,Fiber optic,Two year,Credit card,0,1
C-1752,Customer 1752,enterprise,2,39.4,1276.22,5000,0.33,Masters,Single,45,Yes,No,One year,Credit card,0,0
C-1753,Customer 1753,enterprise,1,49.27,4984.13,1000,0.82,PhD,Single,75,Yes,DSL,One year,Bank transfer,0,1
C-1754,Customer 1754,enterprise,60,89.92,1362.26,5000,0.3,High School,Married,54,No,No,One year,Mailed check,0,1
C-1755,Customer 1755,sme,18,73.91,5344.56,50000,0.52,Masters,Single,38,Yes,No,Two year,Bank transfer,0,0
C-1756,Customer 1756,retail,57,126.22,3321.96,5000,0.34,High School,Single,60,No,Fiber optic,One year,Bank transfer,0,1
C-1757,Customer 1757,retail,67,52.74,5629.27,1000,0.82,High School,Married,55,Yes,No,Month-to-month,Credit card,0,1
C-1758,Customer 1758,retail,71,31.39,4639.82,10000,0.15,Masters,Single,76,Yes,DSL,Month-to-month,Electronic check,0,0
C-1759,Customer 1759,enterprise,3,145.33,2345.2,5000,0.68,PhD,Single,63,Yes,DSL,One year,Electronic check,0,1
C-1760,Customer 1760,sme,18,81.18,583.09,50000,0.68,Masters,Married,63,No,No,Month-to-month,Credit card,0,0
C-1761,Customer 1761,sme,38,106.01,7826.33,1000,0.4,Masters,Married,31,Yes,DSL,Two year,Bank transfer,0,1
C-1762,Customer 1762,sme,16,24.12,4570.92,1000,0.71,Bachelors,Married,59,Yes,No,One year,Electronic check,1,1
C-1763,Customer 1763,retail,59,132.53,7473.92,10000,0.71,Masters,Single,34,Yes,No,Month-to-month,Credit card,1,1
C-1764,Customer 1764,enterprise,70,105.22,3196.07,1000,0.58,Bachelors,Married,18,Yes,DSL,Two year,Mailed check,1,1
C-1765,Customer 1765,enterprise,50,88.26,2684.5,10000,0.14,Masters,Married,65,No,DSL,Month-to-month,Electronic check,0,0
C-1766,Customer 1766,retail,61,42.18,1278.61,1000,0.52,Masters,Single,47,Yes,DSL,Month-to-month,Credit card,0,1
C-1767,Customer 1767,retail,9,104.13,4362.88,50000,0.67,PhD,Single,48,No,Fiber optic,One year,Mailed check,0,0
C-1768,Customer 1768,retail,45,57.49,2767.88,1000,0.44,Bachelors,Single,34,No,Fiber optic,Month-to-month,Electronic check,1,1
C-1769,Customer 1769,retail,62,146.09,3768.05,5000,0.18,High School,Single,19,Yes,DSL,One year,Credit card,0,1
C-1770,Customer 1770,sme,65,38.49,2954.0,10000,0.65,Bachelors,Single,47,No,DSL,Two year,Credit card,1,1
C-1771,Customer 1771,sme,30,78.94,7086.86,50000,0.52,High School,Married,58,No,No,Month-to-month,Credit card,0,1
C-1772,Customer 1772,retail,14,68.79,516.74,1000,0.86,Masters,Married,50,Yes,No,One year,Credit card,1,1
C-1773,Customer 1773,enterprise,64,39.21,4022.82,10000,0.58,PhD,Single,71,No,Fiber optic,Two year,Bank transfer,0,0
C-1774,Customer 1774,retail,34,68.62,2116.77,50000,0.42,High School,Single,24,Yes,DSL,Two year,Bank transfer,0,0
C-1775,Customer 1775,sme,43,44.58,3309.78,50000,0.43,Bachelors,Single,67,Yes,No,One year,Credit card,0,0
C-1776,Customer 1776,sme,10,145.47,3839.45,50000,0.39,PhD,Single,29,Yes,Fiber optic,Two year,Electronic check,0,0
C-1777,Customer 1777,enterprise,34,88.06,1416.07,1000,0.7,High School,Married,33,No,Fiber optic,Month-to-month,Electronic check,0,1
C-1778,Customer 1778,sme,29,106.47,209.34,1000,0.64,Masters,Single,69,Yes,No,One year,Credit card,0,1
C-1779,Customer 1779,sme,25,107.33,789.03,50000,0.75,High School,Single,54,Yes,DSL,Two year,Credit card,0,0
C-1780,Customer 1780,retail,3,68.37,4223.15,5000,0.47,Bachelors,Single,34,Yes,No,One year,Electronic check,0,1
C-1781,Customer 1781,sme,26,98.04,1248.65,50000,0.63,PhD,Single,30,Yes,Fiber optic,Month-to-month,Credit card,0,0
C-1782,Customer 1782,sme,8,126.23,7262.59,10000,0.32,High School,Single,20,Yes,DSL,Two year,Bank transfer,0,1
C-1783,Customer 1783,retail,45,45.11,7316.36,1000,0.37,PhD,Single,39,Yes,No,Two year,Credit card,0,1
C-1784,Customer 1784,sme,54,29.16,6544.21,5000,0.21,Masters,Single,52,No,Fiber optic,Month-to-month,Mailed check,0,1
C-1785,Customer 1785,sme,9,68.02,341.76,50000,0.84,High School,Married,23,Yes,No,One year,Mailed check,0,0
C-1786,Customer 1786,enterprise,37,30.74,7251.29,50000,0.68,High School,Married,50,No,DSL,One year,Bank transfer,0,0
C-1787,Customer 1787,enterprise,16,79.05,5657.77,5000,0.59,High School,Married,69,No,No,Month-to-month,Bank transfer,0,1
C-1788,Customer 1788,enterprise,8,112.64,4070.94,5000,0.7,PhD,Single,68,Yes,No,One year,Credit card,1,1
C-1789,Customer 1789,enterprise,38,147.51,7720.58,50000,0.62,PhD,Single,62,Yes,No,One year,Electronic check,0,0
C-1790,Customer 1790,sme,67,45.96,4211.71,10000,0.35,Masters,Married,48,No,Fiber optic,Month-to-month,Mailed check,1,1
C-1791,Customer 1791,sme,6,36.5,7110.36,10000,0.28,High School,Single,22,No,Fiber optic,Month-to-month,Bank transfer,0,1
C-1792,Customer 1792,enterprise,50,63.34,2183.44,10000,0.87,PhD,Single,51,No,DSL,Month-to-month,Credit card,1,1
C-1793,Customer 1793,sme,44,22.54,3758.66,10000,0.51,PhD,Single,77,No,Fiber optic,Two year,Electronic check,0,1
C-1794,Customer 1794,retail,60,23.1,1472.83,5000,0.4,Bachelors,Married,26,Yes,No,Month-to-month,Mailed check,1,0
C-1795,Customer 1795,enterprise,37,60.11,3557.39,50000,0.26,Masters,Married,26,No,Fiber optic,Month-to-month,Mailed check,1,0
C-1796,Customer 1796,retail,31,75.33,132.47,1000,0.75,Masters,Married,48,No,DSL,Month-to-month,Credit card,0,1
C-1797,Customer 1797,retail,18,112.41,2626.04,5000,0.76,Masters,Married,52,Yes,No,Two year,Bank transfer,0,1
C-1798,Customer 1798,sme,46,71.45,3717.96,50000,0.18,Bachelors,Single,39,Yes,No,Month-to-month,Bank transfer,1,0
C-1799,Customer 1799,retail,32,41.56,2844.34,50000,0.27,High School,Married,48,No,No,Two year,Electronic check,0,0
C-1800,Customer 1800,retail,24,82.75,7634.17,5000,0.54,Masters,Single,74,Yes,DSL,One year,Electronic check,0,1
C-1801,Customer 1801,retail,57,137.11,4801.95,5000,0.69,PhD,Single,31,Yes,No,One year,Electronic check,0,1
C-1802,Customer 1802,enterprise,38,37.49,461.8,50000,0.64,High School,Married,28,No,DSL,Month-to-month,Electronic check,1,0
C-1803,Customer 1803,retail,36,43.72,5574.29,5000,0.34,Bachelors,Single,50,No,DSL,One year,Bank transfer,1,1
C-1804,Customer 1804,retail,20,130.93,6505.56,1000,0.68,High School,Single,37,No,DSL,One year,Electronic check,0,1
C-1805,Customer 1805,retail,68,70.16,4534.69,10000,0.48,High School,Married,20,No,No,Month-to-month,Electronic check,0,0
C-1806,Customer 1806,enterprise,58,113.64,6100.3,10000,0.47,High School,Single,78,No,DSL,Month-to-month,Electronic check,1,0
C-1807,Customer 1807,enterprise,12,110.52,1133.68,5000,0.62,High School,Married,43,No,No,Month-to-month,Bank transfer,0,1
C-1808,Customer 1808,retail,11,100.02,5169.05,50000,0.6,High School,Married,65,No,DSL,Two year,Mailed check,0,0
C-1809,Customer 1809,enterprise,12,112.5,5393.57,10000,0.53,PhD,Married,52,No,No,Two year,Credit card,0,1
C-1810,Customer 1810,sme,43,83.02,7740.57,1000,0.8,PhD,Single,79,Yes,Fiber optic,One year,Mailed check,0,1
C-1811,Customer 1811,retail,42,63.8,4459.44,50000,0.78,PhD,Single,46,No,DSL,One year,Bank transfer,0,0
C-1812,Customer 1812,retail,39,28.77,2374.79,10000,0.76,High School,Married,61,Yes,No,Month-to-month,Credit card,1,1
C-1813,Customer 1813,enterprise,38,79.33,4873.13,1000,0.33,High School,Married,45,Yes,Fiber optic,One year,Bank transfer,0,1
C-1814,Customer 1814,retail,31,97.16,1540.92,50000,0.46,Masters,Married,79,No,DSL,One year,Bank transfer,1,1
C-1815,Customer 1815,enterprise,60,102.17,2713.67,50000,0.4,PhD,Single,71,Yes,No,Two year,Mailed check,0,0
C-1816,Customer 1816,enterprise,48,115.42,358.25,50000,0.68,PhD,Married,50,No,Fiber optic,One year,Mailed check,1,1
C-1817,Customer 1817,enterprise,10,91.43,204.97,5000,0.6,PhD,Married,48,Yes,DSL,One year,Mailed check,0,1
C-1818,Customer 1818,sme,2,116.52,1961.15,1000,0.31,Masters,Married,28,Yes,Fiber optic,One year,Bank transfer,0,1
C-1819,Customer 1819,retail,39,115.12,2859.88,5000,0.39,Masters,Married,72,No,DSL,One year,Bank transfer,0,1
C-1820,Customer 1820,sme,46,112.2,5147.45,5000,0.86,Bachelors,Married,46,No,Fiber optic,Two year,Electronic check,0,1
C-1821,Customer 1821,retail,38,52.23,1838.72,5000,0.82,Masters,Married,51,Yes,DSL,Two year,Bank transfer,1,1
C-1822,Customer 1822,enterprise,66,94.97,6337.44,50000,0.69,Bachelors,Single,44,No,DSL,One year,Bank transfer,0,0
C-1823,Customer 1823,sme,32,114.34,858.34,50000,0.19,PhD,Married,25,Yes,No,Two year,Bank transfer,0,0
C-1824,Customer 1824,retail,25,92.82,2348.46,1000,0.7,Masters,Single,65,No,No,Two year,Credit card,0,1
C-1825,Customer 1825,enterprise,43,35.67,1454.44,1000,0.87,Bachelors,Married,73,Yes,DSL,One year,Bank transfer,0,1
C-1826,Customer 1826,sme,35,84.95,1181.06,50000,0.79,Masters,Married,34,No,DSL,Month-to-month,Electronic check,0,1
C-1827,Customer 1827,sme,29,68.77,663.38,5000,0.89,PhD,Single,28,No,Fiber optic,One year,Electronic check,0,1
C-1828,Customer 1828,retail,6,105.99,1250.11,50000,0.22,Masters,Single,19,No,Fiber optic,Month-to-month,Bank transfer,0,0
C-1829,Customer 1829,retail,33,145.83,7764.15,10000,0.21,PhD,Married,61,Yes,DSL,Two year,Mailed check,0,0
C-1830,Customer 1830,retail,67,36.95,6935.94,50000,0.28,PhD,Married,23,Yes,DSL,Two year,Bank transfer,0,1
C-1831,Customer 1831,sme,35,41.27,6754.98,1000,0.74,Bachelors,Single,79,Yes,Fiber optic,One year,Mailed check,0,1
C-1832,Customer 1832,sme,2,35.05,1552.41,10000,0.88,Bachelors,Single,54,Yes,Fiber optic,Two year,Credit card,0,0
C-1833,Customer 1833,retail,29,142.84,5492.05,1000,0.38,PhD,Single,44,No,DSL,Two year,Credit card,1,1
C-1834,Customer 1834,sme,71,135.0,5466.28,50000,0.89,PhD,Married,26,Yes,Fiber optic,Two year,Mailed check,0,1
C-1835,Customer 1835,sme,51,132.37,7381.11,10000,0.44,PhD,Married,47,No,No,One year,Credit card,0,1
C-1836,Customer 1836,sme,50,92.56,2917.74,10000,0.57,PhD,Single,28,Yes,Fiber optic,Month-to-month,Mailed check,0,1
C-1837,Customer 1837,retail,40,138.59,7601.23,50000,0.64,Masters,Married,50,Yes,DSL,One year,Bank transfer,0,0
C-1838,Customer 1838,enterprise,24,60.38,2946.85,10000,0.8,Bachelors,Single,56,Yes,DSL,Two year,Bank transfer,1,1
C-1839,Customer 1839,enterprise,29,40.72,3880.53,50000,0.32,Bachelors,Married,52,Yes,DSL,Two year,Credit card,0,1
C-1840,Customer 1840,enterprise,46,66.35,3406.06,1000,0.39,Bachelors,Married,50,No,No,Two year,Mailed check,0,1
C-1841,Customer 1841,enterprise,39,50.91,6811.15,1000,0.31,Masters,Married,30,No,No,One year,Credit card,0,1
C-1842,Customer 1842,sme,68,132.2,4368.43,50000,0.82,PhD,Single,74,No,No,Month-to-month,Mailed check,0,0
C-1843,Customer 1843,retail,63,103.89,1662.7,5000,0.45,Masters,Married,29,Yes,DSL,Two year,Mailed check,0,1
C-1844,Customer 1844,sme,15,49.45,5068.44,10000,0.52,PhD,Single,48,Yes,Fiber optic,Two year,Mailed check,0,0
C-1845,Customer 1845,sme,71,78.57,6906.75,10000,0.7,Masters,Single,64,Yes,No,One year,Electronic check,0,0
C-1846,Customer 1846,enterprise,32,136.93,1881.33,50000,0.12,High School,Married,50,No,DSL,Month-to-month,Credit card,0,0
C-1847,Customer 1847,retail,65,142.57,7871.79,1000,0.84,Masters,Married,35,No,DSL,One year,Electronic check,0,1
C-1848,Customer 1848,retail,55,62.86,1271.06,1000,0.47,Bachelors,Single,78,Yes,DSL,Month-to-month,Mailed check,1,1
C-1849,Customer 1849,retail,43,119.04,5724.16,1000,0.72,High School,Single,48,Yes,No,Month-to-month,Credit card,0,1
C-1850,Customer 1850,enterprise,28,20.63,863.01,5000,0.84,Masters,Single,35,No,No,Month-to-month,Credit card,1,0
C-1851,Customer 1851,sme,20,56.25,1913.77,50000,0.53,High School,Single,38,Yes,DSL,Month-to-month,Electronic check,1,0
C-1852,Customer 1852,enterprise,6,95.36,5590.71,10000,0.52,Masters,Single,25,Yes,DSL,Month-to-month,Credit card,0,0
C-1853,Customer 1853,sme,39,139.98,1090.36,1000,0.18,High School,Married,78,No,DSL,One year,Mailed check,0,1
C-1854,Customer 1854,retail,27,115.39,5496.89,5000,0.54,Bachelors,Single,55,No,Fiber optic,One year,Mailed check,0,1
C-1855,Customer 1855,sme,25,54.63,819.21,50000,0.86,Masters,Married,53,No,Fiber optic,Two year,Bank transfer,0,0
C-1856,Customer 1856,enterprise,5,89.88,4188.54,5000,0.32,PhD,Single,61,Yes,Fiber optic,Two year,Credit card,0,1
C-1857,Customer 1857,enterprise,10,58.83,3482.64,10000,0.59,Masters,Married,79,Yes,No,One year,Bank transfer,0,0
C-1858,Customer 1858,sme,6,135.92,7987.8,5000,0.51,PhD,Married,25,Yes,DSL,Month-to-month,Credit card,0,1
C-1859,Customer 1859,enterprise,8,93.25,734.47,5000,0.19,High School,Married,42,No,DSL,Month-to-month,Electronic check,0,1
C-1860,Customer 1860,sme,52,122.17,1553.28,5000,0.82,PhD,Married,52,No,DSL,Month-to-month,Bank transfer,1,1
C-1861,Customer 1861,sme,1,78.78,2313.86,10000,0.36,PhD,Single,21,No,Fiber optic,Month-to-month,Mailed check,0,1
C-1862,Customer 1862,enterprise,47,123.62,1608.04,10000,0.44,PhD,Single,46,Yes,No,Two year,Bank transfer,0,1
C-1863,Customer 1863,sme,42,37.41,5583.21,10000,0.32,Bachelors,Single,40,No,DSL,Two year,Electronic check,0,0
C-1864,Customer 1864,enterprise,4,20.54,1404.95,1000,0.2,Masters,Married,62,Yes,No,Month-to-month,Credit card,0,1
C-1865,Customer 1865,enterprise,20,141.23,2229.66,5000,0.11,Bachelors,Married,63,No,No,Two year,Credit card,0,1
C-1866,Customer 1866,enterprise,26,85.61,3386.05,50000,0.67,Masters,Married,68,Yes,Fiber optic,Two year,Credit card,0,0
C-1867,Customer 1867,sme,12,83.01,3423.98,5000,0.43,High School,Single,49,No,Fiber optic,Two year,Bank transfer,0,1
C-1868,Customer 1868,sme,31,130.39,4741.05,5000,0.55,Bachelors,Married,79,No,No,Month-to-month,Credit card,0,1
C-1869,Customer 1869,retail,52,74.86,815.19,5000,0.47,PhD,Single,75,No,Fiber optic,Two year,Mailed check,0,1
C-1870,Customer 1870,sme,43,103.56,837.87,1000,0.84,PhD,Married,36,No,No,Month-to-month,Credit card,0,1
C-1871,Customer 1871,sme,24,30.72,763.84,1000,0.46,Masters,Single,54,Yes,DSL,One year,Bank transfer,0,1
C-1872,Customer 1872,retail,33,73.43,7349.14,50000,0.43,PhD,Married,46,Yes,DSL,Month-to-month,Credit card,0,0
C-1873,Customer 1873,enterprise,15,77.98,6880.01,10000,0.32,Masters,Married,60,Yes,No,One year,Credit card,0,0
C-1874,Customer 1874,retail,14,106.48,7802.03,1000,0.88,Bachelors,Married,24,No,No,One year,Bank transfer,0,1
C-1875,Customer 1875,retail,21,52.57,600.34,10000,0.18,Bachelors,Married,29,Yes,Fiber optic,Month-to-month,Credit card,1,0
C-1876,Customer 1876,enterprise,47,107.89,2690.2,50000,0.46,PhD,Single,50,Yes,DSL,Two year,Mailed check,0,0
C-1877,Customer 1877,retail,67,31.81,1556.99,10000,0.34,High School,Married,22,Yes,DSL,Month-to-month,Credit card,1,1
C-1878,Customer 1878,enterprise,24,57.73,7961.74,10000,0.2,PhD,Single,56,No,Fiber optic,Month-to-month,Mailed check,0,0
C-1879,Customer 1879,retail,12,81.57,3436.71,10000,0.57,Masters,Single,72,Yes,Fiber optic,Month-to-month,Mailed check,0,0
C-1880,Customer 1880,sme,52,61.38,2668.16,1000,0.46,Bachelors,Single,77,No,DSL,Two year,Mailed check,1,1
C-1881,Customer 1881,retail,34,68.41,825.65,10000,0.32,Masters,Single,74,Yes,No,Two year,Credit card,0,1
C-1882,Customer 1882,sme,19,69.37,1713.84,1000,0.89,Bachelors,Single,30,No,No,One year,Mailed check,0,1
C-1883,Customer 1883,retail,71,121.17,6588.4,10000,0.39,High School,Married,34,No,DSL,One year,Credit card,0,0
C-1884,Customer 1884,sme,19,52.53,4055.23,1000,0.36,PhD,Married,55,Yes,No,Month-to-month,Electronic check,0,1
C-1885,Customer 1885,sme,60,23.37,5265.03,10000,0.31,Masters,Married,52,Yes,DSL,One year,Credit card,0,0
C-1886,Customer 1886,retail,52,71.21,2348.58,1000,0.3,Masters,Single,69,No,Fiber optic,One year,Bank transfer,0,1
C-1887,Customer 1887,sme,60,102.7,5115.36,10000,0.5,High School,Married,58,Yes,Fiber optic,One year,Credit card,1,0
C-1888,Customer 1888,enterprise,54,64.93,7744.34,10000,0.35,Masters,Married,24,No,No,Month-to-month,Electronic check,1,0
C-1889,Customer 1889,retail,56,86.27,7127.76,5000,0.77,PhD,Married,51,Yes,Fiber optic,Two year,Mailed check,0,1
C-1890,Customer 1890,retail,56,83.73,3792.5,1000,0.1,Bachelors,Married,23,No,No,One year,Credit card,0,1
C-1891,Customer 1891,enterprise,15,107.06,6059.82,10000,0.56,PhD,Married,56,Yes,DSL,Month-to-month,Mailed check,1,1
C-1892,Customer 1892,sme,48,78.34,7850.08,10000,0.69,Masters,Single,76,No,No,One year,Credit card,0,1
C-1893,Customer 1893,retail,31,34.81,7246.34,10000,0.59,Masters,Married,19,No,No,Month-to-month,Credit card,1,0
C-1894,Customer 1894,enterprise,41,96.86,6339.98,1000,0.71,Bachelors,Single,64,Yes,Fiber optic,Two year,Mailed check,0,1
C-1895,Customer 1895,enterprise,47,144.29,6916.93,50000,0.64,Masters,Married,25,No,Fiber optic,One year,Credit card,0,0
C-1896,Customer 1896,retail,45,118.33,2391.68,10000,0.16,Masters,Single,46,Yes,DSL,Two year,Bank transfer,0,1
C-1897,Customer 1897,retail,48,37.6,677.61,50000,0.12,PhD,Married,67,No,No,Month-to-month,Credit card,0,0
C-1898,Customer 1898,sme,17,124.96,4770.52,5000,0.71,High School,Married,57,No,Fiber optic,One year,Bank transfer,0,1
C-1899,Customer 1899,retail,15,143.81,2216.98,10000,0.17,High School,Single,53,No,DSL,One year,Electronic check,0,0
C-1900,Customer 1900,enterprise,38,67.21,6257.28,1000,0.16,PhD,Married,75,No,DSL,Two year,Electronic check,0,1
C-1901,Customer 1901,sme,12,125.51,4709.59,50000,0.47,PhD,Single,67,No,No,One year,Bank transfer,1,0
C-1902,Customer 1902,enterprise,15,34.91,1320.76,1000,0.34,PhD,Married,68,Yes,No,Two year,Electronic check,0,1
C-1903,Customer 1903,enterprise,11,96.68,2850.05,5000,0.18,PhD,Single,33,No,DSL,Two year,Bank transfer,0,1
C-1904,Customer 1904,retail,45,22.65,6997.2,10000,0.76,High School,Single,72,No,Fiber optic,Two year,Bank transfer,0,0
C-1905,Customer 1905,sme,43,72.64,1400.15,50000,0.23,Bachelors,Single,79,No,DSL,Two year,Mailed check,0,0
C-1906,Customer 1906,enterprise,20,71.44,4587.12,10000,0.21,Masters,Single,73,No,Fiber optic,Two year,Bank transfer,0,0
C-1907,Customer 1907,retail,65,84.41,2838.25,50000,0.78,PhD,Married,78,No,No,Month-to-month,Bank transfer,0,1
C-1908,Customer 1908,sme,61,114.01,4933.29,5000,0.69,Masters,Single,32,No,No,Two year,Mailed check,0,1
C-1909,Customer 1909,enterprise,31,127.88,6617.76,10000,0.72,Masters,Single,70,Yes,DSL,One year,Bank transfer,1,1
C-1910,Customer 1910,sme,68,30.44,1623.09,5000,0.48,PhD,Single,45,No,Fiber optic,One year,Credit card,1,0
C-1911,Customer 1911,enterprise,67,42.64,7098.04,10000,0.75,Bachelors,Single,31,Yes,No,Two year,Mailed check,0,1
C-1912,Customer 1912,sme,48,39.88,3754.54,5000,0.46,PhD,Single,61,Yes,Fiber optic,One year,Bank transfer,0,1
C-1913,Customer 1913,enterprise,30,32.2,7802.42,10000,0.57,PhD,Single,41,No,DSL,One year,Bank transfer,0,0
C-1914,Customer 1914,sme,26,109.47,1880.74,50000,0.35,High School,Married,62,No,No,One year,Credit card,1,1
C-1915,Customer 1915,retail,58,86.66,2637.1,1000,0.27,Masters,Single,24,No,No,Two year,Electronic check,0,1
C-1916,Customer 1916,enterprise,52,120.17,6288.9,10000,0.75,Bachelors,Single,66,No,DSL,One year,Electronic check,0,1
C-1917,Customer 1917,sme,20,109.19,209.65,10000,0.81,Bachelors,Single,75,No,No,Month-to-month,Credit card,1,1
C-1918,Customer 1918,enterprise,17,132.21,1981.86,50000,0.65,Masters,Married,40,No,Fiber optic,Two year,Mailed check,0,0
C-1919,Customer 1919,enterprise,64,35.13,6807.4,1000,0.39,Bachelors,Single,29,Yes,Fiber optic,Month-to-month,Electronic check,1,1
C-1920,Customer 1920,retail,43,106.25,921.1,10000,0.69,Masters,Married,41,No,DSL,Two year,Mailed check,0,1
C-1921,Customer 1921,sme,2,23.06,6545.1,50000,0.58,Bachelors,Married,41,No,No,One year,Bank transfer,1,0
C-1922,Customer 1922,sme,63,111.91,7413.96,50000,0.3,High School,Single,71,No,No,Month-to-month,Electronic check,0,0
C-1923,Customer 1923,enterprise,7,136.4,773.36,50000,0.25,Masters,Married,23,Yes,DSL,Month-to-month,Credit card,0,0
C-1924,Customer 1924,enterprise,35,96.47,3665.84,1000,0.36,High School,Married,70,Yes,No,Two year,Credit card,0,1
C-1925,Customer 1925,sme,19,44.65,3217.09,10000,0.6,PhD,Married,78,No,DSL,Month-to-month,Credit card,1,1
C-1926,Customer 1926,retail,21,86.55,6376.93,10000,0.65,High School,Married,62,No,Fiber optic,One year,Bank transfer,0,1
C-1927,Customer 1927,sme,29,63.5,584.2,1000,0.54,Bachelors,Single,28,No,Fiber optic,Two year,Electronic check,0,1
C-1928,Customer 1928,sme,7,57.71,6969.3,5000,0.29,Masters,Married,53,No,No,Two year,Mailed check,0,0
C-1929,Customer 1929,enterprise,10,145.23,4669.81,1000,0.35,PhD,Single,65,No,Fiber optic,Two year,Bank transfer,0,1
C-1930,Customer 1930,sme,28,140.8,7560.64,1000,0.52,Masters,Single,32,No,DSL,Month-to-month,Electronic check,0,1
C-1931,Customer 1931,retail,37,36.22,4200.49,50000,0.78,Masters,Single,42,No,DSL,Two year,Credit card,0,0
C-1932,Customer 1932,enterprise,35,21.78,2782.34,1000,0.22,PhD,Married,76,Yes,Fiber optic,Two year,Bank transfer,0,1
C-1933,Customer 1933,retail,5,53.28,3338.28,5000,0.17,Masters,Single,63,Yes,No,Month-to-month,Mailed check,1,1
C-1934,Customer 1934,enterprise,31,81.99,1744.84,10000,0.46,Masters,Married,62,Yes,DSL,One year,Electronic check,0,1
C-1935,Customer 1935,retail,64,65.2,3854.41,10000,0.88,High School,Married,22,Yes,No,One year,Electronic check,0,1
C-1936,Customer 1936,enterprise,6,107.61,6141.07,10000,0.23,Masters,Single,63,No,Fiber optic,Month-to-month,Credit card,1,1
C-1937,Customer 1937,enterprise,69,145.85,3589.05,1000,0.78,Bachelors,Single,43,Yes,DSL,Month-to-month,Bank transfer,1,1
C-1938,Customer 1938,retail,67,65.22,1076.48,5000,0.32,Bachelors,Married,76,Yes,No,Two year,Mailed check,0,1
C-1939,Customer 1939,enterprise,6,100.31,6249.68,5000,0.64,Bachelors,Single,49,No,No,Month-to-month,Credit card,1,1
C-1940,Customer 1940,sme,9,55.68,1206.97,10000,0.42,High School,Married,66,Yes,No,One year,Electronic check,0,0
C-1941,Customer 1941,sme,10,145.04,6574.17,5000,0.44,Bachelors,Married,51,No,Fiber optic,Two year,Electronic check,0,1
C-1942,Customer 1942,sme,3,41.84,5247.91,50000,0.25,High School,Single,33,No,No,Two year,Bank transfer,0,0
C-1943,Customer 1943,retail,23,102.14,4126.22,1000,0.54,Bachelors,Single,29,Yes,Fiber optic,Two year,Bank transfer,0,1
C-1944,Customer 1944,sme,44,35.18,1456.42,1000,0.64,PhD,Single,34,Yes,No,Month-to-month,Bank transfer,0,1
C-1945,Customer 1945,retail,65,53.15,5631.81,50000,0.73,Bachelors,Single,56,Yes,No,Two year,Mailed check,0,0
C-1946,Customer 1946,enterprise,45,148.25,7308.08,5000,0.77,Masters,Single,77,Yes,Fiber optic,Two year,Bank transfer,0,1
C-1947,Customer 1947,sme,24,61.45,3840.24,10000,0.21,Masters,Single,67,Yes,Fiber optic,One year,Mailed check,0,0
C-1948,Customer 1948,enterprise,37,114.08,5520.59,1000,0.2,Masters,Married,25,Yes,Fiber optic,Month-to-month,Mailed check,1,1
C-1949,Customer 1949,retail,41,64.78,7567.82,5000,0.41,Masters,Single,27,Yes,No,One year,Credit card,0,1
C-1950,Customer 1950,sme,14,91.15,7082.63,10000,0.23,Bachelors,Married,36,No,DSL,Two year,Mailed check,0,0
C-1951,Customer 1951,enterprise,34,99.84,592.53,5000,0.6,Masters,Single,32,Yes,Fiber optic,Month-to-month,Mailed check,0,1
C-1952,Customer 1952,retail,13,141.81,1109.76,10000,0.21,Masters,Married,32,No,No,One year,Credit card,1,1
C-1953,Customer 1953,sme,68,56.58,6669.08,1000,0.58,Masters,Single,29,Yes,DSL,Month-to-month,Bank transfer,1,1
C-1954,Customer 1954,sme,28,38.44,7871.73,1000,0.16,PhD,Single,37,No,Fiber optic,Month-to-month,Bank transfer,1,1
C-1955,Customer 1955,sme,1,126.26,2795.65,50000,0.25,Bachelors,Married,73,Yes,No,Month-to-month,Electronic check,0,0
C-1956,Customer 1956,retail,26,109.43,4628.35,10000,0.34,Bachelors,Single,42,Yes,No,Month-to-month,Mailed check,0,1
C-1957,Customer 1957,sme,34,77.23,3151.7,10000,0.57,PhD,Single,61,No,No,Two year,Credit card,0,0
C-1958,Customer 1958,retail,51,58.32,5294.14,50000,0.86,High School,Single,51,No,DSL,Month-to-month,Credit card,1,1
C-1959,Customer 1959,enterprise,12,32.31,2317.07,5000,0.25,Masters,Married,67,No,No,Two year,Electronic check,0,1
C-1960,Customer 1960,enterprise,51,144.61,344.35,10000,0.86,Masters,Single,72,No,DSL,Two year,Electronic check,0,1
C-1961,Customer 1961,enterprise,55,103.15,1189.64,10000,0.5,High School,Married,70,No,DSL,One year,Mailed check,1,1
C-1962,Customer 1962,enterprise,35,56.36,7012.73,10000,0.16,Bachelors,Married,36,Yes,DSL,Month-to-month,Bank transfer,1,0
C-1963,Customer 1963,retail,38,68.26,2262.58,5000,0.22,Bachelors,Single,18,No,No,Month-to-month,Credit card,1,0
C-1964,Customer 1964,enterprise,31,95.59,869.68,1000,0.48,Bachelors,Single,50,Yes,DSL,Month-to-month,Electronic check,1,1
C-1965,Customer 1965,retail,6,108.31,1507.38,10000,0.21,PhD,Single,55,No,No,Month-to-month,Bank transfer,1,0
C-1966,Customer 1966,enterprise,39,130.48,7766.53,10000,0.49,Bachelors,Married,40,Yes,DSL,Month-to-month,Credit card,1,1
C-1967,Customer 1967,enterprise,65,57.76,3441.72,50000,0.26,Masters,Married,38,No,Fiber optic,Month-to-month,Electronic check,0,0
C-1968,Customer 1968,sme,1,35.91,5278.72,10000,0.11,High School,Single,39,No,No,One year,Bank transfer,0,0
C-1969,Customer 1969,retail,20,142.33,3119.47,1000,0.11,High School,Single,67,No,Fiber optic,Month-to-month,Bank transfer,0,1
C-1970,Customer 1970,sme,41,55.06,5693.4,50000,0.25,Masters,Married,78,No,DSL,Month-to-month,Bank transfer,0,0
C-1971,Customer 1971,sme,59,94.81,2630.5,50000,0.12,Bachelors,Single,45,Yes,No,One year,Mailed check,0,0
C-1972,Customer 1972,enterprise,45,88.72,1860.82,5000,0.82,High School,Married,77,No,DSL,Two year,Mailed check,1,1
C-1973,Customer 1973,enterprise,3,113.88,2439.03,10000,0.3,PhD,Married,20,Yes,No,Month-to-month,Bank transfer,0,0
C-1974,Customer 1974,retail,64,105.69,1014.92,5000,0.61,Masters,Married,73,No,DSL,Two year,Mailed check,0,1
C-1975,Customer 1975,retail,60,69.81,6070.2,1000,0.3,PhD,Single,61,No,DSL,Month-to-month,Mailed check,0,1
C-1976,Customer 1976,sme,22,81.73,782.64,5000,0.15,PhD,Single,79,Yes,Fiber optic,Month-to-month,Mailed check,0,1
C-1977,Customer 1977,enterprise,38,80.79,3075.03,50000,0.53,Masters,Married,19,No,Fiber optic,Month-to-month,Credit card,1,1
C-1978,Customer 1978,enterprise,27,86.0,2813.81,1000,0.37,High School,Single,79,Yes,Fiber optic,One year,Electronic check,0,1
C-1979,Customer 1979,enterprise,40,57.21,1559.85,5000,0.23,High School,Married,49,Yes,Fiber optic,Two year,Credit card,0,1
C-1980,Customer 1980,sme,12,77.95,5864.59,50000,0.87,High School,Single,55,Yes,DSL,Month-to-month,Electronic check,1,0
C-1981,Customer 1981,enterprise,26,149.69,6324.08,1000,0.87,Masters,Single,38,Yes,DSL,Month-to-month,Electronic check,1,1
C-1982,Customer 1982,enterprise,49,81.12,6966.14,5000,0.51,Bachelors,Single,48,Yes,DSL,Month-to-month,Credit card,1,1
C-1983,Customer 1983,sme,11,71.3,2482.5,5000,0.42,High School,Single,56,Yes,No,One year,Electronic check,0,1
C-1984,Customer 1984,enterprise,20,109.42,4664.24,50000,0.38,PhD,Single,40,Yes,DSL,Two year,Credit card,0,0
C-1985,Customer 1985,sme,53,61.14,5200.75,10000,0.7,Bachelors,Married,45,Yes,DSL,Month-to-month,Credit card,1,0
C-1986,Customer 1986,retail,6,43.34,4516.92,10000,0.22,High School,Married,29,No,Fiber optic,One year,Mailed check,0,0
C-1987,Customer 1987,retail,13,87.16,7632.67,1000,0.48,Bachelors,Married,78,No,DSL,Two year,Mailed check,0,1
C-1988,Customer 1988,enterprise,33,146.19,6529.41,10000,0.83,Masters,Single,31,No,DSL,One year,Bank transfer,0,1
C-1989,Customer 1989,enterprise,47,141.57,4934.59,50000,0.67,Masters,Married,63,No,DSL,Month-to-month,Credit card,0,0
C-1990,Customer 1990,enterprise,62,64.9,5288.99,10000,0.61,High School,Married,28,No,No,One year,Bank transfer,1,1
C-1991,Customer 1991,enterprise,17,143.32,4574.4,1000,0.15,Masters,Single,32,No,No,Month-to-month,Mailed check,0,1
C-1992,Customer 1992,sme,27,45.85,297.31,10000,0.14,Bachelors,Married,55,No,DSL,One year,Credit card,0,0
C-1993,Customer 1993,retail,10,73.18,4053.98,50000,0.59,Masters,Single,50,No,No,Two year,Credit card,0,0
C-1994,Customer 1994,enterprise,48,114.32,6156.6,10000,0.65,High School,Married,77,Yes,No,Month-to-month,Bank transfer,1,1
C-1995,Customer 1995,sme,7,78.82,5049.23,1000,0.82,PhD,Married,41,No,DSL,Month-to-month,Credit card,1,1
C-1996,Customer 1996,retail,20,111.17,6658.03,5000,0.21,High School,Single,74,No,DSL,One year,Electronic check,0,1
C-1997,Customer 1997,retail,52,132.73,6471.69,1000,0.16,Masters,Married,52,No,Fiber optic,Two year,Credit card,0,1
C-1998,Customer 1998,sme,41,112.29,6460.9,5000,0.63,Masters,Married,57,Yes,DSL,One year,Credit card,1,1
C-1999,Customer 1999,retail,25,143.48,2410.97,10000,0.44,Masters,Married,68,No,No,One year,Bank transfer,0,1
C-2000,Customer 2000,enterprise,12,128.8,6163.11,1000,0.66,Masters,Single,36,No,DSL,One year,Mailed check,0,1
C-2001,Customer 2001,sme,51,108.71,1410.99,50000,0.82,Masters,Single,31,No,DSL,Two year,Mailed check,0,0
C-2002,Customer 2002,retail,12,33.43,2180.12,1000,0.38,PhD,Single,41,Yes,Fiber optic,Month-to-month,Electronic check,0,1
C-2003,Customer 2003,retail,30,105.27,5405.07,50000,0.61,Masters,Single,27,Yes,Fiber optic,Month-to-month,Electronic check,0,0
C-2004,Customer 2004,sme,40,134.95,465.99,5000,0.16,PhD,Married,26,No,No,Month-to-month,Bank transfer,0,1
C-2005,Customer 2005,enterprise,63,74.81,2357.47,5000,0.22,High School,Single,62,Yes,No,Two year,Credit card,0,1
C-2006,Customer 2006,sme,47,36.34,5784.91,10000,0.7,Masters,Married,51,No,Fiber optic,Month-to-month,Credit card,0,0
C-2007,Customer 2007,sme,55,80.4,7568.37,50000,0.43,Masters,Married,56,No,Fiber optic,Month-to-month,Bank transfer,1,0
C-2008,Customer 2008,retail,34,83.06,192.64,50000,0.16,High School,Single,46,Yes,Fiber optic,One year,Bank transfer,0,0
C-2009,Customer 2009,sme,37,116.98,2347.34,50000,0.19,High School,Married,26,Yes,DSL,One year,Credit card,0,0
C-2010,Customer 2010,retail,3,84.16,2298.68,50000,0.11,Bachelors,Married,70,Yes,Fiber optic,Month-to-month,Electronic check,1,0
C-2011,Customer 2011,retail,55,97.41,6972.77,5000,0.34,Masters,Single,40,Yes,No,Month-to-month,Electronic check,1,1
C-2012,Customer 2012,retail,59,131.43,3865.24,5000,0.47,PhD,Married,65,Yes,Fiber optic,Two year,Bank transfer,0,1
C-2013,Customer 2013,enterprise,7,62.89,4777.04,50000,0.53,PhD,Married,40,Yes,Fiber optic,Month-to-month,Mailed check,0,0
C-2014,Customer 2014,sme,66,59.07,7922.97,1000,0.61,High School,Single,70,No,No,One year,Mailed check,0,1
C-2015,Customer 2015,retail,51,48.04,5833.6,10000,0.86,High School,Single,21,Yes,Fiber optic,One year,Bank transfer,0,1
C-2016,Customer 2016,retail,20,36.43,2147.33,10000,0.56,Bachelors,Single,47,No,DSL,Two year,Credit card,0,0
C-2017,Customer 2017,sme,50,42.25,6502.95,50000,0.19,High School,Married,45,Yes,Fiber optic,Two year,Bank transfer,0,0
C-2018,Customer 2018,enterprise,71,136.05,2877.18,1000,0.81,Bachelors,Married,56,No,No,Month-to-month,Credit card,1,1
C-2019,Customer 2019,sme,5,118.21,5125.81,10000,0.42,PhD,Single,48,Yes,No,Two year,Bank transfer,0,1
C-2020,Customer 2020,sme,28,104.94,4122.14,5000,0.35,Masters,Married,78,Yes,DSL,One year,Bank transfer,1,1
C-2021,Customer 2021,sme,39,146.45,4648.28,50000,0.88,High School,Single,74,No,Fiber optic,Two year,Electronic check,1,0
C-2022,Customer 2022,enterprise,50,69.48,526.05,1000,0.2,PhD,Married,40,Yes,Fiber optic,One year,Bank transfer,1,1
C-2023,Customer 2023,sme,70,103.97,2881.29,50000,0.74,Masters,Married,79,No,No,Month-to-month,Electronic check,0,0
C-2024,Customer 2024,retail,18,132.54,4756.03,10000,0.3,Bachelors,Married,59,No,Fiber optic,Two year,Mailed check,0,1
C-2025,Customer 2025,sme,57,42.02,2619.74,5000,0.8,Bachelors,Married,49,Yes,DSL,Month-to-month,Bank transfer,1,1
C-2026,Customer 2026,retail,54,49.49,7854.92,5000,0.42,PhD,Single,37,No,No,Month-to-month,Bank transfer,1,1
C-2027,Customer 2027,enterprise,54,129.49,5932.69,10000,0.4,High School,Single,61,Yes,DSL,Two year,Credit card,0,1
C-2028,Customer 2028,enterprise,51,59.57,3932.42,1000,0.76,Masters,Single,53,Yes,DSL,Month-to-month,Credit card,0,1
C-2029,Customer 2029,enterprise,65,28.04,2674.75,5000,0.28,Bachelors,Single,49,Yes,No,Two year,Mailed check,0,0
C-2030,Customer 2030,enterprise,49,44.21,104.33,50000,0.47,High School,Married,70,Yes,Fiber optic,Month-to-month,Credit card,0,0
C-2031,Customer 2031,sme,37,107.55,5228.12,1000,0.36,Bachelors,Married,51,No,No,One year,Bank transfer,0,1
C-2032,Customer 2032,retail,47,54.88,1367.95,10000,0.4,Masters,Married,38,Yes,DSL,One year,Mailed check,0,1
C-2033,Customer 2033,retail,66,96.75,7006.99,50000,0.66,Bachelors,Married,20,Yes,Fiber optic,One year,Credit card,0,1
C-2034,Customer 2034,enterprise,65,89.57,7426.23,10000,0.28,High School,Single,52,Yes,No,One year,Credit card,0,1
C-2035,Customer 2035,retail,42,93.32,3467.45,50000,0.67,PhD,Single,47,No,DSL,Month-to-month,Mailed check,0,0
C-2036,Customer 2036,sme,56,129.38,2838.18,50000,0.21,Masters,Married,18,No,DSL,Two year,Credit card,0,1
C-2037,Customer 2037,retail,53,122.83,3470.43,50000,0.62,PhD,Married,31,No,DSL,Two year,Electronic check,0,0
C-2038,Customer 2038,enterprise,37,61.24,6644.0,1000,0.59,PhD,Single,49,No,No,Month-to-month,Credit card,0,1
C-2039,Customer 2039,sme,64,39.32,1915.59,1000,0.12,Bachelors,Single,65,No,No,Two year,Electronic check,1,1
C-2040,Customer 2040,retail,21,146.3,392.47,10000,0.65,Masters,Married,50,Yes,No,Two year,Bank transfer,1,1
C-2041,Customer 2041,retail,4,104.87,657.19,10000,0.2,Masters,Married,75,Yes,Fiber optic,Two year,Bank transfer,0,1
C-2042,Customer 2042,retail,3,73.46,3415.78,1000,0.61,Masters,Married,66,Yes,No,Month-to-month,Credit card,1,1
C-2043,Customer 2043,retail,34,131.24,218.59,5000,0.89,Masters,Married,54,No,Fiber optic,One year,Mailed check,0,1
C-2044,Customer 2044,sme,41,82.43,4216.53,50000,0.76,PhD,Married,39,No,DSL,Month-to-month,Mailed check,0,0
C-2045,Customer 2045,enterprise,22,58.33,2063.97,50000,0.41,PhD,Single,25,No,No,Month-to-month,Electronic check,1,0
C-2046,Customer 2046,retail,54,31.5,5755.59,50000,0.68,Masters,Single,26,No,DSL,One year,Credit card,0,0
C-2047,Customer 2047,retail,15,93.23,4949.96,50000,0.26,Masters,Married,73,No,No,Two year,Mailed check,0,0
C-2048,Customer 2048,retail,31,97.52,1560.54,50000,0.54,High School,Married,79,No,No,One year,Electronic check,0,0
C-2049,Customer 2049,enterprise,39,77.96,6519.67,50000,0.66,Bachelors,Married,38,Yes,DSL,One year,Mailed check,0,0
C-2050,Customer 2050,retail,64,108.61,4320.85,50000,0.41,PhD,Married,30,Yes,DSL,Two year,Mailed check,0,0
C-2051,Customer 2051,enterprise,15,124.83,4760.35,5000,0.2,High School,Married,58,No,No,One year,Mailed check,1,1
C-2052,Customer 2052,enterprise,21,131.86,1817.77,5000,0.88,Bachelors,Married,24,No,Fiber optic,Month-to-month,Mailed check,1,1
C-2053,Customer 2053,enterprise,32,131.38,3600.48,10000,0.9,High School,Married,59,No,No,Month-to-month,Electronic check,0,1
C-2054,Customer 2054,enterprise,68,119.33,3959.06,5000,0.4,High School,Married,45,Yes,DSL,Month-to-month,Credit card,0,1
C-2055,Customer 2055,retail,4,50.49,4475.96,10000,0.14,Masters,Single,42,Yes,Fiber optic,One year,Electronic check,0,0
C-2056,Customer 2056,enterprise,5,45.2,1484.84,50000,0.5,Masters,Single,52,No,Fiber optic,One year,Electronic check,1,0
C-2057,Customer 2057,retail,68,58.98,6569.29,1000,0.23,Bachelors,Married,57,No,No,Two year,Bank transfer,0,1
C-2058,Customer 2058,sme,59,34.17,2156.8,50000,0.45,PhD,Single,79,No,No,Month-to-month,Electronic check,0,0
C-2059,Customer 2059,enterprise,6,62.07,3097.13,10000,0.16,PhD,Married,37,No,DSL,Two year,Bank transfer,0,0
C-2060,Customer 2060,enterprise,50,45.38,4956.86,10000,0.24,PhD,Single,56,No,Fiber optic,Month-to-month,Mailed check,1,0
C-2061,Customer 2061,enterprise,49,79.51,5048.16,50000,0.71,Masters,Single,79,No,Fiber optic,Month-to-month,Electronic check,0,1
C-2062,Customer 2062,enterprise,40,116.88,4648.11,10000,0.87,High School,Single,66,No,Fiber optic,Month-to-month,Credit card,1,1
C-2063,Customer 2063,enterprise,37,120.49,2297.03,5000,0.61,Masters,Single,48,Yes,DSL,One year,Credit card,0,1
C-2064,Customer 2064,retail,33,31.44,7184.31,10000,0.71,Masters,Single,44,No,Fiber optic,Two year,Bank transfer,0,1
C-2065,Customer 2065,enterprise,63,66.99,765.19,5000,0.5,PhD,Single,31,No,Fiber optic,Month-to-month,Credit card,0,0
C-2066,Customer 2066,retail,11,147.52,3043.8,1000,0.23,Bachelors,Single,29,No,No,Month-to-month,Credit card,0,1
C-2067,Customer 2067,sme,2,54.13,5892.42,5000,0.18,Masters,Married,20,No,DSL,Two year,Electronic check,0,0
C-2068,Customer 2068,sme,54,23.73,4518.39,10000,0.79,Masters,Single,20,No,No,Month-to-month,Mailed check,0,0
C-2069,Customer 2069,sme,17,90.09,6341.07,10000,0.35,Bachelors,Single,47,No,Fiber optic,One year,Bank transfer,0,1
C-2070,Customer 2070,enterprise,33,26.13,1033.28,5000,0.89,High School,Single,75,Yes,Fiber optic,One year,Mailed check,1,1
C-2071,Customer 2071,enterprise,29,83.95,2139.8,10000,0.52,Masters,Married,51,No,No,Two year,Bank transfer,0,0
C-2072,Customer 2072,sme,15,137.68,6453.79,5000,0.38,Bachelors,Single,77,No,DSL,One year,Mailed check,0,1
C-2073,Customer 2073,retail,38,145.55,5778.66,1000,0.35,Masters,Single,74,Yes,No,Month-to-month,Electronic check,1,1
C-2074,Customer 2074,enterprise,18,69.98,3686.65,5000,0.24,High School,Single,66,No,Fiber optic,Two year,Mailed check,0,1
C-2075,Customer 2075,enterprise,48,96.41,4500.32,5000,0.5,Masters,Married,39,Yes,No,One year,Bank transfer,0,1
C-2076,Customer 2076,retail,23,82.57,2410.45,10000,0.41,High School,Married,66,Yes,No,Month-to-month,Credit card,0,1
C-2077,Customer 2077,sme,63,42.44,1804.36,10000,0.43,PhD,Single,40,Yes,DSL,Two year,Bank transfer,1,0
C-2078,Customer 2078,retail,15,52.55,2149.77,10000,0.77,PhD,Married,22,No,No,Two year,Bank transfer,0,1
C-2079,Customer 2079,enterprise,30,82.22,4366.99,5000,0.76,PhD,Married,50,No,DSL,One year,Electronic check,0,1
C-2080,Customer 2080,enterprise,41,55.9,1967.89,1000,0.49,Bachelors,Married,57,Yes,Fiber optic,One year,Electronic check,0,1
C-2081,Customer 2081,retail,27,39.34,425.14,10000,0.46,High School,Single,74,No,No,One year,Bank transfer,0,1
C-2082,Customer 2082,sme,9,75.08,4154.19,50000,0.45,Masters,Single,58,Yes,No,One year,Electronic check,0,0
C-2083,Customer 2083,retail,14,90.56,1750.47,50000,0.62,PhD,Single,50,No,Fiber optic,Two year,Credit card,0,1
C-2084,Customer 2084,sme,44,114.09,5209.5,1000,0.67,PhD,Married,21,Yes,DSL,One year,Credit card,0,1
C-2085,Customer 2085,enterprise,43,58.42,7159.04,10000,0.6,Masters,Married,53,Yes,DSL,One year,Credit card,0,0
C-2086,Customer 2086,sme,54,137.36,288.82,5000,0.62,High School,Single,57,Yes,DSL,One year,Electronic check,1,1
C-2087,Customer 2087,sme,39,78.51,5699.19,1000,0.62,PhD,Single,65,Yes,No,One year,Electronic check,0,1
C-2088,Customer 2088,sme,10,33.61,2525.76,5000,0.42,Bachelors,Married,28,No,Fiber optic,One year,Credit card,0,0
C-2089,Customer 2089,enterprise,3,77.25,2940.45,10000,0.83,Bachelors,Married,35,Yes,Fiber optic,Two year,Credit card,0,1
C-2090,Customer 2090,enterprise,44,126.13,2792.39,10000,0.3,Masters,Married,21,No,Fiber optic,Two year,Mailed check,0,1
C-2091,Customer 2091,sme,63,61.92,6666.02,1000,0.24,Bachelors,Married,28,No,No,Month-to-month,Mailed check,0,1
C-2092,Customer 2092,sme,35,96.7,843.22,5000,0.15,Bachelors,Single,20,No,No,Two year,Bank transfer,0,1
C-2093,Customer 2093,sme,5,135.26,3226.05,50000,0.22,Masters,Married,76,Yes,No,Month-to-month,Mailed check,1,1
C-2094,Customer 2094,retail,16,73.94,4277.92,10000,0.81,PhD,Single,28,No,DSL,One year,Mailed check,0,1
C-2095,Customer 2095,enterprise,19,89.06,4697.05,50000,0.14,PhD,Single,57,No,Fiber optic,One year,Bank transfer,0,0
C-2096,Customer 2096,sme,22,88.74,5711.24,10000,0.68,Bachelors,Married,18,No,No,One year,Credit card,0,0
C-2097,Customer 2097,enterprise,69,102.46,6435.28,1000,0.61,PhD,Single,26,Yes,No,Month-to-month,Bank transfer,0,1
C-2098,Customer 2098,sme,36,78.19,1493.32,1000,0.35,Masters,Married,74,No,Fiber optic,Month-to-month,Electronic check,0,1
C-2099,Customer 2099,retail,26,126.84,7646.38,1000,0.35,High School,Married,42,No,No,Two year,Bank transfer,1,1
C-2100,Customer 2100,retail,44,141.64,3844.45,1000,0.85,PhD,Married,75,Yes,Fiber optic,Two year,Mailed check,1,1
C-2101,Customer 2101,sme,57,42.85,7667.28,1000,0.19,PhD,Married,59,Yes,No,Month-to-month,Bank transfer,0,1
C-2102,Customer 2102,enterprise,2,96.88,3833.9,1000,0.25,Masters,Married,43,Yes,Fiber optic,Two year,Credit card,1,1
C-2103,Customer 2103,sme,23,107.36,6170.5,10000,0.14,High School,Married,27,No,DSL,Month-to-month,Credit card,0,1
C-2104,Customer 2104,retail,27,51.96,7312.56,50000,0.34,PhD,Married,40,Yes,DSL,Month-to-month,Electronic check,0,0
C-2105,Customer 2105,enterprise,38,107.5,4551.3,5000,0.62,Masters,Married,37,Yes,Fiber optic,One year,Electronic check,0,1
C-2106,Customer 2106,enterprise,13,132.24,3982.31,50000,0.28,Masters,Married,27,Yes,DSL,One year,Bank transfer,1,0
C-2107,Customer 2107,sme,41,101.0,7367.77,10000,0.67,Masters,Married,76,No,DSL,Two year,Credit card,0,1
C-2108,Customer 2108,enterprise,48,55.66,157.2,10000,0.69,PhD,Married,25,No,Fiber optic,Two year,Electronic check,0,0
C-2109,Customer 2109,enterprise,37,97.72,7539.76,50000,0.3,Bachelors,Married,18,Yes,DSL,Month-to-month,Credit card,0,0
C-2110,Customer 2110,retail,62,136.21,5147.45,10000,0.39,PhD,Single,57,No,Fiber optic,Month-to-month,Mailed check,0,1
C-2111,Customer 2111,enterprise,70,119.3,1467.46,50000,0.9,High School,Single,27,Yes,Fiber optic,Two year,Credit card,0,0
C-2112,Customer 2112,sme,13,112.98,7380.98,10000,0.45,Bachelors,Married,40,Yes,Fiber optic,Month-to-month,Credit card,0,0
C-2113,Customer 2113,sme,40,24.09,1708.65,5000,0.39,Masters,Married,58,No,Fiber optic,Two year,Credit card,0,0
C-2114,Customer 2114,retail,45,46.22,3994.33,5000,0.21,Bachelors,Married,41,No,No,One year,Mailed check,0,0
C-2115,Customer 2115,retail,15,99.2,7678.93,5000,0.13,High School,Single,28,No,DSL,One year,Credit card,0,1
C-2116,Customer 2116,enterprise,31,149.58,4045.21,50000,0.64,High School,Married,31,Yes,DSL,Two year,Electronic check,0,0
C-2117,Customer 2117,sme,38,122.5,6023.4,50000,0.29,High School,Married,74,No,Fiber optic,One year,Bank transfer,0,0
C-2118,Customer 2118,sme,48,97.34,7980.58,50000,0.13,PhD,Single,27,Yes,DSL,Two year,Mailed check,0,0
C-2119,Customer 2119,enterprise,13,106.55,4539.1,10000,0.17,Bachelors,Single,22,No,No,Two year,Electronic check,0,0
C-2120,Customer 2120,retail,39,47.39,4422.33,50000,0.35,Bachelors,Married,30,Yes,DSL,Two year,Mailed check,0,0
C-2121,Customer 2121,sme,22,20.01,4666.47,10000,0.84,High School,Married,46,No,DSL,Two year,Electronic check,0,0
C-2122,Customer 2122,sme,11,62.32,1907.16,10000,0.65,High School,Married,27,No,Fiber optic,Two year,Bank transfer,0,0
C-2123,Customer 2123,retail,48,70.96,2060.76,50000,0.42,High School,Married,59,Yes,No,Two year,Credit card,0,1
C-2124,Customer 2124,retail,63,69.22,2199.79,10000,0.82,PhD,Single,29,Yes,No,Month-to-month,Credit card,1,1
C-2125,Customer 2125,retail,29,57.91,4535.52,1000,0.52,PhD,Married,77,Yes,DSL,Month-to-month,Mailed check,0,1
C-2126,Customer 2126,sme,69,132.29,2216.25,50000,0.44,Masters,Married,43,Yes,Fiber optic,Two year,Bank transfer,0,0
C-2127,Customer 2127,sme,67,90.84,643.62,1000,0.53,High School,Married,64,No,Fiber optic,Two year,Mailed check,1,1
C-2128,Customer 2128,sme,41,138.5,2235.37,1000,0.9,Bachelors,Married,76,No,DSL,Month-to-month,Bank transfer,1,1
C-2129,Customer 2129,retail,55,54.67,7680.32,5000,0.8,PhD,Single,45,Yes,No,Two year,Electronic check,0,0
C-2130,Customer 2130,enterprise,67,100.17,2961.49,1000,0.66,PhD,Married,31,No,No,One year,Credit card,0,1
C-2131,Customer 2131,enterprise,13,47.39,2091.96,1000,0.81,PhD,Single,57,Yes,DSL,One year,Credit card,1,1
C-2132,Customer 2132,sme,63,28.41,3805.4,5000,0.35,Bachelors,Single,69,Yes,DSL,Month-to-month,Electronic check,0,0
C-2133,Customer 2133,sme,25,82.08,484.38,1000,0.82,Bachelors,Single,72,Yes,Fiber optic,Month-to-month,Electronic check,0,1
C-2134,Customer 2134,enterprise,29,149.66,3791.67,50000,0.56,Masters,Married,25,Yes,Fiber optic,One year,Credit card,0,0
C-2135,Customer 2135,enterprise,20,133.41,4765.94,1000,0.66,High School,Married,41,Yes,DSL,Two year,Mailed check,0,1
C-2136,Customer 2136,sme,37,80.01,6530.53,50000,0.35,Masters,Married,49,No,DSL,Month-to-month,Electronic check,1,0
C-2137,Customer 2137,sme,54,26.54,1240.13,50000,0.14,Bachelors,Married,22,Yes,DSL,Month-to-month,Bank transfer,1,0
C-2138,Customer 2138,sme,33,81.99,6064.13,50000,0.38,Masters,Single,38,No,DSL,Month-to-month,Bank transfer,0,1
C-2139,Customer 2139,enterprise,71,144.14,5074.78,1000,0.82,Bachelors,Married,55,Yes,DSL,One year,Bank transfer,0,1
C-2140,Customer 2140,sme,40,38.71,4247.17,5000,0.4,Bachelors,Married,19,Yes,Fiber optic,Month-to-month,Credit card,1,0
C-2141,Customer 2141,enterprise,11,104.38,3256.73,1000,0.17,High School,Single,71,No,Fiber optic,One year,Electronic check,0,1
C-2142,Customer 2142,retail,70,122.3,539.56,1000,0.7,High School,Single,43,No,No,One year,Credit card,1,1
C-2143,Customer 2143,sme,66,87.06,1901.75,5000,0.39,High School,Single,73,Yes,Fiber optic,One year,Bank transfer,0,1
C-2144,Customer 2144,sme,41,148.87,1993.31,5000,0.35,Masters,Single,28,No,No,Two year,Bank transfer,0,1
C-2145,Customer 2145,sme,13,73.16,2828.94,50000,0.18,Masters,Single,75,No,No,Month-to-month,Electronic check,0,0
C-2146,Customer 2146,sme,71,120.03,2821.74,50000,0.38,PhD,Single,35,Yes,Fiber optic,One year,Credit card,0,0
C-2147,Customer 2147,sme,12,132.65,1738.36,10000,0.21,Bachelors,Single,71,Yes,DSL,Month-to-month,Electronic check,0,1
C-2148,Customer 2148,sme,55,136.97,1628.08,1000,0.34,Bachelors,Married,30,No,No,One year,Mailed check,0,1
C-2149,Customer 2149,sme,42,27.71,6773.79,10000,0.21,PhD,Married,66,Yes,No,One year,Mailed check,1,0
C-2150,Customer 2150,retail,8,88.12,7308.81,5000,0.83,Bachelors,Single,42,No,DSL,Month-to-month,Mailed check,1,1
C-2151,Customer 2151,enterprise,61,87.91,7563.47,5000,0.21,High School,Married,48,No,DSL,One year,Mailed check,1,1
C-2152,Customer 2152,retail,41,25.82,5637.23,1000,0.39,Masters,Single,29,No,Fiber optic,Two year,Bank transfer,0,1
C-2153,Customer 2153,enterprise,51,108.56,7070.09,1000,0.67,Masters,Single,31,Yes,DSL,Month-to-month,Bank transfer,1,1
C-2154,Customer 2154,retail,37,24.27,3561.22,50000,0.47,Masters,Married,73,No,DSL,Two year,Credit card,0,0
C-2155,Customer 2155,sme,26,39.59,3119.46,1000,0.78,Bachelors,Single,37,No,No,Two year,Credit card,0,1
C-2156,Customer 2156,enterprise,4,117.58,3890.89,10000,0.48,Masters,Single,40,Yes,No,Month-to-month,Credit card,1,1
C-2157,Customer 2157,enterprise,17,74.68,5059.1,5000,0.47,High School,Married,51,No,Fiber optic,Month-to-month,Bank transfer,0,1
C-2158,Customer 2158,retail,67,146.06,109.02,5000,0.35,Masters,Married,57,No,No,One year,Mailed check,0,1
C-2159,Customer 2159,sme,52,105.19,1763.29,50000,0.12,PhD,Married,55,Yes,DSL,Month-to-month,Electronic check,0,0
C-2160,Customer 2160,retail,28,116.59,6614.66,5000,0.1,High School,Married,61,No,DSL,One year,Bank transfer,1,1
C-2161,Customer 2161,enterprise,33,125.38,4484.41,5000,0.37,High School,Single,23,No,No,Month-to-month,Mailed check,0,1
C-2162,Customer 2162,sme,18,92.05,5304.43,10000,0.31,PhD,Single,71,Yes,Fiber optic,Month-to-month,Credit card,1,0
C-2163,Customer 2163,retail,39,117.72,2460.63,50000,0.1,Masters,Married,40,No,DSL,One year,Bank transfer,1,0
C-2164,Customer 2164,retail,11,55.55,790.47,10000,0.79,Bachelors,Single,57,Yes,DSL,Month-to-month,Mailed check,1,1
C-2165,Customer 2165,retail,38,92.51,7307.63,10000,0.1,High School,Single,78,No,No,Two year,Bank transfer,0,0
C-2166,Customer 2166,sme,22,57.48,5782.35,10000,0.67,High School,Single,29,Yes,DSL,Two year,Credit card,0,1
C-2167,Customer 2167,sme,61,119.55,304.97,5000,0.14,High School,Single,42,Yes,DSL,Month-to-month,Credit card,0,1
C-2168,Customer 2168,enterprise,7,57.5,3777.82,5000,0.15,Bachelors,Single,20,No,No,Month-to-month,Bank transfer,0,0
C-2169,Customer 2169,sme,65,42.43,4469.6,50000,0.49,Bachelors,Single,43,Yes,No,Month-to-month,Mailed check,0,0
C-2170,Customer 2170,enterprise,10,90.11,5673.87,1000,0.84,Bachelors,Married,19,No,No,Month-to-month,Mailed check,1,1
C-2171,Customer 2171,enterprise,27,109.31,3691.79,10000,0.8,High School,Single,44,No,Fiber optic,Month-to-month,Electronic check,0,1
C-2172,Customer 2172,retail,52,136.15,3044.05,50000,0.51,Bachelors,Married,25,No,Fiber optic,Month-to-month,Electronic check,0,0
C-2173,Customer 2173,sme,26,55.2,2245.3,50000,0.7,High School,Single,35,Yes,DSL,Two year,Electronic check,0,0
C-2174,Customer 2174,enterprise,69,37.51,4406.78,50000,0.26,PhD,Married,55,No,Fiber optic,Month-to-month,Mailed check,1,1
C-2175,Customer 2175,enterprise,30,38.3,7999.15,10000,0.54,Masters,Married,55,Yes,DSL,Month-to-month,Mailed check,0,0
C-2176,Customer 2176,sme,29,100.6,4363.81,5000,0.51,PhD,Married,52,No,Fiber optic,Month-to-month,Credit card,1,1
C-2177,Customer 2177,enterprise,34,140.15,5700.34,5000,0.62,Masters,Married,74,Yes,Fiber optic,Two year,Electronic check,0,1
C-2178,Customer 2178,sme,69,139.3,5789.35,50000,0.87,Bachelors,Married,34,Yes,Fiber optic,One year,Credit card,0,0
C-2179,Customer 2179,sme,30,83.12,7216.42,10000,0.46,High School,Married,70,Yes,Fiber optic,Two year,Electronic check,1,1
C-2180,Customer 2180,sme,34,128.91,158.36,5000,0.13,High School,Married,41,Yes,No,Month-to-month,Mailed check,1,1
C-2181,Customer 2181,enterprise,16,68.98,3013.66,10000,0.82,Masters,Married,73,Yes,No,Month-to-month,Electronic check,0,1
C-2182,Customer 2182,retail,40,44.9,4041.75,50000,0.15,PhD,Married,48,Yes,Fiber optic,One year,Electronic check,1,0
C-2183,Customer 2183,enterprise,53,143.67,6842.94,50000,0.46,High School,Single,62,No,No,One year,Bank transfer,0,0
C-2184,Customer 2184,enterprise,19,59.08,845.48,10000,0.22,Masters,Single,28,No,No,One year,Electronic check,0,0
C-2185,Customer 2185,enterprise,62,47.69,4402.49,10000,0.86,PhD,Married,26,No,No,Month-to-month,Electronic check,1,0
C-2186,Customer 2186,retail,58,34.32,7036.9,5000,0.41,Masters,Single,74,Yes,Fiber optic,Month-to-month,Electronic check,0,0
C-2187,Customer 2187,enterprise,34,38.96,4100.95,10000,0.8,PhD,Married,18,No,DSL,One year,Mailed check,0,1
C-2188,Customer 2188,sme,22,105.7,3722.77,10000,0.29,Bachelors,Single,38,No,DSL,One year,Bank transfer,0,1
C-2189,Customer 2189,enterprise,59,58.05,7982.62,1000,0.22,High School,Single,61,No,Fiber optic,One year,Mailed check,1,1
C-2190,Customer 2190,enterprise,62,37.66,7737.21,1000,0.25,PhD,Married,74,No,DSL,Month-to-month,Bank transfer,0,1
C-2191,Customer 2191,enterprise,56,78.13,5495.76,50000,0.87,Bachelors,Single,27,No,Fiber optic,One year,Bank transfer,0,0
C-2192,Customer 2192,enterprise,55,95.1,4347.73,50000,0.49,Bachelors,Married,47,No,No,Month-to-month,Bank transfer,1,0
C-2193,Customer 2193,retail,22,122.16,7218.75,50000,0.24,PhD,Married,52,Yes,Fiber optic,Two year,Electronic check,0,0
C-2194,Customer 2194,retail,5,105.62,5982.7,50000,0.18,PhD,Married,37,No,No,Two year,Credit card,0,0
C-2195,Customer 2195,enterprise,64,129.25,5869.99,10000,0.69,Masters,Married,56,Yes,Fiber optic,One year,Credit card,0,1
C-2196,Customer 2196,enterprise,12,126.34,3215.03,10000,0.84,High School,Single,25,Yes,No,Two year,Electronic check,1,1
C-2197,Customer 2197,enterprise,23,96.07,705.3,50000,0.42,Masters,Single,38,Yes,Fiber optic,Two year,Bank transfer,0,1
C-2198,Customer 2198,sme,65,46.69,3568.01,5000,0.85,Bachelors,Single,66,Yes,No,Month-to-month,Bank transfer,0,1
C-2199,Customer 2199,enterprise,3,47.02,1294.71,10000,0.62,Bachelors,Single,59,No,DSL,One year,Bank transfer,1,0
C-2200,Customer 2200,sme,34,67.64,6738.16,1000,0.46,Bachelors,Married,41,No,No,One year,Electronic check,0,1
C-2201,Customer 2201,sme,42,81.62,2907.94,10000,0.53,High School,Single,60,Yes,DSL,Two year,Mailed check,0,0
C-2202,Customer 2202,enterprise,60,82.92,1970.83,10000,0.86,High School,Married,37,Yes,DSL,Month-to-month,Credit card,1,0
C-2203,Customer 2203,sme,26,22.74,4311.4,10000,0.2,PhD,Married,64,Yes,Fiber optic,Month-to-month,Mailed check,1,0
C-2204,Customer 2204,enterprise,21,114.34,1370.68,10000,0.67,Bachelors,Single,74,Yes,Fiber optic,Two year,Credit card,0,1
C-2205,Customer 2205,enterprise,38,80.09,1214.65,10000,0.38,PhD,Single,39,Yes,No,One year,Credit card,0,0
C-2206,Customer 2206,enterprise,4,77.47,2475.97,5000,0.79,PhD,Single,24,Yes,No,Month-to-month,Bank transfer,1,1
C-2207,Customer 2207,retail,5,79.86,3615.53,1000,0.89,High School,Single,21,Yes,DSL,Two year,Electronic check,0,1
C-2208,Customer 2208,sme,65,88.29,1759.28,5000,0.41,PhD,Single,64,No,DSL,One year,Electronic check,1,1
C-2209,Customer 2209,retail,34,88.06,1319.86,50000,0.6,Masters,Married,26,No,Fiber optic,Two year,Electronic check,0,0
C-2210,Customer 2210,retail,2,85.56,7853.32,1000,0.47,Bachelors,Single,72,Yes,DSL,Month-to-month,Credit card,1,1
C-2211,Customer 2211,retail,37,25.99,7511.2,5000,0.12,PhD,Married,37,Yes,DSL,Two year,Bank transfer,0,0
C-2212,Customer 2212,sme,2,97.79,2402.53,1000,0.26,Masters,Married,44,No,DSL,Month-to-month,Bank transfer,0,1
C-2213,Customer 2213,retail,9,39.4,7040.56,50000,0.83,Bachelors,Married,45,No,No,Two year,Credit card,0,0
C-2214,Customer 2214,retail,51,79.51,6302.56,50000,0.65,Masters,Single,45,No,No,Two year,Electronic check,0,0
C-2215,Customer 2215,retail,30,81.96,7556.02,50000,0.12,PhD,Married,63,No,No,Month-to-month,Credit card,0,1
C-2216,Customer 2216,retail,57,100.6,4100.31,1000,0.69,Bachelors,Single,46,No,Fiber optic,Two year,Credit card,0,1
C-2217,Customer 2217,sme,67,91.26,5523.58,10000,0.41,High School,Single,52,No,No,Month-to-month,Bank transfer,1,0
C-2218,Customer 2218,sme,57,69.4,7219.42,10000,0.79,High School,Single,70,No,Fiber optic,Two year,Mailed check,0,1
C-2219,Customer 2219,retail,51,114.26,2717.04,1000,0.74,Masters,Married,41,No,No,One year,Bank transfer,0,1
C-2220,Customer 2220,enterprise,51,149.14,2569.45,10000,0.31,PhD,Married,72,Yes,DSL,One year,Credit card,0,0
C-2221,Customer 2221,retail,35,53.89,7860.56,1000,0.58,PhD,Married,51,No,DSL,One year,Credit card,0,1
C-2222,Customer 2222,enterprise,40,124.18,1250.58,10000,0.44,Masters,Married,71,Yes,Fiber optic,One year,Mailed check,0,1
C-2223,Customer 2223,sme,18,143.67,2496.28,5000,0.55,Bachelors,Single,54,No,DSL,Two year,Credit card,0,1
C-2224,Customer 2224,sme,57,75.78,3917.97,5000,0.19,Bachelors,Single,49,Yes,Fiber optic,Month-to-month,Mailed check,1,1
C-2225,Customer 2225,retail,39,24.98,2381.76,5000,0.35,High School,Married,78,Yes,DSL,Month-to-month,Mailed check,1,0
C-2226,Customer 2226,enterprise,8,42.06,7985.01,10000,0.21,High School,Married,67,Yes,No,Two year,Bank transfer,1,0
C-2227,Customer 2227,retail,17,91.61,4992.03,10000,0.42,PhD,Married,48,No,No,Two year,Credit card,0,0
C-2228,Customer 2228,retail,28,50.71,2392.34,50000,0.49,PhD,Married,36,Yes,DSL,One year,Mailed check,1,0
C-2229,Customer 2229,enterprise,7,149.91,5480.85,50000,0.34,Masters,Married,70,No,No,Two year,Electronic check,0,0
C-2230,Customer 2230,enterprise,53,128.49,2660.34,10000,0.68,PhD,Married,65,No,No,Month-to-month,Bank transfer,1,1
C-2231,Customer 2231,retail,68,122.99,7770.99,10000,0.77,High School,Married,37,No,Fiber optic,Month-to-month,Mailed check,0,1
C-2232,Customer 2232,retail,44,122.81,5535.06,1000,0.2,Masters,Married,55,No,No,Month-to-month,Bank transfer,1,1
C-2233,Customer 2233,sme,20,48.92,4300.59,50000,0.82,Bachelors,Married,19,Yes,DSL,Month-to-month,Credit card,1,0
C-2234,Customer 2234,retail,16,39.93,4687.34,50000,0.5,PhD,Married,61,No,No,Month-to-month,Electronic check,1,1
C-2235,Customer 2235,retail,60,114.17,7634.04,1000,0.71,PhD,Married,26,No,Fiber optic,One year,Mailed check,0,1
C-2236,Customer 2236,sme,59,143.29,6928.74,1000,0.87,PhD,Married,64,Yes,Fiber optic,Month-to-month,Bank transfer,1,1
C-2237,Customer 2237,sme,4,90.77,3114.04,50000,0.85,High School,Single,22,Yes,DSL,Month-to-month,Credit card,0,1
C-2238,Customer 2238,sme,43,53.51,5899.76,1000,0.64,PhD,Married,36,No,No,Two year,Bank transfer,0,1
C-2239,Customer 2239,sme,56,25.74,5117.33,5000,0.74,Masters,Married,32,Yes,No,One year,Bank transfer,0,0
C-2240,Customer 2240,enterprise,18,38.56,2236.66,50000,0.35,Bachelors,Married,49,No,No,One year,Mailed check,0,0
C-2241,Customer 2241,retail,19,126.0,4500.15,1000,0.21,PhD,Married,35,Yes,Fiber optic,Two year,Mailed check,0,1
C-2242,Customer 2242,retail,17,122.41,5452.28,1000,0.47,Masters,Married,23,No,DSL,Two year,Bank transfer,0,1
C-2243,Customer 2243,enterprise,65,69.97,3260.13,5000,0.46,High School,Married,69,No,No,Month-to-month,Bank transfer,0,0
C-2244,Customer 2244,retail,16,140.79,2046.45,1000,0.88,Bachelors,Married,54,No,Fiber optic,One year,Credit card,0,1
C-2245,Customer 2245,enterprise,37,86.01,6578.82,10000,0.38,Bachelors,Married,31,No,No,One year,Electronic check,1,0
C-2246,Customer 2246,sme,35,132.73,1062.32,10000,0.39,Bachelors,Single,35,No,Fiber optic,Month-to-month,Credit card,1,1
C-2247,Customer 2247,enterprise,3,129.9,6135.7,50000,0.89,High School,Married,75,No,No,Month-to-month,Electronic check,0,0
C-2248,Customer 2248,sme,25,20.92,5262.06,10000,0.33,Bachelors,Single,62,Yes,No,Month-to-month,Mailed check,0,0
C-2249,Customer 2249,enterprise,70,65.8,477.13,1000,0.79,PhD,Single,47,No,No,Month-to-month,Credit card,1,1
C-2250,Customer 2250,enterprise,24,112.48,6328.21,1000,0.18,High School,Married,29,Yes,No,Two year,Bank transfer,0,1
C-2251,Customer 2251,sme,63,36.36,7724.74,10000,0.24,Bachelors,Single,60,No,No,Two year,Mailed check,0,0
C-2252,Customer 2252,enterprise,62,137.79,4898.78,1000,0.27,PhD,Single,30,Yes,Fiber optic,Month-to-month,Mailed check,1,1
C-2253,Customer 2253,retail,22,33.75,4742.87,5000,0.18,Bachelors,Married,31,Yes,DSL,Month-to-month,Bank transfer,1,0
C-2254,Customer 2254,sme,14,90.53,4953.65,5000,0.73,High School,Single,29,Yes,No,One year,Mailed check,0,1
C-2255,Customer 2255,retail,21,49.01,7874.05,5000,0.31,Masters,Single,52,Yes,No,One year,Mailed check,0,1
C-2256,Customer 2256,retail,65,87.01,4343.14,1000,0.65,Masters,Single,69,Yes,No,Two year,Mailed check,0,1
C-2257,Customer 2257,sme,68,23.61,6807.61,5000,0.46,PhD,Single,23,No,No,Two year,Electronic check,0,1
C-2258,Customer 2258,enterprise,35,101.65,7115.25,5000,0.89,Bachelors,Single,51,Yes,No,Two year,Electronic check,0,1
C-2259,Customer 2259,sme,25,139.15,7753.73,10000,0.56,High School,Single,23,Yes,Fiber optic,Month-to-month,Bank transfer,0,1
C-2260,Customer 2260,sme,58,97.09,5247.09,1000,0.58,Bachelors,Single,22,Yes,Fiber optic,Month-to-month,Mailed check,0,1
C-2261,Customer 2261,retail,12,66.15,1944.09,5000,0.44,High School,Single,66,No,DSL,Two year,Bank transfer,0,1
C-2262,Customer 2262,retail,1,131.66,6455.25,10000,0.51,Masters,Single,32,Yes,DSL,Month-to-month,Mailed check,1,1
C-2263,Customer 2263,enterprise,69,31.26,6369.01,1000,0.66,Bachelors,Married,43,Yes,DSL,Two year,Bank transfer,0,1
C-2264,Customer 2264,retail,49,114.24,7680.48,1000,0.87,High School,Single,54,Yes,No,Month-to-month,Credit card,1,1
C-2265,Customer 2265,retail,27,89.71,1677.51,5000,0.8,PhD,Single,28,No,Fiber optic,One year,Mailed check,0,1
C-2266,Customer 2266,enterprise,47,53.83,5524.91,1000,0.45,Bachelors,Married,71,Yes,DSL,One year,Bank transfer,0,1
C-2267,Customer 2267,retail,48,51.78,6208.54,50000,0.75,Masters,Married,54,No,DSL,One year,Mailed check,0,0
C-2268,Customer 2268,enterprise,62,39.89,5790.05,5000,0.67,High School,Single,23,No,No,One year,Mailed check,1,0
C-2269,Customer 2269,enterprise,58,56.26,5536.03,10000,0.49,High School,Married,54,Yes,DSL,Month-to-month,Mailed check,0,0
C-2270,Customer 2270,sme,67,99.02,4135.34,1000,0.33,Masters,Single,19,Yes,DSL,Two year,Electronic check,0,1
C-2271,Customer 2271,sme,37,65.96,1348.37,10000,0.25,PhD,Single,49,Yes,Fiber optic,Month-to-month,Bank transfer,0,0
C-2272,Customer 2272,enterprise,32,74.77,5042.53,5000,0.14,High School,Married,20,Yes,Fiber optic,Two year,Bank transfer,0,1
C-2273,Customer 2273,sme,66,128.19,6680.35,50000,0.72,Bachelors,Married,22,Yes,DSL,Two year,Electronic check,0,0
C-2274,Customer 2274,sme,18,25.32,7369.35,1000,0.4,Masters,Single,47,No,No,Two year,Mailed check,0,1
C-2275,Customer 2275,enterprise,5,134.68,6178.35,50000,0.4,PhD,Single,40,No,DSL,Month-to-month,Bank transfer,1,0
C-2276,Customer 2276,retail,56,20.03,2420.54,10000,0.5,Bachelors,Single,19,Yes,DSL,Month-to-month,Bank transfer,0,0
C-2277,Customer 2277,enterprise,6,95.64,1473.26,50000,0.35,High School,Married,57,Yes,DSL,Month-to-month,Mailed check,1,0
C-2278,Customer 2278,retail,64,53.17,2987.21,1000,0.75,PhD,Single,62,No,Fiber optic,One year,Credit card,0,1
C-2279,Customer 2279,enterprise,22,85.32,593.58,5000,0.76,Bachelors,Single,21,No,No,Month-to-month,Credit card,1,1
C-2280,Customer 2280,sme,29,85.54,7529.29,50000,0.8,High School,Single,36,Yes,Fiber optic,Two year,Mailed check,1,0
C-2281,Customer 2281,enterprise,40,98.13,4454.49,5000,0.83,Masters,Single,23,No,DSL,One year,Electronic check,0,1
C-2282,Customer 2282,enterprise,51,74.27,767.53,10000,0.11,Masters,Single,72,No,Fiber optic,Two year,Mailed check,0,0
C-2283,Customer 2283,sme,52,117.53,949.82,10000,0.53,Masters,Single,44,Yes,Fiber optic,Two year,Bank transfer,0,1
C-2284,Customer 2284,retail,7,87.83,4750.97,50000,0.55,PhD,Married,78,Yes,DSL,Month-to-month,Bank transfer,0,1
C-2285,Customer 2285,retail,52,74.39,660.96,50000,0.7,Bachelors,Married,31,Yes,No,Two year,Bank transfer,0,0
C-2286,Customer 2286,retail,18,33.06,4767.08,1000,0.85,PhD,Single,35,Yes,DSL,Month-to-month,Credit card,0,1
C-2287,Customer 2287,sme,64,81.12,4306.34,50000,0.23,PhD,Single,42,Yes,Fiber optic,Two year,Mailed check,0,0
C-2288,Customer 2288,enterprise,64,78.59,7853.42,1000,0.35,High School,Married,54,No,DSL,One year,Bank transfer,0,1
C-2289,Customer 2289,retail,37,76.62,1761.12,50000,0.69,High School,Married,52,Yes,No,One year,Mailed check,0,0
C-2290,Customer 2290,retail,3,119.58,3059.0,10000,0.82,High School,Married,42,No,DSL,One year,Bank transfer,1,1
C-2291,Customer 2291,enterprise,25,111.86,3765.54,10000,0.51,Bachelors,Single,49,Yes,DSL,One year,Electronic check,0,1
C-2292,Customer 2292,sme,38,36.3,6457.35,5000,0.17,Masters,Single,79,No,No,One year,Bank transfer,0,1
C-2293,Customer 2293,sme,26,79.99,2108.26,10000,0.64,High School,Single,18,No,Fiber optic,Two year,Credit card,0,1
C-2294,Customer 2294,enterprise,62,65.12,629.23,10000,0.17,High School,Single,54,No,Fiber optic,Two year,Mailed check,1,1
C-2295,Customer 2295,enterprise,11,85.28,7729.48,10000,0.16,High School,Single,35,Yes,DSL,Two year,Electronic check,0,0
C-2296,Customer 2296,sme,34,37.43,1331.53,5000,0.29,PhD,Single,70,No,No,Month-to-month,Credit card,0,1
C-2297,Customer 2297,enterprise,38,91.74,3623.08,10000,0.37,Masters,Married,36,No,DSL,Two year,Mailed check,0,1
C-2298,Customer 2298,sme,51,115.96,2708.12,1000,0.65,Masters,Single,69,Yes,No,One year,Mailed check,0,1
C-2299,Customer 2299,sme,49,22.32,5494.25,50000,0.58,Masters,Married,39,No,No,One year,Mailed check,1,0
C-2300,Customer 2300,retail,7,136.62,7557.6,10000,0.88,High School,Single,65,Yes,DSL,Month-to-month,Credit card,1,1
C-2301,Customer 2301,sme,25,142.12,2925.3,50000,0.21,PhD,Married,19,No,Fiber optic,Two year,Electronic check,0,0
C-2302,Customer 2302,sme,28,135.87,7111.25,1000,0.66,Masters,Single,42,No,DSL,Month-to-month,Bank transfer,1,1
C-2303,Customer 2303,retail,40,82.65,5640.71,50000,0.66,High School,Single,20,No,DSL,Month-to-month,Mailed check,1,0
C-2304,Customer 2304,retail,33,47.0,759.17,1000,0.85,Bachelors,Married,60,Yes,Fiber optic,Month-to-month,Electronic check,0,1
C-2305,Customer 2305,enterprise,61,128.38,7807.68,10000,0.83,High School,Married,36,Yes,Fiber optic,Month-to-month,Mailed check,0,1
C-2306,Customer 2306,retail,56,121.6,1910.51,50000,0.25,High School,Married,58,Yes,Fiber optic,Month-to-month,Mailed check,0,0
C-2307,Customer 2307,sme,44,21.48,1721.85,50000,0.66,Masters,Single,58,Yes,DSL,One year,Electronic check,0,0
C-2308,Customer 2308,sme,39,80.16,7096.06,5000,0.63,Masters,Single,22,No,Fiber optic,Two year,Bank transfer,0,1
C-2309,Customer 2309,sme,44,53.22,653.64,5000,0.74,Bachelors,Single,63,Yes,DSL,One year,Electronic check,0,1
C-2310,Customer 2310,enterprise,47,64.28,6947.19,50000,0.78,Bachelors,Single,69,No,DSL,One year,Electronic check,0,1
C-2311,Customer 2311,sme,54,138.76,6356.06,50000,0.32,High School,Single,62,No,Fiber optic,Two year,Credit card,0,1
C-2312,Customer 2312,enterprise,5,57.44,5497.66,5000,0.39,PhD,Married,67,Yes,DSL,One year,Bank transfer,0,1
C-2313,Customer 2313,sme,40,82.06,7055.0,5000,0.86,PhD,Married,53,Yes,Fiber optic,One year,Mailed check,0,1
C-2314,Customer 2314,sme,19,133.33,3742.6,50000,0.3,Bachelors,Single,70,No,Fiber optic,Month-to-month,Mailed check,0,0
C-2315,Customer 2315,enterprise,42,102.43,3210.11,10000,0.83,High School,Single,79,Yes,DSL,One year,Electronic check,0,1
C-2316,Customer 2316,retail,17,62.39,1105.77,5000,0.85,PhD,Married,20,No,No,One year,Electronic check,0,1
C-2317,Customer 2317,retail,34,99.79,7867.65,50000,0.57,Bachelors,Single,40,No,No,One year,Credit card,0,0
C-2318,Customer 2318,enterprise,22,68.38,3795.24,1000,0.24,Bachelors,Single,30,No,No,Two year,Electronic check,0,1
C-2319,Customer 2319,sme,56,108.0,5407.89,5000,0.83,Masters,Single,47,No,No,One year,Electronic check,0,1
C-2320,Customer 2320,sme,64,101.78,6628.94,50000,0.47,Masters,Married,33,Yes,DSL,Two year,Bank transfer,0,0
C-2321,Customer 2321,sme,36,141.83,3844.1,1000,0.74,PhD,Single,35,No,DSL,One year,Electronic check,1,1
C-2322,Customer 2322,enterprise,40,47.38,1459.9,5000,0.64,High School,Single,66,No,No,Month-to-month,Credit card,0,1
C-2323,Customer 2323,sme,68,119.76,238.41,50000,0.74,Masters,Married,60,No,DSL,Month-to-month,Mailed check,0,1
C-2324,Customer 2324,retail,20,140.99,3143.52,10000,0.57,High School,Married,23,No,Fiber optic,Month-to-month,Bank transfer,0,1
C-2325,Customer 2325,sme,12,57.61,4302.1,10000,0.21,PhD,Married,66,Yes,Fiber optic,Two year,Mailed check,0,1
C-2326,Customer 2326,enterprise,6,109.27,1534.0,1000,0.51,PhD,Single,54,Yes,No,Month-to-month,Mailed check,0,1
C-2327,Customer 2327,sme,54,31.74,5627.2,10000,0.43,PhD,Married,40,Yes,Fiber optic,One year,Credit card,0,0
C-2328,Customer 2328,enterprise,11,68.14,520.69,10000,0.21,Bachelors,Single,74,No,DSL,One year,Bank transfer,0,0
C-2329,Customer 2329,retail,14,43.78,3854.52,5000,0.14,PhD,Single,38,No,Fiber optic,Two year,Credit card,0,0
C-2330,Customer 2330,sme,51,71.58,4240.02,5000,0.52,Masters,Married,76,No,No,Two year,Mailed check,0,1
C-2331,Customer 2331,enterprise,29,112.73,1480.15,50000,0.79,PhD,Married,44,No,Fiber optic,Month-to-month,Electronic check,0,0
C-2332,Customer 2332,enterprise,53,36.07,610.85,5000,0.72,Bachelors,Single,29,Yes,DSL,Month-to-month,Credit card,0,1
C-2333,Customer 2333,enterprise,12,136.53,5861.23,5000,0.4,PhD,Single,71,No,DSL,Two year,Electronic check,1,1
C-2334,Customer 2334,sme,62,88.6,5959.56,50000,0.26,Bachelors,Single,51,Yes,Fiber optic,Two year,Electronic check,0,0
C-2335,Customer 2335,retail,47,106.4,7200.56,50000,0.23,PhD,Single,36,No,DSL,One year,Electronic check,0,1
C-2336,Customer 2336,sme,56,70.76,5764.04,1000,0.63,High School,Single,38,Yes,Fiber optic,One year,Credit card,0,1
C-2337,Customer 2337,enterprise,65,95.83,5552.82,1000,0.43,Masters,Single,64,Yes,No,Two year,Electronic check,0,1
C-2338,Customer 2338,sme,67,36.15,6832.49,5000,0.16,Masters,Married,57,No,No,Two year,Bank transfer,0,0
C-2339,Customer 2339,retail,56,102.51,286.73,50000,0.12,Masters,Married,19,No,DSL,One year,Credit card,0,0
C-2340,Customer 2340,enterprise,17,123.58,2496.89,50000,0.59,PhD,Married,61,No,DSL,Two year,Electronic check,0,0
C-2341,Customer 2341,sme,2,84.1,1674.83,10000,0.27,Masters,Single,55,Yes,No,Two year,Mailed check,0,0
C-2342,Customer 2342,sme,1,95.65,5422.5,10000,0.34,Masters,Single,55,No,DSL,Month-to-month,Mailed check,1,1
C-2343,Customer 2343,enterprise,3,26.76,6082.19,1000,0.24,Masters,Married,60,Yes,No,One year,Bank transfer,0,1
C-2344,Customer 2344,retail,38,80.01,6437.07,50000,0.22,High School,Married,76,Yes,DSL,Two year,Mailed check,0,0
C-2345,Customer 2345,enterprise,44,92.01,2094.52,50000,0.43,Masters,Single,48,No,DSL,One year,Electronic check,1,0
C-2346,Customer 2346,enterprise,60,35.16,104.95,50000,0.48,Masters,Single,56,Yes,Fiber optic,Two year,Electronic check,0,0
C-2347,Customer 2347,enterprise,18,75.45,3408.93,50000,0.58,High School,Single,25,Yes,DSL,Month-to-month,Mailed check,1,0
C-2348,Customer 2348,retail,69,136.93,2742.3,5000,0.78,PhD,Single,39,No,No,Month-to-month,Bank transfer,0,1
C-2349,Customer 2349,enterprise,20,51.8,538.33,5000,0.12,High School,Married,71,Yes,No,Month-to-month,Electronic check,1,0
C-2350,Customer 2350,sme,30,115.38,7801.72,5000,0.25,Masters,Single,51,Yes,Fiber optic,Month-to-month,Credit card,1,1
C-2351,Customer 2351,retail,6,131.24,491.93,10000,0.51,Bachelors,Married,50,Yes,No,One year,Bank transfer,0,1
C-2352,Customer 2352,retail,57,43.99,2357.79,1000,0.54,PhD,Single,75,No,DSL,Two year,Bank transfer,0,1
C-2353,Customer 2353,retail,53,105.22,7326.65,1000,0.66,PhD,Single,20,Yes,DSL,Month-to-month,Mailed check,0,1
C-2354,Customer 2354,retail,5,84.55,1521.41,10000,0.34,Masters,Married,54,Yes,No,Month-to-month,Bank transfer,0,1
C-2355,Customer 2355,retail,63,130.34,6729.74,1000,0.85,High School,Single,49,No,Fiber optic,Month-to-month,Credit card,1,1
C-2356,Customer 2356,sme,28,49.48,4917.39,1000,0.79,Masters,Single,71,No,No,Month-to-month,Bank transfer,0,1
C-2357,Customer 2357,retail,31,48.83,7867.97,1000,0.85,Masters,Single,30,Yes,No,Two year,Mailed check,0,1
C-2358,Customer 2358,enterprise,3,86.51,6546.15,5000,0.28,Bachelors,Single,29,Yes,Fiber optic,Two year,Bank transfer,0,1
C-2359,Customer 2359,enterprise,14,56.82,7227.91,1000,0.7,Masters,Married,63,No,Fiber optic,Two year,Bank transfer,0,1
C-2360,Customer 2360,retail,12,76.03,5977.15,50000,0.27,Masters,Married,33,Yes,DSL,One year,Credit card,0,0
C-2361,Customer 2361,retail,42,45.5,577.08,5000,0.3,Masters,Married,27,Yes,DSL,One year,Electronic check,0,0
C-2362,Customer 2362,retail,26,41.46,2366.1,1000,0.52,PhD,Married,56,No,DSL,Month-to-month,Credit card,1,1
C-2363,Customer 2363,enterprise,55,144.13,700.58,5000,0.36,PhD,Single,73,Yes,No,One year,Electronic check,0,1
C-2364,Customer 2364,retail,30,139.95,2901.75,5000,0.85,High School,Single,24,Yes,No,Two year,Electronic check,0,1
C-2365,Customer 2365,sme,31,56.4,7377.04,1000,0.75,PhD,Single,33,Yes,No,Month-to-month,Bank transfer,0,1
C-2366,Customer 2366,sme,50,46.44,6106.87,50000,0.33,PhD,Single,32,Yes,No,Month-to-month,Bank transfer,1,0
C-2367,Customer 2367,retail,39,90.26,5591.89,5000,0.85,Masters,Married,77,No,No,Two year,Electronic check,0,1
C-2368,Customer 2368,enterprise,58,131.81,3898.6,5000,0.86,Masters,Married,44,No,Fiber optic,One year,Bank transfer,0,1
C-2369,Customer 2369,enterprise,3,117.28,5273.45,50000,0.81,High School,Married,67,Yes,Fiber optic,Two year,Electronic check,0,0
C-2370,Customer 2370,enterprise,35,136.68,6944.72,1000,0.29,Bachelors,Single,36,Yes,No,Two year,Credit card,1,1
C-2371,Customer 2371,retail,70,97.44,1978.11,50000,0.66,Masters,Single,22,Yes,Fiber optic,Two year,Electronic check,0,1
C-2372,Customer 2372,sme,39,53.12,5883.8,50000,0.82,Bachelors,Married,41,No,No,Two year,Credit card,0,0
C-2373,Customer 2373,sme,3,23.74,7863.84,1000,0.48,Masters,Single,23,No,DSL,Two year,Bank transfer,1,1
C-2374,Customer 2374,sme,8,72.14,1176.94,1000,0.87,PhD,Married,39,Yes,No,Month-to-month,Mailed check,0,1
C-2375,Customer 2375,retail,66,83.32,1018.5,50000,0.36,Bachelors,Single,77,No,No,Month-to-month,Electronic check,0,0
C-2376,Customer 2376,sme,66,126.54,452.3,50000,0.25,High School,Married,78,Yes,Fiber optic,One year,Electronic check,1,0
C-2377,Customer 2377,retail,3,73.38,3060.08,10000,0.2,High School,Married,44,No,Fiber optic,One year,Electronic check,0,0
C-2378,Customer 2378,sme,36,81.68,5024.02,1000,0.21,Bachelors,Single,74,No,Fiber optic,Month-to-month,Mailed check,0,1
C-2379,Customer 2379,sme,45,100.14,4277.22,10000,0.48,High School,Married,74,Yes,Fiber optic,Two year,Bank transfer,0,1
C-2380,Customer 2380,retail,37,34.06,7956.64,50000,0.89,PhD,Single,67,Yes,DSL,Month-to-month,Credit card,0,1
C-2381,Customer 2381,enterprise,37,30.84,6665.67,1000,0.34,High School,Single,31,Yes,No,One year,Mailed check,0,1
C-2382,Customer 2382,enterprise,11,20.6,1019.3,50000,0.84,Masters,Married,43,No,No,Month-to-month,Bank transfer,0,0
C-2383,Customer 2383,retail,50,43.94,1043.94,1000,0.12,High School,Single,19,Yes,DSL,Month-to-month,Electronic check,0,1
C-2384,Customer 2384,sme,41,102.23,7627.18,1000,0.5,Masters,Married,24,No,DSL,One year,Mailed check,0,1
C-2385,Customer 2385,sme,8,68.67,171.01,1000,0.49,Bachelors,Single,39,No,No,Month-to-month,Mailed check,1,1
C-2386,Customer 2386,sme,65,35.33,1932.96,5000,0.8,PhD,Single,62,No,DSL,One year,Mailed check,1,0
C-2387,Customer 2387,sme,68,101.09,7222.21,50000,0.89,Bachelors,Single,42,Yes,No,Two year,Mailed check,0,0
C-2388,Customer 2388,sme,39,85.63,6815.28,10000,0.89,High School,Single,30,No,DSL,Month-to-month,Mailed check,0,1
C-2389,Customer 2389,retail,35,40.35,905.24,5000,0.59,High School,Single,38,Yes,No,Month-to-month,Mailed check,0,1
C-2390,Customer 2390,retail,55,108.52,3565.26,1000,0.59,Bachelors,Single,68,No,No,Month-to-month,Credit card,1,1
C-2391,Customer 2391,retail,18,97.0,5924.95,5000,0.84,PhD,Married,25,No,DSL,One year,Bank transfer,0,1
C-2392,Customer 2392,enterprise,25,95.38,6113.22,50000,0.22,Masters,Married,29,No,Fiber optic,One year,Credit card,0,0
C-2393,Customer 2393,enterprise,19,36.25,3251.37,5000,0.83,Bachelors,Married,25,No,DSL,Month-to-month,Bank transfer,1,1
C-2394,Customer 2394,enterprise,4,116.69,2493.48,5000,0.67,High School,Married,78,Yes,No,Two year,Credit card,0,1
C-2395,Customer 2395,retail,52,97.03,5838.21,5000,0.11,Masters,Single,43,No,DSL,Month-to-month,Electronic check,1,0
C-2396,Customer 2396,enterprise,34,121.44,5079.44,10000,0.17,PhD,Single,43,No,No,Two year,Mailed check,0,1
C-2397,Customer 2397,enterprise,34,20.4,4389.77,50000,0.27,PhD,Single,35,Yes,DSL,One year,Electronic check,0,0
C-2398,Customer 2398,retail,57,146.39,1661.17,50000,0.23,High School,Single,57,No,DSL,One year,Bank transfer,0,0
C-2399,Customer 2399,enterprise,58,57.24,227.62,50000,0.12,PhD,Single,39,No,No,Two year,Credit card,0,0
C-2400,Customer 2400,enterprise,55,94.56,3460.97,5000,0.23,Masters,Married,46,Yes,Fiber optic,Month-to-month,Credit card,1,1
C-2401,Customer 2401,retail,18,116.55,2316.92,10000,0.33,PhD,Married,65,No,Fiber optic,Two year,Bank transfer,0,1
C-2402,Customer 2402,retail,47,25.86,7251.66,1000,0.6,Bachelors,Single,71,No,DSL,One year,Credit card,1,1
C-2403,Customer 2403,enterprise,8,136.23,868.73,5000,0.68,Masters,Single,35,No,DSL,Month-to-month,Bank transfer,0,1
C-2404,Customer 2404,enterprise,40,77.86,185.89,10000,0.62,High School,Married,46,Yes,No,One year,Credit card,1,1
C-2405,Customer 2405,retail,27,49.14,145.5,5000,0.16,Masters,Single,27,No,DSL,Month-to-month,Bank transfer,0,0
C-2406,Customer 2406,enterprise,21,59.08,1764.04,10000,0.1,High School,Married,28,No,No,One year,Bank transfer,1,0
C-2407,Customer 2407,sme,30,87.2,7872.03,10000,0.55,Masters,Single,53,No,No,One year,Mailed check,1,0
C-2408,Customer 2408,retail,22,64.16,1256.89,1000,0.23,Masters,Single,73,No,Fiber optic,Month-to-month,Mailed check,1,1
C-2409,Customer 2409,enterprise,67,42.64,960.83,5000,0.17,Masters,Single,28,Yes,DSL,One year,Mailed check,0,0
C-2410,Customer 2410,sme,1,110.49,6930.65,1000,0.39,Bachelors,Married,29,No,DSL,Two year,Electronic check,1,1
C-2411,Customer 2411,sme,59,80.85,1237.2,50000,0.71,Masters,Married,44,No,Fiber optic,Month-to-month,Electronic check,1,0
C-2412,Customer 2412,enterprise,8,64.47,4310.43,50000,0.27,Bachelors,Married,45,Yes,Fiber optic,Two year,Mailed check,1,0
C-2413,Customer 2413,sme,33,69.87,5853.83,5000,0.66,Bachelors,Married,24,No,Fiber optic,Two year,Bank transfer,0,1
C-2414,Customer 2414,sme,71,98.24,2330.55,50000,0.14,Masters,Married,40,No,No,Two year,Bank transfer,0,0
C-2415,Customer 2415,enterprise,52,44.43,1759.25,10000,0.52,High School,Single,29,No,No,One year,Mailed check,1,0
C-2416,Customer 2416,sme,63,79.26,1893.63,1000,0.85,Bachelors,Married,72,No,DSL,Two year,Bank transfer,1,1
C-2417,Customer 2417,sme,18,31.01,1258.67,5000,0.86,High School,Single,48,No,Fiber optic,One year,Credit card,0,1
C-2418,Customer 2418,enterprise,66,23.66,4562.99,50000,0.3,Masters,Single,32,Yes,No,One year,Electronic check,0,0
C-2419,Customer 2419,enterprise,36,63.35,7127.38,5000,0.26,High School,Single,29,No,Fiber optic,Month-to-month,Credit card,0,1
C-2420,Customer 2420,enterprise,11,70.85,6107.49,5000,0.37,PhD,Married,59,No,No,Month-to-month,Bank transfer,0,1
C-2421,Customer 2421,sme,15,59.5,4676.0,10000,0.46,High School,Married,68,Yes,No,Month-to-month,Bank transfer,0,0
C-2422,Customer 2422,retail,4,124.75,2849.25,5000,0.33,Bachelors,Married,77,No,No,Month-to-month,Bank transfer,1,1
C-2423,Customer 2423,sme,68,25.86,1089.05,5000,0.84,Bachelors,Married,20,No,DSL,Month-to-month,Mailed check,0,0
C-2424,Customer 2424,enterprise,58,36.22,5751.01,10000,0.54,Bachelors,Married,41,Yes,Fiber optic,Two year,Mailed check,0,0
C-2425,Customer 2425,sme,58,119.52,7477.5,50000,0.6,PhD,Single,34,Yes,Fiber optic,Month-to-month,Electronic check,0,1
C-2426,Customer 2426,sme,59,79.05,105.42,50000,0.66,Bachelors,Married,23,No,DSL,Two year,Credit card,0,1
C-2427,Customer 2427,retail,34,72.67,2194.49,10000,0.67,PhD,Married,64,No,DSL,Two year,Bank transfer,0,1
C-2428,Customer 2428,retail,23,26.24,7481.61,1000,0.81,High School,Single,73,No,No,Two year,Electronic check,0,1
C-2429,Customer 2429,retail,36,41.89,1507.65,10000,0.53,High School,Single,40,No,DSL,Month-to-month,Bank transfer,0,0
C-2430,Customer 2430,sme,10,95.53,1765.43,50000,0.64,Masters,Married,42,No,Fiber optic,One year,Mailed check,1,1
C-2431,Customer 2431,sme,54,145.21,2950.48,5000,0.74,Bachelors,Single,69,No,No,Month-to-month,Credit card,0,1
C-2432,Customer 2432,enterprise,46,33.43,5502.45,50000,0.82,Masters,Single,53,Yes,DSL,Month-to-month,Credit card,1,0
C-2433,Customer 2433,enterprise,35,87.38,3165.53,10000,0.61,Bachelors,Married,55,No,DSL,One year,Bank transfer,0,0
C-2434,Customer 2434,retail,66,139.92,3929.23,5000,0.83,Bachelors,Married,75,Yes,No,Two year,Electronic check,0,1
C-2435,Customer 2435,sme,56,91.51,2678.33,50000,0.62,Bachelors,Single,51,No,DSL,One year,Bank transfer,0,0
C-2436,Customer 2436,retail,20,49.35,2448.07,50000,0.44,Bachelors,Single,73,No,No,One year,Bank transfer,0,0
C-2437,Customer 2437,retail,61,21.45,615.15,50000,0.3,Bachelors,Single,38,No,No,Month-to-month,Credit card,1,1
C-2438,Customer 2438,enterprise,27,45.02,1096.84,10000,0.14,Bachelors,Married,33,No,DSL,One year,Credit card,0,0
C-2439,Customer 2439,enterprise,5,99.3,680.01,1000,0.85,High School,Married,46,No,DSL,One year,Bank transfer,0,1
C-2440,Customer 2440,retail,65,103.06,3524.03,5000,0.78,Bachelors,Married,64,No,DSL,Two year,Electronic check,0,1
C-2441,Customer 2441,retail,24,32.35,3550.19,50000,0.32,High School,Single,40,No,DSL,Month-to-month,Electronic check,0,1
C-2442,Customer 2442,sme,34,127.3,7468.36,1000,0.2,Bachelors,Single,73,Yes,No,Two year,Electronic check,0,1
C-2443,Customer 2443,enterprise,13,79.45,3017.01,50000,0.49,High School,Married,49,No,DSL,One year,Credit card,0,1
C-2444,Customer 2444,sme,60,114.33,3700.43,1000,0.3,High School,Single,25,Yes,No,Month-to-month,Electronic check,1,1
C-2445,Customer 2445,sme,61,115.76,7743.95,1000,0.69,High School,Married,36,No,No,Month-to-month,Electronic check,1,1
C-2446,Customer 2446,sme,1,25.14,5127.63,1000,0.34,Masters,Single,74,No,No,Two year,Mailed check,0,1
C-2447,Customer 2447,retail,71,125.46,1002.24,50000,0.64,Masters,Single,45,No,Fiber optic,Two year,Credit card,0,0
C-2448,Customer 2448,enterprise,11,100.45,5998.59,5000,0.53,High School,Married,34,Yes,DSL,Two year,Credit card,0,1
C-2449,Customer 2449,sme,50,123.63,5279.76,50000,0.41,PhD,Married,60,No,Fiber optic,Month-to-month,Bank transfer,1,1
C-2450,Customer 2450,retail,30,146.29,3479.19,50000,0.31,Masters,Single,67,No,DSL,One year,Mailed check,0,0
C-2451,Customer 2451,sme,56,96.4,7104.46,10000,0.3,High School,Single,25,Yes,DSL,One year,Bank transfer,0,0
C-2452,Customer 2452,enterprise,3,104.45,7544.48,50000,0.18,Masters,Married,69,Yes,No,Two year,Mailed check,1,1
C-2453,Customer 2453,enterprise,57,28.74,4184.76,10000,0.25,Bachelors,Married,42,No,No,Two year,Mailed check,0,0
C-2454,Customer 2454,enterprise,57,106.88,3803.68,5000,0.45,PhD,Single,44,No,No,Two year,Electronic check,0,1
C-2455,Customer 2455,sme,58,41.42,3409.42,50000,0.45,Bachelors,Married,77,No,DSL,Two year,Bank transfer,0,1
C-2456,Customer 2456,sme,44,93.24,6912.59,1000,0.52,Masters,Single,59,No,Fiber optic,Month-to-month,Mailed check,1,1
C-2457,Customer 2457,enterprise,4,91.22,7020.87,5000,0.39,PhD,Single,28,No,Fiber optic,Month-to-month,Mailed check,0,1
C-2458,Customer 2458,retail,16,81.39,7877.23,10000,0.1,PhD,Married,20,Yes,DSL,One year,Credit card,0,1
C-2459,Customer 2459,retail,47,42.52,5366.0,5000,0.65,Masters,Married,65,No,No,Month-to-month,Electronic check,0,0
C-2460,Customer 2460,retail,35,20.62,2116.72,10000,0.38,PhD,Married,71,Yes,No,Month-to-month,Mailed check,0,0
C-2461,Customer 2461,sme,9,65.04,1426.19,10000,0.29,High School,Single,63,Yes,No,Two year,Electronic check,1,0
C-2462,Customer 2462,retail,60,74.87,4440.42,5000,0.82,Masters,Married,54,Yes,No,One year,Mailed check,0,1
C-2463,Customer 2463,sme,33,87.93,2295.01,1000,0.64,Bachelors,Married,46,No,DSL,One year,Bank transfer,0,1
C-2464,Customer 2464,enterprise,21,59.7,2141.17,50000,0.72,PhD,Married,79,Yes,No,Two year,Bank transfer,0,0
C-2465,Customer 2465,sme,64,39.78,4274.27,50000,0.48,Masters,Married,58,Yes,No,Two year,Credit card,0,0
C-2466,Customer 2466,sme,55,71.57,7677.17,10000,0.87,High School,Married,44,No,No,Two year,Credit card,0,1
C-2467,Customer 2467,retail,13,77.88,4044.9,50000,0.21,High School,Single,70,Yes,No,Month-to-month,Electronic check,1,0
C-2468,Customer 2468,retail,65,70.42,7711.92,10000,0.19,Bachelors,Married,27,No,No,One year,Electronic check,0,1
C-2469,Customer 2469,enterprise,66,33.43,4191.85,10000,0.56,Masters,Married,48,Yes,No,Month-to-month,Credit card,0,0
C-2470,Customer 2470,enterprise,9,34.43,685.21,1000,0.58,Masters,Married,35,No,Fiber optic,Two year,Credit card,0,1
C-2471,Customer 2471,sme,21,144.05,1867.95,5000,0.5,Masters,Married,42,No,Fiber optic,One year,Electronic check,0,1
C-2472,Customer 2472,retail,8,42.09,613.75,1000,0.9,High School,Single,79,Yes,DSL,One year,Mailed check,0,1
C-2473,Customer 2473,sme,29,86.22,7736.31,5000,0.88,Bachelors,Single,19,No,DSL,Two year,Bank transfer,0,1
C-2474,Customer 2474,retail,56,81.27,1857.41,10000,0.24,Masters,Single,34,Yes,No,Month-to-month,Credit card,0,0
C-2475,Customer 2475,sme,7,123.85,1090.32,50000,0.78,PhD,Married,64,No,Fiber optic,Month-to-month,Electronic check,1,1
C-2476,Customer 2476,enterprise,14,25.31,3453.96,50000,0.42,Bachelors,Married,39,Yes,DSL,Month-to-month,Electronic check,0,0
C-2477,Customer 2477,sme,43,148.27,5824.68,10000,0.71,High School,Single,18,No,No,Month-to-month,Bank transfer,0,1
C-2478,Customer 2478,sme,49,121.29,3511.24,50000,0.68,Bachelors,Single,42,Yes,DSL,Month-to-month,Electronic check,1,0
C-2479,Customer 2479,retail,10,112.65,1293.94,10000,0.84,PhD,Single,43,No,No,Month-to-month,Electronic check,1,1
C-2480,Customer 2480,sme,63,40.87,947.73,50000,0.72,High School,Single,40,Yes,DSL,Two year,Credit card,0,0
C-2481,Customer 2481,sme,21,127.8,6161.67,1000,0.35,High School,Single,51,Yes,No,Two year,Electronic check,0,1
C-2482,Customer 2482,enterprise,6,29.07,7403.55,1000,0.81,Masters,Single,28,Yes,Fiber optic,Two year,Credit card,1,1
C-2483,Customer 2483,enterprise,37,122.35,2389.06,5000,0.55,Bachelors,Married,33,Yes,No,Month-to-month,Credit card,0,1
C-2484,Customer 2484,enterprise,28,56.67,5277.0,5000,0.12,Bachelors,Married,56,Yes,Fiber optic,Two year,Bank transfer,1,0
C-2485,Customer 2485,retail,34,82.7,5571.57,1000,0.38,Bachelors,Single,22,No,No,One year,Bank transfer,0,1
C-2486,Customer 2486,enterprise,15,31.81,3532.68,50000,0.33,High School,Married,66,No,No,Month-to-month,Mailed check,1,0
C-2487,Customer 2487,sme,30,149.03,4906.97,5000,0.58,Masters,Single,44,Yes,DSL,Month-to-month,Bank transfer,0,1
C-2488,Customer 2488,sme,30,86.29,3476.98,10000,0.78,High School,Single,35,Yes,DSL,Two year,Mailed check,0,1
C-2489,Customer 2489,retail,15,132.74,5125.82,5000,0.19,High School,Married,32,Yes,No,One year,Credit card,0,1
C-2490,Customer 2490,enterprise,69,26.16,4832.87,10000,0.34,PhD,Married,31,No,Fiber optic,Month-to-month,Electronic check,0,0
C-2491,Customer 2491,retail,25,107.34,6083.54,1000,0.29,Masters,Single,55,Yes,No,Two year,Bank transfer,0,1
C-2492,Customer 2492,enterprise,2,136.48,6119.67,1000,0.14,PhD,Single,56,Yes,No,One year,Credit card,0,1
C-2493,Customer 2493,retail,71,106.51,3766.7,1000,0.31,Bachelors,Single,69,No,DSL,One year,Mailed check,0,1
C-2494,Customer 2494,enterprise,8,105.62,1160.27,50000,0.52,Masters,Single,43,Yes,Fiber optic,Month-to-month,Mailed check,1,0
C-2495,Customer 2495,sme,8,93.23,3941.05,10000,0.32,Masters,Married,55,No,No,Two year,Bank transfer,0,0
C-2496,Customer 2496,sme,15,121.69,1593.87,5000,0.85,Masters,Married,76,No,Fiber optic,One year,Mailed check,0,1
C-2497,Customer 2497,sme,21,28.24,911.68,10000,0.3,Bachelors,Married,69,No,No,Month-to-month,Bank transfer,1,0
C-2498,Customer 2498,retail,67,40.31,4948.42,5000,0.78,High School,Single,19,Yes,No,Two year,Bank transfer,0,1
C-2499,Customer 2499,sme,14,43.25,4388.65,50000,0.31,PhD,Single,30,No,No,One year,Bank transfer,1,0
C-2500,Customer 2500,sme,20,92.09,3999.74,1000,0.29,Masters,Single,31,No,No,One year,Mailed check,0,1
C-2501,Customer 2501,enterprise,19,108.78,5047.5,10000,0.55,PhD,Married,23,No,Fiber optic,One year,Mailed check,1,0
C-2502,Customer 2502,retail,28,27.98,4326.61,5000,0.69,Masters,Single,37,No,No,Two year,Bank transfer,0,0
C-2503,Customer 2503,sme,41,33.19,6168.12,1000,0.28,Bachelors,Single,34,No,Fiber optic,One year,Electronic check,0,1
C-2504,Customer 2504,enterprise,22,42.81,4084.46,1000,0.74,High School,Single,33,Yes,No,Month-to-month,Credit card,1,1
C-2505,Customer 2505,enterprise,13,46.95,3776.55,5000,0.82,Masters,Married,42,Yes,Fiber optic,Two year,Bank transfer,0,1
C-2506,Customer 2506,retail,61,24.94,3217.39,50000,0.15,PhD,Married,21,No,No,Month-to-month,Electronic check,0,0
C-2507,Customer 2507,retail,45,72.26,7427.02,50000,0.1,High School,Married,46,Yes,No,One year,Credit card,1,0
C-2508,Customer 2508,retail,28,135.11,6224.18,5000,0.47,PhD,Single,20,Yes,Fiber optic,Two year,Bank transfer,0,1
C-2509,Customer 2509,retail,37,106.21,7672.98,10000,0.17,High School,Married,20,Yes,Fiber optic,Two year,Credit card,0,1
C-2510,Customer 2510,retail,15,149.37,1718.19,50000,0.86,High School,Married,28,No,Fiber optic,One year,Electronic check,0,0
C-2511,Customer 2511,enterprise,30,93.25,3140.43,50000,0.77,Bachelors,Single,70,Yes,No,Month-to-month,Electronic check,0,0
C-2512,Customer 2512,retail,53,22.38,7577.78,1000,0.61,Masters,Single,27,Yes,Fiber optic,One year,Mailed check,0,1
C-2513,Customer 2513,enterprise,58,95.65,2800.21,5000,0.73,High School,Single,44,Yes,No,Two year,Mailed check,0,1
C-2514,Customer 2514,retail,49,130.48,7034.92,1000,0.21,Masters,Married,69,No,Fiber optic,One year,Mailed check,0,1
C-2515,Customer 2515,enterprise,68,112.25,4810.29,1000,0.67,PhD,Single,69,Yes,Fiber optic,One year,Electronic check,0,1
C-2516,Customer 2516,sme,65,57.81,3768.5,10000,0.15,Masters,Married,27,Yes,DSL,One year,Mailed check,0,0
C-2517,Customer 2517,enterprise,13,143.11,4601.42,50000,0.87,High School,Single,64,No,DSL,Month-to-month,Credit card,1,0
C-2518,Customer 2518,enterprise,30,135.24,3339.06,50000,0.7,Masters,Married,60,Yes,DSL,One year,Electronic check,0,0
C-2519,Customer 2519,enterprise,71,115.04,2958.56,1000,0.12,PhD,Single,74,Yes,DSL,Month-to-month,Mailed check,1,1
C-2520,Customer 2520,sme,49,80.16,2228.92,10000,0.43,Masters,Married,79,Yes,Fiber optic,One year,Credit card,0,0
C-2521,Customer 2521,sme,8,142.85,609.94,10000,0.79,High School,Married,29,Yes,Fiber optic,One year,Mailed check,1,1
C-2522,Customer 2522,sme,65,107.09,5741.6,50000,0.5,Masters,Married,66,No,No,Two year,Mailed check,0,0
C-2523,Customer 2523,retail,61,134.3,7806.71,1000,0.42,Masters,Married,68,No,Fiber optic,Two year,Electronic check,0,1
C-2524,Customer 2524,enterprise,26,104.27,7040.49,10000,0.33,PhD,Married,67,Yes,No,Month-to-month,Credit card,0,1
C-2525,Customer 2525,sme,18,94.59,583.77,1000,0.56,PhD,Married,78,Yes,DSL,One year,Bank transfer,0,1
C-2526,Customer 2526,retail,24,25.4,4938.83,50000,0.77,Bachelors,Single,68,Yes,DSL,One year,Bank transfer,0,0
C-2527,Customer 2527,sme,50,95.48,6150.0,1000,0.87,Bachelors,Married,36,Yes,Fiber optic,One year,Mailed check,0,1
C-2528,Customer 2528,retail,52,22.38,863.49,10000,0.88,PhD,Single,61,No,Fiber optic,Two year,Credit card,0,0
C-2529,Customer 2529,sme,56,84.58,7434.05,5000,0.23,High School,Married,51,Yes,DSL,One year,Bank transfer,0,1
C-2530,Customer 2530,retail,6,77.69,1331.83,1000,0.7,Masters,Single,59,Yes,No,One year,Electronic check,1,1
C-2531,Customer 2531,sme,42,46.02,6786.11,10000,0.1,High School,Married,50,No,No,One year,Electronic check,0,1
C-2532,Customer 2532,enterprise,2,64.87,3059.39,10000,0.48,PhD,Married,48,Yes,Fiber optic,One year,Bank transfer,0,1
C-2533,Customer 2533,sme,35,60.89,7447.1,10000,0.82,Bachelors,Married,29,No,DSL,Month-to-month,Electronic check,0,0
C-2534,Customer 2534,retail,11,74.48,1566.76,10000,0.48,Bachelors,Single,44,Yes,DSL,Two year,Credit card,0,1
C-2535,Customer 2535,retail,8,129.46,2880.25,50000,0.5,Bachelors,Single,59,Yes,Fiber optic,Two year,Mailed check,0,0
C-2536,Customer 2536,retail,52,88.32,851.74,50000,0.74,High School,Single,27,No,DSL,Two year,Electronic check,0,0
C-2537,Customer 2537,retail,15,69.03,3034.39,1000,0.79,Bachelors,Married,48,Yes,Fiber optic,Two year,Electronic check,0,1
C-2538,Customer 2538,retail,23,41.48,1262.9,50000,0.26,Masters,Married,74,Yes,No,Two year,Bank transfer,1,0
C-2539,Customer 2539,enterprise,39,131.82,1795.81,50000,0.57,PhD,Married,58,No,DSL,Two year,Mailed check,0,0
C-2540,Customer 2540,retail,41,43.57,4032.72,10000,0.79,Masters,Married,23,Yes,DSL,Month-to-month,Bank transfer,0,0
C-2541,Customer 2541,sme,62,66.03,6204.95,10000,0.79,High School,Single,62,Yes,DSL,Month-to-month,Credit card,1,1
C-2542,Customer 2542,retail,48,47.55,4289.99,1000,0.11,High School,Single,73,No,DSL,Two year,Electronic check,0,1
C-2543,Customer 2543,retail,63,124.47,2993.96,5000,0.67,Bachelors,Married,69,Yes,No,Month-to-month,Electronic check,1,1
C-2544,Customer 2544,enterprise,23,115.7,5507.02,50000,0.7,Masters,Married,75,No,DSL,Month-to-month,Credit card,1,0
C-2545,Customer 2545,sme,31,60.23,5939.59,1000,0.89,High School,Single,37,Yes,DSL,One year,Bank transfer,0,1
C-2546,Customer 2546,retail,26,79.31,4359.61,50000,0.12,PhD,Married,79,Yes,No,One year,Credit card,0,0
C-2547,Customer 2547,enterprise,44,60.04,5502.54,1000,0.57,Masters,Married,34,Yes,No,Two year,Mailed check,0,1
C-2548,Customer 2548,enterprise,62,108.03,840.1,10000,0.37,High School,Married,31,No,Fiber optic,Month-to-month,Electronic check,0,1
C-2549,Customer 2549,retail,17,62.24,7218.51,10000,0.29,Masters,Single,41,No,DSL,One year,Mailed check,0,0
C-2550,Customer 2550,enterprise,6,113.3,3059.62,5000,0.65,Bachelors,Married,29,Yes,Fiber optic,One year,Electronic check,0,1
C-2551,Customer 2551,sme,28,49.27,1854.16,5000,0.35,High School,Married,67,No,No,One year,Bank transfer,1,1
C-2552,Customer 2552,retail,69,21.97,980.3,5000,0.28,PhD,Married,39,Yes,DSL,Two year,Credit card,0,0
C-2553,Customer 2553,enterprise,26,78.36,7155.22,1000,0.23,High School,Married,21,Yes,DSL,One year,Credit card,1,1
C-2554,Customer 2554,sme,71,60.52,7115.58,50000,0.44,Bachelors,Married,26,Yes,Fiber optic,One year,Bank transfer,0,0
C-2555,Customer 2555,enterprise,27,101.48,6163.08,50000,0.84,Masters,Married,69,Yes,No,Month-to-month,Mailed check,0,0
C-2556,Customer 2556,enterprise,58,108.85,1246.37,50000,0.43,Masters,Married,18,Yes,No,Month-to-month,Electronic check,0,0
C-2557,Customer 2557,sme,29,80.06,3951.27,10000,0.32,Bachelors,Married,38,Yes,No,Month-to-month,Credit card,0,1
C-2558,Customer 2558,enterprise,71,97.77,3399.68,5000,0.58,High School,Single,68,Yes,DSL,Two year,Bank transfer,0,1
C-2559,Customer 2559,enterprise,27,31.77,7137.63,50000,0.69,Masters,Married,42,Yes,DSL,One year,Mailed check,0,1
C-2560,Customer 2560,retail,38,86.54,1303.15,50000,0.28,Masters,Single,47,Yes,No,Two year,Bank transfer,0,0
C-2561,Customer 2561,enterprise,62,20.3,4297.79,5000,0.6,Masters,Single,59,Yes,Fiber optic,Month-to-month,Electronic check,0,0
C-2562,Customer 2562,sme,2,124.81,5458.26,10000,0.45,Bachelors,Single,63,Yes,Fiber optic,Month-to-month,Mailed check,0,1
C-2563,Customer 2563,enterprise,57,72.22,6924.83,1000,0.41,Masters,Married,79,Yes,Fiber optic,One year,Credit card,0,1
C-2564,Customer 2564,retail,39,81.8,6260.13,10000,0.52,High School,Married,24,No,DSL,Two year,Mailed check,0,1
C-2565,Customer 2565,retail,69,104.71,5667.27,10000,0.56,High School,Married,43,No,Fiber optic,One year,Credit card,0,1
C-2566,Customer 2566,enterprise,43,60.47,6704.26,5000,0.44,PhD,Married,43,No,DSL,One year,Electronic check,0,1
C-2567,Customer 2567,retail,52,27.09,2639.78,10000,0.58,Bachelors,Single,39,No,DSL,Month-to-month,Mailed check,0,0
C-2568,Customer 2568,enterprise,33,90.19,6998.48,10000,0.24,Bachelors,Single,54,Yes,No,Two year,Electronic check,0,1
C-2569,Customer 2569,enterprise,36,76.95,1085.56,10000,0.79,Bachelors,Married,35,Yes,No,Month-to-month,Credit card,0,1
C-2570,Customer 2570,enterprise,16,93.73,4474.24,50000,0.25,Bachelors,Single,47,No,DSL,Two year,Bank transfer,0,0
C-2571,Customer 2571,sme,33,72.17,489.95,10000,0.39,PhD,Single,59,No,No,Month-to-month,Mailed check,1,1
C-2572,Customer 2572,retail,2,36.5,1944.43,5000,0.21,Masters,Single,47,No,No,One year,Credit card,0,1
C-2573,Customer 2573,sme,62,69.59,4829.26,1000,0.85,High School,Married,46,Yes,No,Two year,Credit card,0,1
C-2574,Customer 2574,sme,8,48.08,6218.06,5000,0.76,High School,Married,44,Yes,No,Month-to-month,Mailed check,1,0
C-2575,Customer 2575,retail,15,120.2,7775.84,5000,0.18,PhD,Single,60,No,No,Two year,Mailed check,0,1
C-2576,Customer 2576,enterprise,1,98.71,5590.68,1000,0.66,PhD,Single,23,Yes,No,Two year,Electronic check,0,1
C-2577,Customer 2577,enterprise,17,82.35,3605.51,50000,0.27,High School,Single,60,Yes,DSL,One year,Bank transfer,0,0
C-2578,Customer 2578,enterprise,19,130.97,1870.03,50000,0.86,PhD,Married,26,No,No,Month-to-month,Mailed check,1,0
C-2579,Customer 2579,enterprise,21,65.66,1248.32,10000,0.1,PhD,Married,43,Yes,No,Two year,Credit card,0,0
C-2580,Customer 2580,retail,45,101.0,2938.91,1000,0.13,Bachelors,Married,43,Yes,DSL,Two year,Bank transfer,1,1
C-2581,Customer 2581,sme,16,28.14,2533.12,50000,0.25,High School,Single,55,No,DSL,One year,Mailed check,1,0
C-2582,Customer 2582,retail,48,83.75,5769.04,5000,0.31,PhD,Married,23,No,DSL,Month-to-month,Credit card,1,1
C-2583,Customer 2583,sme,54,144.1,5831.32,5000,0.44,High School,Single,34,Yes,DSL,Month-to-month,Bank transfer,0,1
C-2584,Customer 2584,enterprise,7,111.29,2010.88,5000,0.13,Bachelors,Married,47,Yes,No,Month-to-month,Mailed check,1,1
C-2585,Customer 2585,retail,24,93.49,4483.77,10000,0.56,Masters,Single,61,Yes,No,Month-to-month,Mailed check,1,1
C-2586,Customer 2586,retail,28,120.92,3837.88,50000,0.83,High School,Single,21,Yes,No,Two year,Electronic check,1,0
C-2587,Customer 2587,sme,55,77.98,6088.14,50000,0.69,High School,Single,40,No,DSL,One year,Electronic check,0,0
C-2588,Customer 2588,enterprise,24,23.24,5641.76,50000,0.11,PhD,Married,40,No,Fiber optic,One year,Credit card,0,0
C-2589,Customer 2589,retail,4,98.98,5344.43,5000,0.39,High School,Married,56,No,No,Month-to-month,Bank transfer,0,1
C-2590,Customer 2590,sme,58,54.27,7067.76,50000,0.34,Bachelors,Single,62,No,Fiber optic,Month-to-month,Mailed check,0,0
C-2591,Customer 2591,sme,44,70.54,3990.77,50000,0.36,PhD,Married,77,Yes,DSL,Two year,Credit card,1,0
C-2592,Customer 2592,enterprise,60,60.78,3608.57,1000,0.18,High School,Single,18,Yes,No,One year,Credit card,0,1
C-2593,Customer 2593,retail,67,139.21,1787.7,5000,0.41,Bachelors,Married,29,No,No,One year,Mailed check,0,1
C-2594,Customer 2594,enterprise,69,149.91,3888.43,5000,0.58,Masters,Single,41,Yes,DSL,Two year,Credit card,0,1
C-2595,Customer 2595,retail,47,74.8,5849.09,1000,0.87,Bachelors,Single,67,No,DSL,Two year,Credit card,0,1
C-2596,Customer 2596,sme,67,81.26,3214.15,5000,0.89,PhD,Single,21,Yes,No,Month-to-month,Credit card,0,1
C-2597,Customer 2597,sme,7,36.99,6831.55,5000,0.33,High School,Married,38,Yes,DSL,One year,Bank transfer,0,1
C-2598,Customer 2598,retail,3,21.77,2808.51,5000,0.39,Bachelors,Single,70,Yes,Fiber optic,Month-to-month,Mailed check,0,1
C-2599,Customer 2599,retail,52,139.18,1163.02,10000,0.83,PhD,Single,49,No,DSL,One year,Credit card,0,1
C-2600,Customer 2600,sme,11,75.73,5090.87,1000,0.47,PhD,Single,44,Yes,Fiber optic,Two year,Electronic check,0,1
C-2601,Customer 2601,retail,41,87.8,3450.31,50000,0.23,Masters,Married,52,No,DSL,Month-to-month,Mailed check,0,0
C-2602,Customer 2602,enterprise,26,37.78,2090.68,50000,0.28,Bachelors,Single,29,Yes,DSL,One year,Electronic check,0,1
C-2603,Customer 2603,enterprise,62,34.55,3470.7,50000,0.4,High School,Married,36,No,No,Two year,Credit card,0,1
C-2604,Customer 2604,sme,28,71.08,6454.08,50000,0.27,PhD,Married,68,No,No,Two year,Electronic check,0,0
C-2605,Customer 2605,retail,1,125.14,3323.39,50000,0.49,Bachelors,Single,19,No,No,Month-to-month,Mailed check,0,0
C-2606,Customer 2606,sme,61,144.72,6365.87,10000,0.2,Bachelors,Single,28,No,DSL,One year,Bank transfer,0,1
C-2607,Customer 2607,retail,31,65.94,3619.6,10000,0.21,Bachelors,Single,38,No,DSL,Two year,Bank transfer,0,0
C-2608,Customer 2608,enterprise,7,25.85,6385.1,5000,0.67,High School,Married,28,Yes,No,Two year,Credit card,0,0
C-2609,Customer 2609,sme,63,32.57,7512.11,1000,0.75,High School,Married,77,Yes,DSL,Two year,Credit card,0,1
C-2610,Customer 2610,enterprise,71,55.07,7513.33,10000,0.54,Bachelors,Single,64,No,Fiber optic,Month-to-month,Mailed check,0,0
C-2611,Customer 2611,sme,20,75.57,1411.39,10000,0.38,Bachelors,Married,74,Yes,Fiber optic,Two year,Credit card,0,1
C-2612,Customer 2612,sme,67,38.27,4835.51,5000,0.44,PhD,Single,38,No,DSL,One year,Credit card,1,1
C-2613,Customer 2613,sme,10,62.98,3101.92,10000,0.65,Bachelors,Married,59,Yes,No,Month-to-month,Bank transfer,1,1
C-2614,Customer 2614,retail,63,128.49,7405.14,10000,0.23,PhD,Single,63,No,Fiber optic,Month-to-month,Bank transfer,1,1
C-2615,Customer 2615,enterprise,10,24.5,1801.78,50000,0.22,Masters,Married,51,Yes,No,Two year,Bank transfer,0,0
C-2616,Customer 2616,retail,40,68.27,2363.48,50000,0.27,PhD,Married,46,No,DSL,One year,Electronic check,1,0
C-2617,Customer 2617,enterprise,9,78.13,7840.42,10000,0.14,High School,Single,44,No,DSL,Two year,Mailed check,0,0
C-2618,Customer 2618,sme,31,42.3,4816.75,10000,0.14,Masters,Single,56,No,Fiber optic,One year,Credit card,0,0
C-2619,Customer 2619,retail,63,89.26,1276.3,1000,0.15,Masters,Single,18,Yes,No,Month-to-month,Credit card,1,1
C-2620,Customer 2620,enterprise,32,103.43,1592.78,5000,0.82,High School,Married,69,Yes,Fiber optic,One year,Electronic check,1,1
C-2621,Customer 2621,retail,19,78.24,4076.49,10000,0.18,Masters,Single,54,Yes,Fiber optic,One year,Bank transfer,0,1
C-2622,Customer 2622,enterprise,3,67.33,5713.0,1000,0.61,High School,Married,66,No,No,Month-to-month,Credit card,0,1
C-2623,Customer 2623,sme,60,35.27,6516.07,5000,0.14,Masters,Married,77,Yes,No,Month-to-month,Electronic check,0,1
C-2624,Customer 2624,retail,20,53.38,3731.19,50000,0.87,Bachelors,Single,36,Yes,DSL,One year,Bank transfer,1,0
C-2625,Customer 2625,enterprise,34,138.39,2357.43,50000,0.39,Masters,Single,31,No,DSL,Month-to-month,Bank transfer,1,0
C-2626,Customer 2626,retail,16,69.56,3526.77,10000,0.39,Bachelors,Married,48,No,DSL,Two year,Electronic check,1,0
C-2627,Customer 2627,retail,70,112.12,2408.5,5000,0.52,PhD,Single,23,Yes,Fiber optic,One year,Mailed check,0,1
C-2628,Customer 2628,enterprise,50,35.9,7663.56,10000,0.6,Bachelors,Married,71,Yes,DSL,One year,Bank transfer,0,0
C-2629,Customer 2629,enterprise,62,48.08,7774.02,50000,0.74,Bachelors,Single,55,Yes,DSL,One year,Credit card,0,1
C-2630,Customer 2630,enterprise,19,49.4,388.73,10000,0.65,High School,Single,62,Yes,No,Month-to-month,Electronic check,1,0
C-2631,Customer 2631,retail,51,56.23,4447.21,5000,0.79,High School,Single,67,No,DSL,One year,Credit card,0,1
C-2632,Customer 2632,retail,29,111.18,4107.53,50000,0.44,High School,Married,55,No,No,Two year,Bank transfer,0,0
C-2633,Customer 2633,sme,10,108.17,3520.51,10000,0.56,PhD,Single,57,Yes,Fiber optic,One year,Mailed check,0,1
C-2634,Customer 2634,sme,18,79.73,3125.76,10000,0.55,Masters,Single,31,No,DSL,One year,Credit card,0,0
C-2635,Customer 2635,retail,33,63.53,5671.48,1000,0.47,PhD,Married,57,No,No,One year,Credit card,0,1
C-2636,Customer 2636,enterprise,6,58.13,1314.95,5000,0.89,PhD,Married,59,Yes,No,One year,Credit card,0,1
C-2637,Customer 2637,retail,21,79.27,4129.19,50000,0.3,Bachelors,Single,59,No,DSL,Month-to-month,Electronic check,0,0
C-2638,Customer 2638,sme,30,52.36,1939.57,5000,0.22,Masters,Married,52,Yes,Fiber optic,Two year,Credit card,0,0
C-2639,Customer 2639,enterprise,16,20.64,2823.14,50000,0.66,Masters,Single,34,No,DSL,Month-to-month,Bank transfer,1,0
C-2640,Customer 2640,enterprise,66,117.65,2164.95,5000,0.19,High School,Single,65,Yes,Fiber optic,One year,Credit card,0,1
C-2641,Customer 2641,sme,10,28.69,2290.62,50000,0.57,Masters,Married,31,Yes,DSL,Month-to-month,Electronic check,1,0
C-2642,Customer 2642,enterprise,7,28.68,6687.3,1000,0.12,Masters,Single,79,No,No,Two year,Electronic check,0,1
C-2643,Customer 2643,retail,16,90.89,1223.44,5000,0.36,High School,Single,39,Yes,No,Month-to-month,Electronic check,0,1
C-2644,Customer 2644,retail,45,114.61,457.73,1000,0.34,PhD,Single,59,Yes,DSL,Two year,Bank transfer,0,1
C-2645,Customer 2645,retail,19,116.97,2250.87,50000,0.29,Masters,Single,28,Yes,No,Two year,Electronic check,0,0
C-2646,Customer 2646,enterprise,32,143.49,5062.62,1000,0.75,Masters,Married,28,No,Fiber optic,One year,Bank transfer,0,1
C-2647,Customer 2647,enterprise,16,120.62,6030.25,10000,0.11,PhD,Married,25,Yes,DSL,Two year,Mailed check,1,1
C-2648,Customer 2648,sme,3,56.93,6768.91,1000,0.43,Masters,Married,77,No,Fiber optic,One year,Bank transfer,0,1
C-2649,Customer 2649,retail,25,49.26,3039.79,10000,0.23,Bachelors,Single,28,No,DSL,One year,Credit card,0,1
C-2650,Customer 2650,retail,63,87.01,2404.12,10000,0.34,PhD,Single,58,Yes,Fiber optic,Month-to-month,Credit card,0,1
C-2651,Customer 2651,retail,28,148.25,5842.42,10000,0.77,High School,Single,27,Yes,Fiber optic,Two year,Credit card,0,1
C-2652,Customer 2652,enterprise,69,70.19,6172.41,1000,0.11,Masters,Married,39,Yes,DSL,Two year,Credit card,0,1
C-2653,Customer 2653,retail,47,128.77,5372.1,50000,0.53,Masters,Married,35,Yes,Fiber optic,One year,Electronic check,0,1
C-2654,Customer 2654,sme,31,53.34,4534.3,10000,0.43,Bachelors,Married,64,Yes,Fiber optic,One year,Electronic check,0,1
C-2655,Customer 2655,enterprise,22,110.45,1555.1,50000,0.22,Bachelors,Married,29,Yes,No,One year,Mailed check,1,0
C-2656,Customer 2656,enterprise,13,77.08,6095.86,5000,0.68,Bachelors,Single,47,No,No,Two year,Credit card,1,1
C-2657,Customer 2657,enterprise,3,106.34,4505.0,1000,0.71,Bachelors,Single,76,No,No,One year,Electronic check,1,1
C-2658,Customer 2658,enterprise,20,147.98,7544.42,50000,0.58,Bachelors,Married,62,Yes,DSL,One year,Credit card,0,0
C-2659,Customer 2659,sme,29,28.11,308.66,10000,0.7,Bachelors,Single,36,Yes,DSL,Month-to-month,Credit card,1,0
C-2660,Customer 2660,retail,16,145.59,7982.77,50000,0.31,Masters,Married,71,No,Fiber optic,One year,Electronic check,0,0
C-2661,Customer 2661,sme,25,131.8,6397.5,10000,0.6,Bachelors,Married,29,No,DSL,Two year,Electronic check,0,1
C-2662,Customer 2662,sme,60,143.87,4971.93,5000,0.16,Masters,Single,76,Yes,Fiber optic,Month-to-month,Mailed check,0,1
C-2663,Customer 2663,retail,20,82.51,2153.57,50000,0.33,Masters,Single,47,Yes,No,One year,Electronic check,0,0
C-2664,Customer 2664,retail,44,79.95,7057.73,5000,0.16,Bachelors,Single,18,Yes,Fiber optic,One year,Bank transfer,0,1
C-2665,Customer 2665,retail,64,91.69,711.44,50000,0.62,High School,Married,42,No,Fiber optic,One year,Credit card,1,0
C-2666,Customer 2666,sme,58,29.12,6374.88,50000,0.74,Masters,Married,57,Yes,No,One year,Mailed check,1,0
C-2667,Customer 2667,enterprise,8,40.56,7343.99,1000,0.47,PhD,Married,47,Yes,No,Two year,Bank transfer,0,1
C-2668,Customer 2668,enterprise,52,64.36,2826.87,10000,0.65,High School,Single,36,No,Fiber optic,One year,Electronic check,0,1
C-2669,Customer 2669,sme,4,113.86,6911.98,5000,0.1,PhD,Single,61,No,DSL,Two year,Bank transfer,0,1
C-2670,Customer 2670,retail,5,32.27,5183.28,10000,0.72,Bachelors,Single,42,Yes,Fiber optic,Month-to-month,Mailed check,1,1
C-2671,Customer 2671,enterprise,68,139.17,2022.64,10000,0.36,PhD,Single,39,Yes,Fiber optic,One year,Bank transfer,1,0
C-2672,Customer 2672,retail,25,72.79,4914.47,50000,0.25,Masters,Single,21,No,DSL,Month-to-month,Mailed check,0,0
C-2673,Customer 2673,enterprise,65,104.04,7262.52,1000,0.68,Bachelors,Single,74,Yes,DSL,One year,Credit card,0,1
C-2674,Customer 2674,sme,3,97.32,3164.5,50000,0.54,PhD,Married,39,No,Fiber optic,One year,Electronic check,0,0
C-2675,Customer 2675,retail,49,81.58,3129.32,1000,0.34,Masters,Single,68,Yes,No,Month-to-month,Mailed check,1,1
C-2676,Customer 2676,enterprise,28,33.44,1173.73,10000,0.88,Bachelors,Single,51,Yes,No,One year,Credit card,0,0
C-2677,Customer 2677,enterprise,53,66.43,7478.67,50000,0.76,PhD,Single,50,Yes,DSL,Two year,Credit card,1,0
C-2678,Customer 2678,sme,28,98.64,7858.71,5000,0.18,High School,Single,68,No,DSL,Two year,Mailed check,0,1
C-2679,Customer 2679,retail,70,107.73,5219.78,50000,0.48,Masters,Married,69,Yes,DSL,One year,Electronic check,0,0
C-2680,Customer 2680,sme,63,141.75,6085.41,1000,0.58,Masters,Married,26,Yes,Fiber optic,Month-to-month,Mailed check,0,1
C-2681,Customer 2681,enterprise,56,132.65,2484.63,50000,0.67,High School,Single,68,Yes,DSL,Month-to-month,Credit card,1,0
C-2682,Customer 2682,sme,52,147.13,7567.31,5000,0.1,Bachelors,Single,27,Yes,No,Two year,Bank transfer,1,1
C-2683,Customer 2683,retail,10,37.9,7303.27,5000,0.81,Bachelors,Married,65,Yes,DSL,Month-to-month,Electronic check,0,1
C-2684,Customer 2684,enterprise,39,96.51,7184.54,10000,0.45,High School,Single,48,Yes,Fiber optic,Month-to-month,Mailed check,1,1
C-2685,Customer 2685,sme,13,59.28,3586.97,1000,0.53,PhD,Single,42,Yes,Fiber optic,Month-to-month,Mailed check,1,1
C-2686,Customer 2686,enterprise,60,100.98,2944.35,10000,0.49,High School,Married,32,Yes,Fiber optic,Two year,Mailed check,1,1
C-2687,Customer 2687,enterprise,43,116.0,5760.52,50000,0.8,Masters,Single,55,No,Fiber optic,Two year,Electronic check,0,0
C-2688,Customer 2688,retail,47,148.89,7742.49,1000,0.36,PhD,Married,54,Yes,Fiber optic,One year,Electronic check,1,1
C-2689,Customer 2689,enterprise,6,131.37,1416.03,1000,0.23,PhD,Single,53,No,DSL,Month-to-month,Credit card,1,1
C-2690,Customer 2690,sme,7,33.95,774.27,5000,0.6,PhD,Married,21,No,No,Month-to-month,Credit card,0,0
C-2691,Customer 2691,retail,44,99.55,4687.95,10000,0.53,PhD,Single,69,No,No,Two year,Mailed check,0,1
C-2692,Customer 2692,sme,65,110.58,4748.39,50000,0.89,Bachelors,Married,49,Yes,No,Two year,Mailed check,0,0
C-2693,Customer 2693,enterprise,17,26.13,247.07,50000,0.72,Masters,Married,63,No,No,Month-to-month,Credit card,1,0
C-2694,Customer 2694,enterprise,37,103.11,1768.07,1000,0.74,Masters,Married,53,Yes,Fiber optic,Month-to-month,Electronic check,1,1
C-2695,Customer 2695,retail,54,24.08,312.7,50000,0.39,Bachelors,Single,51,No,DSL,Month-to-month,Electronic check,0,0
C-2696,Customer 2696,enterprise,62,122.85,4186.81,1000,0.25,High School,Married,54,Yes,DSL,One year,Mailed check,0,1
C-2697,Customer 2697,retail,62,22.63,2576.69,1000,0.7,PhD,Single,46,No,No,Two year,Credit card,0,1
C-2698,Customer 2698,retail,18,29.28,3402.46,10000,0.27,PhD,Married,23,No,Fiber optic,Two year,Mailed check,0,0
C-2699,Customer 2699,retail,44,130.93,7389.68,1000,0.49,Bachelors,Married,35,No,DSL,Two year,Credit card,0,1
C-2700,Customer 2700,sme,34,130.34,3404.76,50000,0.36,PhD,Single,70,Yes,Fiber optic,Month-to-month,Mailed check,0,0
C-2701,Customer 2701,enterprise,22,26.61,4935.41,50000,0.41,Bachelors,Married,37,No,Fiber optic,Two year,Credit card,0,0
C-2702,Customer 2702,retail,37,83.82,1267.39,10000,0.12,High School,Single,47,Yes,DSL,Month-to-month,Bank transfer,1,1
C-2703,Customer 2703,enterprise,28,99.83,5172.88,5000,0.52,High School,Single,78,Yes,No,Month-to-month,Mailed check,1,1
C-2704,Customer 2704,sme,56,46.76,6599.53,50000,0.83,Bachelors,Single,78,No,DSL,One year,Electronic check,0,0
C-2705,Customer 2705,retail,47,51.42,383.37,50000,0.89,PhD,Married,20,No,Fiber optic,One year,Electronic check,0,0
C-2706,Customer 2706,enterprise,41,84.94,6187.44,1000,0.39,PhD,Single,62,Yes,DSL,Month-to-month,Mailed check,0,1
C-2707,Customer 2707,sme,19,131.22,5853.16,1000,0.69,Masters,Single,46,No,No,One year,Credit card,0,1
C-2708,Customer 2708,enterprise,45,51.36,1110.38,1000,0.36,Bachelors,Single,24,No,No,Two year,Bank transfer,0,1
C-2709,Customer 2709,retail,25,53.03,5370.4,50000,0.5,High School,Married,21,Yes,Fiber optic,Two year,Credit card,0,0
C-2710,Customer 2710,retail,43,147.77,2533.29,1000,0.82,Bachelors,Married,72,Yes,DSL,Month-to-month,Mailed check,1,1
C-2711,Customer 2711,enterprise,18,72.78,3631.46,10000,0.19,Masters,Single,57,Yes,Fiber optic,One year,Electronic check,0,0
C-2712,Customer 2712,enterprise,57,114.61,617.23,10000,0.74,PhD,Single,72,Yes,DSL,Two year,Electronic check,0,1
C-2713,Customer 2713,retail,18,139.13,6818.72,1000,0.2,PhD,Married,23,No,DSL,One year,Mailed check,0,1
C-2714,Customer 2714,retail,69,86.54,4609.18,10000,0.27,Masters,Married,32,No,Fiber optic,One year,Credit card,0,1
C-2715,Customer 2715,enterprise,46,62.98,5870.76,50000,0.49,PhD,Married,33,No,DSL,One year,Electronic check,0,0
C-2716,Customer 2716,sme,25,71.81,791.26,10000,0.32,PhD,Single,67,Yes,Fiber optic,One year,Bank transfer,0,1
C-2717,Customer 2717,sme,37,20.53,2589.9,1000,0.55,Bachelors,Married,77,No,No,One year,Credit card,1,1
C-2718,Customer 2718,enterprise,13,132.28,437.89,5000,0.25,Masters,Married,60,No,DSL,Two year,Mailed check,0,1
C-2719,Customer 2719,enterprise,20,28.96,1558.0,5000,0.3,PhD,Single,61,Yes,DSL,Two year,Electronic check,0,1
C-2720,Customer 2720,retail,8,142.3,1113.1,5000,0.23,PhD,Married,33,No,Fiber optic,Two year,Electronic check,0,1
C-2721,Customer 2721,sme,30,20.55,4128.99,1000,0.54,Masters,Married,69,No,Fiber optic,Month-to-month,Bank transfer,0,1
C-2722,Customer 2722,enterprise,66,144.78,4872.39,50000,0.46,High School,Married,70,Yes,No,One year,Bank transfer,0,0
C-2723,Customer 2723,sme,13,43.66,7800.0,50000,0.3,Masters,Married,67,No,No,Two year,Credit card,0,0
C-2724,Customer 2724,sme,43,55.31,1323.84,5000,0.54,PhD,Single,32,Yes,No,Month-to-month,Bank transfer,0,0
C-2725,Customer 2725,retail,13,46.33,2886.53,5000,0.4,Bachelors,Married,72,Yes,DSL,Month-to-month,Mailed check,0,0
C-2726,Customer 2726,retail,7,66.95,4831.39,50000,0.13,High School,Married,24,No,Fiber optic,One year,Mailed check,0,0
C-2727,Customer 2727,enterprise,66,139.6,3367.39,50000,0.78,High School,Single,45,Yes,No,Two year,Mailed check,0,1
C-2728,Customer 2728,enterprise,48,64.04,3834.31,1000,0.88,High School,Single,31,No,Fiber optic,Month-to-month,Credit card,0,1
C-2729,Customer 2729,enterprise,59,129.33,2492.48,5000,0.23,Masters,Married,34,Yes,No,Month-to-month,Bank transfer,1,1
C-2730,Customer 2730,enterprise,55,127.86,5541.57,10000,0.86,PhD,Married,79,Yes,No,One year,Electronic check,1,1
C-2731,Customer 2731,sme,53,136.98,7483.34,1000,0.32,High School,Married,32,No,Fiber optic,Two year,Bank transfer,0,1
C-2732,Customer 2732,sme,43,83.82,7165.7,50000,0.6,Bachelors,Married,28,Yes,No,Month-to-month,Credit card,0,0
C-2733,Customer 2733,retail,42,50.88,4252.64,1000,0.37,PhD,Single,20,No,Fiber optic,One year,Bank transfer,0,1
C-2734,Customer 2734,retail,5,67.67,2619.26,10000,0.12,High School,Married,66,Yes,No,One year,Bank transfer,0,0
C-2735,Customer 2735,sme,23,60.67,7903.01,10000,0.71,PhD,Single,20,No,DSL,Month-to-month,Mailed check,0,0
C-2736,Customer 2736,retail,32,60.85,731.54,10000,0.46,Masters,Single,79,Yes,Fiber optic,Two year,Mailed check,0,1
C-2737,Customer 2737,retail,61,48.26,3285.95,1000,0.32,Masters,Married,22,Yes,DSL,Two year,Mailed check,0,1
C-2738,Customer 2738,sme,57,97.27,2582.26,10000,0.79,Masters,Married,28,Yes,No,One year,Bank transfer,0,1
C-2739,Customer 2739,sme,41,143.25,4594.01,50000,0.26,PhD,Single,39,Yes,Fiber optic,One year,Credit card,0,0
C-2740,Customer 2740,sme,59,29.32,1467.04,1000,0.32,Bachelors,Single,75,Yes,Fiber optic,Month-to-month,Electronic check,0,1
C-2741,Customer 2741,retail,30,42.98,1062.51,5000,0.54,PhD,Married,20,No,No,Two year,Mailed check,0,1
C-2742,Customer 2742,enterprise,27,146.65,2621.41,50000,0.33,High School,Single,72,No,No,One year,Mailed check,1,1
C-2743,Customer 2743,sme,38,70.57,7852.74,10000,0.61,Masters,Married,57,No,No,Two year,Electronic check,0,0
C-2744,Customer 2744,retail,14,140.83,7100.1,1000,0.42,Bachelors,Married,32,No,No,Two year,Credit card,1,1
C-2745,Customer 2745,sme,25,79.52,5696.02,10000,0.21,Bachelors,Single,20,No,Fiber optic,Two year,Credit card,0,0
C-2746,Customer 2746,retail,35,58.71,7649.81,5000,0.85,Bachelors,Single,24,No,No,One year,Credit card,0,1
C-2747,Customer 2747,sme,32,40.86,348.25,10000,0.88,High School,Single,64,No,Fiber optic,Two year,Mailed check,0,0
C-2748,Customer 2748,enterprise,27,53.79,2740.4,1000,0.85,PhD,Single,53,No,DSL,Month-to-month,Mailed check,0,1
C-2749,Customer 2749,sme,12,125.68,4187.4,10000,0.24,Masters,Married,32,Yes,Fiber optic,Two year,Credit card,0,0
C-2750,Customer 2750,sme,14,75.82,4159.27,50000,0.66,High School,Married,40,Yes,No,Two year,Bank transfer,0,0
C-2751,Customer 2751,retail,51,91.96,1399.14,10000,0.84,Masters,Married,22,No,DSL,One year,Credit card,0,0
C-2752,Customer 2752,retail,63,89.93,6558.03,50000,0.62,High School,Married,70,Yes,No,Two year,Credit card,0,0
C-2753,Customer 2753,retail,70,92.65,670.4,5000,0.49,Bachelors,Married,74,Yes,Fiber optic,One year,Mailed check,1,1
C-2754,Customer 2754,enterprise,55,28.69,6933.95,1000,0.5,Masters,Married,36,Yes,Fiber optic,One year,Bank transfer,0,1
C-2755,Customer 2755,retail,40,94.86,7027.11,5000,0.83,PhD,Single,53,Yes,Fiber optic,Two year,Bank transfer,0,1
C-2756,Customer 2756,sme,48,119.92,5489.74,50000,0.29,Bachelors,Married,60,Yes,DSL,Two year,Credit card,0,1
C-2757,Customer 2757,enterprise,54,58.84,6540.36,50000,0.79,High School,Single,47,No,Fiber optic,Month-to-month,Bank transfer,1,1
C-2758,Customer 2758,retail,24,59.95,4157.49,1000,0.24,High School,Married,47,Yes,Fiber optic,Month-to-month,Electronic check,1,1
C-2759,Customer 2759,enterprise,52,96.4,1244.09,1000,0.11,PhD,Single,64,Yes,Fiber optic,Two year,Bank transfer,1,1
C-2760,Customer 2760,sme,49,76.34,1555.66,1000,0.56,Bachelors,Married,24,No,Fiber optic,Month-to-month,Mailed check,1,1
C-2761,Customer 2761,enterprise,37,41.05,269.39,50000,0.59,PhD,Married,29,No,Fiber optic,Two year,Mailed check,0,0
C-2762,Customer 2762,enterprise,65,132.43,7973.6,5000,0.64,Bachelors,Married,33,No,Fiber optic,Month-to-month,Mailed check,0,1
C-2763,Customer 2763,sme,23,49.97,5705.87,1000,0.41,Masters,Single,32,No,No,One year,Electronic check,0,1
C-2764,Customer 2764,sme,57,98.46,2252.12,1000,0.71,High School,Single,38,Yes,DSL,One year,Mailed check,1,1
C-2765,Customer 2765,sme,12,25.23,5234.97,10000,0.39,PhD,Married,20,No,DSL,One year,Mailed check,1,0
C-2766,Customer 2766,sme,29,52.43,2778.77,5000,0.13,Bachelors,Married,36,No,No,Month-to-month,Credit card,1,0
C-2767,Customer 2767,retail,16,125.09,5442.58,10000,0.17,High School,Married,50,No,Fiber optic,One year,Electronic check,0,1
C-2768,Customer 2768,enterprise,60,41.49,7888.75,5000,0.52,Bachelors,Single,50,No,Fiber optic,Two year,Mailed check,0,0
C-2769,Customer 2769,enterprise,36,27.64,7435.49,10000,0.39,Bachelors,Single,37,No,No,Two year,Bank transfer,0,1
C-2770,Customer 2770,retail,3,63.93,2929.93,50000,0.76,Bachelors,Married,18,No,DSL,Month-to-month,Credit card,0,0
C-2771,Customer 2771,enterprise,43,131.81,3736.49,5000,0.88,High School,Married,42,Yes,Fiber optic,Two year,Credit card,0,1
C-2772,Customer 2772,enterprise,19,86.61,921.3,10000,0.6,Masters,Single,33,Yes,No,Month-to-month,Mailed check,0,1
C-2773,Customer 2773,retail,23,132.72,1119.73,1000,0.38,Masters,Single,30,Yes,DSL,Two year,Electronic check,0,1
C-2774,Customer 2774,enterprise,26,98.39,291.37,10000,0.4,PhD,Single,29,No,DSL,One year,Bank transfer,0,1
C-2775,Customer 2775,sme,53,100.22,3366.35,5000,0.27,Bachelors,Single,39,No,DSL,Month-to-month,Mailed check,1,1
C-2776,Customer 2776,retail,33,67.24,252.48,10000,0.1,Masters,Single,61,No,No,Two year,Mailed check,0,0
C-2777,Customer 2777,enterprise,25,54.65,309.66,50000,0.74,High School,Single,53,Yes,Fiber optic,Two year,Credit card,0,1
C-2778,Customer 2778,enterprise,47,91.83,7874.25,1000,0.66,High School,Single,31,Yes,DSL,One year,Mailed check,0,1
C-2779,Customer 2779,retail,68,27.24,3879.4,1000,0.2,High School,Married,32,Yes,Fiber optic,Month-to-month,Electronic check,1,1
C-2780,Customer 2780,sme,47,125.0,7741.76,5000,0.58,High School,Single,50,Yes,DSL,Two year,Credit card,0,1
C-2781,Customer 2781,retail,16,92.86,4160.0,50000,0.28,Bachelors,Married,28,Yes,No,One year,Mailed check,1,0
C-2782,Customer 2782,sme,47,135.49,6915.3,50000,0.47,Masters,Married,19,No,DSL,Two year,Credit card,0,1
C-2783,Customer 2783,enterprise,40,100.88,1739.51,1000,0.38,Masters,Single,32,Yes,DSL,Month-to-month,Electronic check,1,1
C-2784,Customer 2784,retail,22,28.66,7108.89,1000,0.63,Masters,Married,79,No,No,Month-to-month,Credit card,0,1
C-2785,Customer 2785,sme,18,101.14,4334.12,1000,0.5,Masters,Married,26,No,No,One year,Mailed check,1,1
C-2786,Customer 2786,enterprise,53,74.77,7976.11,10000,0.66,PhD,Married,35,Yes,No,Month-to-month,Credit card,1,0
C-2787,Customer 2787,retail,7,99.07,540.36,5000,0.79,PhD,Single,31,No,DSL,Two year,Bank transfer,0,1
C-2788,Customer 2788,retail,66,67.81,5069.49,10000,0.42,Masters,Married,45,Yes,Fiber optic,Two year,Electronic check,0,0
C-2789,Customer 2789,enterprise,68,112.97,6773.09,50000,0.77,PhD,Married,43,No,No,One year,Mailed check,1,0
C-2790,Customer 2790,retail,42,22.84,5244.26,10000,0.79,High School,Married,51,No,Fiber optic,Month-to-month,Bank transfer,0,1
C-2791,Customer 2791,sme,22,33.37,7385.29,1000,0.6,PhD,Married,56,Yes,Fiber optic,One year,Mailed check,1,1
C-2792,Customer 2792,retail,43,62.63,3248.8,50000,0.35,Bachelors,Single,40,Yes,DSL,Month-to-month,Electronic check,1,0
C-2793,Customer 2793,sme,39,140.22,4199.25,50000,0.18,PhD,Single,21,No,DSL,One year,Electronic check,0,0
C-2794,Customer 2794,sme,13,59.37,195.18,1000,0.54,PhD,Single,69,Yes,No,One year,Mailed check,1,1
C-2795,Customer 2795,retail,27,68.2,4171.64,50000,0.42,Masters,Single,29,No,No,Month-to-month,Mailed check,1,0
C-2796,Customer 2796,retail,42,61.54,5524.4,50000,0.29,High School,Single,59,Yes,No,One year,Mailed check,0,0
C-2797,Customer 2797,enterprise,16,96.15,5531.19,50000,0.33,Masters,Married,69,No,DSL,One year,Electronic check,0,0
C-2798,Customer 2798,sme,31,27.4,3114.37,50000,0.41,Masters,Married,18,Yes,DSL,Month-to-month,Electronic check,0,0
C-2799,Customer 2799,retail,54,42.16,1696.11,10000,0.36,Masters,Single,44,Yes,DSL,One year,Electronic check,0,1
C-2800,Customer 2800,retail,59,73.59,7917.38,1000,0.49,Masters,Married,43,Yes,No,One year,Bank transfer,1,1
C-2801,Customer 2801,enterprise,69,33.86,1600.16,5000,0.28,Bachelors,Single,79,No,DSL,One year,Credit card,0,0
C-2802,Customer 2802,retail,68,50.14,3896.83,10000,0.66,Bachelors,Married,22,No,DSL,One year,Electronic check,0,1
C-2803,Customer 2803,retail,23,130.37,1070.85,1000,0.19,High School,Single,76,No,No,One year,Mailed check,0,1
C-2804,Customer 2804,sme,31,34.14,5925.78,5000,0.36,High School,Single,78,Yes,No,Month-to-month,Bank transfer,0,0
C-2805,Customer 2805,retail,31,27.61,2587.77,5000,0.54,Masters,Married,33,No,DSL,Two year,Electronic check,0,0
C-2806,Customer 2806,enterprise,5,118.4,5307.67,5000,0.47,PhD,Married,77,Yes,Fiber optic,Month-to-month,Electronic check,1,1
C-2807,Customer 2807,sme,63,84.81,2083.5,50000,0.43,High School,Married,39,Yes,No,One year,Credit card,0,1
C-2808,Customer 2808,enterprise,25,51.75,6937.32,10000,0.57,PhD,Single,22,No,DSL,One year,Electronic check,0,0
C-2809,Customer 2809,enterprise,6,124.17,4846.98,10000,0.71,PhD,Single,60,Yes,No,Two year,Mailed check,1,1
C-2810,Customer 2810,sme,66,90.16,6631.64,5000,0.49,PhD,Single,29,No,DSL,Two year,Electronic check,0,1
C-2811,Customer 2811,sme,51,67.82,2328.9,10000,0.7,Bachelors,Single,45,Yes,DSL,One year,Credit card,1,1
C-2812,Customer 2812,retail,6,149.01,6973.81,1000,0.73,PhD,Married,33,No,No,Month-to-month,Credit card,0,1
C-2813,Customer 2813,enterprise,41,107.34,1739.9,50000,0.5,PhD,Single,29,Yes,Fiber optic,Two year,Mailed check,1,0
C-2814,Customer 2814,sme,3,20.82,2407.38,5000,0.37,PhD,Married,77,No,No,Month-to-month,Credit card,0,0
C-2815,Customer 2815,retail,62,60.15,4417.11,1000,0.64,High School,Married,48,No,DSL,Two year,Bank transfer,0,1
C-2816,Customer 2816,enterprise,49,41.8,5070.86,10000,0.78,Masters,Married,18,No,No,Month-to-month,Credit card,1,0
C-2817,Customer 2817,sme,36,95.17,5494.5,10000,0.31,Bachelors,Married,61,No,Fiber optic,Two year,Electronic check,0,1
C-2818,Customer 2818,retail,12,84.78,2611.14,1000,0.62,PhD,Married,68,No,Fiber optic,Month-to-month,Mailed check,1,1
C-2819,Customer 2819,enterprise,66,35.37,4205.86,5000,0.86,Bachelors,Married,45,No,DSL,Month-to-month,Mailed check,0,1
C-2820,Customer 2820,retail,53,60.75,4437.1,50000,0.89,High School,Married,42,Yes,DSL,One year,Credit card,0,1
C-2821,Customer 2821,enterprise,17,105.24,6279.32,5000,0.17,PhD,Married,23,Yes,DSL,One year,Electronic check,0,1
C-2822,Customer 2822,sme,9,95.18,4319.91,1000,0.85,PhD,Single,75,Yes,Fiber optic,Two year,Electronic check,1,1
C-2823,Customer 2823,sme,40,62.31,2949.95,5000,0.46,Bachelors,Married,25,No,DSL,Month-to-month,Credit card,0,0
C-2824,Customer 2824,enterprise,49,141.1,5795.25,1000,0.71,PhD,Single,53,Yes,Fiber optic,Month-to-month,Mailed check,1,1
C-2825,Customer 2825,sme,13,144.75,6345.25,1000,0.13,PhD,Married,28,Yes,No,Month-to-month,Mailed check,1,1
C-2826,Customer 2826,sme,60,74.51,2232.1,1000,0.61,Masters,Single,49,No,Fiber optic,One year,Electronic check,0,1
C-2827,Customer 2827,sme,43,135.01,4706.73,5000,0.48,Masters,Married,36,No,Fiber optic,One year,Mailed check,0,1
C-2828,Customer 2828,retail,5,50.91,2656.97,1000,0.21,PhD,Single,74,No,No,Two year,Mailed check,0,1
C-2829,Customer 2829,sme,6,55.04,6310.38,1000,0.5,Bachelors,Married,61,No,Fiber optic,Two year,Bank transfer,0,1
C-2830,Customer 2830,enterprise,9,84.85,4137.7,5000,0.59,PhD,Single,61,Yes,Fiber optic,One year,Bank transfer,0,1
C-2831,Customer 2831,retail,9,36.66,1608.74,50000,0.5,High School,Single,36,No,DSL,Month-to-month,Electronic check,1,0
C-2832,Customer 2832,retail,63,127.38,7357.2,10000,0.59,Bachelors,Married,25,Yes,No,Two year,Credit card,0,1
C-2833,Customer 2833,enterprise,40,141.32,4567.02,10000,0.13,PhD,Married,79,Yes,DSL,Two year,Electronic check,0,1
C-2834,Customer 2834,retail,1,133.83,4336.76,50000,0.15,Bachelors,Married,18,Yes,No,Month-to-month,Mailed check,0,1
C-2835,Customer 2835,retail,42,48.37,7453.19,50000,0.16,Masters,Married,31,No,Fiber optic,Two year,Credit card,0,0
C-2836,Customer 2836,enterprise,31,69.72,4500.49,10000,0.71,PhD,Married,71,Yes,Fiber optic,One year,Electronic check,0,1
C-2837,Customer 2837,sme,17,139.88,5874.71,5000,0.12,High School,Single,18,No,Fiber optic,Two year,Electronic check,0,1
C-2838,Customer 2838,sme,5,137.56,1836.49,50000,0.63,Bachelors,Single,75,No,DSL,Month-to-month,Mailed check,0,0
C-2839,Customer 2839,sme,6,34.99,6845.99,5000,0.8,Bachelors,Married,27,No,DSL,One year,Bank transfer,1,0
C-2840,Customer 2840,retail,60,43.65,1859.75,5000,0.13,PhD,Married,67,No,Fiber optic,Month-to-month,Electronic check,1,0
C-2841,Customer 2841,sme,55,122.45,6683.06,10000,0.21,PhD,Single,31,Yes,DSL,One year,Mailed check,0,1
C-2842,Customer 2842,enterprise,1,43.68,7148.48,5000,0.66,Bachelors,Single,61,Yes,DSL,Two year,Mailed check,0,1
C-2843,Customer 2843,sme,3,39.9,6727.5,5000,0.31,High School,Single,51,No,DSL,One year,Electronic check,0,1
C-2844,Customer 2844,sme,42,57.35,7651.59,50000,0.77,High School,Married,43,No,DSL,One year,Bank transfer,1,0
C-2845,Customer 2845,enterprise,53,37.57,7426.24,10000,0.62,High School,Single,31,Yes,No,Two year,Bank transfer,1,0
C-2846,Customer 2846,retail,62,29.67,2595.16,10000,0.18,Masters,Single,67,No,No,Two year,Credit card,0,0
C-2847,Customer 2847,enterprise,57,80.8,3007.29,50000,0.58,PhD,Married,73,Yes,No,One year,Mailed check,0,0
C-2848,Customer 2848,enterprise,22,144.16,494.59,10000,0.19,Bachelors,Married,57,Yes,DSL,Month-to-month,Credit card,0,0
C-2849,Customer 2849,retail,10,127.2,623.0,1000,0.47,Masters,Married,19,No,Fiber optic,Two year,Electronic check,0,1
C-2850,Customer 2850,retail,9,23.12,7961.57,5000,0.27,High School,Single,58,Yes,DSL,One year,Credit card,0,1
C-2851,Customer 2851,sme,54,55.05,4248.62,50000,0.51,PhD,Married,31,Yes,DSL,Two year,Mailed check,0,0
C-2852,Customer 2852,enterprise,64,86.6,5006.6,5000,0.77,Bachelors,Single,44,No,No,Month-to-month,Electronic check,0,1
C-2853,Customer 2853,retail,7,31.54,7558.59,10000,0.54,PhD,Married,58,No,No,One year,Mailed check,0,1
C-2854,Customer 2854,sme,71,134.83,2303.65,5000,0.37,Bachelors,Married,39,Yes,Fiber optic,One year,Mailed check,0,1
C-2855,Customer 2855,enterprise,29,34.99,450.57,5000,0.5,Masters,Married,24,Yes,No,Month-to-month,Mailed check,0,0
C-2856,Customer 2856,retail,49,122.16,762.61,10000,0.24,High School,Single,70,Yes,No,One year,Electronic check,0,1
C-2857,Customer 2857,retail,53,45.66,1119.44,50000,0.14,High School,Single,34,No,Fiber optic,Month-to-month,Electronic check,1,0
C-2858,Customer 2858,sme,35,104.96,6580.25,10000,0.77,PhD,Married,35,Yes,DSL,Two year,Mailed check,1,0
C-2859,Customer 2859,sme,1,49.66,276.23,1000,0.24,PhD,Single,32,No,No,Two year,Credit card,0,1
C-2860,Customer 2860,enterprise,11,80.23,846.22,1000,0.56,PhD,Married,27,Yes,DSL,Month-to-month,Electronic check,0,1
C-2861,Customer 2861,enterprise,44,85.37,5810.06,1000,0.32,PhD,Single,36,Yes,DSL,One year,Bank transfer,0,1
C-2862,Customer 2862,enterprise,40,140.44,3778.1,10000,0.11,PhD,Single,46,Yes,No,One year,Mailed check,0,0
C-2863,Customer 2863,retail,56,49.85,6928.03,10000,0.53,PhD,Married,61,No,Fiber optic,Two year,Bank transfer,0,0
C-2864,Customer 2864,enterprise,5,90.49,433.55,10000,0.31,Bachelors,Married,69,Yes,Fiber optic,Month-to-month,Bank transfer,0,0
C-2865,Customer 2865,retail,70,108.02,7454.03,10000,0.72,High School,Married,63,Yes,DSL,Month-to-month,Bank transfer,0,1
C-2866,Customer 2866,enterprise,43,32.96,4937.54,50000,0.55,High School,Married,51,Yes,Fiber optic,One year,Mailed check,0,1
C-2867,Customer 2867,retail,3,101.94,5470.03,5000,0.18,High School,Married,65,Yes,No,Two year,Credit card,0,1
C-2868,Customer 2868,sme,25,139.6,3104.49,5000,0.63,PhD,Married,76,Yes,No,One year,Electronic check,0,1
C-2869,Customer 2869,sme,29,146.08,4647.25,5000,0.78,High School,Single,42,Yes,DSL,Month-to-month,Credit card,1,1
C-2870,Customer 2870,enterprise,5,26.13,4605.66,1000,0.82,PhD,Single,27,No,No,Month-to-month,Electronic check,0,1
C-2871,Customer 2871,enterprise,24,79.48,3122.3,1000,0.76,Masters,Single,42,No,Fiber optic,One year,Electronic check,1,1
C-2872,Customer 2872,retail,20,31.55,1068.52,1000,0.52,High School,Single,37,No,Fiber optic,Two year,Credit card,0,1
C-2873,Customer 2873,sme,56,135.45,3534.13,10000,0.49,PhD,Married,56,No,No,Month-to-month,Credit card,0,1
C-2874,Customer 2874,sme,20,51.5,6831.56,50000,0.83,Bachelors,Married,35,No,No,One year,Bank transfer,0,0
C-2875,Customer 2875,retail,12,130.98,535.83,5000,0.87,High School,Single,70,Yes,No,Two year,Electronic check,0,1
C-2876,Customer 2876,sme,68,88.5,5156.86,5000,0.25,Bachelors,Single,65,No,No,Month-to-month,Electronic check,0,1
C-2877,Customer 2877,enterprise,28,121.4,3767.15,10000,0.51,Bachelors,Single,19,No,No,Two year,Mailed check,0,1
C-2878,Customer 2878,sme,28,116.67,3341.53,50000,0.33,Bachelors,Single,65,No,No,Two year,Bank transfer,0,1
C-2879,Customer 2879,retail,5,120.16,1112.5,5000,0.18,PhD,Single,28,No,No,Two year,Credit card,0,1
C-2880,Customer 2880,enterprise,23,56.77,4543.08,50000,0.65,Masters,Single,32,Yes,Fiber optic,One year,Electronic check,0,1
C-2881,Customer 2881,enterprise,67,125.68,3300.9,10000,0.81,Masters,Married,22,No,Fiber optic,Two year,Credit card,0,1
C-2882,Customer 2882,sme,19,20.15,7722.37,5000,0.24,Masters,Married,47,No,DSL,One year,Credit card,1,0
C-2883,Customer 2883,enterprise,66,94.55,559.74,1000,0.63,High School,Single,61,No,DSL,Month-to-month,Electronic check,0,1
C-2884,Customer 2884,sme,39,57.2,1098.8,1000,0.35,Bachelors,Married,68,No,DSL,Month-to-month,Electronic check,1,1
C-2885,Customer 2885,sme,24,131.54,3122.85,1000,0.59,Masters,Single,79,No,DSL,One year,Credit card,0,1
C-2886,Customer 2886,sme,5,21.16,5993.62,1000,0.19,PhD,Single,73,Yes,DSL,Month-to-month,Mailed check,1,1
C-2887,Customer 2887,sme,20,82.5,6150.67,1000,0.15,PhD,Married,52,No,No,Two year,Bank transfer,0,1
C-2888,Customer 2888,enterprise,39,44.62,2009.78,1000,0.78,PhD,Married,45,No,DSL,One year,Credit card,0,1
C-2889,Customer 2889,retail,14,95.6,5589.59,50000,0.73,Bachelors,Single,44,No,No,One year,Mailed check,0,1
C-2890,Customer 2890,enterprise,67,91.98,4426.37,1000,0.82,PhD,Single,19,Yes,DSL,Two year,Mailed check,0,1
C-2891,Customer 2891,retail,27,69.51,7089.96,50000,0.51,PhD,Married,58,No,Fiber optic,One year,Credit card,0,0
C-2892,Customer 2892,enterprise,39,101.88,2692.36,5000,0.42,Masters,Married,32,No,DSL,One year,Credit card,0,1
C-2893,Customer 2893,retail,27,138.89,2597.33,1000,0.82,PhD,Married,47,Yes,Fiber optic,One year,Mailed check,0,1
C-2894,Customer 2894,enterprise,32,65.87,5848.09,50000,0.67,Bachelors,Married,63,No,No,One year,Bank transfer,0,0
C-2895,Customer 2895,enterprise,32,138.11,3056.68,50000,0.43,High School,Married,44,Yes,No,Two year,Credit card,0,0
C-2896,Customer 2896,sme,36,136.87,695.42,10000,0.11,Masters,Married,72,No,DSL,One year,Electronic check,1,1
C-2897,Customer 2897,retail,25,57.65,4983.28,50000,0.74,PhD,Single,63,No,No,One year,Mailed check,0,0
C-2898,Customer 2898,enterprise,5,147.33,3923.43,5000,0.56,Masters,Single,47,No,No,Two year,Mailed check,0,1
C-2899,Customer 2899,enterprise,53,133.43,4655.07,5000,0.43,Bachelors,Single,48,No,No,Month-to-month,Electronic check,0,1
C-2900,Customer 2900,sme,47,116.01,144.42,10000,0.35,High School,Single,40,Yes,Fiber optic,Month-to-month,Credit card,0,1
C-2901,Customer 2901,enterprise,57,85.75,3897.94,5000,0.71,PhD,Married,53,No,DSL,Month-to-month,Electronic check,0,1
C-2902,Customer 2902,sme,15,65.73,595.33,1000,0.52,Bachelors,Single,41,Yes,No,Month-to-month,Mailed check,0,1
C-2903,Customer 2903,sme,3,59.78,1512.07,5000,0.69,Masters,Single,55,Yes,Fiber optic,Month-to-month,Mailed check,0,1
C-2904,Customer 2904,enterprise,17,86.57,7511.84,5000,0.8,Masters,Married,79,Yes,Fiber optic,One year,Mailed check,0,1
C-2905,Customer 2905,enterprise,67,27.89,1859.24,50000,0.67,Masters,Single,69,Yes,Fiber optic,One year,Mailed check,1,0
C-2906,Customer 2906,enterprise,24,100.71,4507.77,50000,0.56,Bachelors,Single,33,Yes,DSL,Two year,Credit card,0,0
C-2907,Customer 2907,sme,36,67.54,6579.01,1000,0.76,PhD,Married,40,Yes,DSL,One year,Credit card,0,1
C-2908,Customer 2908,enterprise,22,138.65,7250.87,5000,0.16,Bachelors,Married,30,Yes,No,Two year,Bank transfer,0,1
C-2909,Customer 2909,sme,59,31.51,3919.94,5000,0.45,Bachelors,Married,72,No,Fiber optic,Two year,Mailed check,0,0
C-2910,Customer 2910,sme,68,75.94,4310.23,1000,0.64,Bachelors,Married,49,Yes,No,Two year,Bank transfer,0,1
C-2911,Customer 2911,sme,33,86.14,7431.95,1000,0.75,High School,Single,57,Yes,Fiber optic,One year,Electronic check,1,1
C-2912,Customer 2912,sme,8,61.13,901.08,50000,0.4,PhD,Single,48,No,Fiber optic,One year,Bank transfer,0,0
C-2913,Customer 2913,enterprise,22,109.89,3637.14,5000,0.11,High School,Single,52,Yes,Fiber optic,Month-to-month,Electronic check,1,0
C-2914,Customer 2914,enterprise,50,40.57,1994.24,1000,0.77,High School,Married,56,Yes,No,Month-to-month,Electronic check,1,1
C-2915,Customer 2915,enterprise,51,85.32,2402.28,5000,0.53,Masters,Married,66,No,DSL,One year,Electronic check,0,0
C-2916,Customer 2916,enterprise,70,58.73,1370.66,5000,0.71,Bachelors,Married,35,Yes,Fiber optic,Two year,Electronic check,0,1
C-2917,Customer 2917,retail,52,73.49,3017.09,10000,0.17,Masters,Married,53,No,No,Two year,Electronic check,0,1
C-2918,Customer 2918,enterprise,31,24.15,3480.69,5000,0.32,High School,Married,73,No,No,Month-to-month,Credit card,0,1
C-2919,Customer 2919,enterprise,9,59.71,5914.03,5000,0.23,High School,Married,74,No,DSL,One year,Bank transfer,0,1
C-2920,Customer 2920,retail,44,54.98,5070.85,1000,0.13,Bachelors,Married,44,Yes,No,Month-to-month,Mailed check,1,1
C-2921,Customer 2921,enterprise,48,141.64,3493.3,1000,0.11,Masters,Single,59,Yes,No,Month-to-month,Credit card,0,1
C-2922,Customer 2922,retail,49,84.45,3472.42,10000,0.51,Masters,Single,20,No,No,Two year,Bank transfer,0,1
C-2923,Customer 2923,enterprise,14,59.29,7057.46,10000,0.2,Bachelors,Single,68,No,DSL,One year,Electronic check,0,0
C-2924,Customer 2924,sme,7,22.4,5780.54,1000,0.71,High School,Married,28,Yes,DSL,Month-to-month,Bank transfer,0,1
C-2925,Customer 2925,retail,23,74.16,5612.62,50000,0.18,High School,Single,54,No,Fiber optic,Two year,Electronic check,0,0
C-2926,Customer 2926,enterprise,11,26.16,5879.43,1000,0.18,Bachelors,Single,33,No,Fiber optic,One year,Bank transfer,0,1
C-2927,Customer 2927,retail,46,84.47,4519.79,50000,0.37,Masters,Single,29,No,DSL,One year,Bank transfer,0,0
C-2928,Customer 2928,enterprise,4,57.41,5191.42,5000,0.13,PhD,Married,50,No,DSL,Two year,Electronic check,0,1
C-2929,Customer 2929,sme,30,90.86,4545.61,1000,0.71,Bachelors,Single,68,No,No,Month-to-month,Bank transfer,0,1
C-2930,Customer 2930,retail,61,124.92,2090.33,1000,0.84,PhD,Married,35,No,DSL,Two year,Credit card,1,1
C-2931,Customer 2931,retail,29,78.22,4882.86,10000,0.39,PhD,Married,34,Yes,DSL,Month-to-month,Mailed check,0,1
C-2932,Customer 2932,retail,70,50.33,571.08,1000,0.43,Bachelors,Single,29,No,Fiber optic,Month-to-month,Bank transfer,0,1
C-2933,Customer 2933,retail,15,42.6,5896.9,10000,0.27,PhD,Married,50,Yes,No,One year,Mailed check,0,0
C-2934,Customer 2934,retail,31,73.26,3514.4,5000,0.22,PhD,Married,59,Yes,Fiber optic,One year,Bank transfer,0,0
C-2935,Customer 2935,sme,51,58.77,6252.77,5000,0.89,High School,Single,66,Yes,Fiber optic,Two year,Mailed check,0,1
C-2936,Customer 2936,enterprise,14,111.46,6237.81,10000,0.66,PhD,Married,64,Yes,Fiber optic,Month-to-month,Credit card,1,0
C-2937,Customer 2937,sme,4,26.28,960.92,5000,0.41,PhD,Married,29,Yes,DSL,One year,Credit card,0,0
C-2938,Customer 2938,sme,29,86.27,314.27,5000,0.17,PhD,Single,70,No,No,One year,Mailed check,0,1
C-2939,Customer 2939,retail,59,30.91,4269.67,1000,0.39,High School,Married,60,No,No,Month-to-month,Electronic check,1,1
C-2940,Customer 2940,retail,68,73.99,2251.91,1000,0.67,PhD,Married,22,No,DSL,One year,Credit card,0,1
C-2941,Customer 2941,enterprise,49,33.77,5741.38,50000,0.48,PhD,Married,55,No,No,One year,Mailed check,0,0
C-2942,Customer 2942,retail,58,84.58,7159.78,5000,0.85,PhD,Married,34,Yes,DSL,One year,Bank transfer,0,1
C-2943,Customer 2943,sme,49,83.44,1033.37,10000,0.2,PhD,Single,41,No,No,One year,Mailed check,1,1
C-2944,Customer 2944,retail,12,123.05,1171.08,5000,0.34,PhD,Married,49,Yes,No,Two year,Bank transfer,1,1
C-2945,Customer 2945,sme,20,97.17,5657.29,1000,0.48,Bachelors,Single,71,No,No,Two year,Electronic check,0,1
C-2946,Customer 2946,enterprise,17,117.3,7098.82,10000,0.57,Bachelors,Married,70,No,DSL,One year,Credit card,0,1
C-2947,Customer 2947,sme,64,145.98,120.21,10000,0.34,Masters,Married,74,No,DSL,Two year,Electronic check,0,1
C-2948,Customer 2948,enterprise,5,45.81,6313.18,50000,0.37,PhD,Married,67,Yes,No,One year,Mailed check,0,0
C-2949,Customer 2949,enterprise,43,103.17,6987.44,10000,0.51,High School,Single,18,Yes,No,Month-to-month,Mailed check,1,1
C-2950,Customer 2950,enterprise,4,123.9,508.51,10000,0.59,High School,Single,46,Yes,DSL,Two year,Mailed check,0,1
C-2951,Customer 2951,enterprise,3,108.1,2796.96,1000,0.83,Bachelors,Single,68,No,No,One year,Bank transfer,0,1
C-2952,Customer 2952,enterprise,55,71.5,4955.15,1000,0.13,Masters,Married,45,No,Fiber optic,Month-to-month,Credit card,1,1
C-2953,Customer 2953,enterprise,63,74.3,5185.21,50000,0.38,PhD,Single,61,No,No,One year,Electronic check,0,1
C-2954,Customer 2954,sme,44,94.02,414.75,10000,0.86,High School,Married,79,Yes,DSL,One year,Electronic check,0,1
C-2955,Customer 2955,enterprise,49,88.17,6805.93,50000,0.53,Masters,Married,32,No,Fiber optic,Month-to-month,Mailed check,0,1
C-2956,Customer 2956,enterprise,14,101.07,5453.86,1000,0.81,Masters,Married,29,Yes,Fiber optic,Month-to-month,Credit card,0,1
C-2957,Customer 2957,retail,54,118.28,3551.69,50000,0.3,Bachelors,Single,38,No,DSL,Month-to-month,Electronic check,0,0
C-2958,Customer 2958,sme,56,106.9,6807.09,50000,0.25,High School,Married,72,Yes,DSL,One year,Credit card,0,0
C-2959,Customer 2959,enterprise,27,120.36,7703.21,1000,0.42,PhD,Married,22,Yes,No,Month-to-month,Mailed check,1,1
C-2960,Customer 2960,enterprise,14,72.35,6841.36,10000,0.74,PhD,Single,27,Yes,DSL,One year,Electronic check,0,1
C-2961,Customer 2961,enterprise,17,125.7,6751.56,10000,0.85,Masters,Married,69,Yes,DSL,One year,Credit card,0,0
C-2962,Customer 2962,retail,42,96.94,2647.15,50000,0.3,Bachelors,Married,66,No,Fiber optic,Two year,Bank transfer,0,0
C-2963,Customer 2963,sme,50,87.57,401.86,10000,0.68,High School,Married,22,No,DSL,One year,Credit card,0,1
C-2964,Customer 2964,enterprise,62,66.92,1830.4,10000,0.7,Bachelors,Single,47,No,DSL,Two year,Bank transfer,1,1
C-2965,Customer 2965,retail,8,82.86,7125.97,5000,0.9,Bachelors,Married,61,No,DSL,Two year,Mailed check,0,0
C-2966,Customer 2966,retail,31,92.18,4189.55,10000,0.86,Bachelors,Married,25,Yes,DSL,Two year,Mailed check,0,1
C-2967,Customer 2967,sme,24,34.83,3785.86,1000,0.37,High School,Married,26,Yes,No,Month-to-month,Electronic check,0,1
C-2968,Customer 2968,enterprise,21,33.72,4538.59,5000,0.11,PhD,Single,18,Yes,DSL,Month-to-month,Credit card,0,1
C-2969,Customer 2969,sme,62,128.09,5649.13,10000,0.2,PhD,Single,53,No,DSL,One year,Mailed check,1,1
C-2970,Customer 2970,sme,36,71.81,6738.37,1000,0.75,Masters,Single,62,No,Fiber optic,Two year,Electronic check,0,1
C-2971,Customer 2971,retail,15,127.67,7936.16,5000,0.81,Bachelors,Married,20,Yes,DSL,One year,Electronic check,0,1
C-2972,Customer 2972,retail,33,116.67,2553.51,5000,0.64,Masters,Single,27,Yes,No,One year,Mailed check,0,1
C-2973,Customer 2973,retail,53,25.48,1848.06,1000,0.65,PhD,Married,41,No,Fiber optic,One year,Bank transfer,0,1
C-2974,Customer 2974,sme,54,55.81,2396.29,10000,0.7,Bachelors,Single,44,Yes,Fiber optic,Month-to-month,Credit card,1,1
C-2975,Customer 2975,sme,4,119.45,1659.01,10000,0.71,Masters,Married,38,No,No,One year,Mailed check,0,1
C-2976,Customer 2976,enterprise,2,118.65,1374.93,10000,0.86,PhD,Single,37,Yes,No,One year,Mailed check,0,1
C-2977,Customer 2977,retail,40,111.17,2828.36,10000,0.42,High School,Single,69,Yes,Fiber optic,One year,Mailed check,0,1
C-2978,Customer 2978,sme,60,56.12,908.95,50000,0.52,High School,Single,40,No,DSL,Month-to-month,Mailed check,1,0
C-2979,Customer 2979,retail,49,23.91,2555.67,1000,0.58,High School,Single,21,Yes,No,One year,Electronic check,0,1
C-2980,Customer 2980,retail,19,142.02,4174.89,1000,0.31,Bachelors,Married,20,No,DSL,Month-to-month,Mailed check,1,1
C-2981,Customer 2981,enterprise,26,37.44,5589.48,1000,0.25,PhD,Married,42,Yes,DSL,Month-to-month,Credit card,0,1
C-2982,Customer 2982,sme,59,109.84,2202.67,10000,0.4,Bachelors,Married,57,No,Fiber optic,One year,Electronic check,0,0
C-2983,Customer 2983,sme,55,125.74,4920.35,10000,0.28,Bachelors,Married,21,Yes,DSL,Two year,Credit card,0,0
C-2984,Customer 2984,retail,50,108.87,5405.24,1000,0.22,Bachelors,Married,29,No,No,Two year,Mailed check,0,1
C-2985,Customer 2985,sme,6,127.78,2438.88,10000,0.25,PhD,Single,36,No,No,Month-to-month,Mailed check,0,1
C-2986,Customer 2986,retail,70,40.42,2072.11,1000,0.68,PhD,Married,59,No,No,Two year,Electronic check,0,1
C-2987,Customer 2987,sme,18,92.96,401.26,50000,0.35,Masters,Married,45,Yes,No,Two year,Electronic check,0,0
C-2988,Customer 2988,sme,58,144.67,1628.55,10000,0.35,PhD,Single,56,Yes,Fiber optic,One year,Bank transfer,0,0
C-2989,Customer 2989,sme,55,117.85,1563.88,1000,0.53,Masters,Married,79,No,Fiber optic,Two year,Credit card,0,1
C-2990,Customer 2990,sme,29,74.91,5207.03,10000,0.47,Bachelors,Married,45,No,Fiber optic,Two year,Electronic check,0,0
C-2991,Customer 2991,enterprise,63,144.6,1092.63,10000,0.3,Masters,Single,61,No,Fiber optic,Two year,Electronic check,1,1
C-2992,Customer 2992,retail,5,35.72,6773.88,5000,0.78,Bachelors,Married,32,No,No,One year,Mailed check,0,1
C-2993,Customer 2993,enterprise,7,146.83,6926.95,1000,0.46,PhD,Married,34,No,No,Two year,Credit card,0,1
C-2994,Customer 2994,enterprise,7,64.86,5250.31,10000,0.46,PhD,Married,63,Yes,Fiber optic,Two year,Bank transfer,0,1
C-2995,Customer 2995,sme,24,84.91,5226.68,50000,0.35,Masters,Single,28,Yes,No,Two year,Electronic check,0,1
C-2996,Customer 2996,retail,66,144.21,4004.06,5000,0.19,Bachelors,Single,67,No,Fiber optic,Two year,Bank transfer,0,1
C-2997,Customer 2997,retail,7,47.03,6194.04,10000,0.24,PhD,Single,63,Yes,No,One year,Mailed check,0,0
C-2998,Customer 2998,sme,40,137.64,5397.34,50000,0.88,Bachelors,Single,64,Yes,DSL,Two year,Mailed check,0,0
C-2999,Customer 2999,sme,41,121.86,5212.4,5000,0.3,Masters,Single,72,Yes,No,Two year,Bank transfer,0,1
C-3000,Customer 3000,sme,65,123.11,4166.37,1000,0.86,Masters,Single,39,Yes,DSL,Two year,Bank transfer,0,1
C-3001,Customer 3001,retail,21,149.01,4574.54,50000,0.11,PhD,Single,47,No,DSL,One year,Mailed check,0,0
C-3002,Customer 3002,enterprise,13,25.18,5732.43,5000,0.36,High School,Married,19,No,DSL,One year,Bank transfer,0,0
C-3003,Customer 3003,enterprise,49,36.08,4655.81,5000,0.81,Masters,Single,53,No,No,Month-to-month,Electronic check,0,1
C-3004,Customer 3004,enterprise,51,144.53,6145.45,50000,0.89,PhD,Married,25,Yes,No,Month-to-month,Bank transfer,0,0
C-3005,Customer 3005,sme,37,134.21,5576.82,50000,0.31,Bachelors,Single,37,No,Fiber optic,Month-to-month,Bank transfer,0,0
C-3006,Customer 3006,retail,25,33.25,2204.17,5000,0.87,PhD,Married,60,No,Fiber optic,Two year,Credit card,1,0
C-3007,Customer 3007,enterprise,60,97.14,7858.35,5000,0.51,PhD,Single,66,Yes,Fiber optic,One year,Bank transfer,0,1
C-3008,Customer 3008,enterprise,51,120.23,5016.05,5000,0.15,Bachelors,Single,33,Yes,No,One year,Credit card,0,1
C-3009,Customer 3009,sme,39,27.54,1268.64,50000,0.25,PhD,Married,21,No,No,Two year,Bank transfer,0,0
C-3010,Customer 3010,enterprise,31,128.8,5917.19,10000,0.85,Masters,Married,57,Yes,Fiber optic,Two year,Credit card,1,1
C-3011,Customer 3011,sme,61,71.06,5703.73,5000,0.67,Bachelors,Single,73,No,No,One year,Bank transfer,0,1
C-3012,Customer 3012,enterprise,71,73.61,7653.09,50000,0.79,Masters,Married,69,Yes,Fiber optic,One year,Bank transfer,0,0
C-3013,Customer 3013,sme,18,96.34,7138.52,10000,0.78,Bachelors,Single,30,Yes,No,Month-to-month,Electronic check,0,1
C-3014,Customer 3014,enterprise,45,41.87,470.19,50000,0.12,High School,Single,57,Yes,Fiber optic,Two year,Bank transfer,1,0
C-3015,Customer 3015,retail,26,65.58,4178.13,1000,0.22,Bachelors,Married,37,No,DSL,Two year,Bank transfer,0,1
C-3016,Customer 3016,sme,67,123.2,6136.09,1000,0.12,High School,Married,56,Yes,DSL,Month-to-month,Credit card,0,1
C-3017,Customer 3017,enterprise,47,48.0,1532.91,50000,0.36,PhD,Single,22,Yes,DSL,Month-to-month,Bank transfer,1,1
C-3018,Customer 3018,sme,27,61.84,1125.61,1000,0.81,Masters,Married,39,No,DSL,Two year,Bank transfer,0,1
C-3019,Customer 3019,enterprise,38,113.09,4498.37,1000,0.24,PhD,Married,42,Yes,Fiber optic,Two year,Electronic check,1,1
C-3020,Customer 3020,sme,38,43.2,5504.85,10000,0.36,High School,Single,29,Yes,Fiber optic,Two year,Bank transfer,0,0
C-3021,Customer 3021,retail,31,70.91,2903.85,10000,0.76,Bachelors,Married,38,Yes,No,Month-to-month,Bank transfer,0,1
C-3022,Customer 3022,enterprise,52,127.64,7827.03,5000,0.88,Bachelors,Married,71,Yes,DSL,One year,Mailed check,0,1
C-3023,Customer 3023,sme,6,80.9,6180.36,50000,0.56,High School,Single,49,Yes,No,One year,Mailed check,0,0
C-3024,Customer 3024,enterprise,65,70.41,5792.06,50000,0.32,Masters,Married,27,No,Fiber optic,Two year,Mailed check,0,0
C-3025,Customer 3025,retail,22,96.05,6276.18,1000,0.43,Masters,Single,65,Yes,DSL,Month-to-month,Credit card,0,1
C-3026,Customer 3026,enterprise,48,70.8,7839.79,10000,0.43,Bachelors,Single,53,Yes,Fiber optic,Two year,Electronic check,0,0
C-3027,Customer 3027,enterprise,57,137.38,6229.92,10000,0.78,Bachelors,Married,23,Yes,Fiber optic,Two year,Bank transfer,0,1
C-3028,Customer 3028,sme,14,147.65,872.29,5000,0.89,Masters,Married,63,No,Fiber optic,Month-to-month,Bank transfer,1,1
C-3029,Customer 3029,enterprise,70,49.13,4825.23,50000,0.54,Bachelors,Single,75,Yes,Fiber optic,Two year,Electronic check,0,1
C-3030,Customer 3030,retail,37,36.32,4562.36,10000,0.83,PhD,Married,20,Yes,No,Two year,Mailed check,0,0
C-3031,Customer 3031,sme,67,107.4,4380.77,5000,0.14,PhD,Married,75,Yes,No,Two year,Mailed check,0,1
C-3032,Customer 3032,enterprise,7,107.93,4159.94,10000,0.36,Bachelors,Single,53,No,No,Two year,Bank transfer,0,1
C-3033,Customer 3033,enterprise,38,104.35,3884.37,50000,0.13,PhD,Single,18,No,Fiber optic,One year,Electronic check,1,0
C-3034,Customer 3034,retail,54,64.32,3946.66,1000,0.68,Bachelors,Single,55,Yes,Fiber optic,Month-to-month,Credit card,0,1
C-3035,Customer 3035,retail,9,20.49,3980.35,50000,0.42,Masters,Single,56,Yes,DSL,One year,Bank transfer,0,1
C-3036,Customer 3036,enterprise,44,62.43,856.09,5000,0.87,PhD,Single,74,Yes,Fiber optic,Two year,Mailed check,0,1
C-3037,Customer 3037,retail,30,87.39,4408.35,5000,0.46,Masters,Single,67,No,Fiber optic,Month-to-month,Electronic check,0,1
C-3038,Customer 3038,enterprise,4,71.32,6423.29,10000,0.74,Masters,Single,65,No,Fiber optic,Month-to-month,Electronic check,0,0
C-3039,Customer 3039,sme,65,117.28,5758.79,50000,0.74,Masters,Married,61,No,Fiber optic,One year,Mailed check,1,0
C-3040,Customer 3040,enterprise,18,116.92,4766.21,10000,0.71,PhD,Married,74,No,No,One year,Bank transfer,0,1
C-3041,Customer 3041,retail,57,79.78,5117.91,1000,0.19,PhD,Single,34,Yes,Fiber optic,Month-to-month,Electronic check,1,1
C-3042,Customer 3042,enterprise,42,26.96,5421.77,50000,0.27,Masters,Married,29,No,No,Two year,Electronic check,0,0
C-3043,Customer 3043,sme,62,53.29,3770.91,1000,0.68,Bachelors,Single,23,No,Fiber optic,Two year,Electronic check,0,1
C-3044,Customer 3044,sme,54,122.44,2614.87,10000,0.79,High School,Married,20,No,No,Two year,Electronic check,1,1
C-3045,Customer 3045,retail,69,138.99,5312.63,50000,0.69,PhD,Married,32,Yes,No,Month-to-month,Bank transfer,0,0
C-3046,Customer 3046,sme,65,106.47,2707.55,1000,0.73,Masters,Married,72,No,Fiber optic,Month-to-month,Bank transfer,1,1
C-3047,Customer 3047,retail,29,67.38,4232.14,10000,0.13,Masters,Married,20,Yes,DSL,One year,Electronic check,0,0
C-3048,Customer 3048,sme,35,99.94,1039.08,50000,0.42,Bachelors,Single,33,No,Fiber optic,One year,Electronic check,1,0
C-3049,Customer 3049,retail,35,47.14,7587.73,5000,0.79,Bachelors,Single,21,Yes,Fiber optic,One year,Mailed check,0,1
C-3050,Customer 3050,retail,14,25.57,637.04,1000,0.56,Bachelors,Married,63,Yes,Fiber optic,One year,Mailed check,0,1
C-3051,Customer 3051,enterprise,66,50.53,6145.26,50000,0.58,PhD,Single,34,No,DSL,Month-to-month,Electronic check,0,0
C-3052,Customer 3052,retail,28,27.94,5547.45,50000,0.6,High School,Married,23,No,Fiber optic,Two year,Mailed check,0,0
C-3053,Customer 3053,sme,8,83.09,1075.41,5000,0.74,Masters,Single,27,Yes,Fiber optic,Two year,Credit card,0,1
C-3054,Customer 3054,sme,61,110.8,6348.53,1000,0.87,Masters,Married,61,Yes,DSL,One year,Bank transfer,1,1
C-3055,Customer 3055,retail,59,83.5,6428.72,10000,0.3,Masters,Married,52,No,No,One year,Bank transfer,1,1
C-3056,Customer 3056,sme,22,136.33,4499.24,5000,0.74,PhD,Married,23,Yes,DSL,Month-to-month,Bank transfer,0,1
C-3057,Customer 3057,enterprise,38,105.89,500.25,50000,0.74,Bachelors,Single,70,Yes,Fiber optic,Two year,Mailed check,0,0
C-3058,Customer 3058,sme,23,40.18,4947.63,10000,0.42,Masters,Married,65,Yes,No,One year,Bank transfer,1,1
C-3059,Customer 3059,retail,23,61.35,7586.89,10000,0.22,PhD,Single,72,Yes,No,Two year,Electronic check,0,0
C-3060,Customer 3060,retail,37,115.92,599.33,10000,0.77,Masters,Single,23,Yes,DSL,Two year,Bank transfer,0,1
C-3061,Customer 3061,sme,58,84.05,1893.17,1000,0.36,Masters,Married,41,Yes,DSL,Two year,Electronic check,0,1
C-3062,Customer 3062,sme,58,81.51,5290.03,1000,0.7,Masters,Married,35,No,DSL,Month-to-month,Bank transfer,0,1
C-3063,Customer 3063,enterprise,22,34.56,7398.67,1000,0.59,PhD,Married,49,Yes,Fiber optic,Month-to-month,Credit card,1,1
C-3064,Customer 3064,retail,2,39.11,6305.23,1000,0.15,Bachelors,Single,60,No,DSL,One year,Credit card,0,1
C-3065,Customer 3065,enterprise,58,59.59,2092.04,10000,0.66,Masters,Single,47,No,No,Two year,Bank transfer,0,0
C-3066,Customer 3066,retail,17,116.6,3377.5,5000,0.56,PhD,Married,26,Yes,DSL,Month-to-month,Bank transfer,0,1
C-3067,Customer 3067,sme,29,122.6,4322.89,10000,0.67,Bachelors,Married,52,No,No,Month-to-month,Bank transfer,1,1
C-3068,Customer 3068,enterprise,26,121.12,621.25,5000,0.17,Bachelors,Single,34,Yes,No,Month-to-month,Credit card,0,1
C-3069,Customer 3069,retail,18,52.21,3503.55,5000,0.35,Bachelors,Single,69,No,Fiber optic,Two year,Credit card,0,1
C-3070,Customer 3070,enterprise,1,134.67,7992.23,1000,0.41,High School,Married,60,Yes,DSL,One year,Electronic check,0,1
C-3071,Customer 3071,retail,7,33.8,2559.16,50000,0.17,PhD,Single,18,Yes,Fiber optic,One year,Bank transfer,0,0
C-3072,Customer 3072,sme,12,134.87,2046.07,1000,0.8,Bachelors,Married,20,No,Fiber optic,Two year,Bank transfer,0,1
C-3073,Customer 3073,enterprise,23,52.74,4097.32,1000,0.72,Bachelors,Single,50,Yes,DSL,Two year,Bank transfer,0,1
C-3074,Customer 3074,sme,69,27.69,4226.24,5000,0.8,High School,Married,71,No,DSL,One year,Electronic check,1,1
C-3075,Customer 3075,sme,25,70.58,2770.71,50000,0.23,PhD,Single,35,No,Fiber optic,Month-to-month,Bank transfer,1,0
C-3076,Customer 3076,retail,16,109.07,4310.28,50000,0.51,PhD,Married,54,No,DSL,One year,Credit card,0,0
C-3077,Customer 3077,enterprise,38,80.17,7347.69,10000,0.79,PhD,Single,29,No,DSL,One year,Mailed check,0,1
C-3078,Customer 3078,enterprise,12,102.75,4711.98,50000,0.84,Masters,Single,20,Yes,DSL,One year,Credit card,1,0
C-3079,Customer 3079,retail,9,122.93,2910.47,10000,0.33,Masters,Single,74,No,DSL,Two year,Electronic check,0,1
C-3080,Customer 3080,retail,44,119.63,1721.24,5000,0.77,High School,Single,69,Yes,DSL,Two year,Bank transfer,0,1
C-3081,Customer 3081,sme,44,20.19,6781.66,5000,0.43,PhD,Single,48,Yes,DSL,Two year,Mailed check,0,1
C-3082,Customer 3082,sme,16,111.03,4915.7,50000,0.68,High School,Single,27,Yes,DSL,One year,Bank transfer,1,0
C-3083,Customer 3083,sme,23,67.12,5806.69,5000,0.69,High School,Married,37,Yes,DSL,One year,Bank transfer,0,1
C-3084,Customer 3084,retail,18,41.96,4382.57,1000,0.76,PhD,Single,69,Yes,No,Month-to-month,Credit card,1,1
C-3085,Customer 3085,retail,71,104.97,607.49,1000,0.82,Bachelors,Married,45,No,DSL,One year,Bank transfer,1,1
C-3086,Customer 3086,sme,33,95.27,7740.05,10000,0.46,Bachelors,Married,56,No,No,Two year,Electronic check,0,0
C-3087,Customer 3087,retail,68,106.1,1311.08,50000,0.89,PhD,Single,47,No,Fiber optic,Month-to-month,Mailed check,1,0
C-3088,Customer 3088,retail,1,90.11,7655.44,50000,0.51,PhD,Married,59,No,Fiber optic,One year,Mailed check,0,0
C-3089,Customer 3089,retail,37,66.43,4524.37,10000,0.69,High School,Married,39,No,No,One year,Electronic check,1,1
C-3090,Customer 3090,enterprise,56,137.75,1338.12,50000,0.35,PhD,Single,79,No,No,Month-to-month,Credit card,1,0
C-3091,Customer 3091,enterprise,17,43.36,4377.39,50000,0.16,PhD,Single,44,Yes,Fiber optic,Two year,Mailed check,0,0
C-3092,Customer 3092,enterprise,22,45.47,5459.83,5000,0.86,Masters,Single,30,No,DSL,One year,Mailed check,0,1
C-3093,Customer 3093,retail,21,112.36,3812.32,10000,0.28,Bachelors,Married,36,Yes,Fiber optic,One year,Mailed check,0,1
C-3094,Customer 3094,sme,38,145.68,4618.34,50000,0.27,Bachelors,Married,57,No,DSL,Two year,Credit card,0,0
C-3095,Customer 3095,enterprise,3,107.38,731.8,10000,0.29,Masters,Single,63,No,No,One year,Credit card,0,1
C-3096,Customer 3096,enterprise,30,63.4,2039.15,1000,0.69,Masters,Married,21,Yes,Fiber optic,Two year,Mailed check,0,1
C-3097,Customer 3097,enterprise,46,30.2,5772.49,50000,0.29,Masters,Single,68,No,No,One year,Electronic check,0,0
C-3098,Customer 3098,sme,38,116.25,271.2,1000,0.64,Masters,Married,67,Yes,DSL,Two year,Bank transfer,0,1
C-3099,Customer 3099,enterprise,30,114.32,6829.63,1000,0.88,PhD,Single,77,No,No,Month-to-month,Bank transfer,0,1
C-3100,Customer 3100,enterprise,67,115.02,5270.82,10000,0.3,High School,Single,30,Yes,No,Month-to-month,Credit card,0,1
C-3101,Customer 3101,sme,5,80.15,683.69,1000,0.67,Bachelors,Single,35,No,Fiber optic,One year,Mailed check,0,1
C-3102,Customer 3102,sme,69,101.44,5354.36,10000,0.31,Masters,Married,63,No,DSL,Two year,Electronic check,0,1
C-3103,Customer 3103,sme,62,109.53,4149.24,10000,0.44,Bachelors,Married,43,No,No,One year,Credit card,0,1
C-3104,Customer 3104,retail,69,95.25,1696.55,5000,0.63,Masters,Married,38,Yes,Fiber optic,Month-to-month,Mailed check,1,1
C-3105,Customer 3105,retail,19,43.09,6620.39,5000,0.8,High School,Married,66,Yes,Fiber optic,Two year,Electronic check,0,1
C-3106,Customer 3106,retail,3,79.96,3618.57,10000,0.12,Bachelors,Married,26,No,No,Two year,Bank transfer,0,0
C-3107,Customer 3107,sme,62,22.96,1297.97,5000,0.28,Bachelors,Single,79,Yes,DSL,Month-to-month,Credit card,1,0
C-3108,Customer 3108,enterprise,70,26.53,4542.0,5000,0.16,PhD,Married,62,No,DSL,One year,Mailed check,0,0
C-3109,Customer 3109,sme,44,39.88,7488.62,50000,0.38,PhD,Single,33,Yes,DSL,Two year,Mailed check,0,0
C-3110,Customer 3110,enterprise,48,69.7,1365.3,50000,0.44,PhD,Single,23,No,Fiber optic,Month-to-month,Bank transfer,0,0
C-3111,Customer 3111,retail,67,95.77,4416.02,10000,0.19,High School,Married,41,Yes,Fiber optic,Two year,Credit card,0,0
C-3112,Customer 3112,sme,33,127.31,3268.16,5000,0.26,Bachelors,Married,30,Yes,Fiber optic,Two year,Mailed check,0,1
C-3113,Customer 3113,retail,3,41.76,1181.83,5000,0.36,Bachelors,Single,23,Yes,No,Two year,Mailed check,0,1
C-3114,Customer 3114,enterprise,69,107.18,2546.34,1000,0.87,Masters,Single,66,No,No,Two year,Mailed check,0,1
C-3115,Customer 3115,enterprise,26,134.35,5565.73,10000,0.21,Masters,Married,77,Yes,No,One year,Mailed check,0,1
C-3116,Customer 3116,retail,44,41.16,7089.42,10000,0.4,Bachelors,Single,44,Yes,No,Month-to-month,Bank transfer,1,0
C-3117,Customer 3117,retail,45,140.2,600.6,5000,0.43,Masters,Married,21,Yes,No,Month-to-month,Electronic check,0,1
C-3118,Customer 3118,sme,49,141.14,187.93,5000,0.63,Bachelors,Single,43,No,No,Two year,Mailed check,0,1
C-3119,Customer 3119,sme,28,74.35,5347.77,5000,0.9,PhD,Single,53,Yes,DSL,Month-to-month,Electronic check,0,1
C-3120,Customer 3120,enterprise,33,132.95,3863.47,10000,0.22,PhD,Single,67,Yes,DSL,One year,Credit card,0,0
C-3121,Customer 3121,sme,62,148.56,367.71,10000,0.36,High School,Married,19,No,DSL,Two year,Bank transfer,0,1
C-3122,Customer 3122,retail,26,97.47,3527.13,10000,0.45,Masters,Single,74,No,Fiber optic,Two year,Credit card,0,0
C-3123,Customer 3123,retail,25,39.94,3120.23,5000,0.56,Bachelors,Single,54,Yes,No,Two year,Mailed check,0,1
C-3124,Customer 3124,enterprise,23,121.31,3562.06,50000,0.12,Masters,Married,72,Yes,DSL,Month-to-month,Credit card,1,0
C-3125,Customer 3125,retail,27,34.44,4188.45,10000,0.32,PhD,Married,51,No,No,One year,Mailed check,0,0
C-3126,Customer 3126,retail,57,38.34,4781.73,50000,0.22,Bachelors,Single,53,Yes,No,Two year,Credit card,0,0
C-3127,Customer 3127,retail,42,86.75,2064.07,1000,0.65,Masters,Single,61,Yes,Fiber optic,One year,Bank transfer,0,1
C-3128,Customer 3128,retail,21,25.01,402.37,1000,0.21,High School,Single,31,No,No,One year,Credit card,0,1
C-3129,Customer 3129,enterprise,69,50.49,5745.45,50000,0.56,Masters,Single,61,Yes,DSL,Two year,Credit card,0,0
C-3130,Customer 3130,enterprise,26,64.03,683.4,50000,0.2,Bachelors,Single,41,Yes,No,Month-to-month,Bank transfer,1,0
C-3131,Customer 3131,enterprise,59,80.69,5695.09,10000,0.35,High School,Single,74,No,Fiber optic,Month-to-month,Bank transfer,0,0
C-3132,Customer 3132,enterprise,4,29.91,6880.17,1000,0.37,Bachelors,Single,46,Yes,DSL,Two year,Electronic check,0,1
C-3133,Customer 3133,enterprise,70,53.92,4099.99,1000,0.3,High School,Married,28,Yes,DSL,One year,Credit card,0,1
C-3134,Customer 3134,retail,45,145.04,7614.83,10000,0.4,Masters,Married,41,No,DSL,One year,Credit card,0,1
C-3135,Customer 3135,sme,61,66.47,6041.93,1000,0.35,PhD,Married,71,Yes,Fiber optic,One year,Mailed check,0,1
C-3136,Customer 3136,enterprise,59,24.1,4995.84,1000,0.41,High School,Single,40,No,No,One year,Electronic check,0,1
C-3137,Customer 3137,sme,40,66.02,6518.6,1000,0.74,PhD,Single,65,No,DSL,Two year,Bank transfer,0,1
C-3138,Customer 3138,retail,11,33.62,1216.5,1000,0.29,PhD,Single,59,Yes,DSL,Month-to-month,Mailed check,0,1
C-3139,Customer 3139,sme,12,94.45,1198.97,50000,0.67,High School,Married,26,No,DSL,Two year,Bank transfer,0,0
C-3140,Customer 3140,enterprise,45,50.41,7527.81,1000,0.12,Bachelors,Married,32,No,DSL,One year,Bank transfer,0,1
C-3141,Customer 3141,sme,50,36.29,3174.86,1000,0.6,High School,Married,28,No,Fiber optic,Two year,Bank transfer,0,1
C-3142,Customer 3142,retail,35,57.71,7075.88,5000,0.47,High School,Single,77,Yes,Fiber optic,One year,Mailed check,0,1
C-3143,Customer 3143,retail,69,66.77,3790.78,10000,0.29,Masters,Single,38,No,No,One year,Credit card,0,1
C-3144,Customer 3144,retail,16,116.13,5649.49,5000,0.5,Bachelors,Single,40,Yes,Fiber optic,One year,Bank transfer,0,1
C-3145,Customer 3145,sme,59,135.22,2390.6,1000,0.73,High School,Single,46,Yes,Fiber optic,Two year,Mailed check,0,1
C-3146,Customer 3146,enterprise,69,96.79,4831.95,10000,0.54,PhD,Single,19,No,DSL,Month-to-month,Electronic check,0,1
C-3147,Customer 3147,sme,12,146.45,775.66,50000,0.69,High School,Married,64,No,No,Two year,Mailed check,0,0
C-3148,Customer 3148,sme,29,77.11,2880.31,1000,0.13,High School,Married,62,No,DSL,Two year,Electronic check,0,1
C-3149,Customer 3149,enterprise,48,118.87,7823.99,1000,0.5,Masters,Married,62,Yes,No,Two year,Electronic check,0,1
C-3150,Customer 3150,retail,42,99.98,1587.5,1000,0.22,Masters,Married,28,Yes,DSL,Two year,Bank transfer,0,1
C-3151,Customer 3151,enterprise,55,51.83,702.18,1000,0.81,Masters,Single,61,Yes,Fiber optic,Two year,Electronic check,0,1
C-3152,Customer 3152,enterprise,68,71.12,743.28,1000,0.72,PhD,Married,20,No,Fiber optic,Month-to-month,Bank transfer,0,1
C-3153,Customer 3153,retail,33,93.14,5032.74,10000,0.72,High School,Single,69,No,Fiber optic,Month-to-month,Bank transfer,1,1
C-3154,Customer 3154,enterprise,65,28.31,7565.03,10000,0.8,Masters,Married,30,No,Fiber optic,One year,Credit card,0,0
C-3155,Customer 3155,sme,21,74.93,5067.24,5000,0.61,Bachelors,Single,43,Yes,DSL,Month-to-month,Bank transfer,0,1
C-3156,Customer 3156,sme,58,122.72,4829.79,1000,0.31,Bachelors,Single,77,No,No,Month-to-month,Credit card,1,1
C-3157,Customer 3157,sme,68,127.46,2000.84,50000,0.38,PhD,Married,51,No,Fiber optic,One year,Credit card,1,0
C-3158,Customer 3158,retail,38,83.47,4442.54,1000,0.87,PhD,Married,77,Yes,No,One year,Electronic check,0,1
C-3159,Customer 3159,retail,59,133.89,2901.66,5000,0.16,Masters,Married,55,No,DSL,One year,Electronic check,0,1
C-3160,Customer 3160,sme,17,106.12,2401.07,50000,0.83,Bachelors,Single,69,Yes,Fiber optic,Month-to-month,Bank transfer,0,0
C-3161,Customer 3161,sme,52,48.84,5835.05,5000,0.11,High School,Single,74,Yes,No,Two year,Electronic check,0,0
C-3162,Customer 3162,retail,4,85.91,5026.32,50000,0.62,PhD,Married,39,Yes,DSL,One year,Bank transfer,1,0
C-3163,Customer 3163,retail,28,92.61,306.39,1000,0.16,PhD,Single,28,Yes,DSL,One year,Bank transfer,0,1
C-3164,Customer 3164,retail,46,114.38,7770.33,10000,0.34,PhD,Single,54,Yes,Fiber optic,Month-to-month,Credit card,0,0
C-3165,Customer 3165,sme,29,115.15,4899.21,10000,0.47,PhD,Married,47,Yes,No,Two year,Bank transfer,0,1
C-3166,Customer 3166,enterprise,8,20.76,6166.95,1000,0.59,Bachelors,Single,79,Yes,No,Month-to-month,Mailed check,1,1
C-3167,Customer 3167,enterprise,17,48.85,2076.71,1000,0.2,PhD,Single,21,No,DSL,Month-to-month,Mailed check,0,1
C-3168,Customer 3168,retail,41,139.7,5290.12,10000,0.29,Masters,Single,60,Yes,No,Two year,Bank transfer,0,1
C-3169,Customer 3169,sme,31,123.21,5675.13,10000,0.7,Bachelors,Married,58,No,No,Month-to-month,Mailed check,0,1
C-3170,Customer 3170,enterprise,15,57.33,6014.21,5000,0.19,Bachelors,Married,65,No,Fiber optic,Two year,Electronic check,0,1
C-3171,Customer 3171,sme,43,139.57,7963.18,10000,0.35,PhD,Married,64,No,DSL,Two year,Credit card,0,1
C-3172,Customer 3172,enterprise,61,32.16,3665.35,1000,0.6,PhD,Single,57,No,DSL,Month-to-month,Credit card,0,1
C-3173,Customer 3173,sme,50,22.02,589.55,10000,0.72,Bachelors,Married,18,No,Fiber optic,Two year,Mailed check,0,0
C-3174,Customer 3174,sme,55,30.13,4401.96,50000,0.31,Bachelors,Married,25,Yes,No,Two year,Credit card,0,0
C-3175,Customer 3175,enterprise,31,111.06,6024.94,10000,0.65,Masters,Married,28,Yes,No,One year,Mailed check,0,1
C-3176,Customer 3176,enterprise,41,23.97,5397.08,5000,0.11,Bachelors,Single,54,Yes,Fiber optic,One year,Credit card,0,0
C-3177,Customer 3177,retail,10,133.88,6870.68,50000,0.55,Bachelors,Married,49,Yes,DSL,Month-to-month,Mailed check,1,0
C-3178,Customer 3178,retail,69,59.94,5721.11,5000,0.27,High School,Single,75,No,Fiber optic,Month-to-month,Credit card,0,1
C-3179,Customer 3179,sme,26,135.63,6388.55,5000,0.48,High School,Single,71,Yes,DSL,Two year,Mailed check,0,1
C-3180,Customer 3180,enterprise,49,24.1,917.98,50000,0.8,Bachelors,Single,67,No,No,Two year,Credit card,0,0
C-3181,Customer 3181,enterprise,69,131.06,1330.07,1000,0.86,PhD,Married,33,No,DSL,Month-to-month,Bank transfer,1,1
C-3182,Customer 3182,retail,16,110.17,7240.93,1000,0.87,PhD,Single,64,No,Fiber optic,Month-to-month,Credit card,0,1
C-3183,Customer 3183,retail,36,64.16,1611.28,10000,0.6,PhD,Married,66,No,DSL,Month-to-month,Electronic check,0,1
C-3184,Customer 3184,enterprise,68,66.12,2497.61,1000,0.75,Masters,Single,70,Yes,DSL,Two year,Credit card,1,1
C-3185,Customer 3185,sme,23,144.93,386.39,10000,0.71,Bachelors,Married,70,Yes,DSL,Two year,Electronic check,1,1
C-3186,Customer 3186,retail,71,40.04,7226.3,5000,0.8,Masters,Married,58,No,Fiber optic,One year,Credit card,0,1
C-3187,Customer 3187,sme,5,138.55,7400.57,5000,0.62,Masters,Married,73,Yes,Fiber optic,Two year,Bank transfer,0,1
C-3188,Customer 3188,retail,59,85.05,6457.31,1000,0.89,Bachelors,Single,42,No,No,One year,Bank transfer,0,1
C-3189,Customer 3189,retail,52,73.68,3299.66,10000,0.68,PhD,Married,50,Yes,DSL,Month-to-month,Electronic check,0,1
C-3190,Customer 3190,retail,51,106.07,7927.97,50000,0.33,Bachelors,Married,61,Yes,No,Two year,Bank transfer,0,0
C-3191,Customer 3191,retail,59,110.42,1597.23,10000,0.59,High School,Married,54,Yes,No,Month-to-month,Mailed check,0,1
C-3192,Customer 3192,enterprise,26,99.02,1717.98,10000,0.23,Masters,Single,50,Yes,Fiber optic,Month-to-month,Bank transfer,1,0
C-3193,Customer 3193,retail,25,75.95,5865.45,10000,0.27,Masters,Married,23,No,DSL,Month-to-month,Electronic check,1,0
C-3194,Customer 3194,sme,32,142.19,4526.06,5000,0.18,Bachelors,Married,62,No,DSL,Two year,Mailed check,0,1
C-3195,Customer 3195,sme,61,57.43,2408.57,5000,0.52,Masters,Single,27,No,Fiber optic,Month-to-month,Bank transfer,0,1
C-3196,Customer 3196,enterprise,52,26.97,6547.94,10000,0.67,Masters,Single,63,No,No,Month-to-month,Mailed check,1,1
C-3197,Customer 3197,retail,19,99.75,448.19,10000,0.75,PhD,Married,69,Yes,DSL,Two year,Credit card,0,1
C-3198,Customer 3198,retail,11,106.2,5302.04,10000,0.47,Masters,Single,52,Yes,DSL,Two year,Credit card,0,0
C-3199,Customer 3199,retail,38,118.47,6821.84,1000,0.61,High School,Single,40,No,Fiber optic,Month-to-month,Mailed check,0,1
C-3200,Customer 3200,retail,19,101.4,6860.96,10000,0.22,Bachelors,Married,41,No,DSL,Two year,Credit card,0,1
C-3201,Customer 3201,sme,53,76.67,1759.46,1000,0.66,PhD,Married,62,No,Fiber optic,One year,Mailed check,0,1
C-3202,Customer 3202,enterprise,38,82.73,6014.41,10000,0.51,Masters,Single,37,No,No,One year,Bank transfer,1,0
C-3203,Customer 3203,retail,52,49.18,5787.85,1000,0.52,PhD,Single,46,Yes,No,Two year,Bank transfer,0,1
C-3204,Customer 3204,enterprise,49,145.83,3043.62,10000,0.2,Masters,Single,51,Yes,No,One year,Credit card,1,1
C-3205,Customer 3205,enterprise,55,26.86,3507.22,50000,0.86,PhD,Single,28,Yes,Fiber optic,Two year,Bank transfer,0,0
C-3206,Customer 3206,sme,39,131.51,7702.7,10000,0.52,Masters,Single,61,No,Fiber optic,Month-to-month,Bank transfer,0,0
C-3207,Customer 3207,enterprise,47,134.86,4107.48,50000,0.47,Masters,Married,57,No,No,One year,Electronic check,0,0
C-3208,Customer 3208,enterprise,71,27.13,5009.72,10000,0.54,PhD,Married,78,Yes,Fiber optic,One year,Bank transfer,0,0
C-3209,Customer 3209,retail,68,23.38,6954.71,50000,0.87,PhD,Married,31,No,DSL,One year,Electronic check,0,1
C-3210,Customer 3210,sme,26,26.76,7319.98,10000,0.7,Masters,Married,46,Yes,DSL,Month-to-month,Mailed check,0,1
C-3211,Customer 3211,retail,51,127.77,1534.32,1000,0.11,High School,Single,78,No,Fiber optic,One year,Bank transfer,1,1
C-3212,Customer 3212,sme,36,148.34,200.95,5000,0.72,Bachelors,Married,31,No,DSL,One year,Electronic check,0,1
C-3213,Customer 3213,retail,53,93.66,4208.6,1000,0.37,Masters,Married,42,No,DSL,One year,Credit card,0,1
C-3214,Customer 3214,sme,30,60.09,3109.58,50000,0.23,High School,Married,63,Yes,Fiber optic,Two year,Credit card,0,0
C-3215,Customer 3215,enterprise,71,113.32,2423.88,1000,0.47,Masters,Married,79,No,DSL,One year,Electronic check,0,1
C-3216,Customer 3216,retail,47,135.18,4404.46,5000,0.27,Bachelors,Married,36,No,DSL,One year,Electronic check,0,1
C-3217,Customer 3217,retail,21,147.71,350.54,5000,0.32,Bachelors,Married,74,Yes,No,One year,Credit card,1,1
C-3218,Customer 3218,retail,19,145.38,7260.74,1000,0.73,Bachelors,Married,66,No,Fiber optic,One year,Bank transfer,0,1
C-3219,Customer 3219,sme,22,56.42,6428.91,10000,0.78,High School,Married,79,Yes,Fiber optic,Month-to-month,Mailed check,1,1
C-3220,Customer 3220,sme,26,111.61,201.12,5000,0.74,High School,Married,44,No,Fiber optic,Month-to-month,Electronic check,1,1
C-3221,Customer 3221,retail,18,73.56,4997.04,10000,0.35,Bachelors,Single,53,Yes,Fiber optic,Month-to-month,Bank transfer,0,0
C-3222,Customer 3222,enterprise,14,109.25,2392.07,50000,0.68,Bachelors,Single,52,No,DSL,Two year,Mailed check,0,0
C-3223,Customer 3223,retail,10,36.82,863.71,5000,0.72,PhD,Married,36,No,No,One year,Electronic check,0,0
C-3224,Customer 3224,enterprise,16,31.99,4610.2,1000,0.74,PhD,Married,47,Yes,Fiber optic,Month-to-month,Bank transfer,0,1
C-3225,Customer 3225,enterprise,71,96.8,5987.24,10000,0.22,High School,Married,33,Yes,Fiber optic,Two year,Credit card,0,0
C-3226,Customer 3226,sme,8,86.85,6376.8,5000,0.57,Masters,Single,42,No,No,Month-to-month,Bank transfer,1,1
C-3227,Customer 3227,sme,19,102.08,601.57,50000,0.66,High School,Married,31,Yes,Fiber optic,Two year,Bank transfer,0,0
C-3228,Customer 3228,retail,30,58.67,1058.6,10000,0.32,Bachelors,Married,73,Yes,Fiber optic,One year,Credit card,0,0
C-3229,Customer 3229,retail,33,63.02,7324.78,10000,0.2,PhD,Single,25,No,DSL,Two year,Mailed check,0,0
C-3230,Customer 3230,enterprise,57,129.24,3897.36,1000,0.73,High School,Married,48,No,Fiber optic,Month-to-month,Mailed check,0,1
C-3231,Customer 3231,enterprise,36,100.33,6245.54,1000,0.27,Bachelors,Married,56,No,No,Two year,Electronic check,0,1
C-3232,Customer 3232,sme,11,35.03,5050.84,5000,0.17,PhD,Married,33,Yes,No,Month-to-month,Credit card,0,0
C-3233,Customer 3233,sme,3,75.92,2254.6,50000,0.68,High School,Married,39,Yes,No,One year,Credit card,0,0
C-3234,Customer 3234,enterprise,70,68.06,1976.78,5000,0.16,Masters,Married,49,Yes,Fiber optic,Two year,Credit card,0,1
C-3235,Customer 3235,sme,16,79.98,1466.43,50000,0.83,Masters,Single,55,Yes,No,Month-to-month,Bank transfer,1,1
C-3236,Customer 3236,sme,41,138.92,4870.6,1000,0.29,Masters,Single,51,Yes,No,Month-to-month,Bank transfer,1,1
C-3237,Customer 3237,retail,35,24.15,6818.62,1000,0.48,Masters,Single,69,No,No,One year,Bank transfer,0,1
C-3238,Customer 3238,sme,47,77.41,660.65,50000,0.86,PhD,Married,50,No,Fiber optic,Two year,Electronic check,0,0
C-3239,Customer 3239,sme,48,69.22,1096.03,1000,0.41,PhD,Single,52,No,No,Two year,Electronic check,0,1
C-3240,Customer 3240,sme,54,95.68,7205.76,50000,0.16,Bachelors,Single,49,No,No,Month-to-month,Mailed check,1,0
C-3241,Customer 3241,enterprise,31,109.63,7498.11,50000,0.65,Bachelors,Married,66,Yes,No,Month-to-month,Credit card,0,0
C-3242,Customer 3242,sme,34,37.69,3001.85,1000,0.57,High School,Married,60,Yes,Fiber optic,One year,Credit card,0,1
C-3243,Customer 3243,enterprise,11,25.54,7190.33,5000,0.14,PhD,Married,34,No,No,One year,Mailed check,1,0
C-3244,Customer 3244,sme,53,138.6,6855.97,10000,0.71,High School,Married,57,No,Fiber optic,Two year,Bank transfer,0,1
C-3245,Customer 3245,enterprise,68,75.64,7274.37,5000,0.17,Bachelors,Single,26,No,Fiber optic,Two year,Mailed check,0,1
C-3246,Customer 3246,retail,5,78.19,1868.46,5000,0.31,PhD,Single,46,No,No,One year,Electronic check,1,1
C-3247,Customer 3247,retail,34,140.79,7878.65,10000,0.18,High School,Single,62,Yes,Fiber optic,Month-to-month,Bank transfer,0,1
C-3248,Customer 3248,sme,16,129.3,116.62,5000,0.25,Bachelors,Married,20,No,No,Month-to-month,Electronic check,1,1
C-3249,Customer 3249,enterprise,33,79.67,5484.63,1000,0.3,Bachelors,Single,48,No,DSL,Two year,Credit card,0,1
C-3250,Customer 3250,sme,10,141.64,6720.99,1000,0.51,High School,Single,71,No,Fiber optic,One year,Mailed check,1,1
C-3251,Customer 3251,sme,37,83.83,7326.87,5000,0.31,High School,Married,56,No,No,One year,Credit card,0,1
C-3252,Customer 3252,sme,53,41.66,1888.46,5000,0.19,High School,Single,49,No,No,Two year,Credit card,0,0
C-3253,Customer 3253,retail,60,104.79,3073.69,1000,0.3,PhD,Single,36,Yes,No,One year,Electronic check,0,1
C-3254,Customer 3254,sme,58,50.71,773.1,10000,0.63,High School,Single,36,Yes,Fiber optic,One year,Bank transfer,1,0
C-3255,Customer 3255,sme,27,94.44,6050.56,50000,0.8,Masters,Married,29,No,DSL,One year,Mailed check,0,1
C-3256,Customer 3256,sme,32,147.34,7647.79,5000,0.26,Bachelors,Married,43,No,No,Month-to-month,Mailed check,1,1
C-3257,Customer 3257,enterprise,71,137.66,7910.11,1000,0.76,PhD,Single,26,Yes,Fiber optic,Two year,Bank transfer,0,1
C-3258,Customer 3258,enterprise,28,48.07,2611.12,5000,0.68,Masters,Single,60,Yes,DSL,Month-to-month,Mailed check,0,1
C-3259,Customer 3259,enterprise,65,75.93,527.12,5000,0.65,High School,Single,58,Yes,DSL,One year,Mailed check,0,1
C-3260,Customer 3260,enterprise,67,138.37,4399.08,10000,0.17,High School,Single,31,Yes,Fiber optic,Month-to-month,Credit card,1,1
C-3261,Customer 3261,sme,33,105.38,1025.37,50000,0.55,Masters,Married,50,Yes,DSL,One year,Credit card,0,0
C-3262,Customer 3262,enterprise,12,122.21,1522.41,10000,0.83,PhD,Single,47,No,DSL,One year,Electronic check,0,1
C-3263,Customer 3263,sme,45,92.15,7499.04,10000,0.57,Bachelors,Married,38,No,DSL,Month-to-month,Credit card,1,1
C-3264,Customer 3264,sme,62,143.07,1896.76,10000,0.54,Bachelors,Single,78,No,Fiber optic,One year,Mailed check,0,1
C-3265,Customer 3265,retail,20,84.93,6147.67,10000,0.73,Bachelors,Married,74,No,Fiber optic,Month-to-month,Electronic check,0,0
C-3266,Customer 3266,retail,39,63.93,5658.78,5000,0.74,Masters,Single,58,No,DSL,Two year,Credit card,1,1
C-3267,Customer 3267,enterprise,64,105.39,6994.78,10000,0.26,Bachelors,Single,70,No,DSL,Month-to-month,Credit card,1,1
C-3268,Customer 3268,enterprise,35,68.36,7647.88,1000,0.37,PhD,Married,52,Yes,Fiber optic,Month-to-month,Mailed check,1,1
C-3269,Customer 3269,enterprise,24,64.68,3196.48,10000,0.6,Bachelors,Married,76,Yes,Fiber optic,Month-to-month,Mailed check,1,0
C-3270,Customer 3270,enterprise,44,146.63,6113.58,5000,0.27,Masters,Married,59,Yes,DSL,Two year,Credit card,1,1
C-3271,Customer 3271,retail,11,115.84,6828.55,50000,0.36,Bachelors,Single,44,No,No,Month-to-month,Electronic check,1,0
C-3272,Customer 3272,sme,63,128.47,2007.43,5000,0.5,Masters,Single,49,Yes,No,Two year,Mailed check,0,1
C-3273,Customer 3273,enterprise,31,131.87,1439.75,5000,0.54,Masters,Married,73,No,Fiber optic,One year,Credit card,0,1
C-3274,Customer 3274,sme,26,54.61,1839.79,1000,0.8,High School,Married,30,Yes,No,Month-to-month,Electronic check,1,1
C-3275,Customer 3275,enterprise,15,114.18,6182.1,5000,0.28,Masters,Single,58,No,DSL,One year,Mailed check,0,1
C-3276,Customer 3276,retail,68,90.34,111.2,10000,0.54,High School,Single,51,Yes,Fiber optic,Month-to-month,Mailed check,0,1
C-3277,Customer 3277,sme,42,133.35,6293.47,1000,0.24,PhD,Single,42,No,Fiber optic,Two year,Mailed check,0,1
C-3278,Customer 3278,sme,18,106.53,552.56,5000,0.2,Masters,Single,48,Yes,DSL,Two year,Credit card,0,1
C-3279,Customer 3279,retail,20,141.4,7144.11,10000,0.74,PhD,Single,71,Yes,No,Two year,Credit card,0,1
C-3280,Customer 3280,sme,12,83.29,4197.27,10000,0.42,Masters,Married,47,No,DSL,Two year,Electronic check,0,0
C-3281,Customer 3281,enterprise,27,30.66,6120.52,50000,0.14,High School,Single,63,No,Fiber optic,Two year,Electronic check,1,0
C-3282,Customer 3282,enterprise,27,137.41,5298.45,1000,0.84,PhD,Married,55,No,Fiber optic,Month-to-month,Mailed check,1,1
C-3283,Customer 3283,retail,23,146.37,7417.48,1000,0.77,Masters,Single,64,No,No,Two year,Mailed check,1,1
C-3284,Customer 3284,retail,30,100.52,1596.76,5000,0.73,High School,Single,29,Yes,Fiber optic,Two year,Electronic check,0,1
C-3285,Customer 3285,sme,8,141.62,973.93,10000,0.74,PhD,Married,19,Yes,No,Two year,Mailed check,0,1
C-3286,Customer 3286,retail,6,127.44,6618.9,5000,0.33,High School,Single,68,Yes,Fiber optic,One year,Bank transfer,0,1
C-3287,Customer 3287,retail,24,126.78,6364.65,10000,0.29,Bachelors,Married,46,Yes,DSL,One year,Bank transfer,0,1
C-3288,Customer 3288,retail,2,29.68,6674.64,10000,0.52,Masters,Married,69,Yes,DSL,Month-to-month,Bank transfer,0,0
C-3289,Customer 3289,enterprise,29,25.79,4068.0,5000,0.56,PhD,Single,40,Yes,Fiber optic,One year,Electronic check,0,1
C-3290,Customer 3290,sme,32,90.95,6620.72,50000,0.56,Bachelors,Single,51,No,No,One year,Credit card,0,0
C-3291,Customer 3291,sme,65,27.17,1674.59,10000,0.86,Bachelors,Married,73,No,No,One year,Bank transfer,1,1
C-3292,Customer 3292,retail,67,59.96,1445.14,1000,0.37,PhD,Married,36,No,Fiber optic,Month-to-month,Credit card,1,1
C-3293,Customer 3293,enterprise,55,73.3,157.61,5000,0.48,Masters,Married,61,Yes,DSL,One year,Credit card,0,0
C-3294,Customer 3294,sme,25,33.96,1542.86,5000,0.36,High School,Married,43,Yes,Fiber optic,Month-to-month,Credit card,1,1
C-3295,Customer 3295,enterprise,44,87.02,4994.93,10000,0.35,PhD,Married,74,No,DSL,Two year,Bank transfer,0,1
C-3296,Customer 3296,enterprise,41,145.84,2773.71,10000,0.31,Bachelors,Single,63,Yes,No,Two year,Credit card,0,1
C-3297,Customer 3297,retail,19,40.19,639.62,50000,0.61,High School,Married,48,No,Fiber optic,One year,Electronic check,0,0
C-3298,Customer 3298,sme,2,114.82,5630.37,50000,0.44,PhD,Married,25,No,Fiber optic,Month-to-month,Electronic check,1,0
C-3299,Customer 3299,retail,70,73.64,7977.55,5000,0.19,High School,Married,26,No,DSL,One year,Credit card,0,1
C-3300,Customer 3300,retail,70,90.41,5754.32,1000,0.26,PhD,Single,28,Yes,DSL,One year,Electronic check,0,1
C-3301,Customer 3301,enterprise,71,28.86,2471.69,5000,0.86,Bachelors,Single,34,Yes,DSL,Two year,Credit card,0,1
C-3302,Customer 3302,sme,54,148.6,2831.22,1000,0.39,Masters,Married,48,No,No,Month-to-month,Electronic check,0,1
C-3303,Customer 3303,retail,16,100.98,3888.66,10000,0.26,PhD,Married,77,No,No,Two year,Bank transfer,0,1
C-3304,Customer 3304,sme,28,141.98,6048.42,50000,0.23,High School,Single,75,Yes,DSL,Month-to-month,Bank transfer,0,0
C-3305,Customer 3305,enterprise,38,133.95,6483.49,1000,0.39,Bachelors,Single,78,No,No,One year,Electronic check,0,1
C-3306,Customer 3306,enterprise,70,147.97,5727.79,50000,0.89,Masters,Single,44,No,Fiber optic,Two year,Bank transfer,0,0
C-3307,Customer 3307,sme,33,67.56,5910.2,5000,0.84,Masters,Married,61,Yes,Fiber optic,One year,Electronic check,0,1
C-3308,Customer 3308,retail,27,22.71,6531.67,5000,0.24,PhD,Single,59,No,DSL,Two year,Credit card,0,0
C-3309,Customer 3309,sme,25,106.07,2403.91,5000,0.19,PhD,Married,24,Yes,DSL,Month-to-month,Bank transfer,0,1
C-3310,Customer 3310,enterprise,69,23.31,1510.46,50000,0.6,Masters,Single,26,No,Fiber optic,Month-to-month,Credit card,0,0
C-3311,Customer 3311,enterprise,53,43.11,6620.4,10000,0.14,High School,Single,35,No,No,Month-to-month,Electronic check,1,0
C-3312,Customer 3312,sme,37,35.24,2065.89,10000,0.8,High School,Married,75,Yes,Fiber optic,Two year,Bank transfer,0,1
C-3313,Customer 3313,retail,21,26.63,2365.12,1000,0.2,Masters,Single,64,Yes,Fiber optic,One year,Electronic check,0,1
C-3314,Customer 3314,enterprise,49,84.77,6986.93,10000,0.58,Masters,Single,79,Yes,No,One year,Bank transfer,1,0
C-3315,Customer 3315,sme,70,40.82,835.86,5000,0.77,Masters,Married,26,Yes,No,One year,Mailed check,0,1
C-3316,Customer 3316,enterprise,20,41.93,4101.13,10000,0.47,High School,Single,49,Yes,DSL,One year,Electronic check,0,0
C-3317,Customer 3317,retail,52,61.13,3604.76,5000,0.52,High School,Married,59,No,DSL,One year,Mailed check,1,0
C-3318,Customer 3318,sme,14,142.38,4564.61,5000,0.14,Bachelors,Married,66,No,Fiber optic,Month-to-month,Credit card,1,1
C-3319,Customer 3319,sme,41,146.7,7307.15,5000,0.74,High School,Married,55,Yes,Fiber optic,Month-to-month,Bank transfer,1,1
C-3320,Customer 3320,sme,68,61.19,3242.84,5000,0.11,High School,Married,40,Yes,DSL,Two year,Mailed check,0,1
C-3321,Customer 3321,sme,63,39.75,7671.68,1000,0.51,High School,Single,25,Yes,DSL,Two year,Mailed check,1,1
C-3322,Customer 3322,retail,21,145.62,2581.3,50000,0.59,PhD,Married,44,No,No,One year,Electronic check,0,0
C-3323,Customer 3323,sme,15,20.61,2213.73,1000,0.13,High School,Married,63,No,DSL,One year,Bank transfer,0,1
C-3324,Customer 3324,enterprise,49,65.65,3349.73,10000,0.36,Masters,Married,33,No,DSL,Two year,Electronic check,1,0
C-3325,Customer 3325,enterprise,57,96.51,5871.02,1000,0.34,Bachelors,Married,79,Yes,Fiber optic,Two year,Electronic check,0,1
C-3326,Customer 3326,enterprise,43,28.66,4129.79,5000,0.5,Masters,Single,27,Yes,DSL,Two year,Mailed check,0,0
C-3327,Customer 3327,enterprise,24,92.97,3615.73,50000,0.52,High School,Married,71,No,Fiber optic,One year,Credit card,0,1
C-3328,Customer 3328,sme,66,103.61,2559.31,50000,0.83,PhD,Single,66,No,Fiber optic,One year,Bank transfer,1,0
C-3329,Customer 3329,retail,5,63.07,2144.38,10000,0.19,High School,Married,22,Yes,Fiber optic,Two year,Credit card,0,0
C-3330,Customer 3330,retail,30,130.27,4178.88,1000,0.89,Masters,Single,23,No,No,Month-to-month,Bank transfer,0,1
C-3331,Customer 3331,retail,19,136.31,588.48,5000,0.62,Bachelors,Single,59,Yes,DSL,Month-to-month,Electronic check,0,1
C-3332,Customer 3332,enterprise,55,51.01,4000.66,5000,0.39,Bachelors,Married,41,No,DSL,Month-to-month,Credit card,1,1
C-3333,Customer 3333,retail,16,122.95,5476.36,10000,0.41,Bachelors,Single,25,No,DSL,One year,Electronic check,0,1
C-3334,Customer 3334,sme,5,69.58,6038.28,50000,0.74,High School,Married,59,Yes,DSL,One year,Credit card,1,0
C-3335,Customer 3335,enterprise,43,95.53,7207.05,1000,0.53,Masters,Married,18,No,DSL,One year,Bank transfer,0,1
C-3336,Customer 3336,sme,15,142.95,2419.11,5000,0.11,Masters,Married,71,Yes,No,Month-to-month,Bank transfer,1,1
C-3337,Customer 3337,enterprise,1,147.36,7662.61,5000,0.43,Masters,Single,66,Yes,Fiber optic,Month-to-month,Credit card,0,1
C-3338,Customer 3338,enterprise,64,144.98,1535.65,1000,0.84,PhD,Single,59,Yes,Fiber optic,Month-to-month,Electronic check,0,1
C-3339,Customer 3339,sme,46,146.49,7940.59,1000,0.61,PhD,Married,37,Yes,DSL,Two year,Mailed check,0,1
C-3340,Customer 3340,enterprise,51,51.61,3054.61,1000,0.62,Masters,Married,70,Yes,DSL,Two year,Bank transfer,0,1
C-3341,Customer 3341,sme,67,90.9,2266.26,1000,0.21,PhD,Married,66,No,DSL,One year,Credit card,0,1
C-3342,Customer 3342,sme,18,111.56,480.85,5000,0.86,Bachelors,Single,53,No,DSL,Two year,Electronic check,0,1
C-3343,Customer 3343,enterprise,36,107.25,3851.78,10000,0.61,PhD,Married,60,Yes,DSL,Two year,Credit card,0,1
C-3344,Customer 3344,retail,70,47.88,7970.52,5000,0.14,Bachelors,Single,18,Yes,No,Month-to-month,Electronic check,1,0
C-3345,Customer 3345,enterprise,61,49.38,2127.91,50000,0.73,PhD,Single,66,Yes,DSL,Two year,Electronic check,0,0
C-3346,Customer 3346,sme,5,133.35,1597.42,50000,0.18,PhD,Single,52,Yes,Fiber optic,Month-to-month,Mailed check,0,0
C-3347,Customer 3347,enterprise,12,30.72,1343.95,50000,0.1,Bachelors,Married,26,No,Fiber optic,Month-to-month,Bank transfer,0,0
C-3348,Customer 3348,enterprise,17,98.84,6038.83,50000,0.52,Bachelors,Married,35,No,Fiber optic,One year,Bank transfer,0,0
C-3349,Customer 3349,retail,14,81.21,1633.62,1000,0.44,Masters,Single,66,Yes,Fiber optic,Month-to-month,Mailed check,0,1
C-3350,Customer 3350,enterprise,33,34.88,2929.9,50000,0.35,Bachelors,Married,65,Yes,DSL,One year,Bank transfer,1,0
C-3351,Customer 3351,retail,60,69.54,6302.22,50000,0.54,Masters,Single,75,No,DSL,One year,Bank transfer,0,0
C-3352,Customer 3352,enterprise,62,144.87,356.03,1000,0.15,PhD,Single,25,Yes,No,Month-to-month,Mailed check,1,1
C-3353,Customer 3353,retail,2,43.96,254.35,5000,0.57,PhD,Married,31,Yes,Fiber optic,Two year,Mailed check,0,1
C-3354,Customer 3354,sme,6,104.24,6907.25,10000,0.17,Masters,Married,62,No,DSL,Two year,Credit card,0,1
C-3355,Customer 3355,enterprise,47,98.98,6191.56,1000,0.38,PhD,Married,50,Yes,Fiber optic,Month-to-month,Mailed check,0,1
C-3356,Customer 3356,sme,35,56.31,6688.47,5000,0.75,Masters,Single,18,No,DSL,Month-to-month,Credit card,0,1
C-3357,Customer 3357,retail,50,56.29,6269.75,10000,0.81,Masters,Married,71,Yes,Fiber optic,One year,Electronic check,0,0
C-3358,Customer 3358,enterprise,45,148.08,7509.71,10000,0.73,High School,Single,32,Yes,No,Month-to-month,Electronic check,0,1
C-3359,Customer 3359,retail,50,109.91,4756.39,10000,0.63,Masters,Single,57,No,Fiber optic,Month-to-month,Electronic check,0,1
C-3360,Customer 3360,retail,49,34.99,447.07,10000,0.48,Masters,Single,28,No,Fiber optic,Two year,Electronic check,1,0
C-3361,Customer 3361,sme,28,112.39,461.64,10000,0.48,Bachelors,Married,19,No,Fiber optic,Two year,Mailed check,0,0
C-3362,Customer 3362,sme,38,33.62,4473.33,5000,0.18,Bachelors,Single,60,Yes,No,Two year,Bank transfer,0,0
C-3363,Customer 3363,sme,26,138.81,4805.52,1000,0.11,PhD,Married,29,No,DSL,Month-to-month,Credit card,1,1
C-3364,Customer 3364,retail,39,103.49,3369.28,10000,0.22,PhD,Single,31,Yes,Fiber optic,One year,Bank transfer,0,1
C-3365,Customer 3365,sme,21,103.85,6566.65,1000,0.51,Bachelors,Single,34,No,No,Two year,Electronic check,0,1
C-3366,Customer 3366,sme,59,140.47,7790.95,10000,0.42,Bachelors,Single,39,Yes,DSL,One year,Electronic check,0,1
C-3367,Customer 3367,enterprise,64,21.16,4438.16,10000,0.55,PhD,Single,46,No,DSL,Two year,Mailed check,0,1
C-3368,Customer 3368,retail,21,137.13,5706.95,5000,0.88,Bachelors,Single,55,Yes,No,One year,Electronic check,0,1
C-3369,Customer 3369,sme,20,85.36,1108.87,50000,0.48,Bachelors,Married,78,Yes,DSL,One year,Bank transfer,0,0
C-3370,Customer 3370,retail,42,84.95,341.43,1000,0.68,Bachelors,Single,70,No,Fiber optic,Month-to-month,Bank transfer,0,1
C-3371,Customer 3371,sme,21,43.07,5925.04,1000,0.55,High School,Married,63,Yes,Fiber optic,Two year,Credit card,0,1
C-3372,Customer 3372,enterprise,44,42.32,3569.62,5000,0.52,Masters,Single,26,No,Fiber optic,One year,Mailed check,0,0
C-3373,Customer 3373,retail,16,75.85,790.83,1000,0.42,PhD,Married,40,No,Fiber optic,One year,Bank transfer,0,1
C-3374,Customer 3374,sme,51,64.9,2309.46,5000,0.7,PhD,Single,59,No,No,One year,Electronic check,0,1
C-3375,Customer 3375,enterprise,52,84.89,3148.56,50000,0.76,Masters,Married,22,No,Fiber optic,One year,Electronic check,0,0
C-3376,Customer 3376,retail,58,87.27,7930.67,5000,0.12,High School,Single,78,Yes,Fiber optic,One year,Mailed check,0,1
C-3377,Customer 3377,retail,61,69.84,1114.48,50000,0.62,PhD,Single,21,No,Fiber optic,One year,Mailed check,1,0
C-3378,Customer 3378,sme,46,102.32,3545.68,1000,0.32,Bachelors,Married,61,No,DSL,Two year,Bank transfer,0,1
C-3379,Customer 3379,sme,15,147.9,232.3,50000,0.31,High School,Married,76,No,DSL,Two year,Credit card,0,0
C-3380,Customer 3380,enterprise,43,56.25,4564.85,50000,0.37,High School,Single,39,No,Fiber optic,Month-to-month,Mailed check,1,0
C-3381,Customer 3381,retail,16,56.15,5060.88,50000,0.44,Masters,Single,61,Yes,No,Two year,Bank transfer,0,1
C-3382,Customer 3382,sme,17,78.59,3758.02,1000,0.82,Bachelors,Single,46,No,No,One year,Electronic check,0,1
C-3383,Customer 3383,sme,6,59.72,554.32,10000,0.18,Masters,Married,27,Yes,No,Two year,Mailed check,0,0
C-3384,Customer 3384,retail,5,72.65,2016.46,50000,0.55,High School,Single,26,No,No,One year,Mailed check,0,0
C-3385,Customer 3385,sme,22,100.23,6427.43,50000,0.71,High School,Married,73,Yes,No,One year,Mailed check,0,0
C-3386,Customer 3386,enterprise,27,111.91,3251.97,10000,0.52,High School,Married,78,No,DSL,One year,Mailed check,0,0
C-3387,Customer 3387,retail,44,124.14,116.85,50000,0.29,PhD,Single,52,Yes,DSL,Two year,Credit card,0,0
C-3388,Customer 3388,sme,21,140.75,7687.23,10000,0.69,PhD,Married,34,Yes,Fiber optic,Two year,Mailed check,1,1
C-3389,Customer 3389,retail,5,122.08,3674.01,50000,0.37,Bachelors,Single,52,No,No,Two year,Electronic check,0,0
C-3390,Customer 3390,retail,22,37.98,4408.02,1000,0.84,PhD,Single,35,Yes,DSL,Two year,Electronic check,0,1
C-3391,Customer 3391,sme,69,120.99,465.05,5000,0.34,Masters,Married,37,Yes,DSL,Two year,Mailed check,0,1
C-3392,Customer 3392,enterprise,29,133.3,5686.87,5000,0.81,Bachelors,Married,26,No,No,Two year,Mailed check,0,1
C-3393,Customer 3393,retail,48,38.97,7192.17,5000,0.85,Bachelors,Single,73,No,DSL,Month-to-month,Mailed check,0,1
C-3394,Customer 3394,sme,41,111.7,4102.59,50000,0.15,PhD,Married,61,Yes,No,One year,Bank transfer,0,0
C-3395,Customer 3395,sme,4,35.36,2491.8,1000,0.51,Masters,Married,18,Yes,No,Month-to-month,Credit card,0,1
C-3396,Customer 3396,retail,54,143.17,2379.93,5000,0.3,Bachelors,Single,20,Yes,Fiber optic,One year,Credit card,0,1
C-3397,Customer 3397,enterprise,7,146.59,2882.25,10000,0.43,PhD,Single,30,No,No,One year,Mailed check,0,0
C-3398,Customer 3398,retail,24,118.27,971.45,10000,0.56,PhD,Single,40,Yes,DSL,Month-to-month,Credit card,0,1
C-3399,Customer 3399,sme,52,112.41,4228.24,10000,0.21,High School,Single,24,Yes,No,Two year,Mailed check,1,0
C-3400,Customer 3400,sme,38,30.65,5551.51,5000,0.64,High School,Single,19,No,Fiber optic,Month-to-month,Electronic check,1,1
C-3401,Customer 3401,retail,71,74.56,4244.27,5000,0.63,PhD,Single,20,No,DSL,One year,Electronic check,1,1
C-3402,Customer 3402,retail,49,68.37,7531.85,50000,0.59,Bachelors,Married,62,No,Fiber optic,Two year,Credit card,0,0
C-3403,Customer 3403,sme,5,135.58,7855.81,1000,0.74,Bachelors,Single,77,No,DSL,Month-to-month,Electronic check,1,1
C-3404,Customer 3404,sme,59,114.57,6259.51,50000,0.56,Bachelors,Married,68,No,No,Two year,Electronic check,0,0
C-3405,Customer 3405,sme,47,120.32,3833.5,5000,0.53,High School,Single,73,Yes,Fiber optic,One year,Bank transfer,0,1
C-3406,Customer 3406,sme,27,110.7,690.54,1000,0.41,Bachelors,Married,74,No,DSL,Two year,Mailed check,0,1
C-3407,Customer 3407,sme,54,21.99,7028.23,5000,0.22,PhD,Single,79,No,DSL,Two year,Bank transfer,0,0
C-3408,Customer 3408,sme,28,122.82,7832.12,10000,0.61,PhD,Married,49,No,DSL,Month-to-month,Credit card,0,1
C-3409,Customer 3409,retail,29,144.94,6821.15,10000,0.18,Bachelors,Single,69,Yes,Fiber optic,Two year,Credit card,0,1
C-3410,Customer 3410,sme,5,117.73,1455.33,50000,0.84,PhD,Married,24,Yes,DSL,Month-to-month,Electronic check,0,1
C-3411,Customer 3411,enterprise,70,76.88,3239.11,50000,0.29,High School,Single,67,Yes,DSL,Month-to-month,Electronic check,0,0
C-3412,Customer 3412,sme,7,123.1,3495.1,1000,0.34,Masters,Single,31,No,No,Month-to-month,Electronic check,1,1
C-3413,Customer 3413,sme,24,47.91,3639.99,50000,0.25,Masters,Single,42,No,DSL,Two year,Credit card,1,1
C-3414,Customer 3414,sme,39,44.52,1388.95,10000,0.63,Masters,Single,24,Yes,Fiber optic,Month-to-month,Credit card,0,1
C-3415,Customer 3415,retail,41,84.14,7152.53,5000,0.85,Masters,Single,69,Yes,No,One year,Mailed check,0,1
C-3416,Customer 3416,enterprise,25,43.5,2382.38,5000,0.33,High School,Single,44,No,No,Two year,Electronic check,0,0
C-3417,Customer 3417,sme,71,101.02,5324.66,5000,0.75,High School,Married,63,Yes,Fiber optic,One year,Bank transfer,0,1
C-3418,Customer 3418,retail,35,74.11,5363.6,50000,0.69,Bachelors,Married,61,No,Fiber optic,Month-to-month,Mailed check,1,0
C-3419,Customer 3419,sme,57,52.18,2547.24,50000,0.6,High School,Married,57,Yes,Fiber optic,Month-to-month,Mailed check,0,0
C-3420,Customer 3420,enterprise,6,109.87,7637.13,1000,0.26,Bachelors,Single,38,No,Fiber optic,Month-to-month,Credit card,0,1
C-3421,Customer 3421,enterprise,13,69.24,3868.16,50000,0.53,Bachelors,Married,52,Yes,Fiber optic,Month-to-month,Bank transfer,0,0
C-3422,Customer 3422,retail,64,46.7,2478.71,1000,0.54,High School,Married,20,No,No,Month-to-month,Bank transfer,1,1
C-3423,Customer 3423,sme,14,113.43,4987.14,5000,0.17,High School,Single,44,No,Fiber optic,One year,Credit card,0,1
C-3424,Customer 3424,enterprise,24,107.62,2222.46,1000,0.25,PhD,Married,58,Yes,No,One year,Credit card,0,1
C-3425,Customer 3425,enterprise,11,86.43,6652.44,5000,0.55,PhD,Single,44,Yes,Fiber optic,Two year,Electronic check,0,1
C-3426,Customer 3426,sme,50,20.39,2976.94,5000,0.47,Masters,Single,74,Yes,Fiber optic,Month-to-month,Electronic check,1,0
C-3427,Customer 3427,retail,27,125.49,3123.99,1000,0.11,High School,Single,22,No,Fiber optic,Month-to-month,Credit card,0,1
C-3428,Customer 3428,retail,41,132.65,4944.79,10000,0.49,Bachelors,Single,44,No,No,One year,Bank transfer,0,0
C-3429,Customer 3429,enterprise,70,129.76,2173.19,10000,0.86,High School,Married,33,No,Fiber optic,Month-to-month,Bank transfer,0,1
C-3430,Customer 3430,enterprise,2,40.12,5076.62,1000,0.76,PhD,Married,33,No,DSL,Month-to-month,Electronic check,1,1
C-3431,Customer 3431,sme,41,28.61,1093.73,1000,0.16,High School,Married,50,No,Fiber optic,Month-to-month,Electronic check,0,1
C-3432,Customer 3432,enterprise,62,139.02,6694.37,10000,0.74,High School,Married,20,Yes,DSL,Month-to-month,Credit card,0,1
C-3433,Customer 3433,sme,8,73.12,1077.0,50000,0.42,High School,Single,37,Yes,Fiber optic,One year,Bank transfer,0,0
C-3434,Customer 3434,sme,23,99.23,6318.68,1000,0.44,PhD,Single,66,Yes,No,One year,Bank transfer,0,1
C-3435,Customer 3435,sme,34,93.13,959.3,5000,0.57,Masters,Married,69,No,DSL,Month-to-month,Mailed check,1,1
C-3436,Customer 3436,enterprise,3,53.49,4599.33,10000,0.88,PhD,Single,38,Yes,DSL,Month-to-month,Mailed check,1,0
C-3437,Customer 3437,sme,28,52.51,7097.55,5000,0.3,High School,Single,57,No,Fiber optic,One year,Bank transfer,0,0
C-3438,Customer 3438,enterprise,68,135.13,5077.29,10000,0.78,PhD,Single,67,Yes,No,One year,Credit card,0,1
C-3439,Customer 3439,sme,9,109.67,4654.86,1000,0.44,Bachelors,Single,36,Yes,No,Two year,Mailed check,0,1
C-3440,Customer 3440,retail,51,82.77,1206.85,50000,0.86,Masters,Single,33,Yes,No,Month-to-month,Credit card,0,1
C-3441,Customer 3441,retail,54,147.87,2463.23,1000,0.51,PhD,Single,34,Yes,Fiber optic,One year,Credit card,0,1
C-3442,Customer 3442,sme,37,132.52,6769.96,1000,0.78,PhD,Married,33,Yes,No,Month-to-month,Mailed check,0,1
C-3443,Customer 3443,sme,31,40.24,7917.69,50000,0.78,PhD,Married,41,No,No,Month-to-month,Credit card,1,1
C-3444,Customer 3444,enterprise,60,46.66,5874.4,10000,0.2,Bachelors,Single,64,No,Fiber optic,One year,Electronic check,1,0
C-3445,Customer 3445,sme,31,109.35,1201.88,50000,0.83,Bachelors,Single,36,Yes,Fiber optic,One year,Electronic check,0,0
C-3446,Customer 3446,sme,25,123.16,7922.15,5000,0.15,Bachelors,Married,64,Yes,Fiber optic,Two year,Credit card,0,1
C-3447,Customer 3447,enterprise,61,110.24,6125.05,50000,0.42,Bachelors,Single,27,Yes,No,Month-to-month,Mailed check,0,0
C-3448,Customer 3448,retail,50,104.8,7296.44,10000,0.8,High School,Single,26,No,No,Two year,Bank transfer,0,1
C-3449,Customer 3449,retail,27,111.22,2851.19,1000,0.73,PhD,Single,19,Yes,No,Month-to-month,Bank transfer,1,1
C-3450,Customer 3450,enterprise,65,31.59,6961.94,1000,0.31,Masters,Married,40,No,Fiber optic,Two year,Credit card,0,1
C-3451,Customer 3451,enterprise,62,37.29,1934.57,10000,0.16,High School,Single,26,No,DSL,Two year,Bank transfer,0,1
C-3452,Customer 3452,retail,25,43.7,5692.24,10000,0.82,High School,Married,28,Yes,No,Month-to-month,Electronic check,1,0
C-3453,Customer 3453,retail,66,58.48,2342.73,10000,0.79,Masters,Married,63,No,Fiber optic,Two year,Mailed check,0,0
C-3454,Customer 3454,sme,14,44.8,2135.22,10000,0.3,Masters,Single,70,Yes,No,One year,Electronic check,0,0
C-3455,Customer 3455,retail,63,32.71,5979.96,5000,0.58,Bachelors,Single,53,No,No,Two year,Bank transfer,0,1
C-3456,Customer 3456,retail,67,28.47,1002.18,5000,0.69,PhD,Single,38,Yes,DSL,Two year,Electronic check,0,0
C-3457,Customer 3457,sme,21,82.82,2022.62,1000,0.72,PhD,Married,29,No,No,Two year,Electronic check,0,1
C-3458,Customer 3458,sme,27,139.97,4122.89,50000,0.86,High School,Single,53,Yes,DSL,Two year,Mailed check,0,1
C-3459,Customer 3459,sme,39,68.5,5631.6,50000,0.13,High School,Married,69,No,Fiber optic,Two year,Bank transfer,0,0
C-3460,Customer 3460,enterprise,15,69.55,4927.91,50000,0.6,High School,Married,43,No,DSL,Two year,Bank transfer,0,0
C-3461,Customer 3461,retail,55,130.69,3687.31,50000,0.59,Bachelors,Married,52,No,DSL,Two year,Credit card,0,0
C-3462,Customer 3462,sme,41,127.76,7061.64,5000,0.43,Bachelors,Single,56,No,DSL,Two year,Credit card,0,1
C-3463,Customer 3463,retail,32,28.63,1321.76,50000,0.84,Masters,Single,62,No,Fiber optic,Two year,Mailed check,0,0
C-3464,Customer 3464,enterprise,43,32.03,1401.94,5000,0.36,PhD,Married,19,No,Fiber optic,One year,Mailed check,0,1
C-3465,Customer 3465,enterprise,9,135.63,291.91,5000,0.42,High School,Single,37,Yes,Fiber optic,Two year,Credit card,0,1
C-3466,Customer 3466,retail,5,90.66,725.1,1000,0.34,High School,Married,29,Yes,DSL,Two year,Bank transfer,0,1
C-3467,Customer 3467,sme,60,133.6,5599.01,1000,0.39,High School,Married,77,Yes,DSL,One year,Electronic check,0,1
C-3468,Customer 3468,sme,61,140.6,136.83,50000,0.78,Bachelors,Single,27,No,No,One year,Mailed check,0,1
C-3469,Customer 3469,retail,41,109.08,5936.52,5000,0.76,High School,Single,70,No,DSL,Month-to-month,Credit card,0,1
C-3470,Customer 3470,retail,40,75.96,4840.76,1000,0.44,Masters,Married,76,Yes,No,Two year,Electronic check,0,1
C-3471,Customer 3471,retail,63,114.94,2534.73,5000,0.31,Bachelors,Married,78,Yes,DSL,Two year,Mailed check,0,1
C-3472,Customer 3472,retail,62,147.01,2891.25,50000,0.62,Bachelors,Married,34,Yes,DSL,Month-to-month,Credit card,0,0
C-3473,Customer 3473,sme,35,136.64,6868.77,50000,0.71,PhD,Married,70,Yes,No,One year,Credit card,0,0
C-3474,Customer 3474,sme,8,89.5,5261.74,10000,0.46,Bachelors,Single,76,No,DSL,Two year,Bank transfer,0,0
C-3475,Customer 3475,sme,6,47.4,4208.94,1000,0.26,Masters,Single,54,No,DSL,Two year,Credit card,0,1
C-3476,Customer 3476,retail,71,50.14,1822.86,10000,0.39,Masters,Single,39,No,No,Two year,Electronic check,0,0
C-3477,Customer 3477,enterprise,53,44.82,7359.59,10000,0.31,PhD,Single,40,No,No,One year,Electronic check,0,0
C-3478,Customer 3478,retail,23,94.09,5023.45,50000,0.8,High School,Single,70,Yes,Fiber optic,One year,Electronic check,1,0
C-3479,Customer 3479,retail,42,71.4,7583.62,10000,0.38,PhD,Single,57,No,No,Two year,Mailed check,0,0
C-3480,Customer 3480,retail,26,114.75,4574.71,1000,0.11,High School,Married,67,No,DSL,Two year,Electronic check,0,1
C-3481,Customer 3481,enterprise,34,121.88,5398.64,50000,0.57,High School,Single,33,No,Fiber optic,Month-to-month,Credit card,1,0
C-3482,Customer 3482,sme,29,89.18,7567.39,5000,0.76,PhD,Married,55,No,DSL,One year,Credit card,1,1
C-3483,Customer 3483,sme,62,110.6,1764.85,5000,0.69,High School,Single,70,Yes,DSL,Two year,Credit card,0,1
C-3484,Customer 3484,enterprise,70,84.13,937.24,10000,0.79,PhD,Married,40,Yes,Fiber optic,One year,Bank transfer,1,1
C-3485,Customer 3485,enterprise,8,70.89,7557.63,5000,0.62,Masters,Single,46,Yes,No,Two year,Electronic check,0,1
C-3486,Customer 3486,enterprise,19,89.54,3556.8,5000,0.43,Masters,Single,24,Yes,DSL,Month-to-month,Electronic check,0,0
C-3487,Customer 3487,retail,23,120.26,4061.18,50000,0.43,Masters,Single,51,Yes,DSL,Two year,Bank transfer,0,0
C-3488,Customer 3488,retail,65,86.34,2092.93,10000,0.13,PhD,Single,54,No,No,Month-to-month,Mailed check,1,0
C-3489,Customer 3489,enterprise,13,45.81,6331.82,50000,0.12,High School,Married,58,Yes,DSL,Two year,Electronic check,0,0
C-3490,Customer 3490,retail,52,115.49,2888.17,10000,0.24,Masters,Single,18,No,No,One year,Credit card,1,1
C-3491,Customer 3491,sme,63,70.35,5297.56,1000,0.1,PhD,Married,23,No,No,Month-to-month,Bank transfer,0,1
C-3492,Customer 3492,retail,2,55.47,3624.64,1000,0.15,PhD,Single,33,Yes,No,Month-to-month,Mailed check,1,1
C-3493,Customer 3493,enterprise,38,98.57,1029.06,10000,0.65,Masters,Single,48,No,No,Two year,Bank transfer,0,0
C-3494,Customer 3494,sme,21,146.31,4874.34,1000,0.69,PhD,Married,18,No,Fiber optic,Month-to-month,Electronic check,0,1
C-3495,Customer 3495,sme,30,131.08,3660.28,5000,0.62,Bachelors,Single,43,Yes,No,Month-to-month,Mailed check,0,1
C-3496,Customer 3496,enterprise,51,69.83,901.76,1000,0.37,PhD,Single,51,Yes,No,Two year,Electronic check,0,1
C-3497,Customer 3497,sme,34,54.27,1183.53,1000,0.78,Bachelors,Single,31,No,Fiber optic,One year,Bank transfer,1,1
C-3498,Customer 3498,enterprise,13,24.3,2385.36,5000,0.54,PhD,Single,51,Yes,No,One year,Bank transfer,0,0
C-3499,Customer 3499,sme,57,129.55,6803.46,5000,0.27,PhD,Single,27,Yes,DSL,One year,Mailed check,0,1
C-3500,Customer 3500,retail,62,33.55,2023.36,10000,0.72,Bachelors,Married,73,Yes,DSL,Month-to-month,Bank transfer,0,0
C-3501,Customer 3501,sme,45,93.99,426.28,50000,0.38,PhD,Single,68,Yes,No,One year,Electronic check,0,0
C-3502,Customer 3502,retail,51,119.28,3041.43,10000,0.14,PhD,Married,68,Yes,Fiber optic,Month-to-month,Mailed check,1,1
C-3503,Customer 3503,sme,23,38.03,7173.89,1000,0.43,Masters,Married,43,Yes,No,Two year,Bank transfer,0,1
C-3504,Customer 3504,sme,34,131.9,6975.39,10000,0.2,Bachelors,Married,22,No,DSL,Two year,Credit card,0,1
C-3505,Customer 3505,enterprise,53,28.48,542.9,1000,0.6,Bachelors,Married,65,Yes,No,Month-to-month,Mailed check,1,1
C-3506,Customer 3506,sme,33,94.16,6566.2,50000,0.84,Masters,Single,65,Yes,DSL,Two year,Electronic check,0,1
C-3507,Customer 3507,sme,66,94.49,6349.42,50000,0.55,Masters,Single,69,No,No,Month-to-month,Mailed check,0,0
C-3508,Customer 3508,retail,31,129.23,3913.19,1000,0.58,High School,Single,49,Yes,Fiber optic,One year,Credit card,0,1
C-3509,Customer 3509,retail,43,105.03,4215.47,50000,0.49,Masters,Single,50,No,No,Two year,Bank transfer,0,0
C-3510,Customer 3510,sme,31,70.38,5651.96,5000,0.66,High School,Married,70,Yes,Fiber optic,Two year,Bank transfer,0,1
C-3511,Customer 3511,sme,28,70.03,2998.41,50000,0.35,Masters,Married,32,No,Fiber optic,One year,Electronic check,0,0
C-3512,Customer 3512,sme,49,77.29,4425.86,10000,0.13,Masters,Married,75,No,DSL,Two year,Electronic check,0,0
C-3513,Customer 3513,enterprise,8,130.86,3480.73,10000,0.88,Bachelors,Single,19,Yes,Fiber optic,Month-to-month,Credit card,1,1
C-3514,Customer 3514,enterprise,27,126.82,1250.84,50000,0.88,PhD,Married,24,No,No,One year,Electronic check,1,1
C-3515,Customer 3515,retail,51,73.37,7171.76,50000,0.38,PhD,Single,34,No,Fiber optic,Month-to-month,Mailed check,0,0
C-3516,Customer 3516,sme,41,54.43,6571.47,1000,0.13,PhD,Married,70,No,No,Month-to-month,Bank transfer,1,1
C-3517,Customer 3517,enterprise,43,70.81,7151.24,5000,0.58,High School,Married,67,Yes,Fiber optic,One year,Bank transfer,0,1
C-3518,Customer 3518,enterprise,71,50.24,6767.98,50000,0.37,High School,Married,33,Yes,No,One year,Electronic check,0,0
C-3519,Customer 3519,enterprise,66,80.57,2080.17,1000,0.11,Bachelors,Married,57,Yes,No,Month-to-month,Electronic check,1,1
C-3520,Customer 3520,retail,31,90.95,4295.95,1000,0.77,High School,Married,45,No,Fiber optic,Two year,Credit card,0,1
C-3521,Customer 3521,retail,35,148.36,7025.66,10000,0.56,Bachelors,Married,38,No,DSL,Two year,Electronic check,0,1
C-3522,Customer 3522,sme,69,69.68,1843.27,1000,0.79,High School,Married,25,No,DSL,One year,Credit card,0,1
C-3523,Customer 3523,retail,60,65.84,7875.56,5000,0.4,High School,Married,30,Yes,Fiber optic,One year,Bank transfer,0,1
C-3524,Customer 3524,enterprise,34,73.83,3918.82,10000,0.26,Bachelors,Single,58,Yes,DSL,Month-to-month,Credit card,0,0
C-3525,Customer 3525,sme,23,109.71,972.15,5000,0.86,Masters,Single,45,No,No,Month-to-month,Bank transfer,1,1
C-3526,Customer 3526,retail,66,86.38,950.81,50000,0.57,High School,Married,68,Yes,DSL,Month-to-month,Electronic check,0,0
C-3527,Customer 3527,enterprise,39,48.28,5277.9,5000,0.25,PhD,Single,71,No,No,Two year,Mailed check,0,0
C-3528,Customer 3528,enterprise,15,73.4,1427.77,50000,0.71,PhD,Married,46,Yes,DSL,One year,Electronic check,0,0
C-3529,Customer 3529,sme,15,114.44,1038.92,5000,0.25,Masters,Married,48,No,Fiber optic,Month-to-month,Bank transfer,0,1
C-3530,Customer 3530,sme,44,86.79,4837.1,50000,0.65,Bachelors,Single,68,Yes,Fiber optic,One year,Mailed check,0,0
C-3531,Customer 3531,retail,17,133.95,3012.59,50000,0.79,Bachelors,Married,31,Yes,DSL,Two year,Bank transfer,0,1
C-3532,Customer 3532,retail,31,65.49,2290.69,50000,0.53,Bachelors,Married,55,Yes,DSL,Month-to-month,Mailed check,0,0
C-3533,Customer 3533,enterprise,23,131.96,6688.39,1000,0.23,High School,Single,38,Yes,Fiber optic,Month-to-month,Electronic check,0,1
C-3534,Customer 3534,sme,68,41.09,6020.16,10000,0.28,Masters,Single,74,Yes,Fiber optic,Two year,Credit card,0,1
C-3535,Customer 3535,enterprise,18,49.85,4022.88,50000,0.81,High School,Single,63,No,DSL,Month-to-month,Credit card,1,0
C-3536,Customer 3536,retail,14,31.09,5419.04,10000,0.13,PhD,Married,58,No,Fiber optic,Month-to-month,Credit card,1,0
C-3537,Customer 3537,sme,12,120.02,7181.54,5000,0.25,High School,Married,63,No,DSL,One year,Bank transfer,0,1
C-3538,Customer 3538,sme,4,46.57,5858.84,50000,0.66,Masters,Married,54,No,No,Month-to-month,Credit card,1,0
C-3539,Customer 3539,retail,4,31.11,4321.37,1000,0.63,PhD,Single,56,Yes,DSL,Two year,Credit card,0,1
C-3540,Customer 3540,retail,15,50.28,1855.14,50000,0.13,Bachelors,Single,31,No,No,Month-to-month,Electronic check,0,0
C-3541,Customer 3541,sme,67,37.37,6823.33,5000,0.81,Bachelors,Single,75,No,Fiber optic,Two year,Credit card,0,1
C-3542,Customer 3542,sme,5,77.42,7444.08,50000,0.32,Bachelors,Single,77,No,Fiber optic,Month-to-month,Bank transfer,1,0
C-3543,Customer 3543,sme,44,130.95,7442.19,10000,0.87,Masters,Married,67,No,Fiber optic,Two year,Mailed check,0,1
C-3544,Customer 3544,retail,34,53.27,4523.97,1000,0.47,High School,Married,32,No,Fiber optic,One year,Electronic check,0,1
C-3545,Customer 3545,retail,1,43.37,6929.52,1000,0.59,Bachelors,Married,75,Yes,Fiber optic,Two year,Credit card,0,1
C-3546,Customer 3546,enterprise,59,50.76,2226.97,10000,0.53,High School,Single,37,Yes,DSL,Month-to-month,Bank transfer,0,0
C-3547,Customer 3547,sme,20,59.04,2050.81,10000,0.71,High School,Single,53,Yes,Fiber optic,Month-to-month,Mailed check,0,0
C-3548,Customer 3548,enterprise,59,121.24,2225.61,5000,0.86,Bachelors,Single,76,Yes,DSL,Month-to-month,Credit card,0,1
C-3549,Customer 3549,retail,50,99.01,4292.26,50000,0.46,High School,Married,47,Yes,No,Two year,Mailed check,0,0
C-3550,Customer 3550,enterprise,54,85.6,102.96,5000,0.45,Bachelors,Married,77,Yes,DSL,One year,Bank transfer,0,1
C-3551,Customer 3551,sme,68,36.01,6510.69,10000,0.14,PhD,Single,76,No,DSL,Month-to-month,Mailed check,0,0
C-3552,Customer 3552,enterprise,43,25.01,1999.54,10000,0.67,Bachelors,Single,65,Yes,Fiber optic,One year,Credit card,0,0
C-3553,Customer 3553,sme,44,128.32,6812.6,5000,0.66,Masters,Single,23,No,Fiber optic,Two year,Electronic check,1,1
C-3554,Customer 3554,enterprise,23,74.64,5896.48,5000,0.74,Bachelors,Married,53,Yes,DSL,Month-to-month,Credit card,0,1
C-3555,Customer 3555,sme,1,51.57,4559.96,5000,0.31,Bachelors,Married,59,Yes,No,Month-to-month,Credit card,1,0
C-3556,Customer 3556,sme,28,115.15,3500.96,50000,0.52,Bachelors,Married,47,Yes,No,One year,Credit card,1,0
C-3557,Customer 3557,retail,34,24.23,6672.73,5000,0.88,Bachelors,Married,67,Yes,No,Two year,Mailed check,0,1
C-3558,Customer 3558,retail,28,97.13,5211.92,10000,0.42,PhD,Married,62,No,No,Month-to-month,Bank transfer,1,0
C-3559,Customer 3559,enterprise,11,52.45,5312.94,5000,0.85,High School,Married,38,Yes,DSL,Two year,Bank transfer,1,1
C-3560,Customer 3560,retail,71,120.04,3849.14,1000,0.14,Masters,Married,54,No,Fiber optic,Two year,Credit card,0,1
C-3561,Customer 3561,sme,40,110.71,5567.43,10000,0.31,PhD,Single,35,No,No,One year,Bank transfer,0,1
C-3562,Customer 3562,enterprise,31,50.88,2470.4,1000,0.15,PhD,Single,27,No,No,Month-to-month,Electronic check,0,1
C-3563,Customer 3563,retail,11,89.43,7943.21,1000,0.58,Bachelors,Single,63,Yes,Fiber optic,One year,Electronic check,0,1
C-3564,Customer 3564,enterprise,71,92.58,715.06,50000,0.31,PhD,Married,68,No,No,Two year,Electronic check,0,0
C-3565,Customer 3565,retail,33,21.87,1877.68,50000,0.23,Bachelors,Married,69,Yes,No,Two year,Electronic check,0,0
C-3566,Customer 3566,enterprise,6,110.75,2692.99,50000,0.64,PhD,Single,59,No,No,One year,Credit card,0,0
C-3567,Customer 3567,sme,45,56.46,7777.98,10000,0.25,Bachelors,Married,34,Yes,No,Month-to-month,Bank transfer,0,1
C-3568,Customer 3568,enterprise,42,106.03,7913.33,1000,0.55,High School,Single,55,No,DSL,One year,Electronic check,1,1
C-3569,Customer 3569,retail,59,40.76,4735.1,50000,0.43,Bachelors,Married,73,No,Fiber optic,Month-to-month,Electronic check,0,0
C-3570,Customer 3570,retail,4,90.97,6004.7,10000,0.26,PhD,Single,20,No,DSL,Month-to-month,Electronic check,1,1
C-3571,Customer 3571,enterprise,43,117.99,1030.71,5000,0.14,Bachelors,Single,42,No,Fiber optic,One year,Electronic check,0,1
C-3572,Customer 3572,enterprise,5,142.48,6722.54,5000,0.46,PhD,Single,30,Yes,DSL,One year,Electronic check,0,1
C-3573,Customer 3573,retail,35,51.07,4726.67,50000,0.22,Bachelors,Married,64,Yes,No,One year,Bank transfer,1,0
C-3574,Customer 3574,retail,8,85.7,495.02,10000,0.77,High School,Married,45,No,DSL,Two year,Electronic check,0,1
C-3575,Customer 3575,sme,45,142.5,389.45,5000,0.43,Masters,Single,64,Yes,No,Month-to-month,Mailed check,1,1
C-3576,Customer 3576,retail,3,63.55,1419.23,10000,0.28,High School,Single,22,No,DSL,Two year,Electronic check,0,0
C-3577,Customer 3577,enterprise,67,98.03,1013.66,50000,0.74,High School,Single,77,No,No,One year,Bank transfer,0,0
C-3578,Customer 3578,sme,66,31.3,818.81,5000,0.51,PhD,Single,21,No,DSL,Month-to-month,Bank transfer,0,1
C-3579,Customer 3579,retail,5,96.83,7273.77,50000,0.54,Bachelors,Single,67,Yes,DSL,Two year,Bank transfer,0,0
C-3580,Customer 3580,retail,54,124.42,4091.14,10000,0.86,PhD,Married,76,No,Fiber optic,Two year,Electronic check,0,1
C-3581,Customer 3581,sme,60,140.04,5173.92,50000,0.58,Bachelors,Single,39,Yes,DSL,Two year,Bank transfer,0,0
C-3582,Customer 3582,enterprise,36,132.49,1427.79,1000,0.26,PhD,Married,44,No,Fiber optic,One year,Credit card,1,1
C-3583,Customer 3583,retail,48,59.18,4561.5,10000,0.42,Bachelors,Married,41,No,DSL,Two year,Mailed check,0,0
C-3584,Customer 3584,retail,11,104.15,4131.41,5000,0.34,PhD,Married,30,Yes,Fiber optic,One year,Electronic check,0,1
C-3585,Customer 3585,retail,9,116.65,7693.39,10000,0.54,High School,Single,68,No,Fiber optic,One year,Mailed check,0,1
C-3586,Customer 3586,retail,34,96.33,5510.28,5000,0.2,Masters,Married,75,No,DSL,Month-to-month,Bank transfer,0,1
C-3587,Customer 3587,retail,12,119.13,7448.68,10000,0.26,High School,Single,45,Yes,DSL,Two year,Electronic check,0,0
C-3588,Customer 3588,sme,36,127.49,265.49,10000,0.73,Masters,Single,36,Yes,DSL,One year,Electronic check,1,1
C-3589,Customer 3589,retail,39,135.35,108.95,50000,0.73,PhD,Married,45,Yes,No,Month-to-month,Mailed check,0,0
C-3590,Customer 3590,sme,3,75.64,1708.19,50000,0.28,PhD,Married,35,Yes,No,Two year,Electronic check,0,0
C-3591,Customer 3591,enterprise,39,87.29,5253.8,1000,0.42,High School,Single,22,Yes,No,Two year,Credit card,0,1
C-3592,Customer 3592,sme,54,66.17,5443.38,10000,0.39,High School,Married,50,Yes,DSL,Month-to-month,Mailed check,0,0
C-3593,Customer 3593,enterprise,33,35.13,1464.41,50000,0.23,High School,Single,44,No,Fiber optic,Two year,Mailed check,1,0
C-3594,Customer 3594,retail,3,116.47,6462.44,5000,0.47,High School,Married,21,Yes,No,One year,Credit card,0,1
C-3595,Customer 3595,sme,22,44.8,1104.92,1000,0.36,Bachelors,Single,34,No,DSL,Two year,Mailed check,0,1
C-3596,Customer 3596,retail,37,84.83,488.25,50000,0.79,Bachelors,Single,27,No,No,Two year,Electronic check,0,0
C-3597,Customer 3597,retail,17,45.06,3020.26,5000,0.73,Masters,Married,44,No,DSL,Two year,Electronic check,0,1
C-3598,Customer 3598,sme,4,140.63,6716.24,1000,0.75,Masters,Married,66,Yes,DSL,One year,Electronic check,0,1
C-3599,Customer 3599,retail,61,134.2,7495.57,10000,0.87,PhD,Single,30,No,DSL,One year,Bank transfer,0,1
C-3600,Customer 3600,sme,26,137.83,4132.53,5000,0.88,PhD,Married,72,No,Fiber optic,One year,Electronic check,0,1
C-3601,Customer 3601,sme,53,28.87,3851.31,5000,0.41,High School,Married,19,No,DSL,One year,Mailed check,0,1
C-3602,Customer 3602,enterprise,28,125.81,3914.12,50000,0.83,Bachelors,Single,67,No,Fiber optic,One year,Bank transfer,0,0
C-3603,Customer 3603,retail,45,22.76,4873.54,5000,0.49,Masters,Single,78,No,Fiber optic,One year,Credit card,1,0
C-3604,Customer 3604,enterprise,38,44.43,3222.53,5000,0.84,PhD,Married,28,Yes,Fiber optic,Month-to-month,Mailed check,0,1
C-3605,Customer 3605,sme,41,144.37,1163.39,5000,0.13,Masters,Single,73,No,No,One year,Bank transfer,0,1
C-3606,Customer 3606,sme,65,57.44,7409.78,50000,0.49,PhD,Single,70,No,Fiber optic,Month-to-month,Credit card,1,0
C-3607,Customer 3607,sme,68,46.57,3172.5,50000,0.63,PhD,Married,40,Yes,No,One year,Mailed check,0,1
C-3608,Customer 3608,enterprise,60,20.61,1375.2,10000,0.87,Bachelors,Single,37,No,Fiber optic,Two year,Mailed check,0,1
C-3609,Customer 3609,sme,42,25.84,5537.46,1000,0.7,Bachelors,Married,66,No,DSL,Two year,Credit card,0,1
C-3610,Customer 3610,retail,46,27.59,1345.81,10000,0.84,Masters,Single,32,No,DSL,Month-to-month,Mailed check,0,0
C-3611,Customer 3611,enterprise,12,96.84,2181.12,1000,0.7,Bachelors,Married,18,No,No,Month-to-month,Mailed check,0,1
C-3612,Customer 3612,sme,40,77.65,3217.57,50000,0.23,PhD,Single,75,Yes,Fiber optic,Month-to-month,Mailed check,0,0
C-3613,Customer 3613,retail,22,108.03,7045.43,10000,0.59,Bachelors,Married,21,Yes,No,Month-to-month,Credit card,0,1
C-3614,Customer 3614,sme,41,42.17,429.02,50000,0.89,Bachelors,Married,23,No,DSL,One year,Mailed check,0,1
C-3615,Customer 3615,enterprise,66,141.63,1646.54,50000,0.28,Bachelors,Single,45,Yes,No,One year,Credit card,1,0
C-3616,Customer 3616,retail,51,146.23,2606.02,1000,0.86,High School,Married,58,Yes,Fiber optic,Month-to-month,Bank transfer,1,1
C-3617,Customer 3617,retail,22,36.91,1860.03,10000,0.38,Masters,Single,26,No,Fiber optic,Month-to-month,Bank transfer,0,0
C-3618,Customer 3618,retail,16,142.64,2431.15,1000,0.55,Masters,Married,70,No,Fiber optic,Two year,Electronic check,0,1
C-3619,Customer 3619,retail,60,42.92,1715.76,50000,0.28,Bachelors,Married,29,Yes,Fiber optic,One year,Mailed check,0,0
C-3620,Customer 3620,retail,19,71.05,5082.64,50000,0.62,Masters,Married,63,No,Fiber optic,One year,Mailed check,0,0
C-3621,Customer 3621,sme,51,111.29,679.87,50000,0.56,Masters,Single,50,Yes,No,Two year,Bank transfer,1,1
C-3622,Customer 3622,sme,8,25.31,1461.24,5000,0.35,High School,Single,71,Yes,DSL,Month-to-month,Electronic check,1,0
C-3623,Customer 3623,retail,10,36.04,3076.98,10000,0.89,Masters,Single,78,No,No,Month-to-month,Mailed check,0,0
C-3624,Customer 3624,retail,17,122.93,3153.51,5000,0.9,High School,Single,32,No,DSL,One year,Credit card,0,1
C-3625,Customer 3625,sme,38,73.24,6691.16,5000,0.83,Masters,Single,19,Yes,DSL,One year,Bank transfer,0,0
C-3626,Customer 3626,retail,22,68.33,4224.66,1000,0.53,PhD,Married,68,Yes,No,Two year,Mailed check,0,1
C-3627,Customer 3627,enterprise,45,43.79,7113.22,10000,0.18,Bachelors,Single,52,Yes,No,Month-to-month,Bank transfer,0,0
C-3628,Customer 3628,retail,68,57.69,712.32,10000,0.61,Masters,Married,63,Yes,DSL,Two year,Mailed check,0,0
C-3629,Customer 3629,retail,57,106.16,6793.99,10000,0.57,High School,Single,55,Yes,Fiber optic,Month-to-month,Bank transfer,0,1
C-3630,Customer 3630,retail,14,44.68,7807.9,50000,0.52,Masters,Married,46,Yes,Fiber optic,One year,Electronic check,1,1
C-3631,Customer 3631,retail,39,120.62,472.07,1000,0.2,PhD,Married,44,No,DSL,Two year,Mailed check,0,1
C-3632,Customer 3632,sme,15,119.56,7854.12,10000,0.45,High School,Married,54,No,Fiber optic,Month-to-month,Credit card,0,1
C-3633,Customer 3633,sme,62,70.2,7189.94,50000,0.81,High School,Single,61,No,Fiber optic,Month-to-month,Bank transfer,1,1
C-3634,Customer 3634,retail,48,83.69,214.51,5000,0.36,Bachelors,Single,48,Yes,DSL,Two year,Credit card,0,1
C-3635,Customer 3635,enterprise,23,64.3,4112.25,5000,0.58,PhD,Married,74,No,Fiber optic,Two year,Credit card,1,1
C-3636,Customer 3636,retail,37,101.32,4575.44,1000,0.1,Bachelors,Married,55,No,Fiber optic,One year,Mailed check,0,1
C-3637,Customer 3637,sme,61,128.56,2733.91,10000,0.72,PhD,Married,23,Yes,DSL,One year,Bank transfer,0,0
C-3638,Customer 3638,sme,39,78.79,5249.21,10000,0.42,High School,Married,69,No,No,Month-to-month,Electronic check,0,0
C-3639,Customer 3639,retail,10,91.41,6882.58,5000,0.27,Bachelors,Single,79,No,Fiber optic,Month-to-month,Bank transfer,1,1
C-3640,Customer 3640,retail,18,87.29,4201.46,1000,0.73,Bachelors,Married,34,Yes,DSL,Month-to-month,Electronic check,1,1
C-3641,Customer 3641,sme,63,126.67,2401.05,10000,0.39,High School,Married,37,No,No,One year,Mailed check,0,1
C-3642,Customer 3642,enterprise,48,39.75,6387.58,10000,0.64,Masters,Single,73,No,Fiber optic,Month-to-month,Electronic check,0,0
C-3643,Customer 3643,enterprise,43,75.02,7169.09,50000,0.39,High School,Married,56,Yes,Fiber optic,One year,Mailed check,1,0
C-3644,Customer 3644,retail,46,59.48,2848.26,5000,0.48,High School,Single,48,No,DSL,Month-to-month,Credit card,1,1
C-3645,Customer 3645,retail,1,85.18,2928.76,10000,0.59,Masters,Single,37,No,DSL,One year,Electronic check,0,1
C-3646,Customer 3646,sme,34,58.91,2127.61,10000,0.9,Bachelors,Single,51,No,No,One year,Bank transfer,1,1
C-3647,Customer 3647,enterprise,31,56.85,480.25,50000,0.86,Bachelors,Single,67,Yes,No,Month-to-month,Electronic check,1,0
C-3648,Customer 3648,enterprise,32,47.39,7522.09,10000,0.32,Bachelors,Married,71,No,No,One year,Bank transfer,0,1
C-3649,Customer 3649,enterprise,21,145.69,3059.93,50000,0.43,Bachelors,Single,40,Yes,DSL,Two year,Credit card,1,0
C-3650,Customer 3650,sme,31,22.56,7707.78,10000,0.58,Masters,Married,28,No,DSL,One year,Bank transfer,0,0
C-3651,Customer 3651,enterprise,27,62.47,994.73,1000,0.7,Masters,Married,71,Yes,No,One year,Mailed check,1,1
C-3652,Customer 3652,retail,49,133.61,1447.08,50000,0.58,PhD,Single,62,No,Fiber optic,One year,Electronic check,1,0
C-3653,Customer 3653,retail,31,126.67,5329.0,1000,0.63,Masters,Married,50,Yes,Fiber optic,Month-to-month,Mailed check,0,1
C-3654,Customer 3654,retail,64,106.99,2625.06,10000,0.59,Bachelors,Single,74,Yes,No,Month-to-month,Mailed check,1,1
C-3655,Customer 3655,enterprise,63,92.52,6079.24,1000,0.11,PhD,Married,34,No,DSL,One year,Credit card,0,1
C-3656,Customer 3656,enterprise,5,96.13,894.92,5000,0.77,PhD,Married,41,Yes,DSL,Two year,Mailed check,0,1
C-3657,Customer 3657,enterprise,59,91.62,2648.82,5000,0.71,Bachelors,Single,43,Yes,Fiber optic,Month-to-month,Bank transfer,0,1
C-3658,Customer 3658,enterprise,65,137.37,1425.08,10000,0.77,High School,Married,54,Yes,DSL,One year,Electronic check,0,1
C-3659,Customer 3659,retail,48,85.35,4876.24,1000,0.21,Masters,Single,79,Yes,No,One year,Mailed check,1,1
C-3660,Customer 3660,retail,5,61.08,5063.31,1000,0.27,PhD,Married,77,Yes,No,Month-to-month,Mailed check,0,1
C-3661,Customer 3661,enterprise,71,40.43,4276.96,1000,0.66,Bachelors,Single,49,No,Fiber optic,Month-to-month,Mailed check,0,1
C-3662,Customer 3662,sme,53,148.04,248.97,50000,0.31,Masters,Single,39,Yes,No,Month-to-month,Mailed check,1,0
C-3663,Customer 3663,enterprise,36,31.56,3160.55,10000,0.83,High School,Married,24,No,No,Two year,Bank transfer,0,1
C-3664,Customer 3664,enterprise,59,72.94,6028.38,50000,0.84,PhD,Single,61,No,DSL,Month-to-month,Mailed check,0,0
C-3665,Customer 3665,enterprise,39,86.12,4164.69,10000,0.49,High School,Married,39,No,Fiber optic,Month-to-month,Credit card,0,0
C-3666,Customer 3666,retail,13,130.16,3171.01,5000,0.45,PhD,Single,69,No,No,Two year,Electronic check,0,1
C-3667,Customer 3667,sme,12,70.15,5113.32,50000,0.9,Bachelors,Single,61,No,DSL,One year,Credit card,0,0
C-3668,Customer 3668,retail,40,138.3,7678.15,5000,0.86,Bachelors,Married,33,Yes,Fiber optic,One year,Mailed check,0,1
C-3669,Customer 3669,enterprise,14,102.12,6419.53,50000,0.37,Bachelors,Single,74,Yes,DSL,Month-to-month,Credit card,1,0
C-3670,Customer 3670,enterprise,37,47.46,5577.58,50000,0.58,Masters,Single,75,No,No,Two year,Mailed check,0,0
C-3671,Customer 3671,sme,43,63.46,4003.42,5000,0.69,High School,Single,45,Yes,No,Month-to-month,Mailed check,1,1
C-3672,Customer 3672,enterprise,13,68.59,569.85,1000,0.89,Bachelors,Married,61,Yes,DSL,Two year,Electronic check,0,1
C-3673,Customer 3673,retail,28,40.39,4867.35,50000,0.35,PhD,Single,57,Yes,DSL,Month-to-month,Mailed check,0,0
C-3674,Customer 3674,enterprise,12,136.06,394.57,1000,0.63,High School,Married,71,No,DSL,Two year,Bank transfer,0,1
C-3675,Customer 3675,sme,44,133.32,3716.61,5000,0.76,Bachelors,Single,54,Yes,Fiber optic,Two year,Electronic check,0,1
C-3676,Customer 3676,retail,6,117.01,2178.99,50000,0.5,PhD,Married,61,Yes,No,Two year,Mailed check,0,0
C-3677,Customer 3677,sme,32,53.35,4499.44,10000,0.4,Masters,Married,44,No,DSL,Month-to-month,Electronic check,1,0
C-3678,Customer 3678,retail,50,71.78,5348.65,50000,0.76,Masters,Married,77,Yes,No,Two year,Credit card,0,1
C-3679,Customer 3679,retail,21,130.68,6904.71,1000,0.18,Masters,Married,18,No,DSL,Two year,Bank transfer,1,1
C-3680,Customer 3680,retail,25,128.74,7169.16,1000,0.41,PhD,Single,37,No,No,Month-to-month,Bank transfer,0,1
C-3681,Customer 3681,retail,63,56.62,2599.37,5000,0.17,High School,Single,35,No,Fiber optic,Two year,Credit card,0,1
C-3682,Customer 3682,sme,45,112.58,3584.28,1000,0.44,Bachelors,Single,72,Yes,No,Two year,Bank transfer,0,1
C-3683,Customer 3683,enterprise,57,100.71,1150.66,1000,0.42,PhD,Married,50,No,Fiber optic,Month-to-month,Bank transfer,0,1
C-3684,Customer 3684,retail,13,71.98,7790.28,1000,0.74,PhD,Married,26,No,No,Two year,Bank transfer,0,1
C-3685,Customer 3685,sme,44,50.03,3560.13,50000,0.66,PhD,Married,57,No,DSL,One year,Electronic check,0,0
C-3686,Customer 3686,retail,22,38.15,5826.2,50000,0.6,Masters,Single,48,No,Fiber optic,Month-to-month,Electronic check,1,0
C-3687,Customer 3687,retail,2,21.28,2186.91,10000,0.66,PhD,Married,31,Yes,No,One year,Bank transfer,0,0
C-3688,Customer 3688,retail,28,138.36,6415.58,1000,0.68,Masters,Married,41,No,Fiber optic,One year,Credit card,0,1
C-3689,Customer 3689,enterprise,51,135.92,7492.92,1000,0.19,Bachelors,Single,30,Yes,Fiber optic,Two year,Electronic check,0,1
C-3690,Customer 3690,enterprise,59,139.91,5840.09,5000,0.34,Bachelors,Single,40,No,No,Two year,Electronic check,0,1
C-3691,Customer 3691,retail,13,21.31,5559.37,1000,0.79,High School,Married,30,Yes,Fiber optic,Month-to-month,Electronic check,0,1
C-3692,Customer 3692,sme,7,143.48,7012.13,50000,0.17,High School,Single,34,Yes,No,Two year,Credit card,0,0
C-3693,Customer 3693,enterprise,49,120.76,1727.77,10000,0.32,High School,Single,68,Yes,DSL,Two year,Mailed check,0,1
C-3694,Customer 3694,enterprise,66,121.01,3646.95,5000,0.78,Masters,Single,27,Yes,No,Two year,Electronic check,0,1
C-3695,Customer 3695,retail,35,39.65,2070.46,1000,0.5,Masters,Married,43,Yes,DSL,Month-to-month,Bank transfer,1,1
C-3696,Customer 3696,enterprise,25,97.11,5455.82,50000,0.8,Masters,Single,60,No,Fiber optic,One year,Mailed check,1,0
C-3697,Customer 3697,retail,4,126.47,2203.96,1000,0.11,Masters,Married,72,Yes,No,Month-to-month,Mailed check,0,1
C-3698,Customer 3698,retail,50,111.77,4766.09,5000,0.15,High School,Married,70,No,DSL,Month-to-month,Bank transfer,0,1
C-3699,Customer 3699,retail,12,132.31,3335.71,50000,0.64,High School,Single,25,No,Fiber optic,One year,Bank transfer,1,1
C-3700,Customer 3700,sme,30,140.2,6419.43,1000,0.31,PhD,Married,31,No,No,Two year,Mailed check,0,1
C-3701,Customer 3701,enterprise,58,70.71,4729.12,10000,0.86,Masters,Single,76,No,DSL,Two year,Bank transfer,0,1
C-3702,Customer 3702,sme,29,85.24,7339.77,5000,0.46,High School,Single,58,No,DSL,Two year,Electronic check,0,1
C-3703,Customer 3703,sme,6,62.59,784.28,1000,0.87,Bachelors,Single,42,Yes,DSL,Month-to-month,Mailed check,1,1
C-3704,Customer 3704,enterprise,28,69.1,7194.24,5000,0.35,High School,Single,62,No,Fiber optic,Month-to-month,Credit card,0,1
C-3705,Customer 3705,sme,20,88.87,2570.97,10000,0.84,PhD,Married,29,Yes,DSL,One year,Mailed check,0,1
C-3706,Customer 3706,retail,41,78.33,5462.95,10000,0.79,Masters,Married,34,No,Fiber optic,One year,Credit card,0,0
C-3707,Customer 3707,sme,7,46.57,5530.7,5000,0.47,Bachelors,Married,23,Yes,DSL,Two year,Electronic check,0,0
C-3708,Customer 3708,sme,42,26.15,4263.55,10000,0.51,Bachelors,Married,78,Yes,Fiber optic,Month-to-month,Bank transfer,1,0
C-3709,Customer 3709,retail,59,69.22,2781.11,5000,0.29,PhD,Married,41,Yes,Fiber optic,One year,Credit card,1,1
C-3710,Customer 3710,retail,61,123.8,7968.51,5000,0.4,Masters,Married,25,No,Fiber optic,Month-to-month,Bank transfer,0,1
C-3711,Customer 3711,sme,6,48.16,3287.43,10000,0.66,Masters,Married,43,No,No,Month-to-month,Bank transfer,1,1
C-3712,Customer 3712,retail,43,50.49,5812.11,50000,0.34,PhD,Married,74,Yes,Fiber optic,One year,Credit card,0,0
C-3713,Customer 3713,enterprise,60,40.4,1727.53,10000,0.15,Masters,Single,28,No,Fiber optic,Two year,Mailed check,0,0
C-3714,Customer 3714,sme,47,63.42,6782.02,5000,0.15,PhD,Single,56,Yes,DSL,Two year,Bank transfer,0,1
C-3715,Customer 3715,enterprise,23,67.56,1774.21,10000,0.6,PhD,Single,32,No,Fiber optic,Two year,Mailed check,0,1
C-3716,Customer 3716,retail,60,43.28,1833.34,10000,0.6,PhD,Married,57,Yes,Fiber optic,One year,Mailed check,0,0
C-3717,Customer 3717,sme,47,120.23,5563.74,1000,0.64,Masters,Married,36,Yes,DSL,Two year,Bank transfer,0,1
C-3718,Customer 3718,sme,23,38.0,5143.97,50000,0.54,High School,Single,48,No,DSL,Month-to-month,Bank transfer,0,0
C-3719,Customer 3719,sme,14,41.22,4737.29,1000,0.87,Bachelors,Single,75,Yes,Fiber optic,One year,Mailed check,0,1
C-3720,Customer 3720,retail,12,125.03,1310.89,50000,0.83,PhD,Married,59,No,No,Month-to-month,Mailed check,0,0
C-3721,Customer 3721,sme,25,94.77,2210.79,10000,0.36,High School,Single,60,No,Fiber optic,Two year,Bank transfer,0,1
C-3722,Customer 3722,sme,4,81.09,7410.47,5000,0.27,PhD,Married,77,Yes,Fiber optic,Month-to-month,Mailed check,0,0
C-3723,Customer 3723,retail,1,72.29,7757.64,10000,0.62,PhD,Single,58,No,No,One year,Credit card,0,1
C-3724,Customer 3724,retail,53,95.16,5868.41,1000,0.66,PhD,Single,37,No,DSL,One year,Bank transfer,0,1
C-3725,Customer 3725,sme,9,71.86,5744.0,1000,0.81,High School,Single,56,No,No,Month-to-month,Electronic check,1,1
C-3726,Customer 3726,enterprise,52,109.63,328.87,1000,0.25,Masters,Single,26,Yes,Fiber optic,One year,Electronic check,0,1
C-3727,Customer 3727,enterprise,69,63.08,2415.81,5000,0.17,Bachelors,Married,65,Yes,DSL,One year,Mailed check,0,1
C-3728,Customer 3728,enterprise,26,86.65,2934.69,10000,0.8,PhD,Single,43,Yes,DSL,One year,Electronic check,1,1
C-3729,Customer 3729,retail,6,105.05,1882.68,50000,0.27,Masters,Single,41,Yes,DSL,Month-to-month,Bank transfer,0,0
C-3730,Customer 3730,retail,58,30.0,5996.76,50000,0.6,High School,Married,19,No,No,One year,Credit card,0,0
C-3731,Customer 3731,retail,5,85.46,2795.96,1000,0.78,PhD,Single,31,Yes,No,One year,Credit card,0,1
C-3732,Customer 3732,enterprise,28,114.45,5128.77,5000,0.74,PhD,Married,24,No,No,Month-to-month,Credit card,1,1
C-3733,Customer 3733,sme,14,119.7,5039.86,50000,0.58,High School,Married,53,Yes,DSL,Two year,Electronic check,0,1
C-3734,Customer 3734,sme,23,137.8,6618.99,10000,0.27,High School,Single,24,Yes,DSL,One year,Mailed check,0,1
C-3735,Customer 3735,sme,8,149.63,242.59,1000,0.69,High School,Married,42,No,No,Month-to-month,Electronic check,1,1
C-3736,Customer 3736,enterprise,44,101.26,5735.93,10000,0.83,High School,Married,25,Yes,No,Month-to-month,Mailed check,0,1
C-3737,Customer 3737,sme,40,85.03,5579.03,50000,0.87,PhD,Married,74,No,Fiber optic,One year,Electronic check,0,0
C-3738,Customer 3738,retail,30,107.42,6662.05,5000,0.24,PhD,Married,52,No,No,Two year,Electronic check,0,1
C-3739,Customer 3739,retail,5,116.38,3808.92,10000,0.74,Bachelors,Married,45,Yes,DSL,Month-to-month,Credit card,1,0
C-3740,Customer 3740,sme,10,141.74,2977.76,1000,0.78,Masters,Single,56,Yes,No,Two year,Mailed check,0,1
C-3741,Customer 3741,sme,3,22.56,7891.39,50000,0.34,PhD,Single,72,No,Fiber optic,Two year,Credit card,0,0
C-3742,Customer 3742,sme,38,83.06,793.58,10000,0.49,PhD,Single,63,Yes,DSL,Two year,Bank transfer,0,1
C-3743,Customer 3743,sme,8,59.33,6772.37,50000,0.16,Bachelors,Married,32,No,Fiber optic,Month-to-month,Bank transfer,1,0
C-3744,Customer 3744,retail,6,108.76,1195.26,10000,0.47,PhD,Married,33,Yes,Fiber optic,Two year,Credit card,0,1
C-3745,Customer 3745,enterprise,2,81.97,2621.15,50000,0.49,PhD,Married,44,No,Fiber optic,One year,Electronic check,0,0
C-3746,Customer 3746,retail,24,127.76,7261.01,1000,0.25,PhD,Married,72,Yes,Fiber optic,Two year,Bank transfer,0,1
C-3747,Customer 3747,sme,39,39.25,7707.84,50000,0.83,PhD,Single,29,No,No,Two year,Electronic check,0,0
C-3748,Customer 3748,retail,49,58.18,5445.71,5000,0.8,Masters,Married,27,No,DSL,One year,Mailed check,0,0
C-3749,Customer 3749,enterprise,32,54.05,6320.23,50000,0.17,High School,Single,79,No,DSL,Two year,Electronic check,0,0
C-3750,Customer 3750,sme,71,127.97,6559.39,10000,0.46,PhD,Married,64,Yes,Fiber optic,Month-to-month,Mailed check,1,1
C-3751,Customer 3751,sme,15,35.54,304.55,50000,0.77,High School,Single,26,No,DSL,Two year,Mailed check,0,1
C-3752,Customer 3752,enterprise,18,120.01,7032.57,50000,0.41,PhD,Married,59,No,Fiber optic,Two year,Mailed check,1,1
C-3753,Customer 3753,enterprise,40,99.31,6644.1,5000,0.86,High School,Married,66,Yes,DSL,One year,Electronic check,0,1
C-3754,Customer 3754,enterprise,59,51.85,2771.41,5000,0.17,High School,Single,52,No,No,One year,Bank transfer,0,1
C-3755,Customer 3755,sme,30,106.41,2228.94,5000,0.55,PhD,Married,29,Yes,No,Month-to-month,Electronic check,1,1
C-3756,Customer 3756,enterprise,30,55.49,207.42,5000,0.69,High School,Married,32,Yes,Fiber optic,Two year,Bank transfer,0,1
C-3757,Customer 3757,retail,7,144.71,5942.39,5000,0.14,High School,Single,75,No,DSL,Month-to-month,Credit card,0,1
C-3758,Customer 3758,sme,22,89.68,2326.32,1000,0.32,High School,Single,77,No,Fiber optic,Two year,Bank transfer,0,1
C-3759,Customer 3759,enterprise,22,128.17,7693.6,50000,0.42,PhD,Single,24,Yes,No,Two year,Credit card,0,0
C-3760,Customer 3760,enterprise,61,97.85,3873.08,1000,0.77,PhD,Single,57,No,Fiber optic,One year,Bank transfer,0,1
C-3761,Customer 3761,retail,25,32.17,751.78,10000,0.36,High School,Married,23,Yes,Fiber optic,Month-to-month,Mailed check,0,0
C-3762,Customer 3762,retail,55,144.22,2870.66,50000,0.36,PhD,Married,68,No,Fiber optic,Month-to-month,Credit card,0,1
C-3763,Customer 3763,sme,20,35.71,1363.26,50000,0.9,Bachelors,Married,28,No,Fiber optic,Month-to-month,Electronic check,0,1
C-3764,Customer 3764,sme,41,39.61,3894.52,50000,0.84,Masters,Single,76,Yes,No,Two year,Mailed check,0,0
C-3765,Customer 3765,enterprise,29,70.12,3838.97,1000,0.8,High School,Single,27,No,Fiber optic,Month-to-month,Mailed check,0,1
C-3766,Customer 3766,retail,12,123.16,826.22,10000,0.39,Masters,Single,39,Yes,Fiber optic,Two year,Electronic check,0,0
C-3767,Customer 3767,sme,54,68.2,7443.94,1000,0.4,PhD,Married,38,Yes,No,Two year,Bank transfer,0,1
C-3768,Customer 3768,enterprise,19,24.11,3206.7,10000,0.13,Bachelors,Single,18,Yes,No,Month-to-month,Electronic check,1,0
C-3769,Customer 3769,sme,38,32.2,3700.19,1000,0.17,Bachelors,Married,58,No,DSL,Month-to-month,Mailed check,0,1
C-3770,Customer 3770,enterprise,40,102.9,1147.43,50000,0.71,High School,Married,43,No,DSL,Month-to-month,Electronic check,1,0
C-3771,Customer 3771,sme,56,21.37,4909.58,1000,0.65,Bachelors,Married,29,Yes,Fiber optic,Two year,Bank transfer,0,1
C-3772,Customer 3772,sme,9,145.3,3007.2,5000,0.67,Masters,Married,59,No,Fiber optic,Two year,Electronic check,0,1
C-3773,Customer 3773,retail,67,144.1,6197.46,50000,0.43,PhD,Single,25,No,DSL,One year,Bank transfer,0,0
C-3774,Customer 3774,sme,65,135.42,3649.06,50000,0.82,Bachelors,Single,51,Yes,DSL,One year,Electronic check,1,1
C-3775,Customer 3775,enterprise,52,69.9,391.67,1000,0.49,Bachelors,Married,26,No,No,Two year,Credit card,0,1
C-3776,Customer 3776,enterprise,18,22.73,700.69,1000,0.14,PhD,Single,66,Yes,Fiber optic,Two year,Credit card,0,1
C-3777,Customer 3777,sme,33,136.05,6850.22,10000,0.89,Bachelors,Single,24,No,No,Month-to-month,Mailed check,1,1
C-3778,Customer 3778,retail,23,22.17,3349.86,10000,0.33,PhD,Single,23,Yes,No,Month-to-month,Electronic check,1,0
C-3779,Customer 3779,enterprise,13,145.57,6515.17,10000,0.69,PhD,Married,26,No,No,Month-to-month,Credit card,1,1
C-3780,Customer 3780,sme,17,51.78,5360.36,10000,0.19,PhD,Single,36,No,No,One year,Electronic check,0,0
C-3781,Customer 3781,sme,21,32.17,3868.52,50000,0.56,PhD,Single,65,Yes,No,One year,Credit card,0,0
C-3782,Customer 3782,sme,38,74.96,2658.39,10000,0.57,High School,Single,75,Yes,Fiber optic,One year,Electronic check,0,0
C-3783,Customer 3783,enterprise,31,117.66,5759.64,5000,0.5,PhD,Married,72,Yes,Fiber optic,One year,Electronic check,0,1
C-3784,Customer 3784,retail,69,82.93,1230.49,50000,0.43,High School,Married,58,No,No,Month-to-month,Credit card,1,0
C-3785,Customer 3785,retail,19,45.8,1120.15,10000,0.81,Masters,Single,45,No,Fiber optic,Month-to-month,Mailed check,1,0
C-3786,Customer 3786,sme,55,55.27,3284.99,10000,0.8,Bachelors,Married,42,Yes,Fiber optic,Two year,Credit card,1,0
C-3787,Customer 3787,sme,11,22.32,7224.29,10000,0.76,Bachelors,Single,43,No,DSL,One year,Bank transfer,0,0
C-3788,Customer 3788,enterprise,17,134.32,7887.38,50000,0.84,High School,Single,56,Yes,DSL,Month-to-month,Electronic check,1,0
C-3789,Customer 3789,retail,11,51.17,3777.68,10000,0.62,High School,Single,44,Yes,DSL,One year,Electronic check,1,0
C-3790,Customer 3790,retail,51,140.69,7208.15,50000,0.37,Masters,Married,19,Yes,No,One year,Electronic check,0,0
C-3791,Customer 3791,sme,19,48.33,3786.35,50000,0.53,Masters,Married,19,No,DSL,Two year,Credit card,0,0
C-3792,Customer 3792,enterprise,2,35.85,1136.1,1000,0.2,Masters,Single,68,Yes,Fiber optic,One year,Mailed check,0,1
C-3793,Customer 3793,enterprise,6,37.46,2598.54,5000,0.73,PhD,Single,73,Yes,No,One year,Mailed check,1,1
C-3794,Customer 3794,retail,19,111.01,687.53,1000,0.75,High School,Single,18,No,DSL,Month-to-month,Mailed check,0,1
C-3795,Customer 3795,sme,20,147.16,5278.85,50000,0.27,Bachelors,Married,53,No,No,Month-to-month,Mailed check,0,0
C-3796,Customer 3796,sme,71,61.05,3609.56,5000,0.72,Masters,Single,29,No,No,One year,Credit card,0,1
C-3797,Customer 3797,enterprise,36,35.65,5084.95,5000,0.44,High School,Married,26,No,DSL,Two year,Credit card,0,0
C-3798,Customer 3798,sme,50,148.13,5862.2,50000,0.33,PhD,Single,23,No,Fiber optic,One year,Mailed check,1,0
C-3799,Customer 3799,retail,33,149.95,4504.32,50000,0.64,High School,Single,72,Yes,Fiber optic,Month-to-month,Mailed check,1,1
C-3800,Customer 3800,enterprise,8,78.64,7265.62,50000,0.56,Bachelors,Married,47,No,No,Two year,Bank transfer,0,0
C-3801,Customer 3801,enterprise,29,30.8,6856.41,1000,0.41,High School,Married,42,Yes,Fiber optic,One year,Mailed check,0,1
C-3802,Customer 3802,enterprise,38,30.06,5217.77,1000,0.45,Bachelors,Married,71,No,DSL,Month-to-month,Mailed check,0,1
C-3803,Customer 3803,enterprise,7,75.84,4127.78,5000,0.24,PhD,Married,63,Yes,No,Two year,Credit card,0,1
C-3804,Customer 3804,retail,6,102.0,5798.38,10000,0.12,Bachelors,Single,63,Yes,No,Month-to-month,Credit card,1,0
C-3805,Customer 3805,retail,2,60.93,4647.52,5000,0.52,High School,Single,61,Yes,No,One year,Mailed check,0,1
C-3806,Customer 3806,enterprise,29,36.24,6492.32,5000,0.61,High School,Married,71,No,DSL,Month-to-month,Electronic check,1,1
C-3807,Customer 3807,retail,70,50.75,3586.94,5000,0.67,PhD,Single,34,No,No,One year,Credit card,0,0
C-3808,Customer 3808,retail,60,90.82,1838.94,5000,0.64,High School,Single,32,Yes,No,Month-to-month,Electronic check,0,1
C-3809,Customer 3809,sme,43,76.67,6713.33,1000,0.68,Bachelors,Married,79,No,DSL,Two year,Credit card,1,1
C-3810,Customer 3810,enterprise,25,75.77,7059.89,1000,0.64,Bachelors,Married,78,Yes,No,One year,Electronic check,0,1
C-3811,Customer 3811,enterprise,39,98.22,3197.71,10000,0.86,Bachelors,Married,46,No,DSL,Two year,Mailed check,0,1
C-3812,Customer 3812,retail,50,87.28,7841.63,10000,0.41,Bachelors,Married,59,No,No,One year,Mailed check,0,1
C-3813,Customer 3813,enterprise,25,28.54,2341.19,5000,0.71,Masters,Single,33,No,No,Two year,Credit card,0,1
C-3814,Customer 3814,retail,37,148.01,2324.88,10000,0.62,Masters,Single,74,Yes,Fiber optic,Two year,Electronic check,0,1
C-3815,Customer 3815,retail,22,48.48,2299.25,1000,0.45,High School,Married,72,No,DSL,Two year,Credit card,0,1
C-3816,Customer 3816,sme,62,61.55,7085.78,5000,0.19,Bachelors,Married,36,Yes,DSL,Month-to-month,Electronic check,0,1
C-3817,Customer 3817,sme,37,119.02,7146.14,50000,0.29,Bachelors,Single,46,Yes,No,One year,Electronic check,0,0
C-3818,Customer 3818,sme,4,63.56,5395.62,10000,0.88,High School,Married,44,No,Fiber optic,Month-to-month,Mailed check,0,0
C-3819,Customer 3819,enterprise,70,113.35,2780.14,10000,0.56,PhD,Married,49,No,No,Two year,Mailed check,1,0
C-3820,Customer 3820,enterprise,4,40.03,3094.52,5000,0.87,High School,Single,61,Yes,DSL,One year,Mailed check,0,1
C-3821,Customer 3821,sme,64,78.52,6293.11,1000,0.2,Bachelors,Single,59,Yes,Fiber optic,One year,Mailed check,0,1
C-3822,Customer 3822,sme,56,119.2,4413.97,5000,0.71,Masters,Single,61,No,DSL,Two year,Credit card,0,1
C-3823,Customer 3823,retail,13,117.5,1199.93,10000,0.52,Bachelors,Married,21,Yes,Fiber optic,Month-to-month,Mailed check,0,1
C-3824,Customer 3824,retail,43,59.02,170.5,10000,0.31,High School,Single,26,Yes,No,Month-to-month,Bank transfer,0,0
C-3825,Customer 3825,enterprise,28,97.62,3654.94,1000,0.17,PhD,Single,43,Yes,No,One year,Mailed check,0,1
C-3826,Customer 3826,enterprise,4,141.13,6275.01,1000,0.37,Masters,Married,77,No,Fiber optic,One year,Bank transfer,0,1
C-3827,Customer 3827,enterprise,53,94.41,7240.59,1000,0.46,Bachelors,Married,54,No,No,Two year,Bank transfer,0,1
C-3828,Customer 3828,enterprise,11,63.9,6868.97,1000,0.67,High School,Married,54,No,Fiber optic,One year,Credit card,1,1
C-3829,Customer 3829,retail,46,35.84,2163.47,5000,0.33,PhD,Single,35,No,No,One year,Mailed check,1,0
C-3830,Customer 3830,sme,10,27.14,381.84,50000,0.29,Masters,Single,32,Yes,Fiber optic,Two year,Credit card,1,0
C-3831,Customer 3831,retail,10,87.08,6025.5,10000,0.75,PhD,Married,72,No,No,Month-to-month,Credit card,1,1
C-3832,Customer 3832,enterprise,17,43.2,5558.23,1000,0.66,High School,Married,49,No,No,Month-to-month,Credit card,1,1
C-3833,Customer 3833,retail,67,136.61,4992.09,1000,0.5,Masters,Single,36,No,DSL,Two year,Bank transfer,0,1
C-3834,Customer 3834,retail,61,115.55,2363.79,1000,0.69,High School,Married,65,No,DSL,Two year,Mailed check,0,1
C-3835,Customer 3835,enterprise,53,26.92,4049.36,1000,0.55,PhD,Single,66,No,DSL,Two year,Credit card,0,1
C-3836,Customer 3836,sme,39,114.88,6058.82,10000,0.86,PhD,Married,34,No,No,Two year,Bank transfer,0,1
C-3837,Customer 3837,retail,43,95.29,279.41,5000,0.68,Bachelors,Single,65,No,Fiber optic,One year,Bank transfer,0,1
C-3838,Customer 3838,retail,71,95.3,315.93,50000,0.32,High School,Married,69,No,DSL,Month-to-month,Credit card,0,0
C-3839,Customer 3839,enterprise,53,133.87,2433.15,5000,0.37,Bachelors,Married,24,No,DSL,One year,Credit card,0,1
C-3840,Customer 3840,enterprise,70,60.85,6376.2,50000,0.44,High School,Married,21,No,No,Month-to-month,Bank transfer,1,0
C-3841,Customer 3841,sme,68,144.19,7236.88,1000,0.29,High School,Married,76,Yes,No,Month-to-month,Electronic check,1,1
C-3842,Customer 3842,sme,34,102.62,2798.39,10000,0.88,Bachelors,Single,63,No,No,Two year,Credit card,0,1
C-3843,Customer 3843,retail,35,49.53,2742.19,10000,0.67,PhD,Married,45,Yes,No,Two year,Credit card,0,0
C-3844,Customer 3844,retail,8,113.9,2442.87,1000,0.16,High School,Single,21,Yes,Fiber optic,One year,Credit card,0,1
C-3845,Customer 3845,sme,44,52.85,537.01,10000,0.88,High School,Single,43,Yes,DSL,Month-to-month,Mailed check,0,0
C-3846,Customer 3846,sme,31,21.55,5202.12,5000,0.39,PhD,Single,41,Yes,No,Two year,Electronic check,0,0
C-3847,Customer 3847,retail,13,41.51,7749.16,10000,0.32,PhD,Single,47,Yes,No,Two year,Bank transfer,0,0
C-3848,Customer 3848,enterprise,68,117.83,1661.78,1000,0.7,Bachelors,Married,75,Yes,No,Two year,Electronic check,0,1
C-3849,Customer 3849,sme,16,56.87,7497.06,1000,0.17,Masters,Married,71,Yes,No,Month-to-month,Bank transfer,0,1
C-3850,Customer 3850,sme,54,120.61,7353.33,5000,0.34,PhD,Single,39,No,DSL,One year,Bank transfer,0,1
C-3851,Customer 3851,enterprise,61,28.6,6492.68,10000,0.18,Bachelors,Single,70,Yes,Fiber optic,Month-to-month,Credit card,0,0
C-3852,Customer 3852,retail,38,48.13,7013.4,5000,0.85,High School,Married,40,Yes,DSL,One year,Credit card,0,1
C-3853,Customer 3853,enterprise,17,91.8,3553.36,50000,0.65,Bachelors,Married,65,No,No,Month-to-month,Mailed check,1,0
C-3854,Customer 3854,retail,30,21.91,1005.0,50000,0.34,Masters,Single,42,Yes,Fiber optic,Two year,Mailed check,0,0
C-3855,Customer 3855,retail,30,128.05,6274.47,1000,0.46,Masters,Single,33,No,No,Month-to-month,Credit card,0,1
C-3856,Customer 3856,retail,9,119.74,4020.12,5000,0.33,High School,Single,20,No,DSL,Two year,Credit card,0,1
C-3857,Customer 3857,enterprise,38,121.72,7156.76,50000,0.72,PhD,Single,64,No,Fiber optic,Month-to-month,Bank transfer,1,0
C-3858,Customer 3858,retail,65,135.19,1977.7,50000,0.64,Masters,Married,61,No,Fiber optic,Two year,Mailed check,0,0
C-3859,Customer 3859,sme,23,77.48,5719.22,1000,0.22,Masters,Married,30,Yes,No,One year,Electronic check,0,1
C-3860,Customer 3860,sme,21,70.32,2752.94,50000,0.75,Masters,Married,19,Yes,DSL,Month-to-month,Credit card,0,0
C-3861,Customer 3861,retail,61,59.07,1501.67,5000,0.77,Masters,Married,33,Yes,Fiber optic,Month-to-month,Electronic check,0,1
C-3862,Customer 3862,retail,13,41.71,6625.51,50000,0.43,Masters,Married,49,Yes,Fiber optic,Month-to-month,Mailed check,1,0
C-3863,Customer 3863,enterprise,45,118.9,6664.47,10000,0.34,Bachelors,Married,73,Yes,No,Two year,Mailed check,0,1
C-3864,Customer 3864,sme,33,69.76,4260.05,10000,0.63,High School,Married,30,No,No,Two year,Bank transfer,0,0
C-3865,Customer 3865,enterprise,67,132.95,7962.47,10000,0.49,Bachelors,Single,50,Yes,DSL,One year,Electronic check,0,1
C-3866,Customer 3866,enterprise,49,138.98,7043.71,50000,0.65,Bachelors,Married,22,Yes,No,One year,Electronic check,1,1
C-3867,Customer 3867,retail,16,137.09,5239.65,10000,0.47,Bachelors,Married,66,No,No,One year,Bank transfer,0,1
C-3868,Customer 3868,sme,37,26.81,2703.22,10000,0.65,Bachelors,Single,32,No,DSL,Two year,Electronic check,0,0
C-3869,Customer 3869,sme,54,60.74,4437.08,10000,0.53,Bachelors,Married,54,Yes,DSL,Two year,Credit card,0,0
C-3870,Customer 3870,retail,15,93.5,6099.05,1000,0.78,High School,Married,70,Yes,DSL,Month-to-month,Credit card,0,1
C-3871,Customer 3871,sme,5,59.35,2651.7,1000,0.19,PhD,Married,49,No,No,Two year,Electronic check,0,1
C-3872,Customer 3872,sme,6,139.64,7206.48,1000,0.67,Bachelors,Married,25,No,Fiber optic,One year,Credit card,0,1
C-3873,Customer 3873,enterprise,61,49.71,7188.89,1000,0.34,Bachelors,Married,56,No,No,Two year,Credit card,0,1
C-3874,Customer 3874,enterprise,49,47.46,5773.93,10000,0.85,High School,Single,62,Yes,Fiber optic,Two year,Credit card,0,0
C-3875,Customer 3875,sme,66,26.83,226.57,5000,0.78,PhD,Single,71,Yes,Fiber optic,One year,Mailed check,0,0
C-3876,Customer 3876,retail,31,145.86,6934.5,5000,0.72,Bachelors,Married,18,Yes,Fiber optic,One year,Credit card,1,1
C-3877,Customer 3877,sme,43,134.74,7198.91,1000,0.75,High School,Single,24,Yes,Fiber optic,Two year,Electronic check,0,1
C-3878,Customer 3878,retail,8,66.7,3463.67,10000,0.89,High School,Single,37,Yes,DSL,Month-to-month,Credit card,1,1
C-3879,Customer 3879,enterprise,33,97.59,1146.95,10000,0.63,High School,Single,51,Yes,Fiber optic,Two year,Bank transfer,0,1
C-3880,Customer 3880,sme,37,91.58,1380.7,10000,0.42,Bachelors,Married,20,Yes,DSL,Month-to-month,Credit card,0,1
C-3881,Customer 3881,sme,1,107.15,2262.72,1000,0.16,Bachelors,Single,41,Yes,Fiber optic,Two year,Electronic check,0,1
C-3882,Customer 3882,retail,29,51.34,2374.02,10000,0.71,PhD,Single,76,Yes,DSL,One year,Electronic check,1,1
C-3883,Customer 3883,retail,33,34.35,658.25,1000,0.67,Bachelors,Married,22,Yes,No,One year,Mailed check,0,1
C-3884,Customer 3884,sme,36,55.64,6717.77,50000,0.64,Bachelors,Married,71,No,DSL,Month-to-month,Credit card,0,1
C-3885,Customer 3885,sme,28,108.87,499.19,5000,0.38,High School,Single,67,Yes,DSL,One year,Credit card,0,1
C-3886,Customer 3886,sme,15,67.62,6032.91,10000,0.65,Bachelors,Single,54,No,Fiber optic,Month-to-month,Mailed check,0,1
C-3887,Customer 3887,retail,54,83.48,6359.94,5000,0.11,Bachelors,Single,63,No,No,Month-to-month,Bank transfer,1,0
C-3888,Customer 3888,retail,61,47.1,3296.75,50000,0.3,High School,Married,19,Yes,No,One year,Electronic check,0,0
C-3889,Customer 3889,sme,38,91.44,3770.03,50000,0.22,Bachelors,Married,49,Yes,DSL,Month-to-month,Bank transfer,0,0
C-3890,Customer 3890,enterprise,59,109.48,6869.51,10000,0.72,High School,Single,70,No,DSL,Month-to-month,Electronic check,0,1
C-3891,Customer 3891,enterprise,63,136.78,2560.69,5000,0.13,PhD,Married,32,Yes,Fiber optic,Two year,Credit card,0,1
C-3892,Customer 3892,retail,33,31.17,7847.72,5000,0.9,PhD,Married,55,Yes,DSL,Two year,Bank transfer,1,0
C-3893,Customer 3893,enterprise,40,36.32,2070.55,1000,0.52,Bachelors,Single,30,Yes,Fiber optic,One year,Electronic check,0,1
C-3894,Customer 3894,retail,15,66.86,2381.22,10000,0.14,Masters,Single,44,No,Fiber optic,One year,Bank transfer,0,0
C-3895,Customer 3895,retail,59,46.73,5328.96,10000,0.69,High School,Married,70,No,No,One year,Credit card,1,0
C-3896,Customer 3896,enterprise,58,37.76,5885.1,1000,0.44,High School,Married,64,No,DSL,One year,Bank transfer,0,1
C-3897,Customer 3897,enterprise,37,40.57,2562.45,1000,0.2,Bachelors,Single,57,Yes,No,Month-to-month,Electronic check,1,1
C-3898,Customer 3898,sme,43,88.71,1048.85,10000,0.69,Masters,Married,51,No,DSL,One year,Mailed check,0,1
C-3899,Customer 3899,enterprise,51,71.1,3427.5,10000,0.79,High School,Married,35,Yes,Fiber optic,One year,Mailed check,0,0
C-3900,Customer 3900,enterprise,18,120.29,2686.2,1000,0.37,PhD,Married,49,No,Fiber optic,Month-to-month,Credit card,0,1
C-3901,Customer 3901,retail,35,42.56,2644.47,10000,0.88,Masters,Single,21,No,Fiber optic,One year,Mailed check,0,0
C-3902,Customer 3902,enterprise,12,91.26,3256.24,5000,0.57,Masters,Married,31,No,Fiber optic,Month-to-month,Credit card,1,1
C-3903,Customer 3903,enterprise,60,130.42,4149.74,10000,0.46,High School,Single,65,Yes,No,Month-to-month,Bank transfer,0,1
C-3904,Customer 3904,sme,33,79.29,7312.05,10000,0.24,PhD,Single,57,Yes,Fiber optic,Two year,Mailed check,0,0
C-3905,Customer 3905,retail,17,71.93,6718.71,10000,0.63,High School,Married,47,Yes,No,One year,Electronic check,0,0
C-3906,Customer 3906,retail,54,127.59,6693.45,5000,0.36,PhD,Married,29,Yes,Fiber optic,Two year,Mailed check,0,1
C-3907,Customer 3907,enterprise,23,88.88,6547.13,5000,0.75,High School,Single,67,No,No,One year,Mailed check,1,1
C-3908,Customer 3908,enterprise,50,81.65,7996.24,5000,0.58,High School,Married,52,Yes,DSL,One year,Electronic check,0,0
C-3909,Customer 3909,sme,21,34.69,1969.67,50000,0.56,High School,Married,56,Yes,No,One year,Mailed check,0,0
C-3910,Customer 3910,sme,9,23.23,1409.87,10000,0.82,PhD,Single,61,Yes,Fiber optic,Month-to-month,Electronic check,1,1
C-3911,Customer 3911,retail,60,95.96,1709.48,10000,0.41,Bachelors,Single,37,No,DSL,Two year,Bank transfer,0,1
C-3912,Customer 3912,sme,36,88.86,1717.25,5000,0.19,PhD,Married,41,Yes,Fiber optic,Month-to-month,Credit card,0,1
C-3913,Customer 3913,enterprise,23,138.16,5481.28,1000,0.87,PhD,Married,68,Yes,Fiber optic,Two year,Mailed check,0,1
C-3914,Customer 3914,sme,56,20.19,1489.76,5000,0.43,Masters,Single,33,No,No,Two year,Electronic check,1,0
C-3915,Customer 3915,sme,26,110.28,829.91,50000,0.66,PhD,Single,61,No,No,Two year,Mailed check,0,0
C-3916,Customer 3916,sme,60,66.4,415.76,1000,0.35,Masters,Single,23,Yes,Fiber optic,One year,Electronic check,1,1
C-3917,Customer 3917,sme,43,120.02,3297.99,1000,0.81,PhD,Married,20,No,Fiber optic,Two year,Electronic check,1,1
C-3918,Customer 3918,sme,46,130.23,7436.77,50000,0.42,PhD,Single,56,No,No,One year,Electronic check,0,0
C-3919,Customer 3919,enterprise,44,57.01,760.36,5000,0.54,High School,Single,78,Yes,Fiber optic,One year,Bank transfer,0,1
C-3920,Customer 3920,retail,17,117.68,1124.45,50000,0.88,PhD,Single,43,Yes,DSL,Month-to-month,Mailed check,1,1
C-3921,Customer 3921,retail,39,45.51,947.59,5000,0.89,PhD,Single,79,Yes,Fiber optic,One year,Electronic check,0,1
C-3922,Customer 3922,enterprise,28,101.05,7922.85,5000,0.81,High School,Married,72,Yes,Fiber optic,One year,Credit card,0,1
C-3923,Customer 3923,retail,9,142.24,5265.49,50000,0.35,Bachelors,Married,62,No,No,One year,Bank transfer,0,0
C-3924,Customer 3924,retail,7,34.51,5453.66,5000,0.64,Masters,Single,59,Yes,No,Two year,Electronic check,0,1
C-3925,Customer 3925,retail,1,90.4,865.68,50000,0.44,PhD,Married,36,No,DSL,Two year,Bank transfer,0,0
C-3926,Customer 3926,retail,7,83.75,5143.63,1000,0.53,High School,Married,73,No,DSL,Month-to-month,Electronic check,0,1
C-3927,Customer 3927,sme,33,74.28,6342.01,5000,0.1,Bachelors,Married,66,Yes,No,One year,Electronic check,0,1
C-3928,Customer 3928,sme,22,47.19,3765.41,5000,0.57,PhD,Married,26,No,No,One year,Credit card,0,1
C-3929,Customer 3929,enterprise,63,70.3,6840.84,5000,0.67,High School,Married,54,No,No,Month-to-month,Bank transfer,0,1
C-3930,Customer 3930,sme,62,78.61,3927.01,5000,0.22,Masters,Single,29,No,DSL,One year,Mailed check,0,1
C-3931,Customer 3931,enterprise,53,43.35,4315.84,50000,0.61,Masters,Married,53,Yes,Fiber optic,Two year,Bank transfer,0,0
C-3932,Customer 3932,enterprise,27,67.71,7147.09,50000,0.55,Masters,Single,20,Yes,No,Two year,Electronic check,0,1
C-3933,Customer 3933,retail,41,113.04,1659.92,5000,0.65,Masters,Married,36,No,DSL,Two year,Bank transfer,0,1
C-3934,Customer 3934,sme,10,97.3,6483.52,1000,0.18,Masters,Married,39,No,Fiber optic,Two year,Mailed check,0,1
C-3935,Customer 3935,sme,63,33.63,7294.71,1000,0.52,Masters,Single,46,No,Fiber optic,Month-to-month,Credit card,1,1
C-3936,Customer 3936,sme,35,88.31,546.32,50000,0.12,PhD,Married,53,Yes,DSL,One year,Electronic check,0,1
C-3937,Customer 3937,sme,13,46.88,1292.07,5000,0.5,PhD,Married,22,No,DSL,Month-to-month,Mailed check,1,1
C-3938,Customer 3938,sme,59,39.39,3432.32,10000,0.46,Masters,Single,54,No,Fiber optic,Two year,Bank transfer,0,0
C-3939,Customer 3939,sme,22,117.29,2762.51,50000,0.35,PhD,Married,42,No,Fiber optic,One year,Bank transfer,0,0
C-3940,Customer 3940,sme,6,111.39,4753.49,10000,0.72,Masters,Single,30,No,DSL,One year,Electronic check,0,1
C-3941,Customer 3941,enterprise,42,134.34,2435.43,50000,0.5,High School,Married,21,Yes,DSL,Month-to-month,Electronic check,0,0
C-3942,Customer 3942,sme,21,64.0,5828.85,1000,0.11,PhD,Single,49,No,Fiber optic,Two year,Mailed check,0,1
C-3943,Customer 3943,sme,6,130.11,5009.49,10000,0.58,Bachelors,Single,35,No,Fiber optic,Month-to-month,Mailed check,1,1
C-3944,Customer 3944,retail,3,64.24,7889.37,5000,0.15,High School,Married,62,No,No,Two year,Credit card,1,1
C-3945,Customer 3945,enterprise,16,111.09,6695.0,50000,0.77,Bachelors,Married,67,Yes,Fiber optic,One year,Bank transfer,0,0
C-3946,Customer 3946,sme,12,39.2,2234.97,1000,0.28,PhD,Married,21,No,DSL,Two year,Credit card,0,1
C-3947,Customer 3947,enterprise,16,35.91,979.13,1000,0.17,Bachelors,Married,78,No,Fiber optic,Month-to-month,Electronic check,0,1
C-3948,Customer 3948,sme,59,25.66,7457.9,10000,0.85,PhD,Single,30,Yes,No,One year,Mailed check,0,0
C-3949,Customer 3949,enterprise,13,35.05,5401.95,5000,0.48,Masters,Single,52,Yes,No,Two year,Bank transfer,0,1
C-3950,Customer 3950,retail,1,128.02,165.85,50000,0.12,PhD,Married,47,No,DSL,Month-to-month,Bank transfer,0,0
C-3951,Customer 3951,enterprise,16,97.57,7322.71,5000,0.5,PhD,Single,76,No,DSL,Month-to-month,Mailed check,0,1
C-3952,Customer 3952,retail,49,38.08,279.0,10000,0.31,High School,Married,67,Yes,DSL,Month-to-month,Credit card,0,0
C-3953,Customer 3953,sme,27,71.45,7099.27,50000,0.58,High School,Single,24,Yes,No,Month-to-month,Electronic check,1,0
C-3954,Customer 3954,enterprise,31,49.18,4724.8,50000,0.4,Masters,Married,41,Yes,No,One year,Credit card,1,0
C-3955,Customer 3955,enterprise,63,23.34,3687.32,1000,0.56,Masters,Married,72,Yes,Fiber optic,Month-to-month,Bank transfer,1,1
C-3956,Customer 3956,sme,58,28.48,6367.08,5000,0.37,Masters,Married,75,Yes,DSL,Two year,Credit card,0,1
C-3957,Customer 3957,retail,25,55.19,3882.87,1000,0.69,High School,Single,56,No,DSL,One year,Bank transfer,0,1
C-3958,Customer 3958,enterprise,11,33.11,826.56,50000,0.14,PhD,Married,37,No,Fiber optic,One year,Electronic check,0,0
C-3959,Customer 3959,enterprise,40,59.8,2935.95,50000,0.41,High School,Married,39,No,No,Month-to-month,Credit card,1,0
C-3960,Customer 3960,sme,56,117.28,5884.78,50000,0.28,Bachelors,Married,36,No,No,One year,Credit card,0,1
C-3961,Customer 3961,retail,46,125.02,3979.91,50000,0.34,Bachelors,Married,37,Yes,Fiber optic,Two year,Electronic check,0,1
C-3962,Customer 3962,enterprise,19,53.4,3253.12,10000,0.12,PhD,Single,66,Yes,DSL,One year,Electronic check,0,0
C-3963,Customer 3963,sme,32,85.67,896.63,1000,0.55,High School,Single,66,No,No,Month-to-month,Mailed check,1,1
C-3964,Customer 3964,enterprise,33,40.42,6517.25,5000,0.83,Bachelors,Single,76,No,No,One year,Credit card,0,1
C-3965,Customer 3965,enterprise,51,40.19,2662.57,10000,0.66,Bachelors,Married,74,Yes,DSL,One year,Credit card,0,1
C-3966,Customer 3966,retail,69,112.37,4977.27,10000,0.74,Bachelors,Married,18,Yes,No,One year,Electronic check,0,1
C-3967,Customer 3967,retail,3,28.67,5953.87,10000,0.75,PhD,Single,75,Yes,Fiber optic,Month-to-month,Mailed check,0,1
C-3968,Customer 3968,sme,31,28.0,6815.28,5000,0.41,High School,Single,43,No,DSL,Two year,Bank transfer,0,0
C-3969,Customer 3969,retail,58,24.9,7894.02,50000,0.86,High School,Married,46,Yes,Fiber optic,Two year,Bank transfer,0,0
C-3970,Customer 3970,sme,38,48.32,5941.79,10000,0.75,Bachelors,Single,29,Yes,Fiber optic,Two year,Credit card,0,0
C-3971,Customer 3971,enterprise,15,95.65,2244.32,50000,0.69,PhD,Married,19,No,No,One year,Electronic check,0,0
C-3972,Customer 3972,enterprise,42,56.99,5873.84,5000,0.18,Masters,Married,32,Yes,DSL,Two year,Bank transfer,0,1
C-3973,Customer 3973,enterprise,60,104.4,6660.65,50000,0.54,Bachelors,Married,54,No,No,Two year,Electronic check,0,0
C-3974,Customer 3974,sme,54,50.54,104.66,1000,0.62,Bachelors,Married,21,Yes,Fiber optic,One year,Bank transfer,0,1
C-3975,Customer 3975,retail,21,93.83,3642.27,50000,0.8,PhD,Married,19,Yes,No,Two year,Bank transfer,1,0
C-3976,Customer 3976,sme,62,141.99,7459.32,1000,0.26,PhD,Single,56,Yes,No,One year,Electronic check,1,1
C-3977,Customer 3977,sme,42,101.26,3016.48,5000,0.7,High School,Single,59,Yes,DSL,Month-to-month,Mailed check,0,1
C-3978,Customer 3978,retail,9,75.47,3548.2,10000,0.29,Masters,Married,37,Yes,Fiber optic,One year,Credit card,0,1
C-3979,Customer 3979,retail,50,40.71,1670.27,50000,0.16,PhD,Single,21,Yes,Fiber optic,Month-to-month,Mailed check,1,0
C-3980,Customer 3980,retail,37,112.73,7141.04,5000,0.86,Masters,Single,21,Yes,DSL,Month-to-month,Mailed check,0,1
C-3981,Customer 3981,retail,57,96.28,6979.97,1000,0.13,Bachelors,Single,61,No,DSL,Two year,Bank transfer,0,1
C-3982,Customer 3982,enterprise,49,32.08,2516.27,50000,0.47,Bachelors,Single,43,Yes,DSL,Month-to-month,Credit card,0,0
C-3983,Customer 3983,enterprise,50,29.52,3146.66,5000,0.14,PhD,Married,78,Yes,DSL,Two year,Bank transfer,0,0
C-3984,Customer 3984,retail,59,62.47,5461.17,1000,0.36,Bachelors,Single,21,No,DSL,Two year,Electronic check,0,1
C-3985,Customer 3985,enterprise,67,131.84,6785.66,50000,0.27,High School,Married,51,Yes,DSL,One year,Credit card,0,0
C-3986,Customer 3986,retail,24,65.53,3281.79,50000,0.25,High School,Single,46,No,Fiber optic,One year,Mailed check,1,0
C-3987,Customer 3987,sme,24,93.49,1731.83,10000,0.3,Bachelors,Single,20,No,Fiber optic,Two year,Credit card,1,1
C-3988,Customer 3988,sme,62,148.34,4397.81,10000,0.54,Masters,Married,44,No,Fiber optic,Month-to-month,Credit card,1,1
C-3989,Customer 3989,enterprise,4,21.6,1319.69,1000,0.74,High School,Single,21,No,Fiber optic,One year,Electronic check,1,1
C-3990,Customer 3990,retail,48,36.33,6851.95,1000,0.71,Masters,Single,79,No,No,One year,Credit card,1,1
C-3991,Customer 3991,sme,60,69.12,7279.81,10000,0.29,Bachelors,Married,61,No,Fiber optic,Two year,Mailed check,0,1
C-3992,Customer 3992,sme,28,71.66,5789.0,5000,0.25,PhD,Married,21,No,Fiber optic,Month-to-month,Bank transfer,0,0
C-3993,Customer 3993,retail,44,65.94,4522.76,1000,0.18,PhD,Married,30,No,No,One year,Electronic check,0,1
C-3994,Customer 3994,enterprise,53,26.98,1887.9,50000,0.81,Bachelors,Single,79,No,No,One year,Mailed check,0,0
C-3995,Customer 3995,sme,30,132.67,4298.21,50000,0.67,Masters,Single,57,Yes,DSL,Two year,Mailed check,1,0
C-3996,Customer 3996,sme,58,29.1,2028.4,5000,0.56,Bachelors,Single,79,Yes,DSL,Month-to-month,Electronic check,0,1
C-3997,Customer 3997,retail,45,95.26,7345.06,5000,0.76,Masters,Married,74,No,Fiber optic,Month-to-month,Mailed check,1,1
C-3998,Customer 3998,retail,13,71.05,6082.28,5000,0.39,High School,Single,43,Yes,No,Month-to-month,Credit card,1,1
C-3999,Customer 3999,sme,61,56.88,7915.65,5000,0.83,Masters,Married,61,No,No,Two year,Bank transfer,0,1
C-4000,Customer 4000,enterprise,61,52.8,1830.56,5000,0.63,High School,Married,56,No,DSL,Two year,Electronic check,1,0
C-4001,Customer 4001,retail,32,69.44,1959.39,5000,0.35,PhD,Single,19,Yes,DSL,Two year,Mailed check,0,1
C-4002,Customer 4002,sme,17,77.04,779.21,1000,0.47,High School,Married,21,No,Fiber optic,Month-to-month,Mailed check,1,1
C-4003,Customer 4003,enterprise,17,136.11,176.45,50000,0.39,PhD,Married,54,Yes,No,Two year,Credit card,1,0
C-4004,Customer 4004,enterprise,47,75.35,7395.46,10000,0.26,Masters,Married,79,Yes,DSL,One year,Credit card,0,0
C-4005,Customer 4005,enterprise,39,100.56,4850.96,1000,0.17,Bachelors,Married,75,Yes,No,Two year,Mailed check,0,1
C-4006,Customer 4006,sme,17,31.76,4331.64,1000,0.65,Masters,Married,67,No,Fiber optic,Two year,Credit card,0,1
C-4007,Customer 4007,retail,42,59.94,2492.58,10000,0.4,Masters,Married,74,Yes,Fiber optic,One year,Electronic check,0,1
C-4008,Customer 4008,retail,70,84.82,2918.33,1000,0.48,High School,Single,24,Yes,Fiber optic,Month-to-month,Credit card,0,1
C-4009,Customer 4009,sme,13,55.9,4019.64,50000,0.17,High School,Single,66,No,No,Two year,Electronic check,0,0
C-4010,Customer 4010,sme,61,144.98,6230.3,5000,0.67,Masters,Married,20,Yes,DSL,Two year,Bank transfer,0,1
C-4011,Customer 4011,sme,28,136.63,5159.05,10000,0.49,PhD,Single,24,Yes,DSL,One year,Bank transfer,0,1
C-4012,Customer 4012,retail,19,144.94,5868.12,50000,0.31,PhD,Married,51,No,No,Two year,Bank transfer,0,0
C-4013,Customer 4013,retail,13,51.23,2916.73,50000,0.55,Bachelors,Single,68,No,Fiber optic,Month-to-month,Bank transfer,0,0
C-4014,Customer 4014,enterprise,31,61.57,5731.65,10000,0.9,Bachelors,Married,41,No,DSL,Month-to-month,Electronic check,0,0
C-4015,Customer 4015,retail,66,71.22,3560.1,10000,0.25,Bachelors,Single,71,No,No,Two year,Electronic check,0,1
C-4016,Customer 4016,sme,52,76.42,4317.87,1000,0.77,High School,Single,55,Yes,DSL,Two year,Bank transfer,0,1
C-4017,Customer 4017,sme,6,109.4,5863.48,50000,0.17,PhD,Married,25,Yes,Fiber optic,Two year,Credit card,1,0
C-4018,Customer 4018,retail,10,49.63,7911.74,10000,0.33,PhD,Single,36,Yes,DSL,Two year,Electronic check,0,0
C-4019,Customer 4019,enterprise,61,55.41,937.61,5000,0.86,Masters,Married,68,Yes,Fiber optic,Two year,Credit card,0,1
C-4020,Customer 4020,retail,38,102.49,1843.92,1000,0.23,Masters,Married,70,Yes,DSL,Two year,Electronic check,1,1
C-4021,Customer 4021,retail,66,97.18,3241.23,5000,0.68,High School,Single,63,No,DSL,Month-to-month,Credit card,1,1
C-4022,Customer 4022,sme,3,63.82,2508.38,10000,0.35,High School,Single,30,No,DSL,Month-to-month,Bank transfer,1,0
C-4023,Customer 4023,retail,7,20.36,1208.55,1000,0.68,High School,Married,75,Yes,DSL,One year,Mailed check,0,1
C-4024,Customer 4024,sme,25,113.13,251.19,1000,0.31,Masters,Married,43,Yes,No,Two year,Credit card,1,1
C-4025,Customer 4025,retail,66,143.36,7916.91,5000,0.39,Bachelors,Married,61,No,DSL,Month-to-month,Electronic check,0,1
C-4026,Customer 4026,sme,43,63.37,6560.83,10000,0.27,PhD,Single,26,Yes,No,One year,Credit card,0,0
C-4027,Customer 4027,retail,36,139.5,1008.72,5000,0.24,High School,Single,57,Yes,No,Two year,Mailed check,1,1
C-4028,Customer 4028,sme,13,70.43,696.02,10000,0.46,PhD,Married,24,No,No,Month-to-month,Mailed check,0,0
C-4029,Customer 4029,retail,45,86.59,188.06,1000,0.7,High School,Single,52,No,No,Two year,Mailed check,0,1
C-4030,Customer 4030,sme,30,25.96,279.66,1000,0.43,Bachelors,Single,79,No,Fiber optic,Month-to-month,Credit card,1,1
C-4031,Customer 4031,sme,45,137.88,7481.21,10000,0.16,High School,Single,45,Yes,No,One year,Mailed check,0,1
C-4032,Customer 4032,sme,14,111.1,6924.22,5000,0.11,High School,Single,53,Yes,No,Month-to-month,Credit card,1,1
C-4033,Customer 4033,sme,25,39.56,1518.54,50000,0.34,Bachelors,Married,67,Yes,DSL,Month-to-month,Bank transfer,1,0
C-4034,Customer 4034,retail,1,127.98,5736.76,50000,0.14,PhD,Married,52,No,DSL,Two year,Bank transfer,0,0
C-4035,Customer 4035,retail,37,80.13,3888.9,1000,0.83,Masters,Married,76,Yes,No,One year,Mailed check,1,1
C-4036,Customer 4036,retail,67,131.43,3559.34,1000,0.33,Bachelors,Single,20,No,No,One year,Electronic check,0,1
C-4037,Customer 4037,sme,18,41.85,841.37,50000,0.45,PhD,Married,37,Yes,DSL,One year,Credit card,0,0
C-4038,Customer 4038,retail,70,103.23,6380.45,10000,0.85,High School,Married,43,Yes,Fiber optic,Month-to-month,Electronic check,0,0
C-4039,Customer 4039,enterprise,47,31.01,1805.42,5000,0.32,High School,Single,48,No,DSL,Two year,Credit card,0,1
C-4040,Customer 4040,enterprise,39,142.05,4970.69,5000,0.38,High School,Single,34,No,No,One year,Electronic check,1,1
C-4041,Customer 4041,sme,51,41.97,2908.58,1000,0.8,High School,Single,75,No,Fiber optic,One year,Mailed check,0,1
C-4042,Customer 4042,enterprise,25,145.23,7871.18,10000,0.43,Masters,Married,21,No,Fiber optic,Two year,Electronic check,0,1
C-4043,Customer 4043,enterprise,57,26.96,4553.01,1000,0.41,High School,Married,65,Yes,No,One year,Credit card,0,1
C-4044,Customer 4044,retail,68,35.23,3882.3,1000,0.71,Bachelors,Single,72,Yes,No,One year,Mailed check,0,1
C-4045,Customer 4045,sme,4,107.06,6134.58,5000,0.88,PhD,Married,27,No,No,Month-to-month,Mailed check,1,1
C-4046,Customer 4046,sme,46,141.74,6113.58,50000,0.48,Bachelors,Married,53,No,No,Two year,Bank transfer,1,0
C-4047,Customer 4047,retail,9,75.53,1048.13,50000,0.35,High School,Single,67,No,No,Two year,Credit card,0,0
C-4048,Customer 4048,retail,13,24.98,6600.62,10000,0.29,Masters,Married,59,Yes,DSL,One year,Credit card,0,0
C-4049,Customer 4049,enterprise,46,135.25,2722.73,5000,0.54,High School,Single,60,No,DSL,Month-to-month,Electronic check,1,1
C-4050,Customer 4050,sme,36,60.09,5878.54,10000,0.67,High School,Married,23,No,DSL,One year,Bank transfer,1,0
C-4051,Customer 4051,retail,26,145.12,2801.1,5000,0.8,Masters,Married,73,Yes,Fiber optic,One year,Mailed check,1,1
C-4052,Customer 4052,sme,43,100.66,2839.37,5000,0.32,Masters,Married,54,Yes,DSL,Two year,Credit card,0,1
C-4053,Customer 4053,enterprise,66,74.07,6140.43,5000,0.43,Masters,Single,68,No,DSL,Two year,Electronic check,0,1
C-4054,Customer 4054,retail,68,53.48,3266.13,5000,0.46,Bachelors,Single,77,No,No,Month-to-month,Credit card,1,0
C-4055,Customer 4055,retail,47,88.36,3454.43,1000,0.28,High School,Married,44,Yes,DSL,Month-to-month,Mailed check,0,1
C-4056,Customer 4056,enterprise,17,110.28,4133.83,1000,0.4,Bachelors,Married,45,No,No,Two year,Mailed check,0,1
C-4057,Customer 4057,enterprise,33,120.22,6622.36,5000,0.74,High School,Married,56,No,No,One year,Electronic check,0,1
C-4058,Customer 4058,sme,8,22.13,7793.67,5000,0.49,High School,Married,52,Yes,Fiber optic,One year,Mailed check,0,1
C-4059,Customer 4059,sme,18,65.05,2512.15,10000,0.16,Masters,Married,19,Yes,DSL,One year,Mailed check,0,0
C-4060,Customer 4060,enterprise,41,37.52,4350.48,5000,0.84,PhD,Single,61,No,No,One year,Credit card,0,0
C-4061,Customer 4061,enterprise,47,56.85,4923.51,10000,0.45,PhD,Single,49,No,No,Two year,Electronic check,0,0
C-4062,Customer 4062,sme,2,142.8,4139.17,10000,0.32,PhD,Married,60,No,No,Month-to-month,Mailed check,0,1
C-4063,Customer 4063,enterprise,17,91.74,7876.39,5000,0.5,Masters,Single,46,No,Fiber optic,Two year,Bank transfer,0,1
C-4064,Customer 4064,sme,64,149.27,6353.88,50000,0.15,PhD,Married,34,No,DSL,Month-to-month,Electronic check,1,0
C-4065,Customer 4065,sme,36,28.04,7045.39,5000,0.69,Bachelors,Married,19,Yes,Fiber optic,One year,Bank transfer,0,1
C-4066,Customer 4066,sme,8,104.01,1423.47,5000,0.61,High School,Married,62,No,No,One year,Credit card,0,1
C-4067,Customer 4067,enterprise,48,21.67,3237.41,5000,0.6,High School,Single,29,No,No,Month-to-month,Mailed check,0,1
C-4068,Customer 4068,enterprise,55,93.37,3460.24,10000,0.35,Masters,Single,25,Yes,Fiber optic,One year,Electronic check,0,1
C-4069,Customer 4069,sme,18,148.6,6772.29,10000,0.42,PhD,Married,55,Yes,No,Two year,Electronic check,0,1
C-4070,Customer 4070,enterprise,55,24.88,2300.77,50000,0.51,Bachelors,Married,55,Yes,No,Two year,Mailed check,0,0
C-4071,Customer 4071,sme,24,32.74,3244.48,50000,0.85,High School,Married,79,No,Fiber optic,One year,Mailed check,0,0
C-4072,Customer 4072,enterprise,4,99.79,5469.83,10000,0.11,Bachelors,Single,61,No,Fiber optic,Two year,Bank transfer,0,0
C-4073,Customer 4073,enterprise,49,137.24,1370.9,5000,0.35,Bachelors,Married,66,Yes,DSL,Two year,Credit card,0,1
C-4074,Customer 4074,sme,41,146.45,970.08,50000,0.88,High School,Single,52,No,Fiber optic,One year,Mailed check,0,0
C-4075,Customer 4075,retail,20,63.66,6460.46,50000,0.67,Masters,Single,52,Yes,No,One year,Bank transfer,0,1
C-4076,Customer 4076,retail,34,77.22,7125.27,5000,0.65,PhD,Single,36,Yes,Fiber optic,Two year,Bank transfer,0,1
C-4077,Customer 4077,enterprise,70,32.73,1716.06,10000,0.6,Masters,Married,47,Yes,Fiber optic,One year,Credit card,0,0
C-4078,Customer 4078,enterprise,12,51.47,2467.01,50000,0.14,PhD,Married,54,Yes,DSL,Two year,Electronic check,1,0
C-4079,Customer 4079,retail,42,88.96,3324.23,10000,0.71,Bachelors,Married,22,Yes,DSL,One year,Mailed check,1,1
C-4080,Customer 4080,retail,8,39.24,886.67,5000,0.6,High School,Single,26,No,No,One year,Credit card,1,0
C-4081,Customer 4081,sme,41,63.84,293.11,5000,0.69,Bachelors,Single,37,Yes,No,Two year,Credit card,0,1
C-4082,Customer 4082,enterprise,54,83.65,7196.63,10000,0.53,PhD,Married,37,Yes,DSL,Month-to-month,Electronic check,0,0
C-4083,Customer 4083,enterprise,46,71.47,2308.67,10000,0.85,Bachelors,Married,73,No,No,Two year,Bank transfer,0,0
C-4084,Customer 4084,retail,38,72.96,265.22,10000,0.44,PhD,Single,34,Yes,Fiber optic,Two year,Credit card,0,1
C-4085,Customer 4085,sme,50,65.34,6123.95,5000,0.2,Bachelors,Single,68,Yes,No,Two year,Credit card,0,1
C-4086,Customer 4086,sme,7,130.99,5318.19,1000,0.3,Bachelors,Single,46,Yes,No,Month-to-month,Electronic check,0,1
C-4087,Customer 4087,enterprise,37,72.68,7626.47,50000,0.73,PhD,Married,40,Yes,DSL,Two year,Electronic check,0,0
C-4088,Customer 4088,sme,47,148.63,4715.62,50000,0.71,High School,Married,35,No,No,Month-to-month,Credit card,1,1
C-4089,Customer 4089,sme,18,88.05,2267.05,10000,0.13,PhD,Married,61,Yes,DSL,Month-to-month,Credit card,1,0
C-4090,Customer 4090,sme,24,115.0,6282.34,10000,0.54,Bachelors,Single,50,No,No,One year,Credit card,0,0
C-4091,Customer 4091,sme,65,149.36,3083.38,10000,0.68,Masters,Single,46,Yes,Fiber optic,Two year,Credit card,0,1
C-4092,Customer 4092,retail,8,43.85,5475.96,1000,0.21,High School,Single,36,Yes,Fiber optic,One year,Bank transfer,0,1
C-4093,Customer 4093,sme,20,109.05,3143.71,1000,0.25,High School,Married,40,No,No,Month-to-month,Credit card,1,1
C-4094,Customer 4094,sme,33,140.29,2017.04,10000,0.78,Bachelors,Married,45,No,Fiber optic,One year,Electronic check,0,1
C-4095,Customer 4095,retail,52,57.31,5672.19,10000,0.17,PhD,Single,27,No,DSL,One year,Mailed check,0,0
C-4096,Customer 4096,sme,24,148.13,4272.92,1000,0.45,PhD,Single,77,No,DSL,Two year,Credit card,0,1
C-4097,Customer 4097,retail,1,143.82,7834.65,10000,0.21,PhD,Single,37,Yes,Fiber optic,Month-to-month,Mailed check,0,1
C-4098,Customer 4098,retail,65,146.14,1571.33,50000,0.84,Bachelors,Single,56,No,DSL,Two year,Electronic check,0,0
C-4099,Customer 4099,sme,57,125.07,5603.48,1000,0.11,Bachelors,Married,70,No,No,Month-to-month,Credit card,0,1
C-4100,Customer 4100,sme,61,39.92,3324.48,10000,0.48,PhD,Married,73,Yes,DSL,Two year,Mailed check,0,0
C-4101,Customer 4101,enterprise,43,90.4,1829.1,5000,0.72,Masters,Married,31,No,DSL,One year,Electronic check,0,1
C-4102,Customer 4102,retail,40,147.73,5885.26,5000,0.58,Bachelors,Married,27,No,Fiber optic,Two year,Bank transfer,0,1
C-4103,Customer 4103,enterprise,23,46.1,5959.19,5000,0.36,PhD,Married,24,No,DSL,Two year,Electronic check,0,0
C-4104,Customer 4104,sme,70,53.62,1451.8,10000,0.57,Bachelors,Single,53,No,No,One year,Electronic check,0,0
C-4105,Customer 4105,retail,22,23.13,171.42,1000,0.8,Masters,Married,51,No,DSL,One year,Bank transfer,1,1
C-4106,Customer 4106,sme,17,106.57,7341.83,10000,0.86,Bachelors,Single,35,No,DSL,One year,Bank transfer,0,1
C-4107,Customer 4107,sme,47,42.22,7812.9,1000,0.39,Masters,Married,34,Yes,DSL,One year,Bank transfer,1,1
C-4108,Customer 4108,sme,26,113.05,2200.29,5000,0.82,High School,Married,62,Yes,Fiber optic,One year,Mailed check,0,1
C-4109,Customer 4109,enterprise,24,27.6,1038.55,1000,0.79,Masters,Single,48,Yes,DSL,Month-to-month,Mailed check,0,1
C-4110,Customer 4110,sme,36,124.51,7448.58,10000,0.71,PhD,Married,36,Yes,Fiber optic,One year,Electronic check,0,1
C-4111,Customer 4111,sme,11,96.63,5015.04,50000,0.53,Masters,Single,23,No,No,Two year,Bank transfer,0,0
C-4112,Customer 4112,enterprise,25,105.41,6916.59,10000,0.82,PhD,Married,56,No,Fiber optic,One year,Credit card,0,1
C-4113,Customer 4113,sme,67,77.98,6351.25,5000,0.73,Bachelors,Single,45,Yes,Fiber optic,Two year,Credit card,0,1
C-4114,Customer 4114,sme,41,38.36,3205.0,5000,0.32,PhD,Single,39,Yes,Fiber optic,One year,Credit card,1,1
C-4115,Customer 4115,retail,49,112.48,6981.21,5000,0.87,High School,Married,66,No,Fiber optic,One year,Bank transfer,0,1
C-4116,Customer 4116,sme,2,84.24,6472.26,5000,0.21,Masters,Single,26,Yes,No,Two year,Mailed check,0,0
C-4117,Customer 4117,sme,23,144.64,3711.22,10000,0.56,PhD,Single,62,Yes,No,One year,Mailed check,0,1
C-4118,Customer 4118,sme,15,114.03,1248.88,5000,0.59,PhD,Single,48,Yes,Fiber optic,Two year,Electronic check,0,1
C-4119,Customer 4119,sme,52,93.12,2581.08,50000,0.25,Bachelors,Married,71,No,No,One year,Electronic check,1,0
C-4120,Customer 4120,sme,62,79.31,746.71,50000,0.74,Masters,Single,61,No,DSL,One year,Credit card,0,1
C-4121,Customer 4121,sme,57,92.83,6512.24,10000,0.54,PhD,Married,30,Yes,No,One year,Electronic check,0,1
C-4122,Customer 4122,enterprise,12,116.93,2307.81,50000,0.37,PhD,Married,45,Yes,No,Two year,Mailed check,0,0
C-4123,Customer 4123,enterprise,26,93.49,2629.34,1000,0.7,PhD,Married,45,Yes,No,One year,Mailed check,0,1
C-4124,Customer 4124,retail,26,44.2,7298.23,1000,0.82,Bachelors,Single,59,Yes,Fiber optic,Month-to-month,Mailed check,0,1
C-4125,Customer 4125,sme,42,36.11,7234.27,5000,0.59,PhD,Married,25,No,No,Month-to-month,Mailed check,0,1
C-4126,Customer 4126,retail,12,74.71,2330.48,1000,0.57,Bachelors,Single,67,No,DSL,Month-to-month,Bank transfer,0,1
C-4127,Customer 4127,retail,66,72.02,3809.7,1000,0.32,PhD,Single,18,No,Fiber optic,Two year,Electronic check,0,1
C-4128,Customer 4128,retail,69,38.58,2435.15,1000,0.28,Bachelors,Single,63,No,No,One year,Electronic check,0,1
C-4129,Customer 4129,retail,12,95.29,1904.17,10000,0.87,Bachelors,Married,56,No,No,One year,Credit card,1,1
C-4130,Customer 4130,sme,17,102.3,5164.24,10000,0.43,Masters,Single,55,No,Fiber optic,Two year,Bank transfer,0,0
C-4131,Customer 4131,sme,51,117.22,6632.75,5000,0.56,Bachelors,Married,57,No,DSL,One year,Mailed check,0,1
C-4132,Customer 4132,sme,48,107.23,1995.48,1000,0.39,PhD,Married,48,Yes,No,Two year,Electronic check,0,1
C-4133,Customer 4133,sme,59,50.84,3348.81,10000,0.4,PhD,Single,60,Yes,Fiber optic,Two year,Mailed check,0,0
C-4134,Customer 4134,enterprise,8,30.47,3685.32,5000,0.55,Bachelors,Single,70,Yes,Fiber optic,One year,Bank transfer,0,1
C-4135,Customer 4135,retail,60,72.06,6684.34,10000,0.36,High School,Single,62,Yes,No,One year,Electronic check,0,0
C-4136,Customer 4136,sme,49,23.65,7801.27,10000,0.11,PhD,Married,68,No,Fiber optic,One year,Credit card,0,0
C-4137,Customer 4137,sme,22,108.12,6832.2,10000,0.5,Masters,Married,45,No,Fiber optic,One year,Bank transfer,1,1
C-4138,Customer 4138,retail,18,48.4,1482.59,50000,0.51,High School,Married,39,No,No,One year,Electronic check,1,0
C-4139,Customer 4139,enterprise,23,114.34,7907.1,5000,0.67,PhD,Single,59,No,DSL,One year,Bank transfer,1,1
C-4140,Customer 4140,enterprise,15,28.13,6593.59,50000,0.46,PhD,Single,79,Yes,DSL,Two year,Electronic check,0,0
C-4141,Customer 4141,sme,32,75.95,567.22,10000,0.74,Masters,Married,34,No,Fiber optic,Two year,Mailed check,0,1
C-4142,Customer 4142,enterprise,58,36.85,1044.65,1000,0.58,Bachelors,Married,55,Yes,No,Month-to-month,Electronic check,0,1
C-4143,Customer 4143,retail,42,139.84,2906.99,1000,0.28,Masters,Married,72,No,DSL,Month-to-month,Mailed check,0,1
C-4144,Customer 4144,sme,69,60.05,3795.36,50000,0.22,PhD,Married,51,No,Fiber optic,One year,Bank transfer,0,0
C-4145,Customer 4145,sme,24,74.27,1373.6,50000,0.28,High School,Married,77,No,No,Two year,Electronic check,0,0
C-4146,Customer 4146,sme,1,82.92,4541.38,1000,0.1,PhD,Married,79,No,No,One year,Bank transfer,0,1
C-4147,Customer 4147,enterprise,36,146.43,3945.3,50000,0.47,PhD,Single,68,No,Fiber optic,One year,Electronic check,0,0
C-4148,Customer 4148,retail,45,133.04,3750.05,50000,0.43,Masters,Married,50,No,No,Month-to-month,Mailed check,1,1
C-4149,Customer 4149,enterprise,67,108.78,2293.61,5000,0.3,High School,Single,67,Yes,Fiber optic,Month-to-month,Mailed check,1,1
C-4150,Customer 4150,retail,11,73.63,6967.83,1000,0.26,Bachelors,Married,54,Yes,DSL,One year,Mailed check,0,1
C-4151,Customer 4151,retail,57,30.52,5968.84,1000,0.31,PhD,Married,70,No,No,Month-to-month,Mailed check,0,1
C-4152,Customer 4152,enterprise,5,113.7,1531.77,1000,0.37,High School,Single,79,Yes,DSL,One year,Bank transfer,0,1
C-4153,Customer 4153,sme,39,119.14,5776.33,5000,0.59,Masters,Married,33,No,DSL,Month-to-month,Credit card,0,1
C-4154,Customer 4154,enterprise,16,100.55,6166.46,5000,0.67,PhD,Married,73,Yes,DSL,Month-to-month,Credit card,0,1
C-4155,Customer 4155,retail,64,113.07,1813.59,50000,0.85,PhD,Married,73,Yes,Fiber optic,One year,Bank transfer,0,0
C-4156,Customer 4156,sme,1,67.34,5078.9,1000,0.76,Masters,Married,38,Yes,Fiber optic,One year,Mailed check,0,1
C-4157,Customer 4157,sme,37,115.3,3806.75,50000,0.17,Bachelors,Married,63,Yes,No,One year,Credit card,0,0
C-4158,Customer 4158,sme,63,78.62,828.46,10000,0.26,Masters,Married,67,No,Fiber optic,Two year,Mailed check,0,1
C-4159,Customer 4159,enterprise,70,126.07,5027.88,1000,0.35,Masters,Single,57,Yes,DSL,One year,Bank transfer,1,1
C-4160,Customer 4160,enterprise,8,93.37,6886.05,50000,0.55,Masters,Married,31,No,No,Two year,Bank transfer,0,0
C-4161,Customer 4161,enterprise,64,121.95,3736.12,1000,0.18,Bachelors,Single,46,Yes,No,Two year,Electronic check,0,1
C-4162,Customer 4162,sme,41,125.56,1158.94,50000,0.16,PhD,Married,57,Yes,DSL,Two year,Electronic check,0,1
C-4163,Customer 4163,enterprise,20,64.71,3029.51,1000,0.26,Masters,Married,53,Yes,No,One year,Credit card,1,1
C-4164,Customer 4164,enterprise,41,99.8,764.25,1000,0.29,Bachelors,Married,34,No,No,Two year,Mailed check,0,1
C-4165,Customer 4165,retail,9,67.31,3815.5,10000,0.13,Bachelors,Single,18,Yes,No,One year,Electronic check,0,0
C-4166,Customer 4166,retail,17,101.52,1672.05,1000,0.76,Masters,Married,40,Yes,DSL,One year,Electronic check,0,1
C-4167,Customer 4167,retail,39,64.88,1858.74,10000,0.72,PhD,Single,61,Yes,No,One year,Bank transfer,0,0
C-4168,Customer 4168,sme,55,85.49,946.62,5000,0.31,High School,Single,59,No,DSL,One year,Credit card,0,1
C-4169,Customer 4169,enterprise,12,48.3,2485.74,1000,0.86,High School,Single,51,Yes,Fiber optic,Month-to-month,Bank transfer,1,1
C-4170,Customer 4170,retail,63,28.44,6844.52,50000,0.56,High School,Single,38,Yes,No,Month-to-month,Electronic check,0,0
C-4171,Customer 4171,sme,45,85.82,7143.51,10000,0.81,High School,Single,43,No,No,Month-to-month,Credit card,0,1
C-4172,Customer 4172,retail,37,65.63,6948.32,50000,0.15,Masters,Married,48,Yes,No,One year,Credit card,0,0
C-4173,Customer 4173,retail,5,136.78,3714.48,5000,0.59,High School,Married,26,No,Fiber optic,Two year,Bank transfer,0,1
C-4174,Customer 4174,retail,33,99.51,4010.2,50000,0.32,High School,Single,35,No,Fiber optic,Month-to-month,Credit card,0,0
C-4175,Customer 4175,retail,6,139.66,7121.38,1000,0.15,High School,Single,53,Yes,No,One year,Mailed check,0,1
C-4176,Customer 4176,retail,16,61.17,5485.56,50000,0.19,Masters,Single,63,Yes,No,One year,Mailed check,0,0
C-4177,Customer 4177,enterprise,30,120.26,4356.53,5000,0.73,High School,Married,66,Yes,No,Month-to-month,Mailed check,0,1
C-4178,Customer 4178,sme,49,36.89,7663.4,10000,0.23,High School,Married,45,No,No,Month-to-month,Bank transfer,0,0
C-4179,Customer 4179,enterprise,12,107.34,3903.59,1000,0.53,Bachelors,Married,47,No,DSL,Two year,Credit card,0,1
C-4180,Customer 4180,retail,46,50.9,7940.28,5000,0.43,Bachelors,Single,20,Yes,No,Month-to-month,Mailed check,0,1
C-4181,Customer 4181,retail,41,29.87,4702.48,5000,0.54,High School,Married,44,Yes,Fiber optic,One year,Mailed check,1,1
C-4182,Customer 4182,enterprise,59,144.56,1572.61,10000,0.35,High School,Single,49,Yes,No,Month-to-month,Bank transfer,0,1
C-4183,Customer 4183,retail,58,30.78,1832.17,50000,0.52,PhD,Single,27,Yes,DSL,One year,Bank transfer,0,0
C-4184,Customer 4184,sme,47,28.89,5646.31,10000,0.24,Masters,Married,25,Yes,Fiber optic,Month-to-month,Mailed check,1,0
C-4185,Customer 4185,enterprise,59,111.76,5954.0,1000,0.31,PhD,Single,54,Yes,No,Two year,Credit card,0,1
C-4186,Customer 4186,sme,61,122.59,6313.4,1000,0.27,High School,Married,53,Yes,DSL,Month-to-month,Mailed check,0,1
C-4187,Customer 4187,retail,1,40.07,3568.15,10000,0.54,Masters,Married,28,No,Fiber optic,One year,Credit card,1,1
C-4188,Customer 4188,enterprise,63,115.07,1893.89,50000,0.39,Bachelors,Married,38,Yes,Fiber optic,One year,Bank transfer,0,0
C-4189,Customer 4189,enterprise,5,118.62,7925.24,50000,0.86,PhD,Married,50,Yes,No,Two year,Credit card,1,0
C-4190,Customer 4190,sme,29,84.06,3510.6,10000,0.28,PhD,Married,58,No,No,One year,Bank transfer,0,0
C-4191,Customer 4191,enterprise,16,45.43,6684.48,10000,0.32,High School,Married,18,Yes,DSL,One year,Mailed check,0,0
C-4192,Customer 4192,sme,8,149.7,2050.23,10000,0.55,Bachelors,Married,29,Yes,DSL,Month-to-month,Electronic check,1,1
C-4193,Customer 4193,retail,37,21.52,4181.95,1000,0.67,Bachelors,Single,26,Yes,Fiber optic,Two year,Credit card,0,1
C-4194,Customer 4194,enterprise,8,144.22,539.34,50000,0.66,PhD,Married,49,No,DSL,One year,Electronic check,0,1
C-4195,Customer 4195,retail,53,110.34,768.47,50000,0.52,PhD,Single,46,No,Fiber optic,Two year,Bank transfer,0,0
C-4196,Customer 4196,retail,56,38.61,1942.64,10000,0.28,PhD,Single,41,No,No,Two year,Bank transfer,0,0
C-4197,Customer 4197,sme,19,81.75,3608.53,50000,0.11,Bachelors,Married,25,Yes,No,One year,Electronic check,0,1
C-4198,Customer 4198,sme,12,74.69,2923.94,1000,0.89,High School,Married,49,Yes,DSL,Two year,Electronic check,0,1
C-4199,Customer 4199,enterprise,44,114.18,3325.26,1000,0.19,High School,Single,63,No,No,Month-to-month,Electronic check,0,1
C-4200,Customer 4200,retail,64,40.88,7981.16,1000,0.19,Bachelors,Married,47,Yes,DSL,Two year,Electronic check,0,1
C-4201,Customer 4201,sme,40,114.41,1168.6,50000,0.51,Masters,Married,50,No,Fiber optic,Two year,Bank transfer,0,0
C-4202,Customer 4202,retail,26,149.93,4113.91,5000,0.14,Masters,Married,24,No,DSL,Month-to-month,Bank transfer,0,1
C-4203,Customer 4203,retail,32,44.74,6202.95,5000,0.67,PhD,Single,25,Yes,No,Two year,Mailed check,0,1
C-4204,Customer 4204,retail,37,40.18,862.88,5000,0.46,Masters,Single,28,No,DSL,One year,Bank transfer,0,0
C-4205,Customer 4205,sme,6,82.39,1081.09,50000,0.75,High School,Married,65,Yes,Fiber optic,Month-to-month,Electronic check,1,1
C-4206,Customer 4206,enterprise,15,28.49,2277.21,50000,0.39,High School,Single,52,Yes,Fiber optic,One year,Bank transfer,0,0
C-4207,Customer 4207,retail,41,101.89,5940.03,1000,0.33,Bachelors,Married,58,Yes,Fiber optic,Month-to-month,Electronic check,0,1
C-4208,Customer 4208,retail,24,36.25,3383.97,5000,0.55,Bachelors,Married,19,Yes,No,Two year,Mailed check,0,1
C-4209,Customer 4209,retail,9,90.18,1162.61,50000,0.72,PhD,Married,79,Yes,DSL,Two year,Bank transfer,0,0
C-4210,Customer 4210,sme,48,82.44,5803.63,1000,0.18,Bachelors,Married,46,No,DSL,Two year,Electronic check,0,1
C-4211,Customer 4211,sme,19,67.64,5480.85,5000,0.18,High School,Single,43,Yes,DSL,One year,Credit card,0,1
C-4212,Customer 4212,enterprise,52,123.3,3058.77,1000,0.36,Bachelors,Married,32,Yes,DSL,Month-to-month,Bank transfer,0,1
C-4213,Customer 4213,enterprise,66,88.65,3770.12,50000,0.7,High School,Single,33,Yes,Fiber optic,One year,Bank transfer,0,0
C-4214,Customer 4214,sme,19,64.96,977.2,1000,0.11,Bachelors,Married,60,No,Fiber optic,Month-to-month,Electronic check,0,1
C-4215,Customer 4215,enterprise,21,21.98,6513.24,10000,0.42,Masters,Single,42,No,Fiber optic,Two year,Electronic check,1,0
C-4216,Customer 4216,sme,8,87.36,6074.75,1000,0.66,High School,Married,66,Yes,No,Month-to-month,Bank transfer,0,1
C-4217,Customer 4217,sme,51,132.94,2002.41,50000,0.79,High School,Married,30,No,DSL,Two year,Bank transfer,0,0
C-4218,Customer 4218,enterprise,25,56.15,2996.7,1000,0.62,Bachelors,Married,42,Yes,Fiber optic,Month-to-month,Credit card,0,1
C-4219,Customer 4219,enterprise,22,49.32,5141.84,5000,0.33,PhD,Married,64,Yes,Fiber optic,Two year,Credit card,0,1
C-4220,Customer 4220,retail,47,46.14,7017.85,50000,0.18,Masters,Married,45,No,No,One year,Mailed check,0,0
C-4221,Customer 4221,sme,66,63.66,5256.16,1000,0.51,PhD,Single,56,Yes,No,Two year,Electronic check,0,1
C-4222,Customer 4222,sme,55,143.02,2464.18,5000,0.29,High School,Single,49,Yes,DSL,Two year,Credit card,0,1
C-4223,Customer 4223,retail,7,129.95,3350.45,5000,0.5,PhD,Married,65,No,Fiber optic,Month-to-month,Mailed check,0,1
C-4224,Customer 4224,retail,68,97.71,986.55,1000,0.51,Masters,Single,74,Yes,DSL,One year,Mailed check,0,1
C-4225,Customer 4225,retail,9,128.29,4349.47,1000,0.15,Masters,Married,69,No,DSL,One year,Electronic check,0,1
C-4226,Customer 4226,sme,15,44.75,2097.8,10000,0.53,PhD,Married,65,Yes,Fiber optic,Two year,Mailed check,0,0
C-4227,Customer 4227,retail,52,73.93,5407.9,5000,0.84,Bachelors,Single,47,Yes,Fiber optic,One year,Electronic check,0,0
C-4228,Customer 4228,enterprise,40,122.13,6038.2,5000,0.52,PhD,Single,31,No,No,Two year,Electronic check,0,1
C-4229,Customer 4229,retail,23,42.03,2565.54,5000,0.81,Masters,Married,19,Yes,No,One year,Mailed check,0,1
C-4230,Customer 4230,sme,51,31.99,4794.29,50000,0.11,Bachelors,Single,77,Yes,DSL,Month-to-month,Electronic check,1,0
C-4231,Customer 4231,sme,50,49.76,5865.61,5000,0.84,Masters,Single,71,Yes,DSL,One year,Mailed check,0,0
C-4232,Customer 4232,sme,37,116.12,1018.09,10000,0.59,Bachelors,Married,59,No,No,Two year,Bank transfer,0,0
C-4233,Customer 4233,sme,55,83.32,3244.28,5000,0.47,PhD,Single,69,No,Fiber optic,One year,Electronic check,0,1
C-4234,Customer 4234,retail,70,110.26,6318.44,5000,0.49,Masters,Married,70,No,No,Month-to-month,Mailed check,1,1
C-4235,Customer 4235,enterprise,31,69.9,7345.45,1000,0.75,PhD,Single,45,Yes,DSL,Month-to-month,Credit card,0,1
C-4236,Customer 4236,retail,67,60.6,4271.34,5000,0.29,Masters,Single,73,Yes,DSL,Two year,Electronic check,0,1
C-4237,Customer 4237,retail,69,100.96,4223.95,10000,0.57,PhD,Single,49,No,No,Two year,Mailed check,0,1
C-4238,Customer 4238,sme,19,86.58,1647.47,5000,0.29,PhD,Married,75,No,Fiber optic,Two year,Electronic check,0,0
C-4239,Customer 4239,retail,37,111.79,5289.03,1000,0.7,Bachelors,Married,78,Yes,DSL,Month-to-month,Electronic check,0,1
C-4240,Customer 4240,enterprise,48,91.63,4816.24,5000,0.35,PhD,Single,49,No,Fiber optic,Two year,Credit card,0,1
C-4241,Customer 4241,sme,67,55.43,548.3,50000,0.27,PhD,Married,78,Yes,DSL,One year,Credit card,0,0
C-4242,Customer 4242,enterprise,64,134.91,7473.88,1000,0.27,PhD,Single,70,No,Fiber optic,Two year,Credit card,0,1
C-4243,Customer 4243,enterprise,15,25.35,3727.72,50000,0.43,Masters,Married,49,No,DSL,Two year,Credit card,0,0
C-4244,Customer 4244,retail,13,137.16,225.9,5000,0.62,PhD,Married,78,Yes,No,One year,Credit card,0,1
C-4245,Customer 4245,sme,21,127.66,2207.63,10000,0.12,Masters,Single,48,No,No,Two year,Mailed check,0,1
C-4246,Customer 4246,retail,27,121.82,5717.16,1000,0.89,PhD,Married,24,No,DSL,Two year,Electronic check,0,1
C-4247,Customer 4247,retail,16,71.24,4816.67,5000,0.35,PhD,Single,31,Yes,Fiber optic,One year,Electronic check,0,0
C-4248,Customer 4248,retail,4,64.32,939.47,1000,0.84,High School,Married,72,No,Fiber optic,Two year,Credit card,0,1
C-4249,Customer 4249,enterprise,14,142.19,4528.56,5000,0.21,PhD,Single,41,No,DSL,One year,Mailed check,1,1
C-4250,Customer 4250,enterprise,59,66.14,552.41,50000,0.45,Masters,Single,35,No,No,Two year,Mailed check,0,0
C-4251,Customer 4251,sme,28,40.27,3071.91,10000,0.67,PhD,Married,23,Yes,No,Month-to-month,Electronic check,0,0
C-4252,Customer 4252,sme,24,128.6,1377.69,1000,0.46,Masters,Married,34,Yes,No,One year,Electronic check,0,1
C-4253,Customer 4253,sme,7,89.33,6491.15,10000,0.64,Masters,Married,38,No,Fiber optic,Two year,Mailed check,0,0
C-4254,Customer 4254,sme,44,113.01,7987.21,50000,0.55,Masters,Married,51,No,DSL,One year,Credit card,1,0
C-4255,Customer 4255,retail,40,34.25,3685.24,50000,0.74,Masters,Married,69,Yes,No,One year,Credit card,0,1
C-4256,Customer 4256,enterprise,69,103.48,1386.84,10000,0.71,PhD,Single,49,No,Fiber optic,Two year,Bank transfer,0,1
C-4257,Customer 4257,enterprise,52,140.88,6310.61,5000,0.51,PhD,Married,69,Yes,No,One year,Mailed check,1,1
C-4258,Customer 4258,sme,61,30.14,7063.67,10000,0.35,PhD,Single,24,Yes,DSL,Month-to-month,Electronic check,0,0
C-4259,Customer 4259,retail,22,91.99,7754.97,50000,0.17,Bachelors,Married,33,No,Fiber optic,Two year,Bank transfer,0,0
C-4260,Customer 4260,sme,60,129.64,7739.37,50000,0.11,Bachelors,Single,74,No,No,Two year,Mailed check,0,1
C-4261,Customer 4261,retail,31,104.47,3930.52,1000,0.54,Masters,Married,51,No,Fiber optic,One year,Credit card,1,1
C-4262,Customer 4262,retail,33,89.17,4953.38,1000,0.37,High School,Single,56,No,No,One year,Bank transfer,0,1
C-4263,Customer 4263,retail,31,118.81,1815.4,50000,0.8,High School,Married,18,No,No,Two year,Credit card,1,1
C-4264,Customer 4264,sme,29,130.77,4297.26,5000,0.82,High School,Single,34,No,Fiber optic,Month-to-month,Credit card,0,1
C-4265,Customer 4265,retail,2,56.63,568.36,10000,0.88,Masters,Married,51,Yes,Fiber optic,One year,Electronic check,0,1
C-4266,Customer 4266,sme,34,111.0,3616.21,50000,0.55,Bachelors,Married,18,Yes,DSL,Month-to-month,Mailed check,0,0
C-4267,Customer 4267,retail,37,140.83,1593.63,10000,0.68,Masters,Single,60,Yes,DSL,Two year,Mailed check,1,1
C-4268,Customer 4268,enterprise,26,131.99,1478.62,10000,0.74,High School,Single,41,Yes,DSL,Month-to-month,Electronic check,0,1
C-4269,Customer 4269,sme,51,35.0,2129.96,5000,0.1,High School,Married,33,Yes,DSL,One year,Electronic check,0,1
C-4270,Customer 4270,enterprise,35,57.39,6185.01,50000,0.64,Masters,Married,71,Yes,No,Month-to-month,Electronic check,1,0
C-4271,Customer 4271,sme,52,30.14,1910.77,5000,0.23,Masters,Married,21,No,No,Two year,Electronic check,0,0
C-4272,Customer 4272,enterprise,53,144.29,4054.78,5000,0.34,Bachelors,Married,46,No,Fiber optic,Two year,Electronic check,0,1
C-4273,Customer 4273,enterprise,37,94.16,2165.23,1000,0.64,Masters,Married,59,Yes,DSL,One year,Bank transfer,0,1
C-4274,Customer 4274,sme,31,49.43,3255.44,10000,0.57,PhD,Married,30,Yes,No,One year,Mailed check,0,0
C-4275,Customer 4275,sme,4,59.44,4351.36,50000,0.44,Masters,Married,21,Yes,DSL,Month-to-month,Credit card,1,0
C-4276,Customer 4276,retail,71,108.88,2397.61,50000,0.69,Masters,Single,37,Yes,Fiber optic,Month-to-month,Electronic check,0,0
C-4277,Customer 4277,retail,61,118.51,2442.81,5000,0.15,PhD,Single,47,Yes,Fiber optic,Two year,Electronic check,0,1
C-4278,Customer 4278,enterprise,21,122.49,3795.66,5000,0.57,High School,Married,56,No,No,Month-to-month,Mailed check,1,1
C-4279,Customer 4279,sme,67,37.87,7356.59,1000,0.27,Masters,Single,51,No,No,Month-to-month,Electronic check,1,1
C-4280,Customer 4280,retail,31,57.48,7235.19,5000,0.46,Bachelors,Married,46,Yes,No,Two year,Credit card,0,0
C-4281,Customer 4281,enterprise,42,55.6,569.93,10000,0.86,Bachelors,Single,73,No,DSL,Two year,Electronic check,0,0
C-4282,Customer 4282,enterprise,21,94.66,5425.61,1000,0.32,Bachelors,Married,40,No,No,Two year,Electronic check,0,1
C-4283,Customer 4283,sme,52,123.32,4119.61,50000,0.38,High School,Married,75,Yes,No,Two year,Mailed check,1,0
C-4284,Customer 4284,enterprise,8,77.07,4821.52,1000,0.79,High School,Single,63,Yes,No,Two year,Mailed check,0,1
C-4285,Customer 4285,sme,13,109.1,6460.37,1000,0.55,High School,Married,22,Yes,DSL,Month-to-month,Electronic check,1,1
C-4286,Customer 4286,sme,12,100.03,4721.62,10000,0.25,Masters,Single,63,Yes,No,One year,Bank transfer,0,1
C-4287,Customer 4287,enterprise,51,51.88,2253.38,1000,0.85,Bachelors,Single,65,No,No,Two year,Bank transfer,0,1
C-4288,Customer 4288,retail,23,53.64,7803.46,10000,0.39,Bachelors,Married,25,Yes,DSL,Two year,Bank transfer,0,1
C-4289,Customer 4289,enterprise,56,27.14,6618.43,5000,0.63,PhD,Single,56,Yes,No,One year,Mailed check,1,0
C-4290,Customer 4290,sme,5,24.11,684.57,50000,0.62,Bachelors,Single,52,Yes,No,Two year,Credit card,0,1
C-4291,Customer 4291,retail,16,75.67,5873.39,1000,0.54,Masters,Single,79,No,DSL,Month-to-month,Mailed check,1,1
C-4292,Customer 4292,sme,20,39.9,5707.39,1000,0.63,PhD,Single,75,No,DSL,Two year,Bank transfer,1,1
C-4293,Customer 4293,enterprise,48,118.68,7795.35,50000,0.68,Bachelors,Married,65,No,No,Two year,Credit card,1,0
C-4294,Customer 4294,sme,30,51.97,1248.74,1000,0.43,High School,Single,70,Yes,No,One year,Mailed check,0,1
C-4295,Customer 4295,retail,71,81.52,5596.71,10000,0.48,PhD,Married,67,No,Fiber optic,Month-to-month,Credit card,0,0
C-4296,Customer 4296,enterprise,5,58.91,197.49,5000,0.63,High School,Married,71,No,Fiber optic,Two year,Bank transfer,0,0
C-4297,Customer 4297,retail,18,70.14,2534.97,10000,0.26,PhD,Married,53,No,Fiber optic,Two year,Mailed check,0,0
C-4298,Customer 4298,sme,3,141.6,4604.12,10000,0.68,High School,Married,79,Yes,Fiber optic,Two year,Credit card,1,1
C-4299,Customer 4299,sme,67,63.35,6014.04,1000,0.11,Bachelors,Single,58,No,Fiber optic,One year,Bank transfer,0,1
C-4300,Customer 4300,sme,40,111.69,3973.7,5000,0.8,Masters,Single,65,No,Fiber optic,Two year,Credit card,0,1
C-4301,Customer 4301,sme,67,113.48,2484.26,50000,0.17,PhD,Single,20,No,No,Two year,Mailed check,1,0
C-4302,Customer 4302,enterprise,39,33.15,573.31,50000,0.5,Masters,Single,36,No,No,Two year,Bank transfer,0,0
C-4303,Customer 4303,sme,51,96.49,5984.26,5000,0.3,PhD,Married,38,Yes,Fiber optic,Month-to-month,Mailed check,1,1
C-4304,Customer 4304,enterprise,19,118.09,2562.03,10000,0.7,PhD,Married,58,Yes,No,One year,Credit card,1,0
C-4305,Customer 4305,retail,21,89.41,6497.01,5000,0.11,Masters,Married,64,No,No,Month-to-month,Electronic check,1,1
C-4306,Customer 4306,enterprise,26,34.96,2898.25,10000,0.23,High School,Married,50,No,No,Month-to-month,Mailed check,1,1
C-4307,Customer 4307,retail,59,77.55,5936.95,5000,0.64,Masters,Single,51,No,No,Two year,Mailed check,0,1
C-4308,Customer 4308,retail,70,72.63,1427.73,50000,0.7,PhD,Single,35,No,DSL,One year,Credit card,1,0
C-4309,Customer 4309,enterprise,52,138.58,7071.17,50000,0.81,Masters,Married,33,Yes,Fiber optic,Two year,Electronic check,0,0
C-4310,Customer 4310,enterprise,6,113.83,5999.64,10000,0.2,PhD,Single,33,No,DSL,Month-to-month,Mailed check,1,0
C-4311,Customer 4311,retail,59,60.36,2112.79,50000,0.78,Masters,Single,57,No,DSL,Month-to-month,Mailed check,1,1
C-4312,Customer 4312,enterprise,21,43.86,7132.66,1000,0.15,Bachelors,Married,57,Yes,Fiber optic,Month-to-month,Electronic check,1,1
C-4313,Customer 4313,retail,35,80.77,1268.52,5000,0.87,Bachelors,Married,27,Yes,DSL,Month-to-month,Electronic check,1,1
C-4314,Customer 4314,retail,53,85.18,4655.2,50000,0.24,Masters,Married,36,No,No,One year,Bank transfer,0,0
C-4315,Customer 4315,retail,59,109.52,1046.85,50000,0.25,Masters,Married,22,Yes,No,Month-to-month,Mailed check,0,0
C-4316,Customer 4316,enterprise,55,38.15,3556.65,1000,0.57,Masters,Married,21,Yes,No,One year,Electronic check,0,1
C-4317,Customer 4317,retail,49,43.28,2427.19,10000,0.46,High School,Single,53,Yes,No,Month-to-month,Mailed check,0,0
C-4318,Customer 4318,sme,64,133.58,1097.31,1000,0.58,Masters,Single,35,Yes,DSL,Two year,Bank transfer,0,1
C-4319,Customer 4319,retail,14,117.66,5109.92,1000,0.24,High School,Married,18,No,Fiber optic,One year,Electronic check,0,1
C-4320,Customer 4320,retail,25,34.0,2762.1,50000,0.7,Masters,Single,43,No,DSL,One year,Mailed check,0,0
C-4321,Customer 4321,sme,34,33.87,5751.76,1000,0.59,Masters,Single,40,No,No,Month-to-month,Mailed check,0,1
C-4322,Customer 4322,sme,11,43.9,3945.62,10000,0.8,High School,Single,35,Yes,DSL,Two year,Mailed check,0,1
C-4323,Customer 4323,enterprise,66,117.61,6908.84,10000,0.52,High School,Single,55,No,Fiber optic,Month-to-month,Credit card,0,1
C-4324,Customer 4324,sme,25,80.05,5719.35,5000,0.53,Bachelors,Single,24,Yes,DSL,Two year,Bank transfer,0,1
C-4325,Customer 4325,retail,9,65.92,3551.68,10000,0.26,High School,Single,40,No,No,One year,Mailed check,0,0
C-4326,Customer 4326,sme,14,59.23,1006.72,1000,0.29,Bachelors,Single,44,No,No,Two year,Electronic check,0,1
C-4327,Customer 4327,enterprise,29,40.69,6197.38,1000,0.51,Masters,Married,18,Yes,No,Month-to-month,Mailed check,1,1
C-4328,Customer 4328,retail,28,137.29,413.91,10000,0.11,PhD,Single,31,No,Fiber optic,Month-to-month,Credit card,1,1
C-4329,Customer 4329,retail,1,116.03,478.07,50000,0.15,Bachelors,Married,27,Yes,DSL,Two year,Electronic check,1,0
C-4330,Customer 4330,sme,22,95.38,5607.23,1000,0.65,Bachelors,Single,37,Yes,No,One year,Bank transfer,0,1
C-4331,Customer 4331,sme,57,32.2,5102.46,10000,0.64,PhD,Single,28,Yes,Fiber optic,One year,Electronic check,0,1
C-4332,Customer 4332,sme,58,136.92,4000.71,50000,0.62,Masters,Married,41,Yes,No,One year,Mailed check,0,0
C-4333,Customer 4333,enterprise,28,93.82,3509.79,5000,0.45,Masters,Single,34,No,Fiber optic,Two year,Electronic check,1,1
C-4334,Customer 4334,sme,16,109.58,1430.69,50000,0.21,High School,Single,67,Yes,Fiber optic,One year,Credit card,1,0
C-4335,Customer 4335,sme,47,100.99,4607.77,50000,0.45,Masters,Married,43,No,Fiber optic,Month-to-month,Mailed check,1,0
C-4336,Customer 4336,enterprise,67,35.76,1438.41,10000,0.29,Bachelors,Married,38,No,Fiber optic,Month-to-month,Bank transfer,0,0
C-4337,Customer 4337,sme,43,82.42,5105.37,5000,0.12,High School,Single,47,Yes,Fiber optic,Two year,Bank transfer,0,1
C-4338,Customer 4338,enterprise,2,76.88,2556.03,5000,0.26,High School,Married,30,Yes,DSL,One year,Electronic check,0,1
C-4339,Customer 4339,retail,32,47.72,3153.04,10000,0.61,Masters,Single,35,Yes,No,Month-to-month,Bank transfer,1,0
C-4340,Customer 4340,enterprise,63,98.39,4053.01,1000,0.87,Masters,Single,70,Yes,DSL,Month-to-month,Bank transfer,0,1
C-4341,Customer 4341,enterprise,7,140.69,7359.61,50000,0.22,PhD,Married,74,Yes,No,One year,Electronic check,0,0
C-4342,Customer 4342,retail,4,62.93,336.95,50000,0.37,PhD,Married,53,No,Fiber optic,Month-to-month,Credit card,1,0
C-4343,Customer 4343,enterprise,71,146.03,2928.81,1000,0.52,PhD,Single,78,Yes,DSL,One year,Bank transfer,0,1
C-4344,Customer 4344,retail,27,109.52,1814.06,50000,0.56,Masters,Single,51,Yes,Fiber optic,Month-to-month,Bank transfer,1,0
C-4345,Customer 4345,retail,61,79.5,4602.56,5000,0.65,High School,Single,69,No,DSL,Two year,Electronic check,0,1
C-4346,Customer 4346,enterprise,18,92.69,1741.37,5000,0.36,Bachelors,Married,64,Yes,DSL,Month-to-month,Mailed check,1,1
C-4347,Customer 4347,enterprise,27,108.47,705.99,50000,0.69,Masters,Married,40,No,Fiber optic,Month-to-month,Credit card,0,1
C-4348,Customer 4348,retail,50,145.39,3136.29,5000,0.24,Bachelors,Married,45,No,Fiber optic,Month-to-month,Mailed check,0,1
C-4349,Customer 4349,retail,11,106.66,5250.74,1000,0.52,Bachelors,Married,47,No,No,Month-to-month,Bank transfer,0,1
C-4350,Customer 4350,sme,48,130.08,2154.52,1000,0.9,Bachelors,Single,49,No,Fiber optic,Two year,Bank transfer,1,1
C-4351,Customer 4351,enterprise,8,78.89,6913.29,10000,0.39,Bachelors,Single,73,Yes,Fiber optic,Month-to-month,Bank transfer,1,1
C-4352,Customer 4352,enterprise,50,20.48,6590.63,10000,0.8,High School,Married,25,Yes,DSL,Month-to-month,Bank transfer,1,1
C-4353,Customer 4353,retail,30,117.37,4655.95,5000,0.79,Masters,Single,31,No,Fiber optic,One year,Mailed check,1,1
C-4354,Customer 4354,enterprise,15,49.74,3385.43,5000,0.28,High School,Married,29,No,Fiber optic,Month-to-month,Bank transfer,0,1
C-4355,Customer 4355,sme,15,111.63,7833.29,5000,0.42,High School,Single,48,Yes,Fiber optic,Two year,Credit card,0,1
C-4356,Customer 4356,sme,63,147.71,4807.9,1000,0.64,Masters,Married,44,No,Fiber optic,Month-to-month,Mailed check,0,1
C-4357,Customer 4357,retail,52,133.08,381.76,10000,0.69,Bachelors,Married,69,No,DSL,Two year,Bank transfer,0,1
C-4358,Customer 4358,retail,59,35.82,6515.08,1000,0.76,High School,Single,75,No,No,Two year,Mailed check,0,1
C-4359,Customer 4359,sme,31,106.01,1534.34,1000,0.43,High School,Married,21,Yes,Fiber optic,Two year,Mailed check,0,1
C-4360,Customer 4360,retail,28,85.45,1586.81,50000,0.31,Masters,Single,41,No,DSL,One year,Credit card,1,0
C-4361,Customer 4361,sme,68,82.33,7311.92,50000,0.58,Masters,Married,69,Yes,Fiber optic,One year,Credit card,0,0
C-4362,Customer 4362,enterprise,65,48.65,2769.88,1000,0.48,PhD,Married,33,Yes,DSL,Two year,Electronic check,0,1
C-4363,Customer 4363,enterprise,17,134.33,7352.62,50000,0.81,High School,Single,49,No,DSL,One year,Mailed check,0,0
C-4364,Customer 4364,sme,15,51.9,6122.28,1000,0.25,Bachelors,Single,29,Yes,No,One year,Credit card,0,1
C-4365,Customer 4365,sme,39,149.37,7878.19,50000,0.31,PhD,Single,51,No,No,One year,Bank transfer,0,1
C-4366,Customer 4366,retail,55,73.96,1134.24,5000,0.16,High School,Married,74,No,No,One year,Credit card,0,1
C-4367,Customer 4367,retail,40,75.18,428.61,10000,0.82,Bachelors,Married,49,No,Fiber optic,Month-to-month,Electronic check,0,1
C-4368,Customer 4368,retail,20,35.72,5319.23,1000,0.39,PhD,Single,60,Yes,DSL,Two year,Credit card,0,1
C-4369,Customer 4369,sme,56,123.73,1827.53,10000,0.77,High School,Single,35,No,DSL,One year,Credit card,0,1
C-4370,Customer 4370,sme,17,33.81,1661.19,1000,0.59,Bachelors,Married,62,Yes,DSL,One year,Credit card,0,1
C-4371,Customer 4371,retail,6,119.22,2688.78,1000,0.88,Masters,Married,21,No,Fiber optic,Month-to-month,Mailed check,0,1
C-4372,Customer 4372,retail,22,67.79,7203.75,50000,0.22,High School,Married,63,Yes,DSL,One year,Bank transfer,0,0
C-4373,Customer 4373,retail,27,140.56,7989.86,50000,0.46,High School,Married,48,No,No,Two year,Bank transfer,1,0
C-4374,Customer 4374,retail,11,117.57,3435.01,5000,0.34,Masters,Single,53,Yes,DSL,Two year,Mailed check,0,1
C-4375,Customer 4375,sme,45,44.11,7559.5,1000,0.14,PhD,Single,62,No,DSL,Two year,Credit card,0,1
C-4376,Customer 4376,sme,13,84.93,4742.85,1000,0.67,High School,Single,45,Yes,No,Two year,Bank transfer,0,1
C-4377,Customer 4377,sme,36,122.6,891.02,5000,0.35,High School,Married,63,No,DSL,One year,Bank transfer,0,1
C-4378,Customer 4378,retail,18,20.64,7484.25,1000,0.74,High School,Single,60,Yes,Fiber optic,One year,Bank transfer,0,1
C-4379,Customer 4379,enterprise,59,24.79,439.73,50000,0.55,Bachelors,Single,71,No,Fiber optic,Month-to-month,Electronic check,0,0
C-4380,Customer 4380,enterprise,18,42.4,5036.77,5000,0.38,Masters,Single,52,No,No,One year,Bank transfer,0,1
C-4381,Customer 4381,sme,5,32.74,7263.58,50000,0.13,Bachelors,Married,48,Yes,DSL,Month-to-month,Bank transfer,0,0
C-4382,Customer 4382,retail,15,117.76,1283.07,10000,0.35,Bachelors,Single,77,No,No,Month-to-month,Credit card,0,1
C-4383,Customer 4383,sme,6,111.04,3432.73,10000,0.42,Masters,Single,27,Yes,No,Month-to-month,Credit card,0,1
C-4384,Customer 4384,enterprise,20,80.29,837.39,50000,0.28,PhD,Single,75,No,No,Two year,Credit card,0,0
C-4385,Customer 4385,retail,27,35.86,1504.57,1000,0.54,Masters,Single,75,No,DSL,Month-to-month,Electronic check,0,1
C-4386,Customer 4386,sme,12,120.68,394.79,10000,0.54,Masters,Married,71,No,DSL,One year,Mailed check,0,1
C-4387,Customer 4387,enterprise,21,149.8,4752.67,10000,0.85,Masters,Married,33,Yes,Fiber optic,One year,Credit card,0,1
C-4388,Customer 4388,sme,62,137.27,1063.17,10000,0.81,PhD,Married,77,No,No,Month-to-month,Mailed check,0,1
C-4389,Customer 4389,sme,29,88.82,3365.03,1000,0.12,Bachelors,Married,66,Yes,Fiber optic,Month-to-month,Electronic check,1,1
C-4390,Customer 4390,enterprise,9,115.79,2650.04,10000,0.26,Bachelors,Married,32,Yes,Fiber optic,Month-to-month,Credit card,1,1
C-4391,Customer 4391,retail,9,33.29,3043.38,50000,0.4,Bachelors,Married,47,No,No,Two year,Mailed check,0,0
C-4392,Customer 4392,sme,7,54.39,6218.12,5000,0.36,Bachelors,Married,34,Yes,No,Month-to-month,Mailed check,1,0
C-4393,Customer 4393,retail,7,61.7,710.46,5000,0.89,High School,Single,66,Yes,DSL,Two year,Electronic check,0,1
C-4394,Customer 4394,enterprise,60,121.09,4275.18,1000,0.61,Masters,Single,52,No,DSL,Two year,Mailed check,1,1
C-4395,Customer 4395,enterprise,13,126.1,853.58,1000,0.29,Masters,Married,42,No,Fiber optic,One year,Bank transfer,0,1
C-4396,Customer 4396,retail,13,149.1,1515.7,10000,0.28,Masters,Married,74,Yes,DSL,Two year,Bank transfer,0,1
C-4397,Customer 4397,sme,38,28.75,4144.25,5000,0.45,Masters,Single,37,Yes,No,One year,Electronic check,0,1
C-4398,Customer 4398,retail,62,40.44,2011.06,5000,0.18,High School,Single,67,Yes,DSL,One year,Mailed check,0,0
C-4399,Customer 4399,enterprise,46,68.67,4280.04,5000,0.61,High School,Single,74,Yes,Fiber optic,Two year,Credit card,0,1
C-4400,Customer 4400,enterprise,63,138.5,7860.25,10000,0.12,Masters,Single,31,No,DSL,Month-to-month,Electronic check,0,0
C-4401,Customer 4401,retail,52,149.53,338.65,5000,0.32,Bachelors,Married,76,Yes,Fiber optic,Two year,Electronic check,0,1
C-4402,Customer 4402,sme,45,106.05,5123.89,1000,0.26,Masters,Married,27,Yes,Fiber optic,One year,Mailed check,0,1
C-4403,Customer 4403,retail,68,107.28,5422.96,10000,0.67,Masters,Single,50,No,Fiber optic,Two year,Electronic check,0,1
C-4404,Customer 4404,enterprise,19,71.81,5616.49,10000,0.81,PhD,Single,79,Yes,Fiber optic,Two year,Bank transfer,0,0
C-4405,Customer 4405,sme,54,22.58,7479.38,50000,0.13,Bachelors,Single,34,No,DSL,Month-to-month,Electronic check,1,0
C-4406,Customer 4406,sme,19,134.13,6080.83,10000,0.43,Bachelors,Single,61,Yes,DSL,Month-to-month,Bank transfer,1,1
C-4407,Customer 4407,retail,36,83.31,1815.06,1000,0.79,High School,Married,79,Yes,DSL,Two year,Bank transfer,0,1
C-4408,Customer 4408,sme,21,65.26,6185.37,10000,0.66,Masters,Married,53,No,DSL,Month-to-month,Mailed check,0,1
C-4409,Customer 4409,sme,30,118.61,5879.81,5000,0.11,PhD,Married,32,No,Fiber optic,Two year,Mailed check,0,1
C-4410,Customer 4410,enterprise,11,45.77,1965.42,10000,0.44,High School,Single,45,No,No,Two year,Credit card,0,0
C-4411,Customer 4411,sme,69,43.2,7354.5,50000,0.26,Bachelors,Married,19,Yes,No,Month-to-month,Credit card,0,0
C-4412,Customer 4412,enterprise,59,36.1,3107.7,5000,0.5,High School,Married,29,No,DSL,Month-to-month,Electronic check,1,1
C-4413,Customer 4413,retail,39,24.87,2737.1,50000,0.22,Bachelors,Married,22,No,Fiber optic,One year,Credit card,0,0
C-4414,Customer 4414,enterprise,20,143.69,1975.04,10000,0.52,Bachelors,Married,69,Yes,No,Month-to-month,Credit card,0,1
C-4415,Customer 4415,enterprise,27,139.46,6807.32,5000,0.71,Masters,Single,36,Yes,DSL,Month-to-month,Bank transfer,0,1
C-4416,Customer 4416,sme,4,59.1,7723.69,5000,0.79,Bachelors,Single,67,No,No,One year,Mailed check,0,1
C-4417,Customer 4417,sme,60,61.4,3652.07,10000,0.33,PhD,Married,26,No,No,Month-to-month,Mailed check,1,0
C-4418,Customer 4418,sme,64,44.16,2877.29,10000,0.79,Bachelors,Married,69,Yes,Fiber optic,Two year,Electronic check,0,1
C-4419,Customer 4419,sme,41,149.63,5043.58,10000,0.48,Masters,Married,43,Yes,DSL,Two year,Credit card,0,1
C-4420,Customer 4420,enterprise,20,114.05,801.23,5000,0.56,Masters,Single,46,No,Fiber optic,Two year,Mailed check,0,1
C-4421,Customer 4421,enterprise,25,128.5,758.64,50000,0.37,PhD,Single,32,Yes,Fiber optic,One year,Credit card,0,0
C-4422,Customer 4422,enterprise,55,120.1,5705.46,1000,0.3,Masters,Married,75,No,No,Month-to-month,Bank transfer,1,1
C-4423,Customer 4423,retail,48,116.69,241.41,50000,0.22,High School,Married,73,No,DSL,Two year,Mailed check,0,0
C-4424,Customer 4424,sme,25,51.03,7176.73,5000,0.63,PhD,Married,19,No,Fiber optic,Month-to-month,Credit card,1,0
C-4425,Customer 4425,enterprise,40,22.05,3053.77,5000,0.23,High School,Single,78,No,DSL,Two year,Bank transfer,1,1
C-4426,Customer 4426,sme,46,79.71,1056.79,1000,0.85,Bachelors,Single,22,Yes,No,One year,Electronic check,0,1
C-4427,Customer 4427,retail,23,20.35,2502.67,50000,0.27,PhD,Married,78,Yes,Fiber optic,One year,Electronic check,0,0
C-4428,Customer 4428,enterprise,38,45.25,2563.46,1000,0.12,Bachelors,Married,50,No,DSL,Two year,Bank transfer,0,1
C-4429,Customer 4429,enterprise,2,123.38,5458.75,50000,0.33,Masters,Married,48,Yes,No,Month-to-month,Electronic check,1,0
C-4430,Customer 4430,retail,9,32.62,269.45,50000,0.34,High School,Married,64,Yes,DSL,Month-to-month,Electronic check,0,0
C-4431,Customer 4431,retail,41,48.51,6644.19,50000,0.38,Bachelors,Single,49,No,No,Month-to-month,Electronic check,1,0
C-4432,Customer 4432,sme,36,23.4,7468.51,1000,0.49,High School,Married,73,No,DSL,One year,Mailed check,0,1
C-4433,Customer 4433,enterprise,55,92.46,1868.63,1000,0.36,PhD,Married,49,No,No,One year,Bank transfer,0,1
C-4434,Customer 4434,enterprise,38,30.67,345.44,10000,0.35,High School,Married,28,Yes,DSL,Two year,Bank transfer,0,1
C-4435,Customer 4435,enterprise,69,69.33,2968.27,50000,0.15,High School,Married,51,Yes,No,Two year,Bank transfer,0,0
C-4436,Customer 4436,enterprise,36,99.09,320.73,5000,0.17,Masters,Married,78,Yes,DSL,One year,Mailed check,0,1
C-4437,Customer 4437,retail,28,64.4,5169.37,5000,0.39,High School,Married,62,No,Fiber optic,Month-to-month,Electronic check,0,1
C-4438,Customer 4438,retail,16,72.16,4893.24,5000,0.54,PhD,Married,20,No,No,One year,Electronic check,0,1
C-4439,Customer 4439,sme,63,119.01,1075.84,5000,0.5,High School,Married,55,Yes,Fiber optic,One year,Electronic check,0,1
C-4440,Customer 4440,enterprise,52,22.5,3559.12,1000,0.58,Masters,Single,71,Yes,No,One year,Mailed check,0,1
C-4441,Customer 4441,sme,30,58.86,7274.38,10000,0.67,Bachelors,Married,44,Yes,DSL,One year,Bank transfer,0,0
C-4442,Customer 4442,sme,4,83.56,2066.33,10000,0.69,PhD,Single,31,Yes,Fiber optic,Two year,Credit card,0,1
C-4443,Customer 4443,sme,44,59.57,588.98,50000,0.75,High School,Single,25,Yes,No,Two year,Electronic check,1,0
C-4444,Customer 4444,sme,37,57.18,6484.48,5000,0.42,PhD,Married,22,Yes,No,One year,Credit card,0,0
C-4445,Customer 4445,enterprise,11,134.22,1586.42,1000,0.52,Masters,Single,70,No,No,One year,Mailed check,1,1
C-4446,Customer 4446,sme,53,73.95,4047.74,1000,0.35,Bachelors,Single,64,No,Fiber optic,Two year,Bank transfer,1,1
C-4447,Customer 4447,enterprise,20,79.59,112.63,5000,0.33,High School,Married,28,No,DSL,Two year,Credit card,0,1
C-4448,Customer 4448,enterprise,22,28.18,2544.0,5000,0.32,PhD,Single,74,Yes,DSL,One year,Bank transfer,0,1
C-4449,Customer 4449,enterprise,59,96.28,1266.82,1000,0.3,Masters,Married,64,Yes,No,Two year,Credit card,0,1
C-4450,Customer 4450,enterprise,57,31.21,6418.72,1000,0.1,High School,Single,63,Yes,Fiber optic,One year,Electronic check,0,1
C-4451,Customer 4451,enterprise,2,118.0,2102.22,50000,0.37,Bachelors,Single,52,No,No,One year,Credit card,0,0
C-4452,Customer 4452,enterprise,20,97.87,1756.5,1000,0.21,Bachelors,Single,39,No,Fiber optic,One year,Mailed check,0,1
C-4453,Customer 4453,sme,11,43.26,311.73,5000,0.54,High School,Married,74,No,Fiber optic,Month-to-month,Electronic check,1,1
C-4454,Customer 4454,sme,36,28.26,4857.18,50000,0.15,Bachelors,Married,18,No,DSL,Month-to-month,Credit card,1,0
C-4455,Customer 4455,sme,41,57.64,1037.37,10000,0.61,High School,Married,20,Yes,Fiber optic,Two year,Mailed check,1,0
C-4456,Customer 4456,retail,42,116.01,2764.84,50000,0.88,Bachelors,Single,60,Yes,Fiber optic,One year,Bank transfer,1,0
C-4457,Customer 4457,retail,11,121.99,6312.39,10000,0.69,Masters,Married,67,No,DSL,Two year,Mailed check,0,1
C-4458,Customer 4458,enterprise,31,57.57,2085.19,1000,0.63,Masters,Married,53,Yes,DSL,Month-to-month,Mailed check,0,1
C-4459,Customer 4459,enterprise,22,36.52,3379.03,1000,0.37,Bachelors,Married,42,No,Fiber optic,Two year,Bank transfer,0,1
C-4460,Customer 4460,enterprise,58,61.13,7288.37,50000,0.43,Masters,Single,27,No,DSL,One year,Credit card,0,0
C-4461,Customer 4461,enterprise,23,65.35,4686.33,50000,0.47,Bachelors,Single,60,Yes,No,Month-to-month,Credit card,1,0
C-4462,Customer 4462,sme,9,78.01,5087.39,50000,0.27,PhD,Married,62,Yes,Fiber optic,Month-to-month,Mailed check,1,0
C-4463,Customer 4463,retail,42,54.79,1253.86,5000,0.39,Bachelors,Single,76,Yes,Fiber optic,Two year,Electronic check,0,0
C-4464,Customer 4464,sme,2,125.02,7966.2,5000,0.36,PhD,Married,39,Yes,Fiber optic,One year,Mailed check,0,1
C-4465,Customer 4465,retail,44,79.87,1957.82,5000,0.42,Masters,Married,35,Yes,DSL,Two year,Credit card,0,1
C-4466,Customer 4466,enterprise,19,102.59,7811.73,1000,0.19,Bachelors,Married,21,Yes,Fiber optic,One year,Electronic check,0,1
C-4467,Customer 4467,sme,61,45.9,124.89,10000,0.57,Bachelors,Single,19,No,No,One year,Electronic check,1,1
C-4468,Customer 4468,enterprise,54,69.45,7498.84,10000,0.69,Bachelors,Married,52,Yes,No,Two year,Bank transfer,1,0
C-4469,Customer 4469,sme,20,113.39,6287.31,1000,0.39,High School,Single,70,No,Fiber optic,Two year,Credit card,0,1
C-4470,Customer 4470,retail,40,107.97,7513.4,5000,0.19,Bachelors,Single,60,Yes,Fiber optic,Month-to-month,Electronic check,0,1
C-4471,Customer 4471,enterprise,48,40.66,2657.94,5000,0.14,High School,Single,35,No,DSL,Month-to-month,Mailed check,0,1
C-4472,Customer 4472,sme,12,66.44,5801.6,5000,0.69,Masters,Single,37,Yes,No,One year,Mailed check,0,1
C-4473,Customer 4473,enterprise,49,53.62,544.63,5000,0.67,Masters,Single,51,No,Fiber optic,One year,Electronic check,0,1
C-4474,Customer 4474,retail,23,40.55,1318.98,1000,0.62,Bachelors,Married,62,No,Fiber optic,Month-to-month,Electronic check,0,1
C-4475,Customer 4475,enterprise,7,46.34,1695.88,10000,0.82,Bachelors,Married,49,No,DSL,Two year,Credit card,1,1
C-4476,Customer 4476,retail,21,29.52,3194.46,1000,0.7,PhD,Married,63,Yes,No,One year,Credit card,1,1
C-4477,Customer 4477,enterprise,31,148.16,4456.51,1000,0.78,PhD,Married,53,Yes,DSL,One year,Mailed check,0,1
C-4478,Customer 4478,retail,60,83.32,4155.54,5000,0.3,Bachelors,Married,71,Yes,No,Month-to-month,Bank transfer,1,1
C-4479,Customer 4479,retail,17,22.21,2472.24,1000,0.76,PhD,Married,54,No,No,One year,Bank transfer,1,1
C-4480,Customer 4480,retail,20,131.6,2869.91,50000,0.14,Bachelors,Single,55,No,DSL,Two year,Mailed check,0,0
C-4481,Customer 4481,sme,57,56.36,218.42,1000,0.14,PhD,Married,68,Yes,No,Two year,Credit card,0,1
C-4482,Customer 4482,sme,61,117.86,2803.85,5000,0.62,Masters,Single,34,No,Fiber optic,Month-to-month,Mailed check,0,1
C-4483,Customer 4483,retail,1,114.39,3358.0,50000,0.31,PhD,Married,67,Yes,No,One year,Credit card,0,0
C-4484,Customer 4484,retail,15,147.42,3855.66,50000,0.68,PhD,Married,68,Yes,No,One year,Credit card,0,1
C-4485,Customer 4485,retail,2,43.09,3160.06,1000,0.34,High School,Married,33,Yes,No,One year,Electronic check,0,1
C-4486,Customer 4486,enterprise,1,108.05,3534.97,1000,0.43,High School,Married,43,Yes,DSL,One year,Mailed check,0,1
C-4487,Customer 4487,retail,58,35.82,495.73,1000,0.87,Masters,Married,73,Yes,DSL,Two year,Bank transfer,0,1
C-4488,Customer 4488,sme,39,43.12,780.19,10000,0.48,PhD,Single,37,Yes,Fiber optic,One year,Bank transfer,0,0
C-4489,Customer 4489,sme,25,113.43,5153.95,10000,0.84,High School,Single,55,No,Fiber optic,Two year,Mailed check,0,0
C-4490,Customer 4490,retail,59,79.31,1043.3,10000,0.24,PhD,Married,52,No,No,One year,Bank transfer,1,0
C-4491,Customer 4491,retail,59,85.49,4000.42,1000,0.7,PhD,Single,48,No,No,Month-to-month,Mailed check,1,1
C-4492,Customer 4492,enterprise,13,90.54,1918.55,10000,0.3,High School,Married,39,No,DSL,Two year,Bank transfer,0,1
C-4493,Customer 4493,retail,60,77.49,6540.15,5000,0.82,Bachelors,Married,75,Yes,DSL,Two year,Credit card,1,1
C-4494,Customer 4494,enterprise,32,52.06,4480.26,50000,0.4,Masters,Single,59,Yes,DSL,One year,Electronic check,0,0
C-4495,Customer 4495,sme,2,37.02,4763.88,5000,0.6,Masters,Married,74,Yes,No,Two year,Credit card,0,0
C-4496,Customer 4496,sme,41,23.43,2814.22,50000,0.61,PhD,Married,72,Yes,Fiber optic,Month-to-month,Electronic check,1,1
C-4497,Customer 4497,enterprise,42,124.36,2309.31,10000,0.5,Masters,Married,19,No,Fiber optic,Two year,Mailed check,0,1
C-4498,Customer 4498,retail,39,97.57,2978.77,10000,0.67,Masters,Single,70,Yes,Fiber optic,Month-to-month,Bank transfer,0,0
C-4499,Customer 4499,sme,18,36.86,7390.41,50000,0.15,Masters,Single,47,No,No,One year,Electronic check,1,0
C-4500,Customer 4500,enterprise,12,86.76,5497.13,1000,0.87,High School,Married,40,Yes,No,Month-to-month,Mailed check,0,1
C-4501,Customer 4501,enterprise,32,112.64,5990.71,1000,0.1,High School,Single,22,No,No,Two year,Credit card,0,1
C-4502,Customer 4502,enterprise,64,29.75,2090.84,50000,0.38,High School,Married,57,Yes,No,Two year,Mailed check,0,0
C-4503,Customer 4503,enterprise,42,142.62,5520.27,5000,0.63,Masters,Married,29,No,No,Two year,Credit card,0,1
C-4504,Customer 4504,enterprise,54,37.01,6342.22,5000,0.15,PhD,Married,42,No,No,One year,Electronic check,0,1
C-4505,Customer 4505,sme,28,39.3,5318.71,1000,0.74,Masters,Married,62,No,DSL,Month-to-month,Electronic check,0,1
C-4506,Customer 4506,retail,29,53.54,3452.25,1000,0.59,PhD,Married,69,No,DSL,Two year,Bank transfer,0,1
C-4507,Customer 4507,sme,51,53.23,4658.7,5000,0.35,High School,Single,67,Yes,Fiber optic,Two year,Bank transfer,0,1
C-4508,Customer 4508,enterprise,43,121.67,898.43,50000,0.89,Bachelors,Married,61,No,No,One year,Bank transfer,0,0
C-4509,Customer 4509,retail,5,84.54,1953.84,10000,0.84,High School,Married,63,Yes,Fiber optic,Month-to-month,Mailed check,0,1
C-4510,Customer 4510,retail,43,72.1,296.78,50000,0.68,PhD,Single,44,No,Fiber optic,Month-to-month,Mailed check,0,0
C-4511,Customer 4511,sme,9,72.74,6321.07,1000,0.88,Bachelors,Single,35,No,Fiber optic,One year,Bank transfer,1,1
C-4512,Customer 4512,retail,26,83.59,7698.15,1000,0.48,Masters,Married,70,No,No,Two year,Mailed check,1,1
C-4513,Customer 4513,sme,63,146.15,4520.41,5000,0.79,High School,Single,21,No,Fiber optic,One year,Mailed check,0,1
C-4514,Customer 4514,retail,11,123.7,2689.84,10000,0.38,Bachelors,Married,21,Yes,Fiber optic,One year,Credit card,0,1
C-4515,Customer 4515,enterprise,64,62.85,305.51,1000,0.15,Masters,Married,49,No,DSL,Month-to-month,Credit card,1,1
C-4516,Customer 4516,retail,5,98.31,4951.54,50000,0.71,High School,Married,27,No,DSL,Two year,Electronic check,0,1
C-4517,Customer 4517,retail,70,144.24,528.78,1000,0.38,Bachelors,Married,51,No,DSL,One year,Bank transfer,1,1
C-4518,Customer 4518,retail,34,98.28,2216.68,50000,0.37,Masters,Married,61,No,DSL,One year,Bank transfer,0,0
C-4519,Customer 4519,sme,29,96.39,1078.86,1000,0.38,PhD,Single,55,No,Fiber optic,Two year,Bank transfer,0,1
C-4520,Customer 4520,enterprise,39,108.29,6161.12,10000,0.59,Bachelors,Single,56,Yes,No,Two year,Bank transfer,0,1
C-4521,Customer 4521,sme,8,60.84,106.25,10000,0.6,PhD,Single,51,Yes,No,One year,Mailed check,0,0
C-4522,Customer 4522,sme,9,25.9,365.57,10000,0.3,PhD,Single,35,No,Fiber optic,Two year,Bank transfer,0,0
C-4523,Customer 4523,enterprise,62,112.25,7305.3,50000,0.24,Bachelors,Single,20,No,No,One year,Electronic check,0,0
C-4524,Customer 4524,retail,15,25.43,1754.48,5000,0.74,Bachelors,Single,29,No,Fiber optic,Two year,Mailed check,0,1
C-4525,Customer 4525,sme,7,114.49,1693.19,1000,0.45,Bachelors,Single,49,No,No,One year,Credit card,1,1
C-4526,Customer 4526,retail,34,118.45,6503.45,1000,0.83,Masters,Married,37,No,DSL,Month-to-month,Electronic check,0,1
C-4527,Customer 4527,enterprise,35,85.87,6406.2,5000,0.83,High School,Married,50,No,Fiber optic,One year,Credit card,0,1
C-4528,Customer 4528,sme,18,142.87,4195.32,50000,0.63,Masters,Married,64,Yes,No,One year,Credit card,1,0
C-4529,Customer 4529,enterprise,3,127.57,7915.08,5000,0.59,Bachelors,Single,41,No,Fiber optic,Month-to-month,Bank transfer,1,1
C-4530,Customer 4530,retail,10,22.36,5494.59,1000,0.29,Bachelors,Married,21,No,Fiber optic,Month-to-month,Electronic check,0,0
C-4531,Customer 4531,sme,3,112.68,4227.56,1000,0.8,Masters,Married,53,No,DSL,Month-to-month,Credit card,1,1
C-4532,Customer 4532,retail,17,22.6,7501.87,1000,0.55,Bachelors,Married,35,Yes,DSL,Month-to-month,Credit card,0,1
C-4533,Customer 4533,retail,7,58.65,128.59,1000,0.81,PhD,Single,23,No,DSL,One year,Electronic check,1,1
C-4534,Customer 4534,retail,18,54.65,1087.12,10000,0.69,PhD,Married,31,Yes,Fiber optic,Two year,Electronic check,0,0
C-4535,Customer 4535,sme,14,125.05,3263.47,5000,0.51,PhD,Married,65,No,DSL,Month-to-month,Bank transfer,0,1
C-4536,Customer 4536,sme,41,81.88,2806.35,10000,0.56,High School,Married,41,Yes,No,Month-to-month,Electronic check,1,0
C-4537,Customer 4537,enterprise,20,39.85,3661.9,10000,0.41,Masters,Married,19,No,Fiber optic,One year,Credit card,0,0
C-4538,Customer 4538,sme,29,30.09,5501.56,50000,0.33,High School,Married,53,Yes,No,One year,Mailed check,0,0
C-4539,Customer 4539,retail,48,35.16,2459.19,50000,0.45,Bachelors,Single,57,No,No,Month-to-month,Electronic check,1,0
C-4540,Customer 4540,sme,17,98.65,7683.75,10000,0.35,Bachelors,Single,56,No,DSL,One year,Bank transfer,1,0
C-4541,Customer 4541,retail,19,140.23,7917.93,50000,0.89,Bachelors,Married,52,Yes,Fiber optic,Month-to-month,Mailed check,0,1
C-4542,Customer 4542,enterprise,41,68.82,2566.19,10000,0.32,Masters,Single,54,Yes,DSL,One year,Mailed check,0,0
C-4543,Customer 4543,retail,42,72.19,2010.5,50000,0.82,PhD,Single,50,No,No,One year,Bank transfer,0,0
C-4544,Customer 4544,sme,40,39.93,4043.51,5000,0.75,Masters,Married,25,Yes,Fiber optic,One year,Electronic check,1,0
C-4545,Customer 4545,enterprise,37,71.66,6034.19,1000,0.16,PhD,Single,69,No,Fiber optic,Two year,Credit card,0,1
C-4546,Customer 4546,sme,62,113.82,4737.84,10000,0.46,Masters,Married,28,Yes,No,One year,Credit card,0,0
C-4547,Customer 4547,sme,18,95.69,7127.4,1000,0.55,PhD,Single,54,Yes,DSL,One year,Mailed check,0,1
C-4548,Customer 4548,sme,16,72.72,3761.63,5000,0.86,Masters,Single,64,No,No,One year,Bank transfer,0,1
C-4549,Customer 4549,sme,12,129.84,6875.18,5000,0.67,Masters,Married,63,No,Fiber optic,Month-to-month,Electronic check,1,1
C-4550,Customer 4550,sme,9,120.45,1524.36,1000,0.39,High School,Married,66,No,No,One year,Mailed check,1,1
C-4551,Customer 4551,enterprise,2,141.63,6187.51,10000,0.65,Bachelors,Single,19,Yes,Fiber optic,One year,Electronic check,1,1
C-4552,Customer 4552,retail,33,74.5,594.11,1000,0.16,Bachelors,Single,42,No,DSL,Two year,Bank transfer,0,1
C-4553,Customer 4553,sme,16,59.8,349.39,50000,0.47,Masters,Married,29,No,DSL,Two year,Mailed check,0,0
C-4554,Customer 4554,enterprise,54,50.43,4126.55,1000,0.41,Masters,Married,48,Yes,No,One year,Credit card,1,1
C-4555,Customer 4555,sme,35,33.28,1168.82,1000,0.19,Masters,Married,31,Yes,No,Month-to-month,Credit card,0,1
C-4556,Customer 4556,sme,65,94.38,6543.01,50000,0.77,PhD,Married,25,Yes,Fiber optic,One year,Electronic check,0,0
C-4557,Customer 4557,sme,60,131.22,4222.43,5000,0.58,Bachelors,Single,57,Yes,No,Two year,Bank transfer,0,1
C-4558,Customer 4558,enterprise,68,30.03,5199.98,10000,0.44,Bachelors,Married,28,No,Fiber optic,Two year,Electronic check,0,0
C-4559,Customer 4559,retail,30,139.53,4981.31,50000,0.49,Bachelors,Married,48,Yes,Fiber optic,Two year,Credit card,1,0
C-4560,Customer 4560,enterprise,69,61.45,3751.62,10000,0.67,Masters,Single,37,Yes,No,Month-to-month,Mailed check,0,1
C-4561,Customer 4561,enterprise,39,112.98,3437.8,1000,0.82,High School,Married,52,Yes,DSL,Month-to-month,Credit card,0,1
C-4562,Customer 4562,retail,17,25.93,1803.32,50000,0.82,Masters,Married,41,No,Fiber optic,Month-to-month,Credit card,1,0
C-4563,Customer 4563,retail,35,123.51,1794.52,5000,0.12,PhD,Single,66,Yes,Fiber optic,Month-to-month,Electronic check,1,1
C-4564,Customer 4564,sme,17,79.3,5435.92,5000,0.17,Bachelors,Married,42,Yes,No,Month-to-month,Mailed check,1,0
C-4565,Customer 4565,enterprise,68,53.85,1294.04,10000,0.14,Masters,Single,25,Yes,No,Two year,Credit card,0,1
C-4566,Customer 4566,sme,66,42.54,3147.71,1000,0.42,Bachelors,Married,64,No,No,One year,Bank transfer,0,1
C-4567,Customer 4567,retail,62,107.46,3568.88,1000,0.83,Bachelors,Married,59,Yes,DSL,Month-to-month,Credit card,1,1
C-4568,Customer 4568,enterprise,71,48.79,1421.31,50000,0.31,High School,Single,35,Yes,Fiber optic,One year,Electronic check,1,0
C-4569,Customer 4569,enterprise,27,52.13,2801.05,50000,0.12,High School,Married,75,Yes,DSL,Two year,Credit card,0,0
C-4570,Customer 4570,sme,16,77.38,1401.03,1000,0.53,PhD,Single,40,No,DSL,One year,Credit card,0,1
C-4571,Customer 4571,retail,7,107.91,6380.71,1000,0.76,Bachelors,Single,74,Yes,No,One year,Credit card,0,1
C-4572,Customer 4572,enterprise,47,59.03,6306.84,50000,0.34,PhD,Married,30,Yes,DSL,Month-to-month,Bank transfer,1,0
C-4573,Customer 4573,sme,14,106.8,2341.43,1000,0.25,Masters,Single,49,Yes,DSL,Two year,Credit card,0,1
C-4574,Customer 4574,retail,18,137.7,4130.12,50000,0.21,Masters,Single,20,Yes,Fiber optic,Two year,Bank transfer,0,0
C-4575,Customer 4575,enterprise,13,94.13,1382.71,50000,0.71,PhD,Married,54,No,No,Month-to-month,Electronic check,0,0
C-4576,Customer 4576,enterprise,33,105.56,4031.11,1000,0.63,PhD,Married,54,Yes,Fiber optic,One year,Mailed check,0,1
C-4577,Customer 4577,retail,37,49.94,2881.39,5000,0.22,Masters,Single,78,No,DSL,Month-to-month,Bank transfer,0,0
C-4578,Customer 4578,enterprise,9,76.75,7082.02,50000,0.3,Bachelors,Married,70,Yes,Fiber optic,Month-to-month,Electronic check,0,1
C-4579,Customer 4579,enterprise,47,56.53,498.53,1000,0.13,High School,Married,18,No,DSL,Two year,Electronic check,0,1
C-4580,Customer 4580,sme,53,89.02,3058.77,50000,0.45,PhD,Married,56,No,No,Two year,Credit card,0,0
C-4581,Customer 4581,enterprise,15,77.16,7899.59,5000,0.69,High School,Married,36,No,DSL,One year,Credit card,0,1
C-4582,Customer 4582,sme,62,48.38,2039.03,50000,0.67,PhD,Single,65,Yes,Fiber optic,Month-to-month,Credit card,0,0
C-4583,Customer 4583,sme,53,38.33,1453.06,50000,0.86,Masters,Single,38,Yes,No,Month-to-month,Electronic check,0,1
C-4584,Customer 4584,retail,32,31.41,2149.81,50000,0.45,Bachelors,Married,67,Yes,Fiber optic,Two year,Credit card,0,0
C-4585,Customer 4585,enterprise,46,141.82,4587.75,50000,0.88,Bachelors,Single,25,Yes,DSL,Two year,Electronic check,0,0
C-4586,Customer 4586,retail,45,99.13,5135.33,5000,0.33,Masters,Married,71,No,Fiber optic,Two year,Mailed check,0,1
C-4587,Customer 4587,sme,12,90.17,2545.14,50000,0.45,High School,Single,48,No,Fiber optic,Month-to-month,Credit card,1,0
C-4588,Customer 4588,retail,19,24.32,2552.62,50000,0.89,Masters,Married,21,Yes,Fiber optic,One year,Bank transfer,0,1
C-4589,Customer 4589,sme,18,75.84,1328.3,10000,0.59,PhD,Single,78,Yes,No,Two year,Credit card,0,1
C-4590,Customer 4590,sme,62,51.52,6879.84,50000,0.41,Bachelors,Married,63,No,No,Two year,Bank transfer,0,0
C-4591,Customer 4591,retail,26,44.61,5621.71,5000,0.81,PhD,Single,40,Yes,Fiber optic,One year,Electronic check,0,1
C-4592,Customer 4592,enterprise,65,24.59,6149.51,5000,0.35,Bachelors,Single,73,No,Fiber optic,Month-to-month,Electronic check,0,0
C-4593,Customer 4593,retail,33,47.61,1661.68,5000,0.71,PhD,Married,46,No,DSL,Month-to-month,Electronic check,0,0
C-4594,Customer 4594,enterprise,16,134.82,1726.47,1000,0.29,Masters,Single,58,Yes,Fiber optic,Two year,Bank transfer,0,1
C-4595,Customer 4595,enterprise,56,25.08,4404.03,5000,0.61,Bachelors,Married,22,No,Fiber optic,Month-to-month,Bank transfer,0,0
C-4596,Customer 4596,sme,15,143.73,4996.57,5000,0.18,PhD,Married,77,Yes,No,Two year,Bank transfer,0,1
C-4597,Customer 4597,sme,33,124.37,4316.4,50000,0.85,Bachelors,Married,24,No,Fiber optic,Two year,Bank transfer,0,1
C-4598,Customer 4598,retail,31,92.08,6468.94,50000,0.79,Bachelors,Married,57,Yes,Fiber optic,Two year,Credit card,0,1
C-4599,Customer 4599,sme,56,106.41,3585.01,1000,0.81,Masters,Married,51,No,DSL,Month-to-month,Credit card,0,1
C-4600,Customer 4600,sme,54,67.59,6887.11,5000,0.21,Masters,Married,75,Yes,Fiber optic,Two year,Credit card,0,1
C-4601,Customer 4601,sme,20,97.64,4250.45,50000,0.49,Masters,Married,25,Yes,DSL,Two year,Bank transfer,0,0
C-4602,Customer 4602,retail,57,32.05,2615.12,1000,0.45,High School,Single,48,No,DSL,One year,Credit card,0,1
C-4603,Customer 4603,sme,34,64.1,6056.67,1000,0.36,High School,Single,19,Yes,Fiber optic,Two year,Mailed check,1,1
C-4604,Customer 4604,sme,35,137.68,245.98,10000,0.77,PhD,Single,21,Yes,No,Month-to-month,Electronic check,1,1
C-4605,Customer 4605,retail,22,20.26,502.45,50000,0.14,PhD,Married,57,No,DSL,One year,Electronic check,0,0
C-4606,Customer 4606,sme,66,53.12,2125.88,50000,0.57,Masters,Single,30,No,No,One year,Bank transfer,0,0
C-4607,Customer 4607,enterprise,41,111.23,5473.45,50000,0.52,Masters,Single,69,Yes,Fiber optic,Month-to-month,Bank transfer,1,0
C-4608,Customer 4608,retail,69,138.56,7070.34,50000,0.42,PhD,Married,63,Yes,Fiber optic,One year,Bank transfer,0,0
C-4609,Customer 4609,retail,71,99.97,6923.3,5000,0.58,PhD,Single,75,No,DSL,Two year,Bank transfer,0,1
C-4610,Customer 4610,enterprise,21,148.32,4521.84,5000,0.3,Masters,Married,44,Yes,No,Two year,Mailed check,0,1
C-4611,Customer 4611,enterprise,48,61.8,2938.85,1000,0.62,High School,Married,38,Yes,Fiber optic,One year,Bank transfer,0,1
C-4612,Customer 4612,retail,57,108.77,6845.88,5000,0.47,High School,Married,25,No,DSL,Two year,Mailed check,0,1
C-4613,Customer 4613,enterprise,49,77.55,7361.21,10000,0.12,Bachelors,Single,20,Yes,No,One year,Credit card,0,0
C-4614,Customer 4614,sme,53,80.34,6373.47,1000,0.63,PhD,Married,52,Yes,DSL,Month-to-month,Credit card,0,1
C-4615,Customer 4615,enterprise,6,71.47,6870.32,10000,0.43,PhD,Single,51,No,Fiber optic,One year,Credit card,0,0
C-4616,Customer 4616,retail,42,125.3,5894.66,50000,0.53,PhD,Married,74,Yes,DSL,Month-to-month,Bank transfer,1,0
C-4617,Customer 4617,enterprise,58,98.99,4705.62,5000,0.73,High School,Married,43,Yes,DSL,Two year,Electronic check,0,1
C-4618,Customer 4618,retail,49,38.96,3430.63,5000,0.53,Masters,Single,37,No,Fiber optic,Month-to-month,Bank transfer,0,0
C-4619,Customer 4619,sme,44,39.55,5486.02,5000,0.32,Masters,Married,34,No,No,Month-to-month,Mailed check,1,1
C-4620,Customer 4620,enterprise,51,32.53,2085.25,1000,0.85,High School,Single,36,No,DSL,Month-to-month,Mailed check,0,1
C-4621,Customer 4621,sme,9,33.76,2818.01,1000,0.67,Bachelors,Single,46,No,DSL,One year,Credit card,0,1
C-4622,Customer 4622,retail,57,87.42,2375.8,50000,0.55,PhD,Married,79,Yes,DSL,One year,Bank transfer,0,1
C-4623,Customer 4623,retail,6,20.51,5500.01,50000,0.67,Bachelors,Married,48,Yes,DSL,Two year,Credit card,0,1
C-4624,Customer 4624,retail,49,71.55,4898.68,5000,0.81,Masters,Married,69,No,Fiber optic,One year,Mailed check,1,1
C-4625,Customer 4625,sme,1,20.29,436.46,5000,0.72,Masters,Single,53,No,DSL,Month-to-month,Electronic check,0,0
C-4626,Customer 4626,retail,59,79.53,5802.64,5000,0.7,Bachelors,Single,61,Yes,Fiber optic,Month-to-month,Bank transfer,0,1
C-4627,Customer 4627,enterprise,60,60.59,3189.34,50000,0.16,PhD,Married,48,No,Fiber optic,Month-to-month,Mailed check,1,0
C-4628,Customer 4628,sme,53,113.62,6152.04,5000,0.2,High School,Single,52,Yes,DSL,Two year,Credit card,0,1
C-4629,Customer 4629,sme,69,32.24,100.1,5000,0.61,PhD,Single,72,No,DSL,Two year,Bank transfer,0,0
C-4630,Customer 4630,enterprise,20,90.19,1181.71,10000,0.89,High School,Single,59,No,DSL,Two year,Credit card,0,1
C-4631,Customer 4631,enterprise,68,34.35,7270.04,50000,0.13,High School,Single,47,No,DSL,One year,Bank transfer,1,0
C-4632,Customer 4632,enterprise,40,132.56,3531.8,10000,0.85,PhD,Single,35,Yes,Fiber optic,Two year,Mailed check,0,1
C-4633,Customer 4633,enterprise,29,105.1,3754.25,1000,0.19,High School,Married,39,Yes,Fiber optic,Two year,Mailed check,0,1
C-4634,Customer 4634,enterprise,63,85.46,5590.41,5000,0.4,Bachelors,Single,37,Yes,Fiber optic,One year,Bank transfer,0,1
C-4635,Customer 4635,enterprise,40,65.87,6129.85,50000,0.3,PhD,Single,60,Yes,No,Two year,Bank transfer,0,0
C-4636,Customer 4636,enterprise,26,33.93,972.54,1000,0.11,PhD,Married,33,No,DSL,Month-to-month,Bank transfer,1,1
C-4637,Customer 4637,retail,13,131.85,436.65,1000,0.3,Masters,Married,70,Yes,DSL,One year,Mailed check,1,1
C-4638,Customer 4638,retail,32,144.34,6287.6,50000,0.52,High School,Single,33,No,DSL,Month-to-month,Electronic check,1,1
C-4639,Customer 4639,sme,68,26.36,7475.64,1000,0.53,PhD,Married,68,Yes,DSL,Two year,Credit card,0,1
C-4640,Customer 4640,enterprise,58,92.12,4801.17,1000,0.58,PhD,Single,45,Yes,Fiber optic,Two year,Credit card,0,1
C-4641,Customer 4641,sme,66,47.76,6175.75,1000,0.72,PhD,Single,36,No,DSL,Month-to-month,Mailed check,0,1
C-4642,Customer 4642,retail,42,106.32,7129.46,10000,0.26,High School,Married,21,No,DSL,Month-to-month,Credit card,0,1
C-4643,Customer 4643,retail,25,131.8,485.94,5000,0.17,High School,Single,77,Yes,Fiber optic,Month-to-month,Electronic check,1,1
C-4644,Customer 4644,retail,2,53.47,7949.72,10000,0.6,PhD,Married,44,No,Fiber optic,Month-to-month,Credit card,0,0
C-4645,Customer 4645,sme,48,100.48,5752.1,10000,0.66,High School,Single,37,No,Fiber optic,Month-to-month,Electronic check,1,1
C-4646,Customer 4646,retail,53,23.49,3089.75,1000,0.25,Bachelors,Married,27,No,Fiber optic,Month-to-month,Bank transfer,0,1
C-4647,Customer 4647,enterprise,44,77.11,2828.46,5000,0.53,Bachelors,Married,34,Yes,DSL,Month-to-month,Mailed check,0,0
C-4648,Customer 4648,sme,28,109.74,1219.21,10000,0.39,PhD,Single,56,Yes,DSL,One year,Credit card,0,1
C-4649,Customer 4649,retail,43,56.58,2199.77,50000,0.13,Masters,Single,18,Yes,Fiber optic,Month-to-month,Electronic check,0,0
C-4650,Customer 4650,retail,31,40.14,3905.17,5000,0.14,Bachelors,Married,77,Yes,Fiber optic,Month-to-month,Credit card,1,0
C-4651,Customer 4651,retail,26,117.92,1577.59,10000,0.6,High School,Married,54,No,Fiber optic,One year,Electronic check,0,1
C-4652,Customer 4652,sme,27,119.3,4089.08,10000,0.49,High School,Single,24,Yes,Fiber optic,One year,Credit card,1,1
C-4653,Customer 4653,sme,17,147.3,524.68,50000,0.11,Masters,Single,52,Yes,No,Two year,Electronic check,0,0
C-4654,Customer 4654,enterprise,67,74.54,4975.81,1000,0.37,PhD,Married,19,Yes,Fiber optic,One year,Electronic check,0,1
C-4655,Customer 4655,sme,51,54.11,4916.89,10000,0.2,PhD,Married,67,Yes,Fiber optic,One year,Electronic check,0,0
C-4656,Customer 4656,sme,69,69.62,2181.0,1000,0.22,PhD,Single,71,No,DSL,One year,Mailed check,1,1
C-4657,Customer 4657,sme,33,29.8,5503.24,5000,0.13,Bachelors,Married,48,No,No,One year,Electronic check,0,1
C-4658,Customer 4658,enterprise,53,26.26,7178.93,50000,0.27,Masters,Married,79,Yes,Fiber optic,One year,Credit card,0,0
C-4659,Customer 4659,enterprise,66,125.07,1510.3,10000,0.66,Bachelors,Married,52,Yes,DSL,One year,Mailed check,0,0
C-4660,Customer 4660,enterprise,6,27.58,7935.79,5000,0.18,High School,Single,27,No,Fiber optic,One year,Bank transfer,1,0
C-4661,Customer 4661,enterprise,69,92.2,2484.7,10000,0.15,Bachelors,Married,74,Yes,Fiber optic,Month-to-month,Electronic check,1,0
C-4662,Customer 4662,retail,10,21.23,4522.2,5000,0.75,Bachelors,Married,59,Yes,No,One year,Credit card,0,0
C-4663,Customer 4663,sme,37,57.85,2750.17,50000,0.6,Masters,Single,40,No,Fiber optic,Two year,Electronic check,0,0
C-4664,Customer 4664,sme,39,92.47,6628.2,5000,0.85,High School,Married,28,Yes,Fiber optic,One year,Mailed check,0,1
C-4665,Customer 4665,enterprise,33,129.07,138.33,10000,0.83,Masters,Single,21,Yes,Fiber optic,Two year,Credit card,0,1
C-4666,Customer 4666,enterprise,11,142.55,4780.76,1000,0.76,High School,Married,32,Yes,Fiber optic,Month-to-month,Mailed check,1,1
C-4667,Customer 4667,enterprise,64,54.24,1564.96,1000,0.2,Bachelors,Married,25,No,No,Month-to-month,Mailed check,1,1
C-4668,Customer 4668,sme,11,66.65,806.68,5000,0.74,High School,Married,67,No,No,Two year,Mailed check,0,1
C-4669,Customer 4669,retail,68,46.98,5379.82,1000,0.21,High School,Married,21,No,Fiber optic,One year,Bank transfer,1,1
C-4670,Customer 4670,retail,71,32.94,4820.59,1000,0.65,Masters,Married,53,Yes,Fiber optic,Month-to-month,Bank transfer,0,1
C-4671,Customer 4671,sme,14,140.2,2523.1,10000,0.75,Bachelors,Married,36,No,Fiber optic,Two year,Electronic check,0,1
C-4672,Customer 4672,sme,7,83.44,4602.16,50000,0.7,Masters,Single,18,No,Fiber optic,One year,Mailed check,0,1
C-4673,Customer 4673,retail,53,87.18,5784.41,10000,0.13,Masters,Single,32,Yes,DSL,Two year,Credit card,0,1
C-4674,Customer 4674,sme,62,110.84,4773.22,1000,0.65,Masters,Single,55,Yes,No,One year,Electronic check,0,1
C-4675,Customer 4675,sme,29,104.55,7094.96,1000,0.22,Bachelors,Single,73,No,No,Month-to-month,Mailed check,0,1
C-4676,Customer 4676,sme,26,76.42,1341.75,5000,0.29,Bachelors,Married,26,Yes,No,Month-to-month,Credit card,1,1
C-4677,Customer 4677,enterprise,46,118.44,1357.2,1000,0.26,High School,Married,30,Yes,No,One year,Mailed check,0,1
C-4678,Customer 4678,enterprise,47,83.42,3662.58,10000,0.54,Bachelors,Married,42,No,DSL,One year,Mailed check,0,1
C-4679,Customer 4679,retail,24,37.94,5294.1,1000,0.24,Bachelors,Married,54,Yes,Fiber optic,One year,Mailed check,1,1
C-4680,Customer 4680,enterprise,68,31.55,3888.01,1000,0.8,Bachelors,Married,48,Yes,Fiber optic,Month-to-month,Bank transfer,1,1
C-4681,Customer 4681,enterprise,30,67.27,6980.46,50000,0.65,PhD,Married,74,Yes,No,One year,Credit card,0,0
C-4682,Customer 4682,retail,12,89.2,2399.89,1000,0.61,Bachelors,Single,52,No,DSL,Two year,Mailed check,0,1
C-4683,Customer 4683,retail,26,57.98,2115.56,50000,0.47,Masters,Single,20,No,Fiber optic,Month-to-month,Bank transfer,0,0
C-4684,Customer 4684,enterprise,31,23.95,874.76,1000,0.55,Bachelors,Single,58,Yes,DSL,Two year,Credit card,0,1
C-4685,Customer 4685,sme,66,42.87,6154.27,50000,0.58,Masters,Married,39,Yes,No,Month-to-month,Electronic check,0,0
C-4686,Customer 4686,retail,3,43.07,6218.76,5000,0.78,Masters,Married,27,No,DSL,Two year,Bank transfer,1,1
C-4687,Customer 4687,retail,13,128.21,290.27,50000,0.52,Bachelors,Married,41,Yes,Fiber optic,Two year,Bank transfer,0,0
C-4688,Customer 4688,sme,26,132.8,3551.29,10000,0.75,Bachelors,Married,54,No,No,Two year,Mailed check,0,1
C-4689,Customer 4689,retail,15,24.99,5702.1,50000,0.76,Masters,Married,28,No,DSL,Two year,Mailed check,0,0
C-4690,Customer 4690,enterprise,63,53.46,1416.18,10000,0.54,PhD,Married,71,Yes,No,Month-to-month,Mailed check,0,1
C-4691,Customer 4691,sme,40,34.55,699.75,50000,0.77,Masters,Married,58,No,DSL,Two year,Electronic check,0,0
C-4692,Customer 4692,enterprise,40,59.62,7749.33,5000,0.59,Masters,Married,56,No,DSL,One year,Mailed check,0,1
C-4693,Customer 4693,enterprise,28,103.75,3135.15,10000,0.28,High School,Married,53,Yes,DSL,Two year,Bank transfer,0,1
C-4694,Customer 4694,retail,5,118.99,4649.88,10000,0.15,Bachelors,Married,75,Yes,No,Two year,Electronic check,0,1
C-4695,Customer 4695,enterprise,36,102.67,2834.48,5000,0.82,High School,Married,28,Yes,Fiber optic,Month-to-month,Bank transfer,1,1
C-4696,Customer 4696,retail,22,111.44,5679.46,10000,0.38,High School,Married,31,No,No,Two year,Credit card,0,1
C-4697,Customer 4697,retail,21,139.79,2652.87,50000,0.76,High School,Single,61,Yes,No,Month-to-month,Mailed check,1,0
C-4698,Customer 4698,enterprise,51,111.32,7783.75,50000,0.16,PhD,Single,38,No,DSL,Month-to-month,Mailed check,0,0
C-4699,Customer 4699,sme,12,47.84,6261.54,5000,0.53,Bachelors,Married,65,No,DSL,Month-to-month,Mailed check,0,0
C-4700,Customer 4700,retail,63,129.55,7466.43,5000,0.52,PhD,Married,53,No,Fiber optic,One year,Electronic check,0,1
C-4701,Customer 4701,enterprise,26,82.24,3646.39,50000,0.47,High School,Single,35,No,No,Month-to-month,Electronic check,1,0
C-4702,Customer 4702,retail,32,148.99,2176.76,1000,0.3,Masters,Single,26,Yes,No,Two year,Bank transfer,0,1
C-4703,Customer 4703,enterprise,50,53.42,383.83,5000,0.69,Bachelors,Single,61,No,Fiber optic,Two year,Mailed check,0,1
C-4704,Customer 4704,sme,61,71.74,7907.83,5000,0.59,Masters,Married,58,No,DSL,Two year,Electronic check,0,1
C-4705,Customer 4705,enterprise,8,69.23,3752.44,10000,0.89,PhD,Single,19,No,Fiber optic,Month-to-month,Credit card,1,1
C-4706,Customer 4706,sme,45,41.64,7164.04,50000,0.39,High School,Married,22,Yes,Fiber optic,Month-to-month,Bank transfer,0,0
C-4707,Customer 4707,sme,41,104.04,3954.31,5000,0.33,Masters,Single,68,No,No,Two year,Credit card,0,1
C-4708,Customer 4708,enterprise,61,94.18,2680.21,50000,0.13,Masters,Single,34,Yes,DSL,Two year,Bank transfer,0,0
C-4709,Customer 4709,enterprise,18,99.1,1861.21,1000,0.8,Bachelors,Single,41,Yes,No,Two year,Credit card,0,1
C-4710,Customer 4710,sme,55,105.14,7635.7,5000,0.57,Bachelors,Single,20,Yes,DSL,Month-to-month,Electronic check,0,1
C-4711,Customer 4711,sme,58,42.59,3959.79,50000,0.59,Masters,Single,28,No,DSL,Month-to-month,Bank transfer,0,0
C-4712,Customer 4712,sme,7,95.44,3792.97,5000,0.52,Bachelors,Married,50,Yes,No,Month-to-month,Credit card,1,1
C-4713,Customer 4713,retail,23,127.93,7566.41,5000,0.41,PhD,Single,47,Yes,No,One year,Electronic check,0,1
C-4714,Customer 4714,retail,1,113.69,2169.84,1000,0.46,Masters,Single,76,No,No,One year,Credit card,1,1
C-4715,Customer 4715,enterprise,36,84.29,2555.21,5000,0.19,High School,Married,62,Yes,DSL,Two year,Electronic check,0,0
C-4716,Customer 4716,retail,46,27.24,2558.48,50000,0.39,PhD,Married,37,No,No,One year,Credit card,0,0
C-4717,Customer 4717,sme,67,145.04,1229.71,5000,0.2,Masters,Married,49,No,DSL,One year,Bank transfer,0,1
C-4718,Customer 4718,sme,71,142.42,1927.56,1000,0.73,High School,Married,74,No,No,Two year,Mailed check,0,1
C-4719,Customer 4719,sme,19,122.11,3456.07,5000,0.53,PhD,Single,33,No,Fiber optic,Two year,Mailed check,0,1
C-4720,Customer 4720,retail,12,130.3,1461.61,5000,0.66,High School,Married,43,No,DSL,Two year,Electronic check,0,1
C-4721,Customer 4721,retail,57,59.29,5236.24,10000,0.25,Bachelors,Married,65,Yes,No,Two year,Bank transfer,0,0
C-4722,Customer 4722,retail,36,54.61,5074.44,1000,0.49,PhD,Single,53,Yes,Fiber optic,Month-to-month,Electronic check,0,1
C-4723,Customer 4723,retail,55,118.75,492.31,10000,0.51,Bachelors,Single,22,Yes,Fiber optic,Two year,Credit card,0,0
C-4724,Customer 4724,enterprise,64,40.95,6222.52,5000,0.18,PhD,Single,56,No,DSL,Two year,Credit card,1,0
C-4725,Customer 4725,enterprise,31,78.22,3638.41,5000,0.82,Masters,Single,55,Yes,DSL,Two year,Electronic check,0,1
C-4726,Customer 4726,sme,62,116.27,2767.61,50000,0.21,Bachelors,Married,66,Yes,No,Month-to-month,Bank transfer,1,0
C-4727,Customer 4727,sme,9,139.92,7677.86,10000,0.63,PhD,Single,38,No,No,Two year,Bank transfer,0,1
C-4728,Customer 4728,retail,21,103.49,7005.28,1000,0.72,Masters,Single,62,No,DSL,Two year,Mailed check,0,1
C-4729,Customer 4729,retail,45,60.23,1860.19,1000,0.33,PhD,Single,61,No,No,Month-to-month,Bank transfer,1,1
C-4730,Customer 4730,retail,6,70.62,7742.22,10000,0.36,Bachelors,Married,55,Yes,No,Month-to-month,Mailed check,0,1
C-4731,Customer 4731,sme,68,134.7,5362.29,50000,0.49,High School,Single,76,No,DSL,One year,Mailed check,0,0
C-4732,Customer 4732,retail,43,95.64,4232.23,50000,0.33,PhD,Married,78,No,DSL,One year,Electronic check,1,0
C-4733,Customer 4733,retail,41,23.77,5407.64,10000,0.31,High School,Married,31,Yes,Fiber optic,Two year,Electronic check,0,1
C-4734,Customer 4734,enterprise,64,105.61,137.28,50000,0.56,Bachelors,Married,28,No,Fiber optic,One year,Credit card,0,0
C-4735,Customer 4735,retail,63,141.83,4258.42,5000,0.1,Masters,Married,39,Yes,No,Two year,Electronic check,0,1
C-4736,Customer 4736,enterprise,38,106.98,3677.61,50000,0.12,Bachelors,Married,78,No,No,Month-to-month,Bank transfer,1,0
C-4737,Customer 4737,enterprise,30,29.6,114.25,50000,0.25,Masters,Single,35,Yes,No,One year,Electronic check,0,1
C-4738,Customer 4738,retail,23,69.58,3412.5,1000,0.86,High School,Married,47,Yes,Fiber optic,One year,Bank transfer,0,1
C-4739,Customer 4739,enterprise,64,87.02,7803.93,50000,0.63,High School,Single,59,Yes,DSL,Two year,Bank transfer,0,0
C-4740,Customer 4740,sme,18,54.11,7558.46,5000,0.18,PhD,Single,46,No,No,Month-to-month,Mailed check,1,1
C-4741,Customer 4741,enterprise,52,94.71,2935.54,1000,0.62,Bachelors,Married,77,No,Fiber optic,One year,Credit card,0,1
C-4742,Customer 4742,retail,25,86.62,6592.34,50000,0.66,PhD,Married,47,No,Fiber optic,One year,Mailed check,0,0
C-4743,Customer 4743,retail,45,60.06,3306.98,10000,0.59,Masters,Married,61,Yes,DSL,Month-to-month,Electronic check,0,0
C-4744,Customer 4744,retail,25,110.53,1166.82,1000,0.2,PhD,Single,54,No,Fiber optic,Two year,Credit card,0,1
C-4745,Customer 4745,retail,61,146.12,4716.0,1000,0.32,High School,Single,24,No,No,Month-to-month,Mailed check,0,1
C-4746,Customer 4746,enterprise,5,54.74,3615.97,50000,0.83,PhD,Married,20,Yes,DSL,One year,Bank transfer,1,0
C-4747,Customer 4747,enterprise,25,39.48,5179.49,5000,0.22,PhD,Married,78,Yes,No,Two year,Electronic check,0,0
C-4748,Customer 4748,retail,5,102.15,6042.12,5000,0.52,Bachelors,Married,62,No,Fiber optic,One year,Credit card,1,1
C-4749,Customer 4749,retail,17,96.55,368.55,5000,0.89,PhD,Married,50,Yes,Fiber optic,One year,Mailed check,0,1
C-4750,Customer 4750,retail,17,131.05,2977.76,1000,0.44,PhD,Single,18,Yes,Fiber optic,One year,Electronic check,0,1
C-4751,Customer 4751,retail,42,95.96,3938.82,50000,0.72,High School,Married,66,Yes,No,Month-to-month,Mailed check,1,1
C-4752,Customer 4752,enterprise,56,119.48,4152.24,50000,0.23,PhD,Single,31,Yes,DSL,Month-to-month,Electronic check,0,0
C-4753,Customer 4753,sme,61,78.68,1388.16,10000,0.54,High School,Married,73,No,DSL,Two year,Bank transfer,0,1
C-4754,Customer 4754,retail,47,54.36,2328.69,5000,0.36,Masters,Single,27,Yes,DSL,Two year,Mailed check,0,0
C-4755,Customer 4755,retail,17,145.44,2287.77,1000,0.67,Bachelors,Single,76,Yes,Fiber optic,Two year,Bank transfer,0,1
C-4756,Customer 4756,sme,60,30.81,7372.1,5000,0.85,High School,Single,51,No,Fiber optic,Month-to-month,Credit card,1,0
C-4757,Customer 4757,enterprise,30,94.67,6788.77,50000,0.8,PhD,Single,36,Yes,No,Month-to-month,Electronic check,0,0
C-4758,Customer 4758,enterprise,19,101.18,6926.47,1000,0.47,PhD,Single,52,No,DSL,Two year,Credit card,0,1
C-4759,Customer 4759,retail,40,30.4,1004.24,50000,0.7,Bachelors,Single,20,Yes,Fiber optic,Two year,Electronic check,0,0
C-4760,Customer 4760,sme,18,60.39,7033.51,5000,0.52,PhD,Married,52,No,DSL,Month-to-month,Mailed check,0,1
C-4761,Customer 4761,retail,59,139.69,345.0,1000,0.3,PhD,Married,64,No,DSL,Month-to-month,Mailed check,0,1
C-4762,Customer 4762,sme,57,101.5,1081.58,5000,0.41,High School,Single,41,No,DSL,Month-to-month,Electronic check,0,1
C-4763,Customer 4763,sme,43,123.39,5362.41,5000,0.88,Bachelors,Single,73,No,Fiber optic,One year,Electronic check,0,1
C-4764,Customer 4764,retail,43,124.02,6708.81,5000,0.68,Masters,Single,42,No,Fiber optic,One year,Mailed check,0,1
C-4765,Customer 4765,retail,11,94.1,750.47,1000,0.83,Masters,Married,41,No,DSL,One year,Bank transfer,1,1
C-4766,Customer 4766,retail,2,97.63,5325.74,5000,0.53,PhD,Married,40,No,Fiber optic,One year,Credit card,1,1
C-4767,Customer 4767,retail,22,32.67,4572.8,10000,0.46,PhD,Single,77,No,DSL,Month-to-month,Credit card,0,0
C-4768,Customer 4768,sme,30,99.32,2418.58,10000,0.22,PhD,Married,75,Yes,No,Month-to-month,Mailed check,0,0
C-4769,Customer 4769,retail,64,127.78,6958.97,50000,0.82,PhD,Married,29,No,DSL,Month-to-month,Electronic check,1,0
C-4770,Customer 4770,enterprise,1,28.87,4159.65,50000,0.13,PhD,Single,73,No,No,Two year,Mailed check,0,0
C-4771,Customer 4771,sme,65,130.14,4135.61,50000,0.38,Masters,Married,27,No,DSL,Two year,Credit card,0,0
C-4772,Customer 4772,retail,47,50.57,4131.26,5000,0.42,Bachelors,Married,64,No,DSL,Month-to-month,Bank transfer,0,1
C-4773,Customer 4773,sme,68,97.54,1701.76,1000,0.78,PhD,Single,29,No,No,Month-to-month,Electronic check,1,1
C-4774,Customer 4774,sme,1,79.31,3746.44,1000,0.36,Bachelors,Married,53,Yes,DSL,Two year,Electronic check,0,1
C-4775,Customer 4775,enterprise,28,131.5,1598.96,50000,0.61,PhD,Single,62,No,Fiber optic,Month-to-month,Electronic check,1,0
C-4776,Customer 4776,retail,9,112.74,806.52,10000,0.54,Masters,Married,60,No,No,Two year,Bank transfer,0,0
C-4777,Customer 4777,retail,6,112.0,5693.05,50000,0.12,PhD,Single,32,No,DSL,Two year,Bank transfer,0,1
C-4778,Customer 4778,retail,62,60.1,6181.84,5000,0.77,PhD,Married,56,No,Fiber optic,Two year,Credit card,0,1
C-4779,Customer 4779,retail,42,54.85,3868.88,50000,0.45,Bachelors,Married,50,No,DSL,Month-to-month,Mailed check,0,0
C-4780,Customer 4780,sme,63,71.38,6292.45,50000,0.15,High School,Married,28,No,DSL,One year,Mailed check,0,0
C-4781,Customer 4781,sme,21,75.22,4237.87,1000,0.88,Bachelors,Single,25,No,Fiber optic,Two year,Mailed check,0,1
C-4782,Customer 4782,enterprise,2,133.0,5099.26,1000,0.89,PhD,Single,30,Yes,DSL,Month-to-month,Bank transfer,0,1
C-4783,Customer 4783,retail,3,149.38,1594.04,5000,0.77,High School,Single,44,No,DSL,Month-to-month,Credit card,1,1
C-4784,Customer 4784,sme,54,109.28,3282.55,1000,0.72,Bachelors,Married,44,Yes,DSL,Month-to-month,Mailed check,1,1
C-4785,Customer 4785,enterprise,10,91.43,485.95,5000,0.51,Bachelors,Single,69,Yes,No,One year,Electronic check,0,1
C-4786,Customer 4786,enterprise,20,101.28,2940.99,10000,0.81,Masters,Married,47,No,Fiber optic,Two year,Bank transfer,1,1
C-4787,Customer 4787,retail,52,23.23,5448.04,50000,0.34,PhD,Single,55,Yes,Fiber optic,Month-to-month,Mailed check,0,0
C-4788,Customer 4788,enterprise,38,107.94,7040.0,1000,0.85,Masters,Married,41,Yes,No,Two year,Credit card,0,1
C-4789,Customer 4789,retail,16,29.85,5193.62,5000,0.64,Bachelors,Married,27,Yes,DSL,One year,Bank transfer,0,0
C-4790,Customer 4790,retail,56,147.26,5813.71,1000,0.36,Bachelors,Single,39,No,No,One year,Electronic check,0,1
C-4791,Customer 4791,retail,5,59.41,2298.01,5000,0.35,PhD,Married,58,No,Fiber optic,Month-to-month,Credit card,1,0
C-4792,Customer 4792,sme,69,86.88,5783.76,50000,0.76,Bachelors,Married,31,No,DSL,Month-to-month,Credit card,1,0
C-4793,Customer 4793,sme,5,125.27,5690.05,50000,0.33,High School,Single,65,Yes,Fiber optic,Two year,Bank transfer,1,0
C-4794,Customer 4794,retail,23,137.65,2337.67,10000,0.31,High School,Single,65,No,No,Two year,Credit card,1,0
C-4795,Customer 4795,enterprise,23,85.28,2831.0,5000,0.22,PhD,Single,62,Yes,Fiber optic,Month-to-month,Electronic check,1,1
C-4796,Customer 4796,sme,31,82.27,2484.23,10000,0.42,Masters,Married,22,Yes,DSL,Month-to-month,Credit card,0,1
C-4797,Customer 4797,sme,22,86.57,7413.18,10000,0.39,PhD,Married,18,No,DSL,One year,Bank transfer,0,1
C-4798,Customer 4798,retail,26,123.87,4185.53,50000,0.8,High School,Single,37,Yes,DSL,Month-to-month,Mailed check,1,0
C-4799,Customer 4799,sme,57,92.14,5441.17,1000,0.48,Bachelors,Married,67,Yes,DSL,Month-to-month,Mailed check,0,1
C-4800,Customer 4800,retail,48,75.81,3503.96,5000,0.85,Bachelors,Single,35,Yes,No,Month-to-month,Bank transfer,1,1
C-4801,Customer 4801,sme,54,91.69,2739.69,50000,0.25,Bachelors,Single,51,Yes,Fiber optic,Two year,Electronic check,0,0
C-4802,Customer 4802,retail,14,89.31,7255.22,50000,0.74,Masters,Married,25,No,Fiber optic,Two year,Bank transfer,0,0
C-4803,Customer 4803,enterprise,42,31.66,2227.37,10000,0.29,High School,Single,66,Yes,DSL,Month-to-month,Mailed check,1,0
C-4804,Customer 4804,enterprise,33,121.79,1431.82,50000,0.86,Masters,Married,31,Yes,No,Month-to-month,Electronic check,0,1
C-4805,Customer 4805,sme,34,102.8,1957.12,50000,0.81,Bachelors,Married,29,No,Fiber optic,Month-to-month,Credit card,1,0
C-4806,Customer 4806,retail,10,141.84,1953.88,10000,0.6,PhD,Married,20,No,No,Two year,Electronic check,1,1
C-4807,Customer 4807,enterprise,56,148.09,3703.02,1000,0.85,Masters,Single,22,Yes,No,Two year,Credit card,1,1
C-4808,Customer 4808,sme,67,84.11,5553.39,10000,0.42,Bachelors,Single,61,No,No,One year,Electronic check,0,1
C-4809,Customer 4809,enterprise,69,28.65,4194.18,1000,0.59,PhD,Married,26,Yes,DSL,Two year,Bank transfer,0,1
C-4810,Customer 4810,sme,1,117.11,4849.62,1000,0.84,PhD,Single,47,No,No,Month-to-month,Bank transfer,0,1
C-4811,Customer 4811,retail,40,56.26,6568.57,5000,0.56,PhD,Single,78,No,DSL,Month-to-month,Credit card,0,1
C-4812,Customer 4812,enterprise,16,73.96,5538.29,1000,0.67,High School,Single,35,No,DSL,Month-to-month,Mailed check,0,1
C-4813,Customer 4813,enterprise,31,35.2,4696.49,5000,0.37,High School,Single,51,No,No,Two year,Bank transfer,0,0
C-4814,Customer 4814,sme,70,146.48,3189.99,10000,0.14,PhD,Married,75,Yes,No,Month-to-month,Mailed check,0,1
C-4815,Customer 4815,retail,4,64.38,1244.03,50000,0.15,Bachelors,Single,20,No,No,One year,Mailed check,1,0
C-4816,Customer 4816,retail,24,84.91,181.06,1000,0.81,High School,Single,69,Yes,DSL,One year,Electronic check,0,1
C-4817,Customer 4817,retail,20,21.5,7068.11,50000,0.65,High School,Married,68,No,No,One year,Credit card,0,0
C-4818,Customer 4818,sme,68,119.05,2673.0,10000,0.44,Bachelors,Single,46,No,DSL,Month-to-month,Mailed check,1,0
C-4819,Customer 4819,sme,45,121.61,2576.28,10000,0.8,Masters,Married,69,Yes,Fiber optic,Two year,Bank transfer,0,1
C-4820,Customer 4820,sme,68,78.82,5123.66,50000,0.78,High School,Single,33,No,Fiber optic,Two year,Credit card,0,0
C-4821,Customer 4821,enterprise,31,129.52,533.64,5000,0.86,Masters,Married,50,Yes,DSL,Two year,Mailed check,0,1
C-4822,Customer 4822,retail,58,89.84,7457.23,10000,0.69,PhD,Married,71,No,No,One year,Bank transfer,0,1
C-4823,Customer 4823,sme,56,52.94,4178.93,10000,0.79,Masters,Married,35,No,Fiber optic,Month-to-month,Bank transfer,0,1
C-4824,Customer 4824,retail,37,86.29,4299.86,50000,0.49,High School,Married,79,No,No,Two year,Mailed check,0,0
C-4825,Customer 4825,retail,53,135.12,1804.46,1000,0.55,High School,Single,39,No,No,Month-to-month,Mailed check,1,1
C-4826,Customer 4826,enterprise,71,110.4,5402.36,50000,0.52,Masters,Married,36,Yes,DSL,One year,Credit card,1,1
C-4827,Customer 4827,enterprise,10,129.84,5541.07,5000,0.34,PhD,Married,24,Yes,DSL,One year,Bank transfer,0,1
C-4828,Customer 4828,retail,12,63.24,7216.13,1000,0.28,PhD,Single,18,No,DSL,Two year,Electronic check,0,1
C-4829,Customer 4829,enterprise,14,88.68,7824.68,5000,0.1,High School,Single,38,Yes,DSL,Month-to-month,Electronic check,1,0
C-4830,Customer 4830,sme,34,128.19,917.87,10000,0.1,Bachelors,Single,22,Yes,No,Month-to-month,Bank transfer,0,0
C-4831,Customer 4831,sme,19,125.4,285.42,1000,0.23,PhD,Single,28,Yes,DSL,One year,Mailed check,0,1
C-4832,Customer 4832,retail,71,115.32,7526.56,50000,0.79,Masters,Married,27,Yes,Fiber optic,Two year,Mailed check,0,1
C-4833,Customer 4833,enterprise,7,23.2,7831.46,1000,0.17,Bachelors,Married,32,No,DSL,Two year,Electronic check,0,1
C-4834,Customer 4834,sme,4,47.31,7549.74,10000,0.39,High School,Married,65,Yes,No,One year,Bank transfer,0,0
C-4835,Customer 4835,retail,37,128.55,4145.9,1000,0.11,Bachelors,Single,77,Yes,No,Two year,Credit card,0,1
C-4836,Customer 4836,enterprise,7,118.92,3207.45,1000,0.61,PhD,Married,36,Yes,Fiber optic,One year,Mailed check,0,1
C-4837,Customer 4837,enterprise,32,22.55,6711.14,1000,0.62,High School,Married,55,No,Fiber optic,Month-to-month,Electronic check,0,1
C-4838,Customer 4838,sme,62,24.61,6347.43,10000,0.69,PhD,Single,75,Yes,DSL,One year,Mailed check,0,0
C-4839,Customer 4839,sme,45,39.07,4142.78,10000,0.38,Masters,Married,21,Yes,Fiber optic,One year,Bank transfer,0,0
C-4840,Customer 4840,enterprise,51,132.26,5287.5,50000,0.38,Bachelors,Single,61,Yes,No,Month-to-month,Bank transfer,1,0
C-4841,Customer 4841,retail,12,47.97,322.76,5000,0.58,PhD,Single,24,No,DSL,One year,Electronic check,0,1
C-4842,Customer 4842,sme,60,41.37,1831.14,50000,0.84,Masters,Married,66,No,DSL,Two year,Electronic check,0,0
C-4843,Customer 4843,retail,49,142.49,1693.48,10000,0.76,High School,Married,22,No,DSL,Two year,Mailed check,0,1
C-4844,Customer 4844,enterprise,71,55.4,7435.24,50000,0.35,Bachelors,Married,26,No,No,Two year,Bank transfer,1,1
C-4845,Customer 4845,enterprise,52,47.2,7352.24,10000,0.81,High School,Single,44,Yes,DSL,Month-to-month,Electronic check,1,0
C-4846,Customer 4846,enterprise,56,26.93,231.79,50000,0.72,PhD,Single,51,Yes,Fiber optic,Two year,Credit card,0,0
C-4847,Customer 4847,retail,33,105.76,6744.84,50000,0.5,PhD,Single,57,Yes,No,Month-to-month,Bank transfer,0,1
C-4848,Customer 4848,retail,45,61.73,2588.29,50000,0.71,High School,Married,48,Yes,DSL,Two year,Bank transfer,0,0
C-4849,Customer 4849,enterprise,62,23.4,6896.04,1000,0.5,High School,Married,68,Yes,DSL,One year,Bank transfer,1,1
C-4850,Customer 4850,retail,24,21.63,2858.85,50000,0.37,Bachelors,Married,36,No,No,Two year,Electronic check,0,0
C-4851,Customer 4851,retail,57,25.19,3169.97,10000,0.86,PhD,Single,73,No,DSL,Month-to-month,Mailed check,1,1
C-4852,Customer 4852,retail,52,98.24,1011.97,10000,0.58,Masters,Married,77,Yes,DSL,Two year,Credit card,0,1
C-4853,Customer 4853,retail,44,117.08,4505.64,5000,0.51,High School,Married,50,Yes,No,One year,Credit card,0,1
C-4854,Customer 4854,enterprise,56,139.01,4041.14,10000,0.79,PhD,Married,57,Yes,Fiber optic,Month-to-month,Electronic check,0,1
C-4855,Customer 4855,sme,27,131.11,699.93,50000,0.44,High School,Single,27,No,DSL,Two year,Mailed check,0,0
C-4856,Customer 4856,sme,68,66.43,3208.38,10000,0.43,High School,Married,50,Yes,Fiber optic,One year,Credit card,0,0
C-4857,Customer 4857,sme,64,81.28,1051.11,5000,0.43,High School,Single,60,Yes,Fiber optic,One year,Bank transfer,0,1
C-4858,Customer 4858,retail,31,42.52,4981.57,1000,0.81,Bachelors,Single,21,Yes,DSL,One year,Bank transfer,1,1
C-4859,Customer 4859,sme,54,127.66,4135.26,1000,0.38,PhD,Single,74,Yes,Fiber optic,Month-to-month,Electronic check,0,1
C-4860,Customer 4860,enterprise,48,86.52,2284.88,10000,0.58,High School,Single,63,Yes,No,One year,Mailed check,0,1
C-4861,Customer 4861,sme,17,58.9,4004.76,50000,0.39,High School,Single,51,Yes,Fiber optic,Two year,Mailed check,0,1
C-4862,Customer 4862,enterprise,9,146.66,6190.26,1000,0.49,PhD,Single,44,Yes,Fiber optic,One year,Bank transfer,1,1
C-4863,Customer 4863,enterprise,27,21.81,5918.19,1000,0.46,Bachelors,Single,40,No,No,One year,Credit card,0,1
C-4864,Customer 4864,sme,64,105.66,2959.36,10000,0.42,Masters,Married,71,Yes,Fiber optic,Two year,Bank transfer,0,1
C-4865,Customer 4865,retail,44,98.06,3343.89,50000,0.38,High School,Single,76,Yes,DSL,Two year,Electronic check,0,1
C-4866,Customer 4866,sme,4,92.32,7998.32,5000,0.28,Bachelors,Married,66,Yes,Fiber optic,One year,Electronic check,1,1
C-4867,Customer 4867,sme,21,123.95,7172.13,5000,0.36,PhD,Single,31,No,Fiber optic,Two year,Bank transfer,0,1
C-4868,Customer 4868,sme,35,110.29,411.92,1000,0.57,PhD,Single,69,Yes,Fiber optic,One year,Electronic check,1,1
C-4869,Customer 4869,enterprise,67,23.51,6158.27,1000,0.61,High School,Single,43,Yes,DSL,Two year,Mailed check,0,1
C-4870,Customer 4870,sme,46,148.15,4351.85,5000,0.81,High School,Single,33,No,No,Two year,Mailed check,0,1
C-4871,Customer 4871,retail,66,55.3,194.26,50000,0.14,Masters,Single,73,No,DSL,Two year,Bank transfer,0,0
C-4872,Customer 4872,retail,64,139.6,1694.59,5000,0.81,High School,Married,60,Yes,Fiber optic,One year,Credit card,0,1
C-4873,Customer 4873,retail,65,50.1,5947.6,1000,0.11,Bachelors,Single,68,Yes,Fiber optic,One year,Bank transfer,1,1
C-4874,Customer 4874,enterprise,7,123.82,5006.62,10000,0.6,PhD,Married,34,Yes,No,Two year,Electronic check,0,1
C-4875,Customer 4875,enterprise,38,25.74,4980.81,5000,0.49,PhD,Single,64,No,Fiber optic,Two year,Electronic check,0,1
C-4876,Customer 4876,sme,54,149.58,3963.52,5000,0.27,Masters,Single,56,No,Fiber optic,Month-to-month,Credit card,0,1
C-4877,Customer 4877,sme,31,76.59,7840.07,1000,0.64,High School,Married,62,Yes,DSL,One year,Credit card,0,1
C-4878,Customer 4878,retail,40,31.54,2370.18,5000,0.55,PhD,Single,53,Yes,DSL,Month-to-month,Electronic check,1,1
C-4879,Customer 4879,sme,36,26.41,3164.84,50000,0.72,Masters,Married,38,No,No,Two year,Bank transfer,0,0
C-4880,Customer 4880,enterprise,20,81.67,1777.92,50000,0.19,Masters,Single,33,No,Fiber optic,Two year,Credit card,0,0
C-4881,Customer 4881,enterprise,4,39.35,3753.88,5000,0.29,PhD,Married,67,No,Fiber optic,Month-to-month,Bank transfer,1,1
C-4882,Customer 4882,enterprise,41,136.55,4876.8,10000,0.75,Masters,Single,22,No,Fiber optic,Two year,Mailed check,0,0
C-4883,Customer 4883,sme,55,51.13,5746.89,50000,0.59,High School,Married,21,Yes,No,One year,Mailed check,0,0
C-4884,Customer 4884,retail,33,26.67,7766.27,10000,0.8,Masters,Single,62,No,Fiber optic,One year,Credit card,1,1
C-4885,Customer 4885,retail,27,88.94,2630.81,1000,0.13,PhD,Married,39,Yes,No,Two year,Bank transfer,0,1
C-4886,Customer 4886,retail,60,61.63,4102.96,50000,0.52,Bachelors,Married,37,Yes,DSL,One year,Bank transfer,0,0
C-4887,Customer 4887,sme,52,118.3,7888.8,1000,0.21,Bachelors,Single,23,Yes,No,Two year,Mailed check,0,1
C-4888,Customer 4888,enterprise,12,53.49,7127.72,50000,0.77,Bachelors,Single,43,No,DSL,Month-to-month,Electronic check,1,0
C-4889,Customer 4889,enterprise,57,45.17,6371.03,1000,0.84,Bachelors,Single,39,No,Fiber optic,Month-to-month,Bank transfer,0,1
C-4890,Customer 4890,retail,14,120.56,4762.26,1000,0.5,Bachelors,Married,25,No,Fiber optic,Two year,Electronic check,0,1
C-4891,Customer 4891,sme,44,130.67,815.93,10000,0.75,Bachelors,Single,59,No,DSL,One year,Electronic check,0,1
C-4892,Customer 4892,sme,35,113.33,5567.94,50000,0.46,High School,Married,61,No,Fiber optic,Month-to-month,Bank transfer,1,1
C-4893,Customer 4893,sme,47,84.89,4267.91,1000,0.75,Bachelors,Married,63,No,No,Month-to-month,Bank transfer,0,1
C-4894,Customer 4894,retail,61,102.85,3422.79,50000,0.76,PhD,Single,33,No,DSL,Two year,Credit card,0,0
C-4895,Customer 4895,retail,37,128.07,396.11,1000,0.5,Bachelors,Single,63,No,Fiber optic,Two year,Mailed check,0,1
C-4896,Customer 4896,enterprise,43,148.79,4202.1,10000,0.22,High School,Single,70,No,No,Month-to-month,Electronic check,0,1
C-4897,Customer 4897,sme,21,70.9,4619.75,10000,0.74,Bachelors,Married,36,Yes,DSL,One year,Mailed check,0,1
C-4898,Customer 4898,enterprise,67,93.59,3250.47,5000,0.18,Masters,Single,36,No,No,One year,Electronic check,0,1
C-4899,Customer 4899,sme,60,138.36,7817.69,50000,0.85,High School,Single,33,No,DSL,Two year,Bank transfer,0,1
C-4900,Customer 4900,sme,2,43.17,3933.11,1000,0.27,Bachelors,Married,39,No,No,Two year,Mailed check,0,1
C-4901,Customer 4901,sme,57,31.93,1139.97,50000,0.89,High School,Married,22,Yes,DSL,Two year,Bank transfer,0,0
C-4902,Customer 4902,sme,69,120.18,5382.53,5000,0.43,High School,Single,43,Yes,DSL,One year,Credit card,0,1
C-4903,Customer 4903,retail,7,107.79,6591.84,10000,0.52,Masters,Married,56,No,Fiber optic,Month-to-month,Credit card,0,0
C-4904,Customer 4904,retail,66,45.52,5058.35,5000,0.5,Masters,Single,39,Yes,No,Two year,Bank transfer,1,1
C-4905,Customer 4905,sme,4,138.86,1850.95,50000,0.66,High School,Single,41,No,Fiber optic,Month-to-month,Bank transfer,0,0
C-4906,Customer 4906,retail,30,45.18,3937.24,5000,0.69,High School,Married,51,Yes,DSL,Two year,Credit card,0,1
C-4907,Customer 4907,enterprise,13,134.07,1346.31,5000,0.6,PhD,Single,40,Yes,Fiber optic,One year,Electronic check,0,1
C-4908,Customer 4908,enterprise,61,81.4,6486.57,10000,0.1,Bachelors,Married,22,Yes,No,Two year,Mailed check,0,1
C-4909,Customer 4909,retail,25,85.18,3150.02,5000,0.57,Bachelors,Married,40,Yes,Fiber optic,Month-to-month,Electronic check,1,1
C-4910,Customer 4910,sme,6,113.19,1835.86,5000,0.58,Bachelors,Married,47,No,Fiber optic,Month-to-month,Mailed check,0,1
C-4911,Customer 4911,retail,2,56.88,3278.4,10000,0.75,High School,Single,26,No,Fiber optic,Month-to-month,Electronic check,0,1
C-4912,Customer 4912,sme,53,66.36,2312.81,50000,0.63,Masters,Married,76,No,DSL,Two year,Bank transfer,0,0
C-4913,Customer 4913,sme,41,146.48,5143.29,50000,0.74,High School,Single,64,No,Fiber optic,Month-to-month,Bank transfer,0,1
C-4914,Customer 4914,retail,62,115.0,3530.45,50000,0.42,Bachelors,Married,77,No,No,Two year,Electronic check,0,1
C-4915,Customer 4915,enterprise,41,22.05,5672.12,5000,0.74,PhD,Single,42,Yes,DSL,Month-to-month,Bank transfer,1,0
C-4916,Customer 4916,retail,65,92.73,3713.79,10000,0.42,High School,Single,59,Yes,DSL,Month-to-month,Bank transfer,0,1
C-4917,Customer 4917,enterprise,6,149.26,1345.66,10000,0.87,PhD,Married,36,No,No,One year,Electronic check,0,1
C-4918,Customer 4918,sme,32,90.88,4269.77,10000,0.8,PhD,Married,18,No,Fiber optic,Month-to-month,Electronic check,0,1
C-4919,Customer 4919,enterprise,46,79.73,6274.46,10000,0.42,High School,Single,58,No,DSL,Two year,Electronic check,0,1
C-4920,Customer 4920,retail,40,123.93,7246.68,1000,0.82,Bachelors,Married,23,Yes,No,Two year,Mailed check,0,1
C-4921,Customer 4921,enterprise,71,85.35,1221.38,5000,0.88,High School,Married,32,Yes,Fiber optic,Two year,Bank transfer,0,0
C-4922,Customer 4922,retail,66,25.37,601.01,50000,0.27,PhD,Married,48,Yes,No,Two year,Bank transfer,0,0
C-4923,Customer 4923,retail,15,27.99,2379.82,5000,0.66,Bachelors,Married,64,No,Fiber optic,Two year,Electronic check,0,1
C-4924,Customer 4924,retail,68,131.76,999.75,10000,0.85,Bachelors,Married,75,Yes,Fiber optic,Month-to-month,Bank transfer,0,1
C-4925,Customer 4925,sme,52,126.49,3471.05,5000,0.8,Masters,Married,47,No,No,One year,Credit card,0,1
C-4926,Customer 4926,enterprise,23,122.97,6127.6,5000,0.6,PhD,Single,57,Yes,No,Month-to-month,Mailed check,1,1
C-4927,Customer 4927,sme,6,131.72,7087.51,1000,0.41,Bachelors,Single,78,Yes,Fiber optic,Month-to-month,Mailed check,1,1
C-4928,Customer 4928,enterprise,6,40.45,4687.41,10000,0.89,High School,Married,79,No,No,One year,Electronic check,0,1
C-4929,Customer 4929,sme,21,25.47,1912.41,50000,0.89,High School,Single,74,No,DSL,One year,Credit card,0,0
C-4930,Customer 4930,retail,2,113.26,4030.95,50000,0.84,Bachelors,Single,49,Yes,Fiber optic,Two year,Electronic check,0,0
C-4931,Customer 4931,enterprise,29,128.07,3182.85,5000,0.75,PhD,Single,79,Yes,No,Two year,Bank transfer,0,1
C-4932,Customer 4932,enterprise,36,46.1,5147.38,1000,0.56,Bachelors,Married,73,Yes,DSL,Two year,Mailed check,0,1
C-4933,Customer 4933,sme,28,138.96,6579.18,1000,0.68,Masters,Single,45,Yes,No,One year,Bank transfer,0,1
C-4934,Customer 4934,enterprise,48,133.35,7517.52,50000,0.37,PhD,Single,65,Yes,Fiber optic,One year,Bank transfer,0,1
C-4935,Customer 4935,retail,56,145.19,2631.57,1000,0.46,PhD,Married,73,Yes,Fiber optic,Two year,Bank transfer,0,1
C-4936,Customer 4936,retail,32,61.72,2201.86,50000,0.57,Masters,Married,76,Yes,Fiber optic,One year,Bank transfer,0,0
C-4937,Customer 4937,enterprise,20,148.32,6583.54,5000,0.32,PhD,Married,60,No,No,One year,Bank transfer,0,1
C-4938,Customer 4938,retail,19,126.74,3654.44,1000,0.57,Masters,Married,75,No,No,Month-to-month,Mailed check,1,1
C-4939,Customer 4939,enterprise,58,106.46,7866.19,50000,0.56,Bachelors,Married,28,Yes,No,Month-to-month,Bank transfer,1,0
C-4940,Customer 4940,enterprise,28,136.91,6644.96,50000,0.11,High School,Single,38,Yes,Fiber optic,One year,Bank transfer,0,0
C-4941,Customer 4941,enterprise,49,102.66,7708.58,5000,0.72,Masters,Single,48,Yes,Fiber optic,Two year,Credit card,0,1
C-4942,Customer 4942,sme,6,78.43,1701.74,10000,0.52,High School,Single,77,No,DSL,One year,Credit card,0,0
C-4943,Customer 4943,retail,51,95.61,3174.2,10000,0.88,Masters,Married,78,No,Fiber optic,One year,Bank transfer,0,1
C-4944,Customer 4944,enterprise,10,20.06,2144.71,5000,0.22,Bachelors,Married,39,Yes,Fiber optic,Two year,Electronic check,0,0
C-4945,Customer 4945,enterprise,40,129.92,4110.82,5000,0.45,High School,Married,55,Yes,No,Month-to-month,Electronic check,0,1
C-4946,Customer 4946,sme,32,142.38,3172.6,1000,0.8,Masters,Single,26,Yes,Fiber optic,Two year,Electronic check,0,1
C-4947,Customer 4947,retail,53,52.15,7792.55,50000,0.14,Masters,Single,37,Yes,DSL,Month-to-month,Credit card,1,0
C-4948,Customer 4948,retail,60,125.28,870.25,50000,0.25,Bachelors,Married,36,No,Fiber optic,Two year,Credit card,0,0
C-4949,Customer 4949,retail,22,78.4,2213.61,5000,0.23,High School,Married,52,Yes,No,One year,Bank transfer,0,1
C-4950,Customer 4950,enterprise,38,106.45,7720.25,50000,0.63,High School,Single,57,Yes,DSL,Month-to-month,Credit card,0,0
C-4951,Customer 4951,enterprise,1,126.78,3489.95,10000,0.82,High School,Married,25,No,DSL,Month-to-month,Mailed check,0,1
C-4952,Customer 4952,retail,52,105.47,2385.69,1000,0.75,Masters,Single,43,Yes,No,One year,Credit card,0,1
C-4953,Customer 4953,retail,24,48.54,2302.74,10000,0.76,Masters,Single,57,Yes,Fiber optic,Two year,Bank transfer,0,1
C-4954,Customer 4954,sme,20,23.92,383.43,5000,0.31,High School,Single,36,No,DSL,Month-to-month,Credit card,1,0
C-4955,Customer 4955,enterprise,21,127.44,878.92,5000,0.22,PhD,Single,42,Yes,DSL,Two year,Electronic check,0,1
C-4956,Customer 4956,sme,16,92.03,1616.15,50000,0.72,Masters,Single,68,No,No,One year,Credit card,0,0
C-4957,Customer 4957,retail,49,98.34,5311.9,5000,0.81,High School,Single,40,No,No,One year,Bank transfer,0,1
C-4958,Customer 4958,sme,65,48.46,310.28,5000,0.73,Bachelors,Single,64,No,DSL,One year,Bank transfer,0,1
C-4959,Customer 4959,enterprise,18,72.17,6075.14,1000,0.5,Masters,Single,57,No,No,One year,Electronic check,0,1
C-4960,Customer 4960,enterprise,20,108.82,2745.04,50000,0.42,PhD,Married,44,Yes,No,Month-to-month,Credit card,0,0
C-4961,Customer 4961,retail,33,143.33,4474.34,1000,0.21,Bachelors,Married,35,Yes,No,Two year,Bank transfer,0,1
C-4962,Customer 4962,retail,68,92.41,3005.73,50000,0.51,Masters,Single,59,No,DSL,Two year,Credit card,0,0
C-4963,Customer 4963,retail,2,41.93,4097.74,5000,0.8,Masters,Single,29,No,DSL,One year,Mailed check,0,1
C-4964,Customer 4964,retail,29,82.03,6107.06,50000,0.31,High School,Married,49,No,Fiber optic,Month-to-month,Electronic check,1,0
C-4965,Customer 4965,sme,23,31.5,4772.53,50000,0.47,Bachelors,Married,62,Yes,No,Month-to-month,Bank transfer,1,0
C-4966,Customer 4966,retail,3,32.81,6262.69,50000,0.83,High School,Single,76,Yes,No,Two year,Credit card,1,0
C-4967,Customer 4967,retail,41,125.72,4951.37,1000,0.44,High School,Married,55,No,No,Two year,Mailed check,0,1
C-4968,Customer 4968,sme,10,146.67,3196.85,5000,0.9,Masters,Single,52,Yes,No,Two year,Mailed check,0,1
C-4969,Customer 4969,retail,9,102.79,3830.91,10000,0.72,PhD,Single,23,Yes,No,One year,Bank transfer,0,1
C-4970,Customer 4970,enterprise,15,96.77,7829.89,10000,0.31,Masters,Married,55,Yes,No,Month-to-month,Electronic check,1,1
C-4971,Customer 4971,retail,59,125.34,3863.15,50000,0.53,Bachelors,Married,24,No,No,Two year,Mailed check,0,0
C-4972,Customer 4972,retail,13,79.41,7519.18,5000,0.41,Bachelors,Single,70,Yes,Fiber optic,Two year,Bank transfer,1,1
C-4973,Customer 4973,retail,30,99.92,6627.56,10000,0.87,PhD,Single,58,Yes,DSL,Month-to-month,Bank transfer,0,1
C-4974,Customer 4974,sme,37,107.0,6197.74,50000,0.86,Bachelors,Single,22,Yes,No,One year,Electronic check,0,1
C-4975,Customer 4975,retail,65,133.9,4140.47,50000,0.21,Masters,Single,42,No,Fiber optic,One year,Mailed check,0,0
C-4976,Customer 4976,enterprise,26,63.11,4308.15,10000,0.54,Bachelors,Single,22,No,Fiber optic,Two year,Mailed check,0,0
C-4977,Customer 4977,enterprise,21,148.79,495.53,5000,0.37,Bachelors,Married,62,Yes,No,Two year,Credit card,0,1
C-4978,Customer 4978,retail,52,25.33,7847.7,10000,0.59,Masters,Married,79,No,Fiber optic,Month-to-month,Mailed check,0,1
C-4979,Customer 4979,enterprise,67,142.23,2458.13,1000,0.16,Bachelors,Married,49,Yes,DSL,Two year,Mailed check,0,1
C-4980,Customer 4980,sme,70,105.2,1808.87,10000,0.22,Bachelors,Single,60,No,DSL,Month-to-month,Electronic check,0,1
C-4981,Customer 4981,enterprise,18,30.82,1869.01,1000,0.55,PhD,Single,38,Yes,No,Month-to-month,Bank transfer,0,1
C-4982,Customer 4982,retail,3,116.55,4321.81,10000,0.37,High School,Single,26,Yes,No,Two year,Bank transfer,0,0
C-4983,Customer 4983,retail,17,77.28,4430.81,10000,0.38,Bachelors,Single,71,Yes,Fiber optic,One year,Mailed check,0,0
C-4984,Customer 4984,enterprise,12,76.65,553.24,50000,0.89,Bachelors,Single,64,Yes,Fiber optic,One year,Mailed check,0,1
C-4985,Customer 4985,enterprise,16,117.15,5196.91,5000,0.47,High School,Married,53,No,Fiber optic,One year,Electronic check,0,1
C-4986,Customer 4986,sme,61,33.51,4431.17,1000,0.67,Bachelors,Married,57,No,DSL,Month-to-month,Bank transfer,1,1
C-4987,Customer 4987,enterprise,71,21.34,7863.3,10000,0.22,PhD,Married,60,Yes,DSL,One year,Credit card,0,1
C-4988,Customer 4988,retail,49,113.96,1546.5,1000,0.2,PhD,Married,61,No,Fiber optic,Month-to-month,Mailed check,1,1
C-4989,Customer 4989,retail,39,45.28,2316.01,1000,0.6,Masters,Single,39,No,DSL,Month-to-month,Credit card,0,1
C-4990,Customer 4990,enterprise,69,118.0,3382.81,1000,0.11,High School,Married,33,No,Fiber optic,Month-to-month,Mailed check,1,1
C-4991,Customer 4991,enterprise,7,44.23,2143.08,5000,0.87,PhD,Single,41,Yes,DSL,Two year,Bank transfer,0,0
C-4992,Customer 4992,retail,71,84.55,201.51,1000,0.32,Bachelors,Single,79,No,No,One year,Electronic check,0,1
C-4993,Customer 4993,enterprise,63,137.61,5213.88,1000,0.21,PhD,Single,65,Yes,Fiber optic,One year,Mailed check,0,1
C-4994,Customer 4994,enterprise,65,81.24,2948.17,1000,0.67,PhD,Married,40,Yes,No,Two year,Mailed check,1,1
C-4995,Customer 4995,retail,45,91.0,2643.67,10000,0.35,PhD,Married,27,No,DSL,Month-to-month,Credit card,0,1
C-4996,Customer 4996,retail,20,124.34,2525.28,5000,0.77,Masters,Married,47,No,No,Two year,Credit card,0,1
C-4997,Customer 4997,sme,18,79.01,1680.79,1000,0.69,Bachelors,Single,35,Yes,Fiber optic,Two year,Mailed check,0,1
C-4998,Customer 4998,retail,27,91.13,7958.74,10000,0.45,PhD,Single,47,Yes,DSL,Two year,Electronic check,0,0
C-4999,Customer 4999,retail,26,148.94,189.73,50000,0.71,Masters,Single,46,Yes,DSL,Two year,Bank transfer,0,0
C-5000,Customer 5000,sme,62,30.11,4251.23,5000,0.4,PhD,Single,63,Yes,DSL,Month-to-month,Credit card,0,0
