event_id,timestamp,entity_id,entity_type,department,risk_type,risk_score,risk_level,risk_velocity,key_metrics,ground_truth
RSK-000001,2026-05-29T19:18:54.966170,S-023,supplier,Operations,operational,32,High,4.35,"{""metric_1"": 5, ""metric_2"": 92}",True
RSK-000002,2026-07-01T19:18:54.966170,SYS-068,system,Finance,fraud,30,Moderate,4.64,"{""metric_1"": 2, ""metric_2"": 56}",True
RSK-000003,2026-08-09T19:18:54.966170,SYS-064,system,Finance,fraud,23,Critical,0.28,"{""metric_1"": 4, ""metric_2"": 26}",True
RSK-000004,2026-07-06T19:18:54.966170,C-1775,customer,Support,customer,35,Critical,4.49,"{""metric_1"": 2, ""metric_2"": 25}",False
RSK-000005,2026-05-22T19:18:54.966170,SYS-091,system,Operations,cyber,72,High,2.96,"{""metric_1"": 4, ""metric_2"": 81}",True
RSK-000006,2026-07-20T19:18:54.966170,SYS-016,system,Support,fraud,21,Low,4.29,"{""metric_1"": 7, ""metric_2"": 75}",True
RSK-000007,2026-07-22T19:18:54.966170,C-1296,customer,IT,financial,48,Low,3.35,"{""metric_1"": 9, ""metric_2"": 39}",False
RSK-000008,2026-05-30T19:18:54.966170,S-032,supplier,IT,operational,10,Critical,0.2,"{""metric_1"": 4, ""metric_2"": 76}",False
RSK-000009,2026-07-17T19:18:54.966170,C-3795,customer,Support,financial,33,High,0.84,"{""metric_1"": 3, ""metric_2"": 97}",False
RSK-000010,2026-07-22T19:18:54.966170,SYS-090,system,Operations,cyber,61,Critical,2.3,"{""metric_1"": 9, ""metric_2"": 98}",False
RSK-000011,2026-05-29T19:18:54.966170,C-4260,customer,Support,customer,26,Critical,1.15,"{""metric_1"": 6, ""metric_2"": 88}",True
RSK-000012,2026-08-03T19:18:54.966170,SYS-024,system,Support,fraud,84,Low,1.29,"{""metric_1"": 3, ""metric_2"": 40}",True
RSK-000013,2026-05-30T19:18:54.966170,SYS-048,system,Support,cyber,95,High,1.71,"{""metric_1"": 6, ""metric_2"": 36}",False
RSK-000014,2026-08-19T19:18:54.966170,S-037,supplier,Finance,operational,26,High,3.84,"{""metric_1"": 3, ""metric_2"": 50}",False
RSK-000015,2026-08-11T19:18:54.966170,S-035,supplier,Operations,operational,36,Low,2.83,"{""metric_1"": 2, ""metric_2"": 39}",True
RSK-000016,2026-08-01T19:18:54.966170,S-048,supplier,Support,operational,91,Critical,0.67,"{""metric_1"": 6, ""metric_2"": 81}",True
RSK-000017,2026-08-21T19:18:54.966170,C-4976,customer,Support,customer,90,Moderate,1.49,"{""metric_1"": 1, ""metric_2"": 36}",True
RSK-000018,2026-05-19T19:18:54.966170,SYS-037,system,Support,fraud,90,Critical,3.37,"{""metric_1"": 3, ""metric_2"": 15}",True
RSK-000019,2026-07-16T19:18:54.966170,SYS-079,system,IT,cyber,43,Low,1.36,"{""metric_1"": 2, ""metric_2"": 45}",True
RSK-000020,2026-08-20T19:18:54.966170,C-2807,customer,IT,financial,18,Low,3.34,"{""metric_1"": 9, ""metric_2"": 95}",True
RSK-000021,2026-06-22T19:18:54.966170,SYS-060,system,IT,fraud,60,Critical,1.33,"{""metric_1"": 9, ""metric_2"": 26}",False
RSK-000022,2026-07-03T19:18:54.966170,SYS-052,system,IT,cyber,49,High,1.64,"{""metric_1"": 2, ""metric_2"": 52}",False
RSK-000023,2026-05-16T19:18:54.966170,S-006,supplier,Support,operational,68,Low,1.75,"{""metric_1"": 8, ""metric_2"": 11}",False
RSK-000024,2026-07-08T19:18:54.966170,C-3156,customer,Operations,financial,57,High,1.28,"{""metric_1"": 8, ""metric_2"": 13}",True
RSK-000025,2026-08-04T19:18:54.966170,SYS-048,system,Operations,cyber,14,High,0.23,"{""metric_1"": 5, ""metric_2"": 29}",True
RSK-000026,2026-06-29T19:18:54.966170,SYS-006,system,Operations,cyber,97,Moderate,4.49,"{""metric_1"": 2, ""metric_2"": 74}",False
RSK-000027,2026-06-12T19:18:54.966170,C-1487,customer,Finance,customer,35,Critical,2.25,"{""metric_1"": 4, ""metric_2"": 93}",True
RSK-000028,2026-07-19T19:18:54.966170,C-1747,customer,Operations,financial,92,Low,1.1,"{""metric_1"": 1, ""metric_2"": 43}",True
RSK-000029,2026-07-10T19:18:54.966170,C-4719,customer,Finance,customer,29,Moderate,4.15,"{""metric_1"": 7, ""metric_2"": 24}",True
RSK-000030,2026-07-09T19:18:54.966170,C-1565,customer,Finance,customer,25,Critical,3.82,"{""metric_1"": 3, ""metric_2"": 66}",True
RSK-000031,2026-06-28T19:18:54.966170,SYS-021,system,Support,fraud,56,High,4.09,"{""metric_1"": 6, ""metric_2"": 11}",False
RSK-000032,2026-05-30T19:18:54.966170,SYS-056,system,IT,cyber,95,Critical,0.34,"{""metric_1"": 1, ""metric_2"": 72}",True
RSK-000033,2026-06-16T19:18:54.966170,SYS-019,system,IT,cyber,82,Critical,1.73,"{""metric_1"": 8, ""metric_2"": 47}",True
RSK-000034,2026-07-08T19:18:54.966170,SYS-095,system,Operations,fraud,56,High,2.74,"{""metric_1"": 8, ""metric_2"": 95}",True
RSK-000035,2026-08-02T19:18:54.966170,SYS-043,system,Support,fraud,82,High,1.15,"{""metric_1"": 3, ""metric_2"": 90}",True
RSK-000036,2026-06-21T19:18:54.966170,SYS-090,system,Support,fraud,56,Moderate,3.25,"{""metric_1"": 2, ""metric_2"": 83}",False
RSK-000037,2026-07-26T19:18:54.966170,SYS-065,system,Support,cyber,28,High,3.75,"{""metric_1"": 1, ""metric_2"": 72}",True
RSK-000038,2026-05-27T19:18:54.966170,S-043,supplier,IT,operational,77,High,1.43,"{""metric_1"": 7, ""metric_2"": 80}",True
RSK-000039,2026-06-12T19:18:54.966170,SYS-052,system,Operations,fraud,53,Moderate,2.32,"{""metric_1"": 2, ""metric_2"": 67}",False
RSK-000040,2026-05-22T19:18:54.966170,C-1246,customer,Support,financial,61,Low,1.15,"{""metric_1"": 4, ""metric_2"": 32}",False
RSK-000041,2026-07-21T19:18:54.966170,SYS-068,system,Support,cyber,28,Low,3.34,"{""metric_1"": 2, ""metric_2"": 42}",False
RSK-000042,2026-05-23T19:18:54.966170,C-2904,customer,IT,financial,78,High,3.52,"{""metric_1"": 1, ""metric_2"": 58}",True
RSK-000043,2026-06-06T19:18:54.966170,SYS-013,system,Support,fraud,55,Critical,3.13,"{""metric_1"": 4, ""metric_2"": 58}",True
RSK-000044,2026-08-02T19:18:54.966170,SYS-094,system,IT,fraud,45,High,4.63,"{""metric_1"": 4, ""metric_2"": 91}",True
RSK-000045,2026-06-13T19:18:54.966170,C-0305,customer,Operations,customer,47,Low,0.3,"{""metric_1"": 6, ""metric_2"": 56}",False
RSK-000046,2026-07-31T19:18:54.966170,SYS-021,system,Operations,cyber,34,High,3.27,"{""metric_1"": 6, ""metric_2"": 46}",False
RSK-000047,2026-07-19T19:18:54.966170,C-2309,customer,Support,customer,68,Low,1.21,"{""metric_1"": 5, ""metric_2"": 34}",True
RSK-000048,2026-07-14T19:18:54.966170,SYS-077,system,Operations,cyber,59,Moderate,1.31,"{""metric_1"": 2, ""metric_2"": 52}",False
RSK-000049,2026-08-01T19:18:54.966170,C-2313,customer,Support,customer,90,Critical,3.16,"{""metric_1"": 8, ""metric_2"": 52}",False
RSK-000050,2026-06-22T19:18:54.966170,SYS-096,system,Support,fraud,82,Moderate,1.47,"{""metric_1"": 3, ""metric_2"": 82}",True
RSK-000051,2026-06-08T19:18:54.966170,C-2767,customer,IT,financial,19,Critical,3.06,"{""metric_1"": 3, ""metric_2"": 71}",True
RSK-000052,2026-07-23T19:18:54.966170,SYS-066,system,Support,fraud,26,High,4.05,"{""metric_1"": 1, ""metric_2"": 43}",True
RSK-000053,2026-07-30T19:18:54.966170,SYS-067,system,IT,fraud,34,Critical,0.18,"{""metric_1"": 7, ""metric_2"": 77}",True
RSK-000054,2026-07-23T19:18:54.966170,S-033,supplier,Support,operational,80,Low,0.14,"{""metric_1"": 7, ""metric_2"": 29}",False
RSK-000055,2026-06-19T19:18:54.966170,C-2006,customer,IT,customer,68,High,1.13,"{""metric_1"": 4, ""metric_2"": 94}",True
RSK-000056,2026-07-23T19:18:54.966170,SYS-029,system,Finance,cyber,74,Critical,3.79,"{""metric_1"": 9, ""metric_2"": 23}",True
RSK-000057,2026-07-28T19:18:54.966170,C-2010,customer,Operations,financial,49,Critical,1.02,"{""metric_1"": 1, ""metric_2"": 77}",False
RSK-000058,2026-07-18T19:18:54.966170,C-2529,customer,Finance,customer,71,Moderate,0.18,"{""metric_1"": 1, ""metric_2"": 23}",True
RSK-000059,2026-06-21T19:18:54.966170,SYS-032,system,Finance,fraud,21,Critical,0.26,"{""metric_1"": 8, ""metric_2"": 36}",True
RSK-000060,2026-08-08T19:18:54.966170,SYS-042,system,IT,cyber,45,Critical,4.08,"{""metric_1"": 9, ""metric_2"": 72}",False
RSK-000061,2026-06-15T19:18:54.966170,C-3395,customer,Operations,customer,78,Low,1.26,"{""metric_1"": 8, ""metric_2"": 80}",False
RSK-000062,2026-06-23T19:18:54.966170,C-1355,customer,IT,financial,45,Moderate,4.06,"{""metric_1"": 2, ""metric_2"": 70}",True
RSK-000063,2026-05-21T19:18:54.966170,SYS-045,system,Support,fraud,57,Low,4.44,"{""metric_1"": 5, ""metric_2"": 21}",False
RSK-000064,2026-07-28T19:18:54.966170,C-4010,customer,Operations,customer,83,Low,1.49,"{""metric_1"": 6, ""metric_2"": 16}",False
RSK-000065,2026-08-02T19:18:54.966170,SYS-078,system,Support,cyber,76,Low,1.96,"{""metric_1"": 1, ""metric_2"": 40}",False
RSK-000066,2026-06-13T19:18:54.966170,SYS-072,system,Operations,fraud,27,Low,2.82,"{""metric_1"": 3, ""metric_2"": 81}",False
RSK-000067,2026-07-24T19:18:54.966170,S-031,supplier,Finance,operational,30,Moderate,1.33,"{""metric_1"": 1, ""metric_2"": 46}",True
RSK-000068,2026-06-20T19:18:54.966170,C-2453,customer,Finance,customer,74,Moderate,0.5,"{""metric_1"": 1, ""metric_2"": 64}",True
RSK-000069,2026-08-19T19:18:54.966170,SYS-086,system,Finance,cyber,39,High,3.18,"{""metric_1"": 8, ""metric_2"": 22}",False
RSK-000070,2026-06-27T19:18:54.966170,C-1391,customer,IT,customer,22,Critical,0.15,"{""metric_1"": 2, ""metric_2"": 28}",True
RSK-000071,2026-08-03T19:18:54.966170,SYS-066,system,IT,cyber,77,Moderate,4.5,"{""metric_1"": 9, ""metric_2"": 90}",True
RSK-000072,2026-08-05T19:18:54.966170,C-2868,customer,IT,financial,67,High,4.43,"{""metric_1"": 9, ""metric_2"": 75}",False
RSK-000073,2026-07-25T19:18:54.966170,SYS-042,system,Finance,cyber,77,Critical,1.5,"{""metric_1"": 7, ""metric_2"": 57}",False
RSK-000074,2026-07-10T19:18:54.966170,C-0906,customer,IT,customer,12,Low,4.78,"{""metric_1"": 8, ""metric_2"": 58}",True
RSK-000075,2026-07-09T19:18:54.966170,SYS-088,system,IT,fraud,50,Critical,3.69,"{""metric_1"": 7, ""metric_2"": 85}",True
RSK-000076,2026-08-20T19:18:54.966170,C-1682,customer,IT,customer,76,Low,2.87,"{""metric_1"": 8, ""metric_2"": 81}",True
RSK-000077,2026-07-17T19:18:54.966170,S-039,supplier,Support,operational,79,Moderate,1.18,"{""metric_1"": 8, ""metric_2"": 76}",True
RSK-000078,2026-07-03T19:18:54.966170,C-3105,customer,Operations,financial,94,Moderate,4.09,"{""metric_1"": 3, ""metric_2"": 71}",True
RSK-000079,2026-07-19T19:18:54.966170,S-039,supplier,Support,operational,84,Moderate,2.51,"{""metric_1"": 2, ""metric_2"": 47}",False
RSK-000080,2026-06-12T19:18:54.966170,C-2996,customer,Operations,customer,16,High,3.24,"{""metric_1"": 1, ""metric_2"": 31}",True
RSK-000081,2026-06-22T19:18:54.966170,C-1127,customer,IT,financial,38,Moderate,3.47,"{""metric_1"": 7, ""metric_2"": 57}",True
RSK-000082,2026-06-28T19:18:54.966170,C-3713,customer,Support,customer,61,High,3.22,"{""metric_1"": 4, ""metric_2"": 73}",False
RSK-000083,2026-07-25T19:18:54.966170,SYS-029,system,Operations,cyber,14,Low,0.87,"{""metric_1"": 6, ""metric_2"": 10}",False
RSK-000084,2026-05-19T19:18:54.966170,C-3614,customer,Operations,financial,44,High,2.47,"{""metric_1"": 4, ""metric_2"": 85}",False
RSK-000085,2026-07-24T19:18:54.966170,SYS-002,system,Operations,cyber,42,Low,1.81,"{""metric_1"": 7, ""metric_2"": 39}",True
RSK-000086,2026-06-04T19:18:54.966170,C-1038,customer,Finance,customer,29,Critical,2.02,"{""metric_1"": 6, ""metric_2"": 75}",True
RSK-000087,2026-08-14T19:18:54.966170,SYS-021,system,Operations,cyber,58,Low,1.78,"{""metric_1"": 4, ""metric_2"": 23}",False
RSK-000088,2026-07-22T19:18:54.966170,SYS-072,system,Finance,cyber,15,Critical,4.53,"{""metric_1"": 9, ""metric_2"": 58}",True
RSK-000089,2026-08-15T19:18:54.966170,C-0466,customer,IT,customer,66,Low,0.54,"{""metric_1"": 5, ""metric_2"": 74}",True
RSK-000090,2026-06-20T19:18:54.966170,SYS-001,system,Support,cyber,56,High,2.87,"{""metric_1"": 6, ""metric_2"": 26}",False
RSK-000091,2026-05-20T19:18:54.966170,C-0049,customer,Finance,customer,66,Critical,3.14,"{""metric_1"": 8, ""metric_2"": 74}",False
RSK-000092,2026-06-22T19:18:54.966170,SYS-096,system,Operations,fraud,54,High,1.92,"{""metric_1"": 1, ""metric_2"": 70}",True
RSK-000093,2026-07-10T19:18:54.966170,S-037,supplier,Finance,operational,96,Low,4.39,"{""metric_1"": 9, ""metric_2"": 91}",True
RSK-000094,2026-06-12T19:18:54.966170,SYS-062,system,IT,fraud,23,High,2.98,"{""metric_1"": 5, ""metric_2"": 47}",True
RSK-000095,2026-07-12T19:18:54.966170,SYS-094,system,Support,fraud,84,Low,3.33,"{""metric_1"": 4, ""metric_2"": 56}",True
RSK-000096,2026-06-07T19:18:54.966170,SYS-007,system,Finance,fraud,16,Moderate,4.07,"{""metric_1"": 9, ""metric_2"": 89}",True
RSK-000097,2026-06-24T19:18:54.966170,SYS-004,system,Finance,cyber,90,Low,2.86,"{""metric_1"": 6, ""metric_2"": 16}",False
RSK-000098,2026-05-21T19:18:54.966170,C-2410,customer,Support,financial,53,High,0.66,"{""metric_1"": 3, ""metric_2"": 77}",True
RSK-000099,2026-06-05T19:18:54.966170,SYS-053,system,Support,fraud,26,Low,2.55,"{""metric_1"": 9, ""metric_2"": 45}",False
RSK-000100,2026-08-05T19:18:54.966170,S-046,supplier,Finance,operational,29,Moderate,4.19,"{""metric_1"": 3, ""metric_2"": 86}",False
RSK-000101,2026-05-20T19:18:54.966170,SYS-058,system,Finance,fraud,96,Critical,0.14,"{""metric_1"": 5, ""metric_2"": 86}",True
RSK-000102,2026-07-14T19:18:54.966170,C-1334,customer,Finance,financial,79,High,4.32,"{""metric_1"": 6, ""metric_2"": 64}",True
RSK-000103,2026-07-12T19:18:54.966170,SYS-051,system,Support,fraud,79,High,3.91,"{""metric_1"": 2, ""metric_2"": 23}",False
RSK-000104,2026-08-15T19:18:54.966170,C-4497,customer,Finance,financial,37,Critical,1.84,"{""metric_1"": 1, ""metric_2"": 87}",False
RSK-000105,2026-06-09T19:18:54.966170,S-006,supplier,IT,operational,50,Moderate,0.86,"{""metric_1"": 7, ""metric_2"": 50}",False
RSK-000106,2026-08-17T19:18:54.966170,S-044,supplier,Operations,operational,67,Moderate,1.71,"{""metric_1"": 4, ""metric_2"": 94}",False
RSK-000107,2026-05-16T19:18:54.966170,C-2890,customer,Finance,customer,99,High,4.13,"{""metric_1"": 1, ""metric_2"": 15}",True
RSK-000108,2026-08-03T19:18:54.966170,S-002,supplier,Operations,operational,21,Low,0.57,"{""metric_1"": 4, ""metric_2"": 22}",True
RSK-000109,2026-06-08T19:18:54.966170,SYS-074,system,Operations,fraud,38,Critical,4.4,"{""metric_1"": 7, ""metric_2"": 93}",True
RSK-000110,2026-07-04T19:18:54.966170,C-4127,customer,IT,financial,92,High,1.37,"{""metric_1"": 6, ""metric_2"": 25}",True
RSK-000111,2026-06-12T19:18:54.966170,C-4993,customer,Support,customer,55,Moderate,3.93,"{""metric_1"": 8, ""metric_2"": 50}",False
RSK-000112,2026-07-09T19:18:54.966170,SYS-079,system,Operations,cyber,72,Critical,3.25,"{""metric_1"": 1, ""metric_2"": 23}",True
RSK-000113,2026-08-12T19:18:54.966170,C-3007,customer,Operations,financial,86,Low,2.6,"{""metric_1"": 4, ""metric_2"": 91}",True
RSK-000114,2026-07-26T19:18:54.966170,C-2428,customer,Support,financial,63,Critical,0.64,"{""metric_1"": 5, ""metric_2"": 47}",False
RSK-000115,2026-06-02T19:18:54.966170,SYS-058,system,Finance,cyber,59,Critical,4.8,"{""metric_1"": 2, ""metric_2"": 31}",False
RSK-000116,2026-08-21T19:18:54.966170,C-3825,customer,IT,customer,81,Critical,2.67,"{""metric_1"": 5, ""metric_2"": 45}",False
RSK-000117,2026-05-20T19:18:54.966170,C-4408,customer,Finance,financial,12,High,3.31,"{""metric_1"": 5, ""metric_2"": 89}",False
RSK-000118,2026-06-01T19:18:54.966170,SYS-021,system,Finance,fraud,39,Moderate,0.7,"{""metric_1"": 4, ""metric_2"": 13}",False
RSK-000119,2026-05-31T19:18:54.966170,C-3922,customer,Support,financial,10,Critical,1.32,"{""metric_1"": 1, ""metric_2"": 95}",False
RSK-000120,2026-07-01T19:18:54.966170,SYS-083,system,IT,fraud,32,Moderate,0.31,"{""metric_1"": 2, ""metric_2"": 47}",True
RSK-000121,2026-06-10T19:18:54.966170,SYS-069,system,Finance,fraud,84,High,3.47,"{""metric_1"": 7, ""metric_2"": 87}",False
RSK-000122,2026-08-04T19:18:54.966170,C-2599,customer,Finance,customer,81,High,0.67,"{""metric_1"": 7, ""metric_2"": 90}",False
RSK-000123,2026-07-06T19:18:54.966170,C-1714,customer,IT,financial,57,Critical,0.64,"{""metric_1"": 7, ""metric_2"": 81}",True
RSK-000124,2026-05-31T19:18:54.966170,SYS-049,system,Support,cyber,81,High,4.42,"{""metric_1"": 8, ""metric_2"": 69}",False
RSK-000125,2026-07-24T19:18:54.966170,SYS-063,system,Finance,cyber,29,Moderate,2.16,"{""metric_1"": 3, ""metric_2"": 79}",True
RSK-000126,2026-06-06T19:18:54.966170,S-020,supplier,Finance,operational,47,Moderate,2.59,"{""metric_1"": 4, ""metric_2"": 46}",True
RSK-000127,2026-06-11T19:18:54.966170,SYS-040,system,Finance,cyber,37,Low,1.02,"{""metric_1"": 3, ""metric_2"": 74}",True
RSK-000128,2026-05-14T19:18:54.966170,S-028,supplier,IT,operational,47,High,4.31,"{""metric_1"": 3, ""metric_2"": 30}",False
RSK-000129,2026-05-17T19:18:54.966170,C-1414,customer,Operations,customer,38,Critical,2.03,"{""metric_1"": 1, ""metric_2"": 24}",True
RSK-000130,2026-07-28T19:18:54.966170,C-4196,customer,Finance,financial,80,High,3.05,"{""metric_1"": 5, ""metric_2"": 49}",False
RSK-000131,2026-05-21T19:18:54.966170,SYS-076,system,IT,fraud,62,Moderate,3.8,"{""metric_1"": 8, ""metric_2"": 92}",False
RSK-000132,2026-05-18T19:18:54.966170,S-006,supplier,IT,operational,44,Moderate,4.06,"{""metric_1"": 1, ""metric_2"": 76}",True
RSK-000133,2026-06-19T19:18:54.966170,C-4864,customer,Operations,financial,26,High,0.23,"{""metric_1"": 1, ""metric_2"": 87}",False
RSK-000134,2026-05-30T19:18:54.966170,C-1465,customer,IT,customer,76,Low,4.21,"{""metric_1"": 4, ""metric_2"": 92}",False
RSK-000135,2026-07-21T19:18:54.966170,SYS-074,system,IT,cyber,20,High,4.05,"{""metric_1"": 8, ""metric_2"": 99}",True
RSK-000136,2026-08-01T19:18:54.966170,C-0978,customer,Support,customer,70,High,1.79,"{""metric_1"": 2, ""metric_2"": 96}",True
RSK-000137,2026-08-02T19:18:54.966170,SYS-027,system,Finance,fraud,69,Low,2.42,"{""metric_1"": 7, ""metric_2"": 51}",True
RSK-000138,2026-08-18T19:18:54.966170,C-2082,customer,Operations,customer,83,Low,4.25,"{""metric_1"": 2, ""metric_2"": 20}",False
RSK-000139,2026-05-16T19:18:54.966170,C-0130,customer,IT,financial,57,High,3.98,"{""metric_1"": 7, ""metric_2"": 15}",False
RSK-000140,2026-06-05T19:18:54.966170,SYS-028,system,Finance,fraud,59,Moderate,4.61,"{""metric_1"": 9, ""metric_2"": 61}",False
RSK-000141,2026-07-04T19:18:54.966170,C-1795,customer,Operations,customer,99,High,1.47,"{""metric_1"": 4, ""metric_2"": 52}",False
RSK-000142,2026-05-27T19:18:54.966170,SYS-029,system,IT,cyber,13,Moderate,1.52,"{""metric_1"": 9, ""metric_2"": 16}",False
RSK-000143,2026-06-21T19:18:54.966170,S-007,supplier,Support,operational,18,Low,4.54,"{""metric_1"": 9, ""metric_2"": 84}",True
RSK-000144,2026-07-08T19:18:54.966170,C-1997,customer,Support,customer,32,Moderate,1.93,"{""metric_1"": 3, ""metric_2"": 46}",True
RSK-000145,2026-05-16T19:18:54.966170,SYS-047,system,Support,fraud,96,Moderate,4.09,"{""metric_1"": 3, ""metric_2"": 34}",False
RSK-000146,2026-07-22T19:18:54.966170,S-030,supplier,Finance,operational,63,High,2.31,"{""metric_1"": 2, ""metric_2"": 73}",True
RSK-000147,2026-07-25T19:18:54.966170,C-2291,customer,Support,financial,23,Moderate,4.53,"{""metric_1"": 9, ""metric_2"": 51}",False
RSK-000148,2026-07-31T19:18:54.966170,SYS-084,system,IT,cyber,26,Moderate,1.81,"{""metric_1"": 2, ""metric_2"": 39}",False
RSK-000149,2026-07-18T19:18:54.966170,SYS-097,system,Support,fraud,61,Moderate,1.2,"{""metric_1"": 2, ""metric_2"": 16}",False
RSK-000150,2026-05-29T19:18:54.966170,SYS-030,system,Operations,fraud,38,High,2.34,"{""metric_1"": 3, ""metric_2"": 18}",False
RSK-000151,2026-07-26T19:18:54.966170,S-018,supplier,IT,operational,10,Critical,3.71,"{""metric_1"": 3, ""metric_2"": 86}",True
RSK-000152,2026-06-01T19:18:54.966170,S-045,supplier,Finance,operational,71,Low,1.83,"{""metric_1"": 6, ""metric_2"": 29}",True
RSK-000153,2026-08-10T19:18:54.966170,S-016,supplier,IT,operational,28,Low,3.64,"{""metric_1"": 7, ""metric_2"": 24}",True
RSK-000154,2026-07-13T19:18:54.966170,C-3121,customer,IT,financial,93,Moderate,4.84,"{""metric_1"": 8, ""metric_2"": 58}",True
RSK-000155,2026-06-02T19:18:54.966170,SYS-051,system,Finance,cyber,51,Moderate,0.56,"{""metric_1"": 4, ""metric_2"": 42}",True
RSK-000156,2026-06-28T19:18:54.966170,C-2611,customer,IT,financial,93,Critical,3.06,"{""metric_1"": 3, ""metric_2"": 97}",True
RSK-000157,2026-08-13T19:18:54.966170,C-3178,customer,Operations,financial,96,Low,2.22,"{""metric_1"": 5, ""metric_2"": 39}",False
RSK-000158,2026-06-29T19:18:54.966170,SYS-037,system,Support,fraud,97,High,4.56,"{""metric_1"": 3, ""metric_2"": 32}",True
RSK-000159,2026-07-04T19:18:54.966170,SYS-065,system,Operations,fraud,94,High,2.09,"{""metric_1"": 7, ""metric_2"": 66}",True
RSK-000160,2026-06-18T19:18:54.966170,C-0962,customer,Operations,financial,65,Low,4.05,"{""metric_1"": 5, ""metric_2"": 93}",True
RSK-000161,2026-08-07T19:18:54.966170,SYS-073,system,Finance,fraud,98,High,4.95,"{""metric_1"": 4, ""metric_2"": 19}",False
RSK-000162,2026-08-14T19:18:54.966170,C-4328,customer,Support,customer,11,Moderate,0.49,"{""metric_1"": 4, ""metric_2"": 16}",True
RSK-000163,2026-08-13T19:18:54.966170,C-0066,customer,Support,customer,76,Moderate,3.2,"{""metric_1"": 3, ""metric_2"": 74}",False
RSK-000164,2026-08-01T19:18:54.966170,SYS-046,system,Operations,fraud,77,Critical,2.38,"{""metric_1"": 5, ""metric_2"": 78}",True
RSK-000165,2026-06-26T19:18:54.966170,SYS-098,system,Operations,cyber,67,High,3.9,"{""metric_1"": 5, ""metric_2"": 58}",True
RSK-000166,2026-08-21T19:18:54.966170,SYS-018,system,IT,cyber,76,Critical,3.85,"{""metric_1"": 8, ""metric_2"": 42}",True
RSK-000167,2026-08-14T19:18:54.966170,SYS-031,system,IT,cyber,95,High,3.94,"{""metric_1"": 6, ""metric_2"": 38}",False
RSK-000168,2026-05-22T19:18:54.966170,C-2067,customer,IT,customer,66,Critical,2.58,"{""metric_1"": 2, ""metric_2"": 42}",False
RSK-000169,2026-05-22T19:18:54.966170,S-034,supplier,Operations,operational,33,Low,4.8,"{""metric_1"": 1, ""metric_2"": 80}",True
RSK-000170,2026-06-12T19:18:54.966170,SYS-045,system,Operations,cyber,31,Critical,4.75,"{""metric_1"": 6, ""metric_2"": 62}",False
RSK-000171,2026-08-09T19:18:54.966170,SYS-041,system,Finance,cyber,83,Low,0.24,"{""metric_1"": 9, ""metric_2"": 19}",True
RSK-000172,2026-07-27T19:18:54.966170,C-3786,customer,IT,customer,80,Moderate,2.14,"{""metric_1"": 3, ""metric_2"": 24}",True
RSK-000173,2026-08-08T19:18:54.966170,C-0486,customer,Operations,financial,11,High,4.57,"{""metric_1"": 1, ""metric_2"": 30}",True
RSK-000174,2026-08-20T19:18:54.966170,SYS-084,system,IT,fraud,22,High,0.45,"{""metric_1"": 7, ""metric_2"": 55}",True
RSK-000175,2026-07-14T19:18:54.966170,S-010,supplier,Support,operational,43,Moderate,3.49,"{""metric_1"": 9, ""metric_2"": 51}",False
RSK-000176,2026-08-20T19:18:54.966170,SYS-007,system,Operations,cyber,46,Low,0.16,"{""metric_1"": 1, ""metric_2"": 61}",True
RSK-000177,2026-05-27T19:18:54.966170,C-2506,customer,Support,customer,26,Moderate,0.91,"{""metric_1"": 1, ""metric_2"": 27}",True
RSK-000178,2026-07-19T19:18:54.966170,C-1385,customer,Operations,customer,49,Moderate,0.87,"{""metric_1"": 6, ""metric_2"": 87}",True
RSK-000179,2026-06-10T19:18:54.966170,SYS-014,system,Finance,cyber,84,Critical,3.53,"{""metric_1"": 9, ""metric_2"": 34}",True
RSK-000180,2026-07-13T19:18:54.966170,S-026,supplier,IT,operational,31,Moderate,3.23,"{""metric_1"": 1, ""metric_2"": 14}",False
RSK-000181,2026-05-24T19:18:54.966170,SYS-007,system,Operations,cyber,92,Low,1.79,"{""metric_1"": 5, ""metric_2"": 45}",False
RSK-000182,2026-06-01T19:18:54.966170,SYS-083,system,IT,cyber,36,High,0.94,"{""metric_1"": 7, ""metric_2"": 36}",False
RSK-000183,2026-06-02T19:18:54.966170,C-4964,customer,Finance,customer,16,Critical,2.42,"{""metric_1"": 2, ""metric_2"": 55}",False
RSK-000184,2026-07-30T19:18:54.966170,C-3660,customer,Operations,customer,95,High,2.53,"{""metric_1"": 2, ""metric_2"": 15}",True
RSK-000185,2026-05-30T19:18:54.966170,C-2173,customer,Operations,customer,62,High,4.79,"{""metric_1"": 7, ""metric_2"": 16}",False
RSK-000186,2026-06-14T19:18:54.966170,SYS-060,system,IT,cyber,67,Moderate,1.87,"{""metric_1"": 6, ""metric_2"": 75}",False
RSK-000187,2026-08-10T19:18:54.966170,C-2253,customer,IT,customer,38,High,0.7,"{""metric_1"": 1, ""metric_2"": 81}",True
RSK-000188,2026-07-28T19:18:54.966170,SYS-035,system,Support,fraud,15,Low,0.24,"{""metric_1"": 5, ""metric_2"": 71}",True
RSK-000189,2026-06-02T19:18:54.966170,SYS-030,system,Support,fraud,13,Low,3.38,"{""metric_1"": 8, ""metric_2"": 68}",True
RSK-000190,2026-06-17T19:18:54.966170,C-2419,customer,Operations,financial,64,Critical,1.92,"{""metric_1"": 4, ""metric_2"": 58}",False
RSK-000191,2026-07-11T19:18:54.966170,SYS-099,system,Finance,fraud,64,High,0.9,"{""metric_1"": 9, ""metric_2"": 33}",False
RSK-000192,2026-05-21T19:18:54.966170,SYS-044,system,Support,fraud,23,Critical,3.51,"{""metric_1"": 3, ""metric_2"": 78}",False
RSK-000193,2026-06-08T19:18:54.966170,C-3904,customer,Support,customer,74,High,1.49,"{""metric_1"": 4, ""metric_2"": 44}",False
RSK-000194,2026-08-11T19:18:54.966170,S-018,supplier,Support,operational,71,High,4.88,"{""metric_1"": 8, ""metric_2"": 73}",False
RSK-000195,2026-07-04T19:18:54.966170,C-3425,customer,Finance,financial,13,Critical,0.37,"{""metric_1"": 2, ""metric_2"": 18}",True
RSK-000196,2026-07-28T19:18:54.966170,C-4761,customer,IT,financial,48,Critical,2.74,"{""metric_1"": 1, ""metric_2"": 92}",False
RSK-000197,2026-07-01T19:18:54.966170,C-1305,customer,Operations,financial,88,High,1.27,"{""metric_1"": 1, ""metric_2"": 12}",True
RSK-000198,2026-06-28T19:18:54.966170,SYS-022,system,Operations,fraud,36,Critical,2.04,"{""metric_1"": 2, ""metric_2"": 72}",False
RSK-000199,2026-07-11T19:18:54.966170,C-0426,customer,Finance,customer,25,Moderate,4.74,"{""metric_1"": 3, ""metric_2"": 90}",False
RSK-000200,2026-06-06T19:18:54.966170,S-020,supplier,Finance,operational,92,Low,4.1,"{""metric_1"": 1, ""metric_2"": 25}",True
RSK-000201,2026-05-26T19:18:54.966170,SYS-021,system,IT,fraud,61,High,0.81,"{""metric_1"": 7, ""metric_2"": 63}",False
RSK-000202,2026-06-22T19:18:54.966170,C-1332,customer,Finance,financial,78,Moderate,4.92,"{""metric_1"": 3, ""metric_2"": 45}",True
RSK-000203,2026-06-04T19:18:54.966170,C-0188,customer,IT,financial,61,Low,4.8,"{""metric_1"": 6, ""metric_2"": 13}",False
RSK-000204,2026-07-24T19:18:54.966170,S-003,supplier,Support,operational,23,Moderate,2.16,"{""metric_1"": 5, ""metric_2"": 38}",True
RSK-000205,2026-08-15T19:18:54.966170,SYS-059,system,IT,cyber,65,Moderate,4.5,"{""metric_1"": 5, ""metric_2"": 93}",True
RSK-000206,2026-07-12T19:18:54.966170,SYS-041,system,Finance,fraud,83,Low,1.09,"{""metric_1"": 7, ""metric_2"": 54}",True
RSK-000207,2026-08-05T19:18:54.966170,SYS-065,system,IT,fraud,71,Moderate,3.3,"{""metric_1"": 8, ""metric_2"": 18}",False
RSK-000208,2026-08-16T19:18:54.966170,SYS-020,system,IT,fraud,53,Critical,1.9,"{""metric_1"": 1, ""metric_2"": 14}",True
RSK-000209,2026-08-07T19:18:54.966170,SYS-080,system,Support,fraud,94,Critical,1.74,"{""metric_1"": 1, ""metric_2"": 73}",False
RSK-000210,2026-06-17T19:18:54.966170,SYS-009,system,Finance,cyber,51,Critical,3.69,"{""metric_1"": 6, ""metric_2"": 19}",True
RSK-000211,2026-05-18T19:18:54.966170,C-4575,customer,Support,financial,92,High,2.84,"{""metric_1"": 1, ""metric_2"": 80}",False
RSK-000212,2026-07-01T19:18:54.966170,SYS-058,system,Finance,cyber,39,Critical,4.81,"{""metric_1"": 4, ""metric_2"": 99}",False
RSK-000213,2026-07-18T19:18:54.966170,SYS-041,system,Support,cyber,62,Low,0.44,"{""metric_1"": 1, ""metric_2"": 15}",True
RSK-000214,2026-07-06T19:18:54.966170,SYS-067,system,IT,fraud,10,Moderate,0.76,"{""metric_1"": 1, ""metric_2"": 42}",False
RSK-000215,2026-06-26T19:18:54.966170,C-4019,customer,Support,financial,83,Critical,3.26,"{""metric_1"": 9, ""metric_2"": 58}",False
RSK-000216,2026-08-06T19:18:54.966170,SYS-022,system,IT,cyber,26,High,1.11,"{""metric_1"": 9, ""metric_2"": 57}",True
RSK-000217,2026-08-21T19:18:54.966170,SYS-003,system,Support,cyber,53,High,4.9,"{""metric_1"": 6, ""metric_2"": 39}",False
RSK-000218,2026-05-15T19:18:54.966170,SYS-037,system,Operations,fraud,21,High,4.87,"{""metric_1"": 4, ""metric_2"": 92}",True
RSK-000219,2026-05-16T19:18:54.966170,C-1893,customer,Operations,customer,32,Moderate,3.28,"{""metric_1"": 8, ""metric_2"": 74}",True
RSK-000220,2026-05-15T19:18:54.966170,S-019,supplier,Operations,operational,19,Low,0.77,"{""metric_1"": 2, ""metric_2"": 46}",False
RSK-000221,2026-05-31T19:18:54.966170,S-009,supplier,Finance,operational,22,Critical,2.75,"{""metric_1"": 6, ""metric_2"": 61}",True
RSK-000222,2026-07-29T19:18:54.966170,S-041,supplier,Operations,operational,95,Moderate,4.25,"{""metric_1"": 5, ""metric_2"": 77}",True
RSK-000223,2026-08-19T19:18:54.966170,S-039,supplier,Operations,operational,25,Moderate,0.22,"{""metric_1"": 4, ""metric_2"": 61}",True
RSK-000224,2026-07-21T19:18:54.966170,SYS-092,system,Operations,cyber,28,High,3.65,"{""metric_1"": 4, ""metric_2"": 81}",False
RSK-000225,2026-08-03T19:18:54.966170,S-044,supplier,Finance,operational,58,Critical,4.7,"{""metric_1"": 9, ""metric_2"": 67}",True
RSK-000226,2026-06-24T19:18:54.966170,C-4721,customer,IT,customer,42,High,2.74,"{""metric_1"": 6, ""metric_2"": 55}",True
RSK-000227,2026-06-01T19:18:54.966170,S-016,supplier,Operations,operational,21,Moderate,4.73,"{""metric_1"": 5, ""metric_2"": 65}",True
RSK-000228,2026-08-09T19:18:54.966170,S-041,supplier,Finance,operational,53,High,4.22,"{""metric_1"": 2, ""metric_2"": 61}",True
RSK-000229,2026-07-25T19:18:54.966170,S-040,supplier,Finance,operational,92,High,4.2,"{""metric_1"": 7, ""metric_2"": 20}",True
RSK-000230,2026-08-16T19:18:54.966170,C-3585,customer,Operations,financial,95,High,2.23,"{""metric_1"": 2, ""metric_2"": 75}",False
RSK-000231,2026-06-22T19:18:54.966170,SYS-010,system,Finance,fraud,62,Critical,1.95,"{""metric_1"": 8, ""metric_2"": 54}",True
RSK-000232,2026-07-13T19:18:54.966170,C-4069,customer,Operations,customer,77,Moderate,4.59,"{""metric_1"": 1, ""metric_2"": 98}",True
RSK-000233,2026-07-17T19:18:54.966170,SYS-040,system,Operations,fraud,27,Moderate,4.93,"{""metric_1"": 9, ""metric_2"": 27}",True
RSK-000234,2026-07-02T19:18:54.966170,C-0882,customer,IT,financial,85,Critical,3.82,"{""metric_1"": 4, ""metric_2"": 47}",False
RSK-000235,2026-06-29T19:18:54.966170,C-4772,customer,Finance,financial,36,Moderate,0.52,"{""metric_1"": 9, ""metric_2"": 69}",True
RSK-000236,2026-07-22T19:18:54.966170,SYS-083,system,Finance,fraud,23,High,1.06,"{""metric_1"": 4, ""metric_2"": 22}",True
RSK-000237,2026-06-12T19:18:54.966170,SYS-068,system,Operations,cyber,72,Moderate,0.84,"{""metric_1"": 7, ""metric_2"": 55}",True
RSK-000238,2026-06-06T19:18:54.966170,SYS-070,system,IT,fraud,36,Low,3.49,"{""metric_1"": 7, ""metric_2"": 43}",True
RSK-000239,2026-05-24T19:18:54.966170,S-016,supplier,Operations,operational,53,High,4.51,"{""metric_1"": 1, ""metric_2"": 28}",True
RSK-000240,2026-07-28T19:18:54.966170,S-004,supplier,Operations,operational,22,Moderate,2.03,"{""metric_1"": 3, ""metric_2"": 38}",True
RSK-000241,2026-06-16T19:18:54.966170,C-2297,customer,Finance,customer,39,Critical,2.87,"{""metric_1"": 4, ""metric_2"": 13}",False
RSK-000242,2026-06-22T19:18:54.966170,SYS-057,system,Operations,fraud,72,Low,1.12,"{""metric_1"": 9, ""metric_2"": 82}",False
RSK-000243,2026-06-14T19:18:54.966170,SYS-006,system,Finance,cyber,53,Moderate,0.46,"{""metric_1"": 2, ""metric_2"": 49}",True
RSK-000244,2026-06-02T19:18:54.966170,C-1874,customer,Finance,customer,13,High,3.43,"{""metric_1"": 1, ""metric_2"": 99}",False
RSK-000245,2026-05-27T19:18:54.966170,SYS-045,system,Operations,cyber,51,Critical,0.8,"{""metric_1"": 8, ""metric_2"": 70}",False
RSK-000246,2026-07-01T19:18:54.966170,C-4240,customer,Support,financial,53,High,2.58,"{""metric_1"": 6, ""metric_2"": 88}",True
RSK-000247,2026-06-06T19:18:54.966170,C-0139,customer,IT,customer,85,High,1.41,"{""metric_1"": 3, ""metric_2"": 29}",False
RSK-000248,2026-07-17T19:18:54.966170,SYS-049,system,IT,cyber,83,Critical,2.69,"{""metric_1"": 6, ""metric_2"": 74}",True
RSK-000249,2026-07-13T19:18:54.966170,SYS-050,system,Finance,cyber,72,Moderate,4.74,"{""metric_1"": 5, ""metric_2"": 83}",False
RSK-000250,2026-06-18T19:18:54.966170,SYS-076,system,IT,cyber,69,Moderate,2.11,"{""metric_1"": 6, ""metric_2"": 49}",True
RSK-000251,2026-07-01T19:18:54.966170,SYS-018,system,IT,fraud,93,High,0.36,"{""metric_1"": 5, ""metric_2"": 43}",True
RSK-000252,2026-08-01T19:18:54.966170,C-2084,customer,Finance,financial,59,Critical,4.89,"{""metric_1"": 7, ""metric_2"": 41}",False
RSK-000253,2026-06-09T19:18:54.966170,S-019,supplier,Operations,operational,91,Critical,1.27,"{""metric_1"": 8, ""metric_2"": 92}",True
RSK-000254,2026-07-11T19:18:54.966170,SYS-009,system,IT,cyber,75,Critical,2.66,"{""metric_1"": 4, ""metric_2"": 18}",False
RSK-000255,2026-08-08T19:18:54.966170,SYS-054,system,Support,fraud,58,Moderate,2.54,"{""metric_1"": 1, ""metric_2"": 85}",True
RSK-000256,2026-07-24T19:18:54.966170,C-0760,customer,Operations,financial,79,High,1.67,"{""metric_1"": 1, ""metric_2"": 88}",True
RSK-000257,2026-05-16T19:18:54.966170,S-006,supplier,Support,operational,64,High,2.09,"{""metric_1"": 9, ""metric_2"": 15}",True
RSK-000258,2026-08-11T19:18:54.966170,C-1405,customer,Operations,financial,39,Low,2.26,"{""metric_1"": 7, ""metric_2"": 56}",True
RSK-000259,2026-05-16T19:18:54.966170,SYS-007,system,Support,cyber,37,High,3.16,"{""metric_1"": 2, ""metric_2"": 69}",False
RSK-000260,2026-07-26T19:18:54.966170,C-3624,customer,Support,financial,97,Moderate,2.78,"{""metric_1"": 2, ""metric_2"": 32}",False
RSK-000261,2026-07-05T19:18:54.966170,C-0683,customer,Support,customer,23,High,4.63,"{""metric_1"": 1, ""metric_2"": 31}",True
RSK-000262,2026-06-01T19:18:54.966170,C-0422,customer,Operations,financial,98,High,2.95,"{""metric_1"": 6, ""metric_2"": 66}",True
RSK-000263,2026-07-24T19:18:54.966170,S-009,supplier,Finance,operational,53,High,0.44,"{""metric_1"": 9, ""metric_2"": 77}",True
RSK-000264,2026-07-04T19:18:54.966170,SYS-048,system,Support,cyber,92,Moderate,4.59,"{""metric_1"": 8, ""metric_2"": 90}",False
RSK-000265,2026-05-31T19:18:54.966170,C-1367,customer,IT,financial,69,Moderate,0.25,"{""metric_1"": 3, ""metric_2"": 81}",True
RSK-000266,2026-05-29T19:18:54.966170,SYS-038,system,IT,fraud,76,Low,1.86,"{""metric_1"": 8, ""metric_2"": 68}",True
RSK-000267,2026-05-21T19:18:54.966170,SYS-059,system,Support,cyber,36,Critical,4.33,"{""metric_1"": 2, ""metric_2"": 91}",True
RSK-000268,2026-07-07T19:18:54.966170,C-1040,customer,Support,customer,66,Moderate,1.15,"{""metric_1"": 8, ""metric_2"": 89}",False
RSK-000269,2026-08-02T19:18:54.966170,SYS-066,system,Operations,cyber,79,Low,0.84,"{""metric_1"": 2, ""metric_2"": 99}",True
RSK-000270,2026-05-23T19:18:54.966170,S-039,supplier,Support,operational,56,Low,2.13,"{""metric_1"": 3, ""metric_2"": 91}",False
RSK-000271,2026-07-30T19:18:54.966170,SYS-068,system,Operations,fraud,84,Critical,4.38,"{""metric_1"": 4, ""metric_2"": 39}",False
RSK-000272,2026-05-31T19:18:54.966170,SYS-089,system,Operations,cyber,19,Critical,1.94,"{""metric_1"": 7, ""metric_2"": 38}",False
RSK-000273,2026-08-13T19:18:54.966170,SYS-017,system,IT,cyber,56,Critical,2.59,"{""metric_1"": 1, ""metric_2"": 65}",True
RSK-000274,2026-05-27T19:18:54.966170,S-023,supplier,Finance,operational,41,Low,1.77,"{""metric_1"": 2, ""metric_2"": 59}",True
RSK-000275,2026-07-21T19:18:54.966170,S-006,supplier,IT,operational,78,Moderate,0.87,"{""metric_1"": 4, ""metric_2"": 53}",False
RSK-000276,2026-07-27T19:18:54.966170,SYS-074,system,Operations,fraud,99,High,2.81,"{""metric_1"": 3, ""metric_2"": 88}",True
RSK-000277,2026-07-31T19:18:54.966170,C-1020,customer,IT,customer,84,Moderate,3.85,"{""metric_1"": 6, ""metric_2"": 72}",False
RSK-000278,2026-05-29T19:18:54.966170,SYS-040,system,IT,fraud,11,High,1.26,"{""metric_1"": 4, ""metric_2"": 73}",False
RSK-000279,2026-06-26T19:18:54.966170,C-1707,customer,Operations,financial,62,High,3.5,"{""metric_1"": 1, ""metric_2"": 46}",False
RSK-000280,2026-06-11T19:18:54.966170,S-014,supplier,Finance,operational,18,High,2.3,"{""metric_1"": 8, ""metric_2"": 44}",True
RSK-000281,2026-06-06T19:18:54.966170,C-0252,customer,Operations,customer,40,High,4.99,"{""metric_1"": 8, ""metric_2"": 27}",False
RSK-000282,2026-06-23T19:18:54.966170,S-013,supplier,IT,operational,75,Moderate,2.61,"{""metric_1"": 2, ""metric_2"": 80}",False
RSK-000283,2026-06-01T19:18:54.966170,C-1013,customer,Support,customer,56,High,4.88,"{""metric_1"": 5, ""metric_2"": 71}",True
RSK-000284,2026-05-29T19:18:54.966170,C-0954,customer,Finance,customer,68,Low,4.1,"{""metric_1"": 4, ""metric_2"": 29}",False
RSK-000285,2026-06-19T19:18:54.966170,SYS-041,system,Support,cyber,68,High,2.24,"{""metric_1"": 4, ""metric_2"": 85}",False
RSK-000286,2026-06-21T19:18:54.966170,SYS-061,system,Operations,cyber,57,High,1.56,"{""metric_1"": 9, ""metric_2"": 79}",False
RSK-000287,2026-05-23T19:18:54.966170,SYS-030,system,Operations,fraud,19,Low,3.24,"{""metric_1"": 8, ""metric_2"": 22}",True
RSK-000288,2026-05-19T19:18:54.966170,SYS-011,system,IT,fraud,37,Moderate,0.7,"{""metric_1"": 4, ""metric_2"": 75}",True
RSK-000289,2026-07-20T19:18:54.966170,C-1066,customer,Support,financial,38,Moderate,4.68,"{""metric_1"": 8, ""metric_2"": 49}",True
RSK-000290,2026-07-02T19:18:54.966170,C-3981,customer,Operations,customer,66,Critical,1.26,"{""metric_1"": 5, ""metric_2"": 66}",True
RSK-000291,2026-07-10T19:18:54.966170,SYS-081,system,Operations,fraud,70,Critical,4.58,"{""metric_1"": 5, ""metric_2"": 16}",False
RSK-000292,2026-07-12T19:18:54.966170,C-2424,customer,IT,customer,43,Moderate,1.13,"{""metric_1"": 7, ""metric_2"": 41}",True
RSK-000293,2026-08-07T19:18:54.966170,SYS-008,system,Operations,cyber,51,Moderate,3.05,"{""metric_1"": 4, ""metric_2"": 25}",True
RSK-000294,2026-07-02T19:18:54.966170,C-4725,customer,IT,customer,15,Moderate,0.86,"{""metric_1"": 5, ""metric_2"": 13}",True
RSK-000295,2026-07-28T19:18:54.966170,SYS-003,system,IT,cyber,68,Low,0.25,"{""metric_1"": 3, ""metric_2"": 34}",True
RSK-000296,2026-06-27T19:18:54.966170,C-2625,customer,IT,financial,62,High,2.35,"{""metric_1"": 2, ""metric_2"": 68}",True
RSK-000297,2026-08-07T19:18:54.966170,SYS-094,system,IT,cyber,79,Moderate,0.66,"{""metric_1"": 8, ""metric_2"": 60}",True
RSK-000298,2026-06-29T19:18:54.966170,C-1447,customer,Operations,financial,37,High,4.01,"{""metric_1"": 1, ""metric_2"": 84}",False
RSK-000299,2026-06-06T19:18:54.966170,S-019,supplier,Finance,operational,40,Low,1.56,"{""metric_1"": 4, ""metric_2"": 21}",False
RSK-000300,2026-07-15T19:18:54.966170,C-0663,customer,Support,customer,84,High,0.86,"{""metric_1"": 9, ""metric_2"": 70}",False
RSK-000301,2026-06-16T19:18:54.966170,SYS-059,system,Operations,cyber,91,Low,4.75,"{""metric_1"": 5, ""metric_2"": 19}",False
RSK-000302,2026-05-20T19:18:54.966170,SYS-064,system,IT,cyber,40,Low,3.58,"{""metric_1"": 3, ""metric_2"": 59}",True
RSK-000303,2026-07-30T19:18:54.966170,SYS-082,system,Operations,cyber,26,Low,0.57,"{""metric_1"": 2, ""metric_2"": 58}",True
RSK-000304,2026-07-18T19:18:54.966170,SYS-087,system,Operations,cyber,98,High,3.34,"{""metric_1"": 3, ""metric_2"": 58}",False
RSK-000305,2026-07-26T19:18:54.966170,S-003,supplier,IT,operational,42,Critical,0.56,"{""metric_1"": 7, ""metric_2"": 59}",True
RSK-000306,2026-07-25T19:18:54.966170,S-004,supplier,Operations,operational,84,High,4.98,"{""metric_1"": 4, ""metric_2"": 58}",True
RSK-000307,2026-06-25T19:18:54.966170,C-2549,customer,Operations,financial,87,Low,2.76,"{""metric_1"": 8, ""metric_2"": 42}",False
RSK-000308,2026-06-19T19:18:54.966170,SYS-091,system,Operations,fraud,76,Low,3.34,"{""metric_1"": 1, ""metric_2"": 47}",True
RSK-000309,2026-05-23T19:18:54.966170,SYS-047,system,Support,fraud,36,Critical,3.83,"{""metric_1"": 6, ""metric_2"": 52}",False
RSK-000310,2026-06-21T19:18:54.966170,SYS-090,system,Support,fraud,57,Low,1.11,"{""metric_1"": 8, ""metric_2"": 50}",False
RSK-000311,2026-06-21T19:18:54.966170,C-0523,customer,Support,customer,60,Critical,4.93,"{""metric_1"": 6, ""metric_2"": 91}",True
RSK-000312,2026-08-06T19:18:54.966170,C-2125,customer,Support,customer,63,High,4.68,"{""metric_1"": 4, ""metric_2"": 85}",True
RSK-000313,2026-06-17T19:18:54.966170,SYS-019,system,Support,cyber,23,Critical,1.36,"{""metric_1"": 2, ""metric_2"": 22}",True
RSK-000314,2026-07-02T19:18:54.966170,C-2902,customer,IT,financial,90,Moderate,2.68,"{""metric_1"": 8, ""metric_2"": 59}",False
RSK-000315,2026-06-30T19:18:54.966170,S-018,supplier,Support,operational,21,Critical,2.53,"{""metric_1"": 4, ""metric_2"": 21}",True
RSK-000316,2026-07-31T19:18:54.966170,SYS-010,system,Finance,fraud,19,Critical,3.58,"{""metric_1"": 2, ""metric_2"": 34}",False
RSK-000317,2026-05-24T19:18:54.966170,SYS-033,system,Support,fraud,34,High,3.35,"{""metric_1"": 4, ""metric_2"": 68}",True
RSK-000318,2026-05-31T19:18:54.966170,SYS-089,system,IT,cyber,78,Critical,2.53,"{""metric_1"": 5, ""metric_2"": 77}",True
RSK-000319,2026-06-03T19:18:54.966170,SYS-009,system,Support,fraud,80,Moderate,1.22,"{""metric_1"": 3, ""metric_2"": 26}",True
RSK-000320,2026-05-28T19:18:54.966170,C-4170,customer,Finance,financial,17,Critical,0.62,"{""metric_1"": 3, ""metric_2"": 76}",False
RSK-000321,2026-06-24T19:18:54.966170,SYS-093,system,Finance,cyber,34,High,4.85,"{""metric_1"": 3, ""metric_2"": 16}",True
RSK-000322,2026-05-25T19:18:54.966170,SYS-089,system,IT,cyber,93,Moderate,4.89,"{""metric_1"": 6, ""metric_2"": 85}",True
RSK-000323,2026-05-26T19:18:54.966170,C-4808,customer,Operations,customer,11,Moderate,1.4,"{""metric_1"": 6, ""metric_2"": 50}",True
RSK-000324,2026-06-29T19:18:54.966170,S-042,supplier,Operations,operational,75,High,3.51,"{""metric_1"": 6, ""metric_2"": 65}",True
RSK-000325,2026-05-30T19:18:54.966170,S-018,supplier,Operations,operational,41,Critical,3.21,"{""metric_1"": 9, ""metric_2"": 72}",True
RSK-000326,2026-08-01T19:18:54.966170,C-1007,customer,Operations,financial,96,Moderate,4.79,"{""metric_1"": 9, ""metric_2"": 76}",True
RSK-000327,2026-05-19T19:18:54.966170,C-3194,customer,Finance,financial,73,Critical,0.79,"{""metric_1"": 6, ""metric_2"": 83}",False
RSK-000328,2026-05-31T19:18:54.966170,C-1833,customer,Finance,financial,81,Low,2.93,"{""metric_1"": 7, ""metric_2"": 33}",False
RSK-000329,2026-07-20T19:18:54.966170,C-0479,customer,Operations,customer,32,Critical,2.73,"{""metric_1"": 3, ""metric_2"": 86}",False
RSK-000330,2026-07-13T19:18:54.966170,SYS-053,system,Finance,cyber,46,High,3.68,"{""metric_1"": 5, ""metric_2"": 82}",True
RSK-000331,2026-05-26T19:18:54.966170,SYS-053,system,Finance,fraud,63,Moderate,2.29,"{""metric_1"": 1, ""metric_2"": 91}",True
RSK-000332,2026-05-17T19:18:54.966170,SYS-029,system,Operations,cyber,61,Critical,1.01,"{""metric_1"": 7, ""metric_2"": 42}",False
RSK-000333,2026-06-06T19:18:54.966170,SYS-039,system,Support,cyber,79,Critical,4.6,"{""metric_1"": 8, ""metric_2"": 16}",False
RSK-000334,2026-07-29T19:18:54.966170,SYS-093,system,Operations,fraud,32,Low,2.52,"{""metric_1"": 8, ""metric_2"": 46}",True
RSK-000335,2026-07-28T19:18:54.966170,SYS-043,system,IT,cyber,13,Critical,4.31,"{""metric_1"": 5, ""metric_2"": 31}",True
RSK-000336,2026-07-05T19:18:54.966170,S-031,supplier,Finance,operational,49,Low,3.69,"{""metric_1"": 8, ""metric_2"": 43}",True
RSK-000337,2026-06-29T19:18:54.966170,C-3446,customer,Support,customer,34,Moderate,4.62,"{""metric_1"": 3, ""metric_2"": 94}",False
RSK-000338,2026-06-21T19:18:54.966170,SYS-042,system,Finance,cyber,90,High,2.57,"{""metric_1"": 2, ""metric_2"": 45}",False
RSK-000339,2026-07-26T19:18:54.966170,C-2369,customer,Support,customer,55,Moderate,4.65,"{""metric_1"": 1, ""metric_2"": 67}",True
RSK-000340,2026-06-29T19:18:54.966170,SYS-081,system,Operations,cyber,80,Critical,0.46,"{""metric_1"": 2, ""metric_2"": 21}",False
RSK-000341,2026-06-17T19:18:54.966170,SYS-009,system,Finance,fraud,23,Low,1.41,"{""metric_1"": 4, ""metric_2"": 23}",True
RSK-000342,2026-08-12T19:18:54.966170,C-0096,customer,Operations,financial,23,Moderate,0.31,"{""metric_1"": 2, ""metric_2"": 19}",False
RSK-000343,2026-07-18T19:18:54.966170,C-4656,customer,IT,financial,56,High,2.55,"{""metric_1"": 9, ""metric_2"": 17}",True
RSK-000344,2026-07-24T19:18:54.966170,C-2533,customer,Finance,financial,64,Moderate,3.7,"{""metric_1"": 5, ""metric_2"": 80}",False
RSK-000345,2026-07-29T19:18:54.966170,C-3601,customer,Support,customer,95,Critical,0.18,"{""metric_1"": 6, ""metric_2"": 22}",True
RSK-000346,2026-06-20T19:18:54.966170,S-025,supplier,Operations,operational,53,Critical,3.3,"{""metric_1"": 3, ""metric_2"": 99}",True
RSK-000347,2026-07-13T19:18:54.966170,C-2336,customer,IT,customer,18,High,0.41,"{""metric_1"": 3, ""metric_2"": 83}",True
RSK-000348,2026-07-28T19:18:54.966170,S-038,supplier,Operations,operational,74,High,4.59,"{""metric_1"": 5, ""metric_2"": 79}",True
RSK-000349,2026-06-07T19:18:54.966170,S-023,supplier,IT,operational,64,High,3.83,"{""metric_1"": 9, ""metric_2"": 22}",False
RSK-000350,2026-08-18T19:18:54.966170,C-1683,customer,Operations,financial,34,High,2.05,"{""metric_1"": 5, ""metric_2"": 96}",False
RSK-000351,2026-07-06T19:18:54.966170,C-3910,customer,Operations,customer,42,Critical,3.27,"{""metric_1"": 7, ""metric_2"": 18}",True
RSK-000352,2026-06-24T19:18:54.966170,S-037,supplier,IT,operational,11,High,4.61,"{""metric_1"": 7, ""metric_2"": 60}",True
RSK-000353,2026-06-24T19:18:54.966170,SYS-057,system,IT,cyber,55,Critical,1.48,"{""metric_1"": 4, ""metric_2"": 65}",True
RSK-000354,2026-05-20T19:18:54.966170,S-032,supplier,Operations,operational,34,Low,1.62,"{""metric_1"": 2, ""metric_2"": 95}",False
RSK-000355,2026-06-24T19:18:54.966170,C-4698,customer,Operations,customer,48,High,1.21,"{""metric_1"": 5, ""metric_2"": 65}",False
RSK-000356,2026-08-10T19:18:54.966170,C-1296,customer,Operations,financial,20,Moderate,4.29,"{""metric_1"": 1, ""metric_2"": 64}",True
RSK-000357,2026-06-07T19:18:54.966170,C-0307,customer,IT,customer,36,Low,3.36,"{""metric_1"": 2, ""metric_2"": 17}",True
RSK-000358,2026-07-18T19:18:54.966170,C-2764,customer,Support,financial,17,Moderate,2.7,"{""metric_1"": 2, ""metric_2"": 45}",True
RSK-000359,2026-08-10T19:18:54.966170,C-3521,customer,Support,financial,48,Critical,4.9,"{""metric_1"": 4, ""metric_2"": 69}",True
RSK-000360,2026-08-18T19:18:54.966170,C-4667,customer,IT,financial,87,Low,1.8,"{""metric_1"": 9, ""metric_2"": 27}",True
RSK-000361,2026-07-19T19:18:54.966170,SYS-045,system,Finance,fraud,63,High,1.53,"{""metric_1"": 9, ""metric_2"": 17}",True
RSK-000362,2026-06-08T19:18:54.966170,C-3983,customer,Support,financial,45,Critical,2.41,"{""metric_1"": 9, ""metric_2"": 29}",True
RSK-000363,2026-06-25T19:18:54.966170,SYS-043,system,Operations,cyber,11,Critical,4.36,"{""metric_1"": 7, ""metric_2"": 82}",True
RSK-000364,2026-06-11T19:18:54.966170,C-0449,customer,Support,customer,82,High,2.08,"{""metric_1"": 6, ""metric_2"": 28}",True
RSK-000365,2026-05-16T19:18:54.966170,C-4256,customer,IT,customer,55,Low,3.25,"{""metric_1"": 3, ""metric_2"": 64}",True
RSK-000366,2026-05-24T19:18:54.966170,C-4357,customer,Support,customer,18,Moderate,4.43,"{""metric_1"": 8, ""metric_2"": 13}",False
RSK-000367,2026-06-12T19:18:54.966170,SYS-015,system,IT,fraud,51,Critical,4.07,"{""metric_1"": 6, ""metric_2"": 38}",True
RSK-000368,2026-08-10T19:18:54.966170,C-2902,customer,IT,financial,31,Moderate,1.67,"{""metric_1"": 7, ""metric_2"": 58}",True
RSK-000369,2026-06-12T19:18:54.966170,SYS-057,system,Finance,fraud,10,Critical,4.91,"{""metric_1"": 5, ""metric_2"": 35}",False
RSK-000370,2026-07-11T19:18:54.966170,SYS-002,system,Operations,fraud,23,Low,1.5,"{""metric_1"": 8, ""metric_2"": 30}",False
RSK-000371,2026-07-04T19:18:54.966170,C-1778,customer,Operations,customer,71,High,4.34,"{""metric_1"": 8, ""metric_2"": 11}",False
RSK-000372,2026-08-07T19:18:54.966170,S-016,supplier,IT,operational,33,Moderate,0.51,"{""metric_1"": 7, ""metric_2"": 58}",False
RSK-000373,2026-07-29T19:18:54.966170,SYS-025,system,Finance,cyber,94,Moderate,1.1,"{""metric_1"": 1, ""metric_2"": 86}",False
RSK-000374,2026-05-27T19:18:54.966170,SYS-003,system,Support,cyber,66,Low,4.09,"{""metric_1"": 7, ""metric_2"": 66}",False
RSK-000375,2026-05-14T19:18:54.966170,SYS-042,system,Finance,fraud,34,Moderate,1.72,"{""metric_1"": 7, ""metric_2"": 73}",False
RSK-000376,2026-08-14T19:18:54.966170,C-0760,customer,IT,customer,71,Low,1.0,"{""metric_1"": 3, ""metric_2"": 73}",True
RSK-000377,2026-06-19T19:18:54.966170,SYS-008,system,Finance,fraud,80,Moderate,1.7,"{""metric_1"": 3, ""metric_2"": 55}",False
RSK-000378,2026-08-18T19:18:54.966170,C-1211,customer,Finance,customer,88,Moderate,2.18,"{""metric_1"": 3, ""metric_2"": 34}",False
RSK-000379,2026-06-01T19:18:54.966170,C-0563,customer,Finance,customer,84,Low,3.22,"{""metric_1"": 2, ""metric_2"": 48}",True
RSK-000380,2026-07-24T19:18:54.966170,S-016,supplier,Support,operational,13,High,4.33,"{""metric_1"": 5, ""metric_2"": 99}",True
RSK-000381,2026-06-27T19:18:54.966170,SYS-002,system,Operations,fraud,95,Critical,2.26,"{""metric_1"": 4, ""metric_2"": 15}",False
RSK-000382,2026-06-07T19:18:54.966170,SYS-069,system,IT,fraud,77,High,3.63,"{""metric_1"": 5, ""metric_2"": 72}",True
RSK-000383,2026-06-03T19:18:54.966170,S-016,supplier,Finance,operational,99,High,0.49,"{""metric_1"": 6, ""metric_2"": 48}",False
RSK-000384,2026-07-03T19:18:54.966170,SYS-099,system,Support,cyber,47,High,0.53,"{""metric_1"": 8, ""metric_2"": 65}",True
RSK-000385,2026-05-15T19:18:54.966170,C-2900,customer,Finance,financial,78,Critical,3.34,"{""metric_1"": 1, ""metric_2"": 43}",False
RSK-000386,2026-07-20T19:18:54.966170,SYS-097,system,IT,cyber,96,Critical,1.8,"{""metric_1"": 9, ""metric_2"": 48}",False
RSK-000387,2026-07-18T19:18:54.966170,SYS-093,system,Finance,fraud,72,High,2.94,"{""metric_1"": 5, ""metric_2"": 58}",True
RSK-000388,2026-08-17T19:18:54.966170,S-050,supplier,Operations,operational,86,Moderate,2.93,"{""metric_1"": 6, ""metric_2"": 77}",True
RSK-000389,2026-07-03T19:18:54.966170,SYS-044,system,IT,cyber,45,High,0.13,"{""metric_1"": 7, ""metric_2"": 79}",False
RSK-000390,2026-07-30T19:18:54.966170,C-0701,customer,Operations,financial,40,Moderate,1.07,"{""metric_1"": 4, ""metric_2"": 76}",True
RSK-000391,2026-08-09T19:18:54.966170,S-048,supplier,Support,operational,65,High,2.38,"{""metric_1"": 2, ""metric_2"": 23}",True
RSK-000392,2026-08-05T19:18:54.966170,S-002,supplier,Operations,operational,45,Moderate,2.22,"{""metric_1"": 5, ""metric_2"": 12}",True
RSK-000393,2026-08-12T19:18:54.966170,SYS-009,system,IT,fraud,99,Moderate,3.28,"{""metric_1"": 9, ""metric_2"": 79}",True
RSK-000394,2026-08-11T19:18:54.966170,C-1423,customer,Support,customer,42,Low,2.92,"{""metric_1"": 1, ""metric_2"": 55}",True
RSK-000395,2026-05-17T19:18:54.966170,S-037,supplier,Finance,operational,60,Low,0.44,"{""metric_1"": 2, ""metric_2"": 16}",False
RSK-000396,2026-05-28T19:18:54.966170,SYS-015,system,IT,cyber,17,Moderate,0.3,"{""metric_1"": 1, ""metric_2"": 85}",False
RSK-000397,2026-06-12T19:18:54.966170,C-0324,customer,IT,customer,87,High,2.47,"{""metric_1"": 8, ""metric_2"": 29}",True
RSK-000398,2026-06-29T19:18:54.966170,C-3179,customer,Operations,financial,52,High,0.85,"{""metric_1"": 3, ""metric_2"": 88}",False
RSK-000399,2026-05-26T19:18:54.966170,C-4794,customer,Support,financial,12,Critical,3.87,"{""metric_1"": 9, ""metric_2"": 95}",True
RSK-000400,2026-07-23T19:18:54.966170,C-3041,customer,Support,customer,39,Moderate,4.21,"{""metric_1"": 7, ""metric_2"": 86}",True
RSK-000401,2026-05-29T19:18:54.966170,S-009,supplier,Support,operational,24,Moderate,4.42,"{""metric_1"": 7, ""metric_2"": 13}",False
RSK-000402,2026-06-24T19:18:54.966170,SYS-034,system,IT,fraud,52,Critical,2.8,"{""metric_1"": 8, ""metric_2"": 52}",False
RSK-000403,2026-06-05T19:18:54.966170,SYS-062,system,Support,fraud,18,Critical,1.25,"{""metric_1"": 1, ""metric_2"": 99}",True
RSK-000404,2026-07-31T19:18:54.966170,SYS-063,system,Operations,cyber,87,Low,3.93,"{""metric_1"": 6, ""metric_2"": 32}",False
RSK-000405,2026-06-28T19:18:54.966170,SYS-026,system,Support,fraud,19,Critical,2.54,"{""metric_1"": 4, ""metric_2"": 29}",True
RSK-000406,2026-08-13T19:18:54.966170,S-033,supplier,Operations,operational,72,Low,4.2,"{""metric_1"": 7, ""metric_2"": 92}",True
RSK-000407,2026-08-13T19:18:54.966170,S-004,supplier,IT,operational,93,Moderate,0.25,"{""metric_1"": 8, ""metric_2"": 52}",False
RSK-000408,2026-06-30T19:18:54.966170,C-4312,customer,Finance,customer,35,Low,2.29,"{""metric_1"": 2, ""metric_2"": 41}",False
RSK-000409,2026-08-20T19:18:54.966170,C-0200,customer,Operations,customer,96,Moderate,3.24,"{""metric_1"": 8, ""metric_2"": 40}",False
RSK-000410,2026-06-07T19:18:54.966170,C-3464,customer,Finance,financial,94,High,1.07,"{""metric_1"": 3, ""metric_2"": 69}",True
RSK-000411,2026-08-12T19:18:54.966170,SYS-064,system,Support,fraud,22,Moderate,3.24,"{""metric_1"": 9, ""metric_2"": 44}",True
RSK-000412,2026-08-19T19:18:54.966170,SYS-031,system,Support,fraud,60,Critical,3.13,"{""metric_1"": 3, ""metric_2"": 48}",False
RSK-000413,2026-07-28T19:18:54.966170,C-0186,customer,Finance,customer,99,Critical,4.62,"{""metric_1"": 6, ""metric_2"": 66}",False
RSK-000414,2026-08-09T19:18:54.966170,C-2247,customer,Support,financial,39,High,2.79,"{""metric_1"": 3, ""metric_2"": 93}",True
RSK-000415,2026-05-20T19:18:54.966170,C-3646,customer,Support,financial,91,High,2.04,"{""metric_1"": 2, ""metric_2"": 47}",False
RSK-000416,2026-08-02T19:18:54.966170,SYS-020,system,Finance,cyber,23,High,3.43,"{""metric_1"": 8, ""metric_2"": 68}",False
RSK-000417,2026-07-25T19:18:54.966170,C-1852,customer,Finance,financial,37,High,2.39,"{""metric_1"": 4, ""metric_2"": 39}",True
RSK-000418,2026-06-01T19:18:54.966170,SYS-052,system,Operations,fraud,98,Moderate,1.15,"{""metric_1"": 3, ""metric_2"": 29}",True
RSK-000419,2026-05-20T19:18:54.966170,S-027,supplier,Support,operational,88,Critical,0.14,"{""metric_1"": 6, ""metric_2"": 64}",True
RSK-000420,2026-08-06T19:18:54.966170,SYS-006,system,IT,fraud,29,Low,0.5,"{""metric_1"": 1, ""metric_2"": 19}",True
RSK-000421,2026-05-23T19:18:54.966170,C-4504,customer,Support,financial,67,Critical,3.51,"{""metric_1"": 4, ""metric_2"": 74}",False
RSK-000422,2026-06-11T19:18:54.966170,SYS-034,system,Operations,fraud,35,Low,4.35,"{""metric_1"": 1, ""metric_2"": 87}",False
RSK-000423,2026-07-17T19:18:54.966170,SYS-089,system,IT,cyber,90,Low,4.86,"{""metric_1"": 8, ""metric_2"": 15}",False
RSK-000424,2026-07-28T19:18:54.966170,C-1236,customer,Operations,financial,67,High,2.22,"{""metric_1"": 3, ""metric_2"": 13}",False
RSK-000425,2026-07-01T19:18:54.966170,C-4650,customer,Support,customer,55,Critical,4.31,"{""metric_1"": 8, ""metric_2"": 71}",False
RSK-000426,2026-05-27T19:18:54.966170,SYS-094,system,Operations,cyber,62,Critical,3.78,"{""metric_1"": 1, ""metric_2"": 77}",False
RSK-000427,2026-07-12T19:18:54.966170,C-4755,customer,Operations,customer,93,Low,4.93,"{""metric_1"": 4, ""metric_2"": 86}",False
RSK-000428,2026-07-13T19:18:54.966170,S-029,supplier,Finance,operational,41,Low,1.94,"{""metric_1"": 1, ""metric_2"": 39}",False
RSK-000429,2026-06-04T19:18:54.966170,SYS-020,system,Finance,fraud,70,Moderate,4.39,"{""metric_1"": 2, ""metric_2"": 83}",True
RSK-000430,2026-05-18T19:18:54.966170,SYS-010,system,Operations,cyber,84,Low,3.03,"{""metric_1"": 4, ""metric_2"": 11}",True
RSK-000431,2026-06-11T19:18:54.966170,C-0241,customer,IT,financial,53,Critical,4.88,"{""metric_1"": 3, ""metric_2"": 44}",True
RSK-000432,2026-08-17T19:18:54.966170,C-2649,customer,Finance,financial,99,Low,1.05,"{""metric_1"": 5, ""metric_2"": 11}",False
RSK-000433,2026-05-27T19:18:54.966170,SYS-019,system,IT,fraud,18,Low,3.41,"{""metric_1"": 7, ""metric_2"": 92}",False
RSK-000434,2026-08-09T19:18:54.966170,C-4094,customer,Operations,customer,16,High,2.61,"{""metric_1"": 6, ""metric_2"": 21}",False
RSK-000435,2026-08-04T19:18:54.966170,C-2688,customer,Finance,financial,89,Low,0.66,"{""metric_1"": 8, ""metric_2"": 92}",False
RSK-000436,2026-07-21T19:18:54.966170,S-011,supplier,Support,operational,35,Low,2.95,"{""metric_1"": 5, ""metric_2"": 27}",False
RSK-000437,2026-05-28T19:18:54.966170,S-012,supplier,IT,operational,48,High,2.06,"{""metric_1"": 5, ""metric_2"": 68}",True
RSK-000438,2026-06-19T19:18:54.966170,S-043,supplier,Operations,operational,95,Critical,3.36,"{""metric_1"": 1, ""metric_2"": 29}",True
RSK-000439,2026-06-04T19:18:54.966170,C-1532,customer,Support,customer,86,Low,4.81,"{""metric_1"": 2, ""metric_2"": 27}",False
RSK-000440,2026-06-20T19:18:54.966170,C-4064,customer,Finance,financial,73,Low,3.4,"{""metric_1"": 6, ""metric_2"": 58}",False
RSK-000441,2026-07-16T19:18:54.966170,C-4903,customer,Support,customer,96,High,1.23,"{""metric_1"": 4, ""metric_2"": 74}",False
RSK-000442,2026-08-06T19:18:54.966170,SYS-052,system,IT,cyber,68,Critical,4.49,"{""metric_1"": 6, ""metric_2"": 15}",False
RSK-000443,2026-06-11T19:18:54.966170,S-015,supplier,Finance,operational,72,Low,1.44,"{""metric_1"": 2, ""metric_2"": 78}",True
RSK-000444,2026-07-30T19:18:54.966170,SYS-038,system,Operations,cyber,95,Low,0.6,"{""metric_1"": 3, ""metric_2"": 80}",False
RSK-000445,2026-07-21T19:18:54.966170,C-3023,customer,Operations,customer,77,Low,2.57,"{""metric_1"": 3, ""metric_2"": 36}",False
RSK-000446,2026-08-11T19:18:54.966170,C-1692,customer,Operations,financial,79,High,4.48,"{""metric_1"": 5, ""metric_2"": 30}",False
RSK-000447,2026-05-14T19:18:54.966170,SYS-067,system,Support,fraud,32,Critical,5.0,"{""metric_1"": 7, ""metric_2"": 95}",True
RSK-000448,2026-07-28T19:18:54.966170,SYS-068,system,Finance,fraud,71,Low,0.91,"{""metric_1"": 6, ""metric_2"": 18}",False
RSK-000449,2026-07-16T19:18:54.966170,S-025,supplier,IT,operational,48,Low,1.68,"{""metric_1"": 2, ""metric_2"": 51}",True
RSK-000450,2026-06-12T19:18:54.966170,S-015,supplier,IT,operational,98,High,0.37,"{""metric_1"": 5, ""metric_2"": 63}",True
RSK-000451,2026-06-09T19:18:54.966170,C-4800,customer,Support,financial,68,Moderate,3.21,"{""metric_1"": 4, ""metric_2"": 79}",True
RSK-000452,2026-07-30T19:18:54.966170,SYS-015,system,Operations,fraud,12,High,4.28,"{""metric_1"": 8, ""metric_2"": 82}",False
RSK-000453,2026-08-02T19:18:54.966170,SYS-021,system,Finance,cyber,69,Moderate,3.9,"{""metric_1"": 4, ""metric_2"": 72}",True
RSK-000454,2026-07-17T19:18:54.966170,SYS-012,system,Operations,cyber,14,Critical,3.48,"{""metric_1"": 5, ""metric_2"": 95}",True
RSK-000455,2026-05-18T19:18:54.966170,S-014,supplier,Support,operational,90,Low,3.0,"{""metric_1"": 5, ""metric_2"": 87}",False
RSK-000456,2026-06-03T19:18:54.966170,C-0683,customer,Finance,customer,88,Moderate,0.19,"{""metric_1"": 6, ""metric_2"": 19}",True
RSK-000457,2026-06-28T19:18:54.966170,C-0471,customer,Finance,customer,45,Low,2.58,"{""metric_1"": 2, ""metric_2"": 44}",True
RSK-000458,2026-08-10T19:18:54.966170,S-003,supplier,Finance,operational,15,Critical,1.36,"{""metric_1"": 7, ""metric_2"": 64}",False
RSK-000459,2026-07-16T19:18:54.966170,C-1395,customer,IT,financial,29,Low,3.35,"{""metric_1"": 6, ""metric_2"": 50}",False
RSK-000460,2026-07-15T19:18:54.966170,S-008,supplier,IT,operational,45,Critical,4.88,"{""metric_1"": 1, ""metric_2"": 25}",True
RSK-000461,2026-05-19T19:18:54.966170,SYS-096,system,Finance,fraud,12,Low,2.92,"{""metric_1"": 3, ""metric_2"": 33}",True
RSK-000462,2026-05-31T19:18:54.966170,C-0718,customer,Support,financial,56,Moderate,0.12,"{""metric_1"": 3, ""metric_2"": 46}",True
RSK-000463,2026-07-23T19:18:54.966170,S-031,supplier,Support,operational,22,Critical,4.92,"{""metric_1"": 7, ""metric_2"": 99}",False
RSK-000464,2026-07-12T19:18:54.966170,SYS-022,system,Support,fraud,20,Critical,1.54,"{""metric_1"": 5, ""metric_2"": 66}",True
RSK-000465,2026-06-19T19:18:54.966170,SYS-058,system,Support,cyber,24,Critical,1.16,"{""metric_1"": 5, ""metric_2"": 21}",False
RSK-000466,2026-07-30T19:18:54.966170,C-2364,customer,Finance,financial,41,Moderate,3.56,"{""metric_1"": 5, ""metric_2"": 41}",True
RSK-000467,2026-06-10T19:18:54.966170,SYS-084,system,IT,fraud,15,Low,2.47,"{""metric_1"": 9, ""metric_2"": 62}",False
RSK-000468,2026-05-26T19:18:54.966170,SYS-025,system,Support,fraud,16,Moderate,4.66,"{""metric_1"": 7, ""metric_2"": 72}",False
RSK-000469,2026-07-07T19:18:54.966170,S-010,supplier,Operations,operational,56,Moderate,0.12,"{""metric_1"": 3, ""metric_2"": 61}",True
RSK-000470,2026-06-12T19:18:54.966170,SYS-015,system,Support,fraud,14,Critical,4.32,"{""metric_1"": 3, ""metric_2"": 21}",True
RSK-000471,2026-05-30T19:18:54.966170,SYS-050,system,Operations,fraud,84,Moderate,4.59,"{""metric_1"": 4, ""metric_2"": 58}",True
RSK-000472,2026-07-13T19:18:54.966170,SYS-041,system,IT,fraud,17,Low,2.06,"{""metric_1"": 1, ""metric_2"": 29}",True
RSK-000473,2026-06-13T19:18:54.966170,S-013,supplier,Support,operational,16,High,4.92,"{""metric_1"": 1, ""metric_2"": 95}",False
RSK-000474,2026-05-27T19:18:54.966170,C-1103,customer,IT,financial,99,Critical,4.29,"{""metric_1"": 3, ""metric_2"": 64}",False
RSK-000475,2026-07-17T19:18:54.966170,S-012,supplier,Support,operational,50,Low,0.69,"{""metric_1"": 3, ""metric_2"": 98}",False
RSK-000476,2026-07-22T19:18:54.966170,SYS-033,system,Support,cyber,98,Moderate,0.28,"{""metric_1"": 6, ""metric_2"": 17}",True
RSK-000477,2026-06-23T19:18:54.966170,C-2274,customer,Finance,financial,73,High,0.72,"{""metric_1"": 1, ""metric_2"": 71}",True
RSK-000478,2026-07-01T19:18:54.966170,C-4146,customer,Operations,financial,75,Critical,2.62,"{""metric_1"": 7, ""metric_2"": 81}",False
RSK-000479,2026-05-26T19:18:54.966170,SYS-039,system,Finance,cyber,11,High,0.9,"{""metric_1"": 4, ""metric_2"": 68}",True
RSK-000480,2026-06-26T19:18:54.966170,SYS-083,system,Support,cyber,34,Moderate,4.07,"{""metric_1"": 1, ""metric_2"": 70}",True
RSK-000481,2026-06-22T19:18:54.966170,SYS-001,system,Operations,fraud,57,High,4.86,"{""metric_1"": 8, ""metric_2"": 55}",True
RSK-000482,2026-08-14T19:18:54.966170,SYS-082,system,Operations,cyber,75,High,3.32,"{""metric_1"": 5, ""metric_2"": 45}",True
RSK-000483,2026-08-06T19:18:54.966170,S-049,supplier,Support,operational,39,Low,1.46,"{""metric_1"": 6, ""metric_2"": 96}",False
RSK-000484,2026-07-29T19:18:54.966170,SYS-009,system,Finance,fraud,29,Low,3.38,"{""metric_1"": 7, ""metric_2"": 72}",False
RSK-000485,2026-05-27T19:18:54.966170,S-022,supplier,IT,operational,81,Low,1.41,"{""metric_1"": 2, ""metric_2"": 80}",False
RSK-000486,2026-05-17T19:18:54.966170,C-4433,customer,IT,customer,61,Critical,4.48,"{""metric_1"": 5, ""metric_2"": 15}",True
RSK-000487,2026-07-25T19:18:54.966170,S-025,supplier,Operations,operational,28,Low,3.35,"{""metric_1"": 3, ""metric_2"": 79}",False
RSK-000488,2026-07-23T19:18:54.966170,SYS-010,system,Finance,fraud,70,Critical,2.81,"{""metric_1"": 2, ""metric_2"": 34}",False
RSK-000489,2026-08-07T19:18:54.966170,C-4486,customer,Support,financial,84,Critical,1.94,"{""metric_1"": 5, ""metric_2"": 37}",True
RSK-000490,2026-07-23T19:18:54.966170,S-010,supplier,Finance,operational,32,Moderate,2.96,"{""metric_1"": 3, ""metric_2"": 56}",False
RSK-000491,2026-06-11T19:18:54.966170,SYS-052,system,Finance,cyber,26,Critical,2.95,"{""metric_1"": 6, ""metric_2"": 60}",True
RSK-000492,2026-06-06T19:18:54.966170,C-3474,customer,Support,customer,40,Critical,1.63,"{""metric_1"": 5, ""metric_2"": 80}",False
RSK-000493,2026-05-23T19:18:54.966170,SYS-088,system,Finance,cyber,77,Low,4.46,"{""metric_1"": 9, ""metric_2"": 79}",False
RSK-000494,2026-05-27T19:18:54.966170,SYS-015,system,Support,fraud,87,Critical,0.75,"{""metric_1"": 9, ""metric_2"": 53}",False
RSK-000495,2026-08-10T19:18:54.966170,SYS-066,system,Support,fraud,31,Moderate,0.23,"{""metric_1"": 4, ""metric_2"": 79}",True
RSK-000496,2026-05-15T19:18:54.966170,C-1916,customer,Finance,customer,86,High,4.14,"{""metric_1"": 4, ""metric_2"": 85}",False
RSK-000497,2026-07-13T19:18:54.966170,C-4294,customer,IT,financial,60,Low,2.65,"{""metric_1"": 6, ""metric_2"": 27}",False
RSK-000498,2026-05-15T19:18:54.966170,C-0517,customer,Finance,customer,16,High,2.18,"{""metric_1"": 9, ""metric_2"": 28}",True
RSK-000499,2026-08-16T19:18:54.966170,SYS-061,system,IT,cyber,43,High,1.02,"{""metric_1"": 5, ""metric_2"": 17}",True
RSK-000500,2026-07-25T19:18:54.966170,C-2645,customer,Operations,customer,89,High,0.41,"{""metric_1"": 3, ""metric_2"": 90}",True
RSK-000501,2026-05-17T19:18:54.966170,SYS-050,system,IT,fraud,75,High,1.53,"{""metric_1"": 6, ""metric_2"": 96}",False
RSK-000502,2026-06-06T19:18:54.966170,S-038,supplier,Support,operational,18,Moderate,4.98,"{""metric_1"": 4, ""metric_2"": 76}",True
RSK-000503,2026-06-18T19:18:54.966170,C-4442,customer,Support,financial,61,Moderate,1.52,"{""metric_1"": 5, ""metric_2"": 41}",True
RSK-000504,2026-07-24T19:18:54.966170,SYS-027,system,Support,cyber,97,Low,4.47,"{""metric_1"": 9, ""metric_2"": 47}",False
RSK-000505,2026-08-19T19:18:54.966170,SYS-076,system,Finance,cyber,86,Critical,3.37,"{""metric_1"": 5, ""metric_2"": 49}",True
RSK-000506,2026-06-12T19:18:54.966170,SYS-010,system,Operations,cyber,37,High,1.7,"{""metric_1"": 1, ""metric_2"": 74}",False
RSK-000507,2026-08-09T19:18:54.966170,SYS-063,system,Support,fraud,82,Low,3.22,"{""metric_1"": 9, ""metric_2"": 90}",False
RSK-000508,2026-08-21T19:18:54.966170,C-3477,customer,Operations,financial,14,Moderate,0.13,"{""metric_1"": 9, ""metric_2"": 16}",True
RSK-000509,2026-08-08T19:18:54.966170,C-1533,customer,IT,customer,64,Moderate,3.49,"{""metric_1"": 5, ""metric_2"": 61}",False
RSK-000510,2026-07-21T19:18:54.966170,S-033,supplier,Finance,operational,72,High,2.03,"{""metric_1"": 2, ""metric_2"": 79}",False
RSK-000511,2026-07-01T19:18:54.966170,S-045,supplier,Operations,operational,46,High,0.36,"{""metric_1"": 9, ""metric_2"": 21}",True
RSK-000512,2026-07-19T19:18:54.966170,C-4847,customer,Finance,customer,18,Critical,4.89,"{""metric_1"": 1, ""metric_2"": 44}",True
RSK-000513,2026-05-31T19:18:54.966170,SYS-065,system,Support,cyber,22,Moderate,0.74,"{""metric_1"": 7, ""metric_2"": 63}",True
RSK-000514,2026-07-23T19:18:54.966170,SYS-027,system,Support,fraud,24,Moderate,1.35,"{""metric_1"": 9, ""metric_2"": 54}",True
RSK-000515,2026-07-10T19:18:54.966170,C-3884,customer,IT,financial,39,Critical,2.78,"{""metric_1"": 7, ""metric_2"": 15}",False
RSK-000516,2026-06-24T19:18:54.966170,SYS-040,system,IT,fraud,77,Low,3.12,"{""metric_1"": 4, ""metric_2"": 37}",True
RSK-000517,2026-07-31T19:18:54.966170,SYS-069,system,Operations,cyber,72,Low,4.95,"{""metric_1"": 4, ""metric_2"": 98}",False
RSK-000518,2026-06-09T19:18:54.966170,C-0912,customer,Operations,customer,13,Critical,3.74,"{""metric_1"": 2, ""metric_2"": 60}",True
RSK-000519,2026-06-11T19:18:54.966170,SYS-065,system,Support,fraud,18,Low,4.05,"{""metric_1"": 3, ""metric_2"": 96}",True
RSK-000520,2026-07-08T19:18:54.966170,SYS-046,system,Operations,cyber,83,Moderate,0.41,"{""metric_1"": 5, ""metric_2"": 91}",False
RSK-000521,2026-07-12T19:18:54.966170,SYS-046,system,Operations,fraud,31,Critical,1.39,"{""metric_1"": 4, ""metric_2"": 94}",True
RSK-000522,2026-07-23T19:18:54.966170,C-4174,customer,Support,financial,52,Moderate,4.26,"{""metric_1"": 6, ""metric_2"": 83}",False
RSK-000523,2026-06-11T19:18:54.966170,S-022,supplier,IT,operational,41,Moderate,4.69,"{""metric_1"": 8, ""metric_2"": 79}",False
RSK-000524,2026-07-18T19:18:54.966170,SYS-074,system,Operations,cyber,41,Critical,0.38,"{""metric_1"": 8, ""metric_2"": 25}",False
RSK-000525,2026-08-20T19:18:54.966170,SYS-089,system,Finance,cyber,11,Low,0.2,"{""metric_1"": 8, ""metric_2"": 18}",True
RSK-000526,2026-06-06T19:18:54.966170,SYS-080,system,IT,cyber,82,Moderate,4.41,"{""metric_1"": 4, ""metric_2"": 65}",False
RSK-000527,2026-05-14T19:18:54.966170,C-1575,customer,Operations,customer,41,Critical,0.78,"{""metric_1"": 9, ""metric_2"": 12}",True
RSK-000528,2026-05-17T19:18:54.966170,C-3046,customer,IT,customer,33,Moderate,0.46,"{""metric_1"": 5, ""metric_2"": 15}",True
RSK-000529,2026-06-21T19:18:54.966170,C-1479,customer,Finance,financial,95,Moderate,1.39,"{""metric_1"": 7, ""metric_2"": 64}",True
RSK-000530,2026-05-21T19:18:54.966170,SYS-081,system,Finance,fraud,82,High,4.92,"{""metric_1"": 2, ""metric_2"": 59}",False
RSK-000531,2026-05-14T19:18:54.966170,S-043,supplier,Finance,operational,82,Critical,2.57,"{""metric_1"": 4, ""metric_2"": 96}",True
RSK-000532,2026-06-23T19:18:54.966170,SYS-067,system,Support,cyber,22,Low,0.25,"{""metric_1"": 8, ""metric_2"": 63}",True
RSK-000533,2026-05-19T19:18:54.966170,C-2877,customer,Finance,customer,84,Critical,3.77,"{""metric_1"": 6, ""metric_2"": 41}",False
RSK-000534,2026-08-06T19:18:54.966170,SYS-063,system,Support,fraud,97,Low,4.45,"{""metric_1"": 3, ""metric_2"": 23}",True
RSK-000535,2026-07-08T19:18:54.966170,S-035,supplier,Operations,operational,37,Critical,2.37,"{""metric_1"": 2, ""metric_2"": 57}",True
RSK-000536,2026-07-30T19:18:54.966170,SYS-069,system,Finance,fraud,42,High,4.04,"{""metric_1"": 4, ""metric_2"": 35}",True
RSK-000537,2026-08-02T19:18:54.966170,C-4469,customer,Operations,financial,50,High,1.53,"{""metric_1"": 3, ""metric_2"": 39}",True
RSK-000538,2026-06-23T19:18:54.966170,SYS-093,system,IT,cyber,81,Critical,2.02,"{""metric_1"": 6, ""metric_2"": 18}",False
RSK-000539,2026-06-16T19:18:54.966170,SYS-028,system,Finance,fraud,75,Low,4.44,"{""metric_1"": 8, ""metric_2"": 24}",True
RSK-000540,2026-07-15T19:18:54.966170,C-4465,customer,IT,financial,90,Low,2.1,"{""metric_1"": 3, ""metric_2"": 39}",True
RSK-000541,2026-05-20T19:18:54.966170,SYS-085,system,IT,fraud,29,Moderate,1.65,"{""metric_1"": 2, ""metric_2"": 68}",True
RSK-000542,2026-08-21T19:18:54.966170,SYS-076,system,Operations,fraud,49,Moderate,4.41,"{""metric_1"": 2, ""metric_2"": 32}",False
RSK-000543,2026-08-20T19:18:54.966170,SYS-081,system,Operations,cyber,76,Critical,0.87,"{""metric_1"": 9, ""metric_2"": 48}",True
RSK-000544,2026-07-14T19:18:54.966170,C-4651,customer,Operations,financial,44,Low,0.56,"{""metric_1"": 4, ""metric_2"": 78}",True
RSK-000545,2026-08-05T19:18:54.966170,SYS-036,system,Operations,fraud,44,Low,2.36,"{""metric_1"": 9, ""metric_2"": 98}",True
RSK-000546,2026-07-29T19:18:54.966170,SYS-048,system,Support,fraud,83,Critical,1.36,"{""metric_1"": 5, ""metric_2"": 44}",True
RSK-000547,2026-06-25T19:18:54.966170,SYS-023,system,Support,fraud,61,Critical,4.07,"{""metric_1"": 4, ""metric_2"": 74}",True
RSK-000548,2026-06-02T19:18:54.966170,SYS-066,system,Operations,cyber,83,Low,1.46,"{""metric_1"": 3, ""metric_2"": 69}",True
RSK-000549,2026-07-07T19:18:54.966170,SYS-017,system,IT,cyber,12,Low,2.32,"{""metric_1"": 5, ""metric_2"": 34}",False
RSK-000550,2026-06-20T19:18:54.966170,C-3983,customer,Support,financial,28,Low,4.35,"{""metric_1"": 6, ""metric_2"": 65}",True
RSK-000551,2026-08-01T19:18:54.966170,S-031,supplier,Support,operational,16,Critical,2.4,"{""metric_1"": 3, ""metric_2"": 33}",False
RSK-000552,2026-08-02T19:18:54.966170,C-2613,customer,Finance,customer,49,High,2.93,"{""metric_1"": 6, ""metric_2"": 17}",True
RSK-000553,2026-06-18T19:18:54.966170,S-043,supplier,Finance,operational,59,Critical,4.83,"{""metric_1"": 4, ""metric_2"": 26}",False
RSK-000554,2026-07-16T19:18:54.966170,S-009,supplier,Support,operational,30,Critical,0.87,"{""metric_1"": 9, ""metric_2"": 14}",True
RSK-000555,2026-05-25T19:18:54.966170,S-004,supplier,Support,operational,28,Moderate,2.44,"{""metric_1"": 2, ""metric_2"": 86}",True
RSK-000556,2026-08-10T19:18:54.966170,SYS-041,system,Operations,fraud,81,Low,2.06,"{""metric_1"": 4, ""metric_2"": 37}",False
RSK-000557,2026-07-17T19:18:54.966170,SYS-047,system,Finance,fraud,82,Low,1.73,"{""metric_1"": 2, ""metric_2"": 57}",True
RSK-000558,2026-08-08T19:18:54.966170,SYS-023,system,IT,cyber,79,High,1.51,"{""metric_1"": 3, ""metric_2"": 53}",True
RSK-000559,2026-08-20T19:18:54.966170,C-0312,customer,Operations,financial,78,Critical,1.59,"{""metric_1"": 5, ""metric_2"": 81}",False
RSK-000560,2026-05-19T19:18:54.966170,C-2100,customer,Operations,customer,58,Low,4.8,"{""metric_1"": 1, ""metric_2"": 10}",True
RSK-000561,2026-06-24T19:18:54.966170,C-4103,customer,Support,financial,56,Low,2.64,"{""metric_1"": 3, ""metric_2"": 22}",True
RSK-000562,2026-06-23T19:18:54.966170,SYS-098,system,Operations,cyber,54,Moderate,1.86,"{""metric_1"": 8, ""metric_2"": 59}",True
RSK-000563,2026-07-03T19:18:54.966170,S-027,supplier,Support,operational,94,Low,4.84,"{""metric_1"": 9, ""metric_2"": 40}",True
RSK-000564,2026-06-03T19:18:54.966170,S-033,supplier,IT,operational,86,Critical,2.21,"{""metric_1"": 9, ""metric_2"": 23}",False
RSK-000565,2026-08-06T19:18:54.966170,SYS-007,system,IT,fraud,43,Moderate,2.7,"{""metric_1"": 3, ""metric_2"": 51}",True
RSK-000566,2026-06-05T19:18:54.966170,SYS-078,system,Operations,cyber,63,High,1.35,"{""metric_1"": 6, ""metric_2"": 97}",True
RSK-000567,2026-08-13T19:18:54.966170,S-013,supplier,IT,operational,69,Critical,3.95,"{""metric_1"": 6, ""metric_2"": 42}",False
RSK-000568,2026-06-13T19:18:54.966170,C-1096,customer,Finance,financial,89,Critical,1.05,"{""metric_1"": 2, ""metric_2"": 68}",True
RSK-000569,2026-07-14T19:18:54.966170,C-0933,customer,Operations,financial,61,Low,1.23,"{""metric_1"": 3, ""metric_2"": 24}",True
RSK-000570,2026-05-26T19:18:54.966170,S-033,supplier,IT,operational,11,Critical,1.96,"{""metric_1"": 7, ""metric_2"": 38}",True
RSK-000571,2026-08-01T19:18:54.966170,C-4791,customer,Finance,financial,81,Low,2.77,"{""metric_1"": 2, ""metric_2"": 61}",False
RSK-000572,2026-05-24T19:18:54.966170,C-3769,customer,Support,financial,67,High,1.09,"{""metric_1"": 3, ""metric_2"": 59}",False
RSK-000573,2026-06-03T19:18:54.966170,C-4420,customer,Finance,customer,92,High,4.52,"{""metric_1"": 9, ""metric_2"": 22}",True
RSK-000574,2026-06-23T19:18:54.966170,SYS-074,system,Support,cyber,20,High,1.34,"{""metric_1"": 2, ""metric_2"": 78}",False
RSK-000575,2026-06-07T19:18:54.966170,C-1417,customer,IT,financial,61,Critical,1.99,"{""metric_1"": 7, ""metric_2"": 14}",False
RSK-000576,2026-07-17T19:18:54.966170,SYS-004,system,Support,fraud,21,Low,1.21,"{""metric_1"": 5, ""metric_2"": 11}",True
RSK-000577,2026-06-27T19:18:54.966170,C-2229,customer,Operations,financial,71,Low,4.04,"{""metric_1"": 4, ""metric_2"": 94}",True
RSK-000578,2026-06-23T19:18:54.966170,S-007,supplier,IT,operational,35,Critical,0.31,"{""metric_1"": 3, ""metric_2"": 45}",True
RSK-000579,2026-07-15T19:18:54.966170,C-3335,customer,Operations,customer,60,Critical,4.52,"{""metric_1"": 4, ""metric_2"": 15}",False
RSK-000580,2026-07-17T19:18:54.966170,S-048,supplier,IT,operational,64,Low,1.34,"{""metric_1"": 4, ""metric_2"": 31}",True
RSK-000581,2026-08-06T19:18:54.966170,SYS-051,system,IT,cyber,83,Low,3.76,"{""metric_1"": 8, ""metric_2"": 55}",False
RSK-000582,2026-07-12T19:18:54.966170,C-3948,customer,Operations,customer,72,High,2.04,"{""metric_1"": 8, ""metric_2"": 90}",False
RSK-000583,2026-06-13T19:18:54.966170,SYS-037,system,IT,fraud,45,High,0.56,"{""metric_1"": 4, ""metric_2"": 58}",True
RSK-000584,2026-06-29T19:18:54.966170,C-0544,customer,Support,customer,77,Moderate,1.38,"{""metric_1"": 8, ""metric_2"": 58}",False
RSK-000585,2026-08-01T19:18:54.966170,SYS-085,system,Finance,cyber,55,Critical,0.43,"{""metric_1"": 4, ""metric_2"": 76}",True
RSK-000586,2026-07-12T19:18:54.966170,SYS-008,system,Support,cyber,57,High,0.19,"{""metric_1"": 6, ""metric_2"": 96}",False
RSK-000587,2026-07-11T19:18:54.966170,SYS-015,system,Finance,fraud,35,Moderate,1.65,"{""metric_1"": 1, ""metric_2"": 94}",True
RSK-000588,2026-07-14T19:18:54.966170,S-010,supplier,Finance,operational,65,Low,0.78,"{""metric_1"": 2, ""metric_2"": 51}",True
RSK-000589,2026-05-14T19:18:54.966170,S-038,supplier,Finance,operational,22,Critical,2.33,"{""metric_1"": 3, ""metric_2"": 70}",False
RSK-000590,2026-07-06T19:18:54.966170,SYS-079,system,Support,cyber,31,Critical,1.56,"{""metric_1"": 7, ""metric_2"": 16}",True
RSK-000591,2026-06-09T19:18:54.966170,C-3711,customer,Support,customer,61,High,3.61,"{""metric_1"": 7, ""metric_2"": 45}",False
RSK-000592,2026-06-25T19:18:54.966170,SYS-059,system,Finance,fraud,70,Critical,0.71,"{""metric_1"": 8, ""metric_2"": 37}",True
RSK-000593,2026-07-03T19:18:54.966170,SYS-072,system,Finance,cyber,52,Low,2.2,"{""metric_1"": 8, ""metric_2"": 60}",True
RSK-000594,2026-05-30T19:18:54.966170,S-033,supplier,Support,operational,16,Moderate,1.05,"{""metric_1"": 7, ""metric_2"": 25}",True
RSK-000595,2026-07-01T19:18:54.966170,SYS-039,system,Finance,fraud,35,Moderate,4.66,"{""metric_1"": 8, ""metric_2"": 94}",True
RSK-000596,2026-05-15T19:18:54.966170,S-013,supplier,Finance,operational,29,Moderate,4.5,"{""metric_1"": 9, ""metric_2"": 27}",False
RSK-000597,2026-08-12T19:18:54.966170,SYS-008,system,Support,fraud,53,Low,1.33,"{""metric_1"": 2, ""metric_2"": 88}",False
RSK-000598,2026-08-12T19:18:54.966170,SYS-081,system,IT,cyber,25,High,3.65,"{""metric_1"": 2, ""metric_2"": 47}",False
RSK-000599,2026-07-22T19:18:54.966170,S-006,supplier,IT,operational,60,Low,3.83,"{""metric_1"": 5, ""metric_2"": 27}",True
RSK-000600,2026-05-29T19:18:54.966170,C-1726,customer,Finance,financial,39,Low,0.4,"{""metric_1"": 6, ""metric_2"": 53}",True
RSK-000601,2026-08-17T19:18:54.966170,C-4679,customer,Operations,customer,26,Moderate,2.12,"{""metric_1"": 7, ""metric_2"": 34}",False
RSK-000602,2026-06-15T19:18:54.966170,S-034,supplier,Finance,operational,37,Moderate,2.03,"{""metric_1"": 5, ""metric_2"": 82}",False
RSK-000603,2026-07-08T19:18:54.966170,SYS-098,system,Finance,cyber,61,Moderate,4.18,"{""metric_1"": 2, ""metric_2"": 94}",True
RSK-000604,2026-07-01T19:18:54.966170,SYS-022,system,Operations,cyber,15,Moderate,0.45,"{""metric_1"": 2, ""metric_2"": 73}",False
RSK-000605,2026-05-21T19:18:54.966170,S-050,supplier,Finance,operational,81,Moderate,2.24,"{""metric_1"": 8, ""metric_2"": 52}",True
RSK-000606,2026-05-16T19:18:54.966170,SYS-054,system,IT,cyber,63,Critical,4.04,"{""metric_1"": 4, ""metric_2"": 83}",False
RSK-000607,2026-06-18T19:18:54.966170,C-4457,customer,Operations,customer,28,Moderate,1.92,"{""metric_1"": 3, ""metric_2"": 35}",True
RSK-000608,2026-07-12T19:18:54.966170,C-2707,customer,Finance,financial,86,Critical,2.15,"{""metric_1"": 6, ""metric_2"": 75}",True
RSK-000609,2026-06-23T19:18:54.966170,C-2979,customer,IT,financial,65,High,3.29,"{""metric_1"": 7, ""metric_2"": 31}",False
RSK-000610,2026-07-18T19:18:54.966170,SYS-086,system,Operations,cyber,46,Critical,3.73,"{""metric_1"": 5, ""metric_2"": 67}",False
RSK-000611,2026-06-23T19:18:54.966170,SYS-089,system,IT,fraud,22,Moderate,4.37,"{""metric_1"": 5, ""metric_2"": 30}",True
RSK-000612,2026-07-07T19:18:54.966170,SYS-059,system,Finance,fraud,73,Low,1.59,"{""metric_1"": 9, ""metric_2"": 86}",True
RSK-000613,2026-08-07T19:18:54.966170,C-2611,customer,Support,financial,17,Low,4.49,"{""metric_1"": 3, ""metric_2"": 59}",False
RSK-000614,2026-07-01T19:18:54.966170,SYS-075,system,Support,fraud,42,Low,4.48,"{""metric_1"": 1, ""metric_2"": 93}",True
RSK-000615,2026-06-02T19:18:54.966170,C-3354,customer,Support,customer,76,Moderate,4.6,"{""metric_1"": 6, ""metric_2"": 49}",False
RSK-000616,2026-06-06T19:18:54.966170,S-007,supplier,Finance,operational,53,Critical,2.62,"{""metric_1"": 8, ""metric_2"": 45}",False
RSK-000617,2026-07-01T19:18:54.966170,S-001,supplier,IT,operational,39,High,4.05,"{""metric_1"": 2, ""metric_2"": 70}",False
RSK-000618,2026-07-30T19:18:54.966170,SYS-061,system,Operations,fraud,42,Low,4.51,"{""metric_1"": 8, ""metric_2"": 42}",True
RSK-000619,2026-08-21T19:18:54.966170,C-0122,customer,Operations,financial,42,High,0.54,"{""metric_1"": 2, ""metric_2"": 20}",False
RSK-000620,2026-05-14T19:18:54.966170,SYS-032,system,IT,cyber,30,High,4.67,"{""metric_1"": 5, ""metric_2"": 40}",False
RSK-000621,2026-07-21T19:18:54.966170,C-0663,customer,IT,financial,20,Low,2.59,"{""metric_1"": 4, ""metric_2"": 38}",False
RSK-000622,2026-08-05T19:18:54.966170,S-034,supplier,Finance,operational,17,Low,3.24,"{""metric_1"": 6, ""metric_2"": 51}",False
RSK-000623,2026-07-30T19:18:54.966170,C-0752,customer,IT,financial,25,Low,2.39,"{""metric_1"": 7, ""metric_2"": 44}",True
RSK-000624,2026-05-29T19:18:54.966170,C-4708,customer,Finance,financial,66,Moderate,3.84,"{""metric_1"": 1, ""metric_2"": 57}",False
RSK-000625,2026-07-10T19:18:54.966170,SYS-089,system,Operations,fraud,85,Critical,3.14,"{""metric_1"": 9, ""metric_2"": 12}",False
RSK-000626,2026-05-15T19:18:54.966170,C-0282,customer,Support,financial,46,Moderate,1.84,"{""metric_1"": 2, ""metric_2"": 15}",False
RSK-000627,2026-05-14T19:18:54.966170,SYS-069,system,Finance,fraud,57,High,0.14,"{""metric_1"": 8, ""metric_2"": 85}",True
RSK-000628,2026-07-07T19:18:54.966170,SYS-090,system,Support,cyber,34,High,1.29,"{""metric_1"": 8, ""metric_2"": 75}",False
RSK-000629,2026-08-03T19:18:54.966170,SYS-087,system,Support,cyber,34,Moderate,0.99,"{""metric_1"": 6, ""metric_2"": 85}",False
RSK-000630,2026-06-28T19:18:54.966170,SYS-092,system,Operations,fraud,41,High,2.01,"{""metric_1"": 2, ""metric_2"": 39}",True
RSK-000631,2026-07-01T19:18:54.966170,C-3667,customer,IT,customer,52,High,0.41,"{""metric_1"": 1, ""metric_2"": 72}",False
RSK-000632,2026-07-23T19:18:54.966170,C-1766,customer,Finance,customer,90,Critical,4.55,"{""metric_1"": 1, ""metric_2"": 77}",True
RSK-000633,2026-08-12T19:18:54.966170,SYS-031,system,IT,cyber,84,Moderate,3.56,"{""metric_1"": 3, ""metric_2"": 22}",True
RSK-000634,2026-07-22T19:18:54.966170,S-020,supplier,IT,operational,95,Moderate,0.14,"{""metric_1"": 7, ""metric_2"": 58}",False
RSK-000635,2026-05-31T19:18:54.966170,S-022,supplier,IT,operational,38,Critical,3.91,"{""metric_1"": 9, ""metric_2"": 93}",False
RSK-000636,2026-06-26T19:18:54.966170,SYS-008,system,Operations,fraud,22,Moderate,2.85,"{""metric_1"": 9, ""metric_2"": 44}",False
RSK-000637,2026-07-03T19:18:54.966170,S-039,supplier,Support,operational,18,High,0.86,"{""metric_1"": 1, ""metric_2"": 33}",True
RSK-000638,2026-06-13T19:18:54.966170,C-2798,customer,Finance,customer,39,Moderate,4.91,"{""metric_1"": 6, ""metric_2"": 15}",False
RSK-000639,2026-05-14T19:18:54.966170,S-013,supplier,Operations,operational,16,Low,2.59,"{""metric_1"": 6, ""metric_2"": 45}",False
RSK-000640,2026-06-19T19:18:54.966170,S-024,supplier,Support,operational,87,High,2.23,"{""metric_1"": 4, ""metric_2"": 33}",False
RSK-000641,2026-05-31T19:18:54.966170,SYS-046,system,Finance,cyber,23,High,0.34,"{""metric_1"": 8, ""metric_2"": 54}",False
RSK-000642,2026-07-05T19:18:54.966170,S-044,supplier,IT,operational,20,Critical,3.69,"{""metric_1"": 5, ""metric_2"": 25}",True
RSK-000643,2026-05-17T19:18:54.966170,SYS-022,system,Finance,fraud,24,Low,0.7,"{""metric_1"": 9, ""metric_2"": 75}",False
RSK-000644,2026-08-01T19:18:54.966170,SYS-016,system,Finance,cyber,34,Low,0.72,"{""metric_1"": 2, ""metric_2"": 98}",True
RSK-000645,2026-08-09T19:18:54.966170,C-3279,customer,Finance,customer,12,Moderate,4.37,"{""metric_1"": 6, ""metric_2"": 50}",False
RSK-000646,2026-07-17T19:18:54.966170,SYS-033,system,Operations,fraud,60,High,3.07,"{""metric_1"": 4, ""metric_2"": 55}",True
RSK-000647,2026-07-11T19:18:54.966170,SYS-063,system,Operations,cyber,78,Moderate,0.83,"{""metric_1"": 6, ""metric_2"": 37}",False
RSK-000648,2026-06-11T19:18:54.966170,C-0285,customer,Operations,customer,72,Low,1.34,"{""metric_1"": 3, ""metric_2"": 56}",True
RSK-000649,2026-07-16T19:18:54.966170,C-2790,customer,Support,customer,73,Moderate,4.19,"{""metric_1"": 4, ""metric_2"": 30}",True
RSK-000650,2026-06-03T19:18:54.966170,SYS-085,system,IT,fraud,51,Critical,1.94,"{""metric_1"": 9, ""metric_2"": 51}",False
RSK-000651,2026-08-17T19:18:54.966170,SYS-013,system,IT,cyber,70,Moderate,3.02,"{""metric_1"": 6, ""metric_2"": 90}",True
RSK-000652,2026-05-29T19:18:54.966170,C-2220,customer,Operations,financial,79,High,2.73,"{""metric_1"": 6, ""metric_2"": 52}",True
RSK-000653,2026-08-16T19:18:54.966170,S-035,supplier,Support,operational,49,Moderate,4.42,"{""metric_1"": 6, ""metric_2"": 67}",True
RSK-000654,2026-06-20T19:18:54.966170,S-012,supplier,IT,operational,55,Moderate,3.8,"{""metric_1"": 3, ""metric_2"": 49}",False
RSK-000655,2026-08-11T19:18:54.966170,SYS-089,system,Operations,fraud,46,Critical,2.75,"{""metric_1"": 3, ""metric_2"": 13}",False
RSK-000656,2026-07-15T19:18:54.966170,S-014,supplier,Support,operational,93,Low,2.16,"{""metric_1"": 3, ""metric_2"": 26}",True
RSK-000657,2026-07-24T19:18:54.966170,SYS-002,system,Support,cyber,75,Critical,2.91,"{""metric_1"": 2, ""metric_2"": 90}",True
RSK-000658,2026-06-24T19:18:54.966170,C-1401,customer,Support,customer,44,Low,3.04,"{""metric_1"": 9, ""metric_2"": 12}",True
RSK-000659,2026-06-08T19:18:54.966170,S-050,supplier,IT,operational,25,High,0.84,"{""metric_1"": 7, ""metric_2"": 92}",False
RSK-000660,2026-07-02T19:18:54.966170,S-010,supplier,Finance,operational,31,Moderate,1.07,"{""metric_1"": 2, ""metric_2"": 10}",False
RSK-000661,2026-08-06T19:18:54.966170,SYS-031,system,IT,cyber,16,Critical,1.15,"{""metric_1"": 3, ""metric_2"": 73}",True
RSK-000662,2026-06-08T19:18:54.966170,S-029,supplier,Operations,operational,28,Critical,3.29,"{""metric_1"": 8, ""metric_2"": 22}",True
RSK-000663,2026-05-14T19:18:54.966170,C-2601,customer,Operations,financial,17,Critical,4.18,"{""metric_1"": 5, ""metric_2"": 75}",True
RSK-000664,2026-08-04T19:18:54.966170,SYS-028,system,IT,fraud,77,Moderate,3.87,"{""metric_1"": 5, ""metric_2"": 75}",True
RSK-000665,2026-07-06T19:18:54.966170,SYS-021,system,Support,cyber,89,Critical,3.51,"{""metric_1"": 1, ""metric_2"": 97}",False
RSK-000666,2026-07-02T19:18:54.966170,C-0963,customer,IT,financial,20,Low,1.01,"{""metric_1"": 2, ""metric_2"": 32}",True
RSK-000667,2026-06-12T19:18:54.966170,S-006,supplier,Support,operational,78,Moderate,2.55,"{""metric_1"": 8, ""metric_2"": 27}",False
RSK-000668,2026-08-18T19:18:54.966170,SYS-045,system,Support,cyber,74,Moderate,4.8,"{""metric_1"": 1, ""metric_2"": 32}",False
RSK-000669,2026-06-19T19:18:54.966170,C-1947,customer,Finance,financial,46,High,3.63,"{""metric_1"": 8, ""metric_2"": 79}",False
RSK-000670,2026-07-26T19:18:54.966170,C-2531,customer,IT,financial,98,Critical,3.46,"{""metric_1"": 6, ""metric_2"": 27}",True
RSK-000671,2026-07-06T19:18:54.966170,C-1369,customer,IT,customer,91,Critical,1.96,"{""metric_1"": 7, ""metric_2"": 34}",True
RSK-000672,2026-05-31T19:18:54.966170,SYS-076,system,Finance,cyber,71,High,2.26,"{""metric_1"": 2, ""metric_2"": 11}",True
RSK-000673,2026-05-24T19:18:54.966170,C-3093,customer,Support,customer,89,Low,1.97,"{""metric_1"": 2, ""metric_2"": 98}",True
RSK-000674,2026-05-27T19:18:54.966170,S-042,supplier,IT,operational,50,Critical,1.64,"{""metric_1"": 1, ""metric_2"": 28}",False
RSK-000675,2026-05-27T19:18:54.966170,SYS-098,system,IT,cyber,57,Low,3.52,"{""metric_1"": 5, ""metric_2"": 32}",False
RSK-000676,2026-07-15T19:18:54.966170,SYS-052,system,IT,fraud,88,Moderate,0.16,"{""metric_1"": 2, ""metric_2"": 78}",False
RSK-000677,2026-05-20T19:18:54.966170,SYS-092,system,Support,fraud,25,Low,4.43,"{""metric_1"": 3, ""metric_2"": 54}",True
RSK-000678,2026-05-24T19:18:54.966170,SYS-094,system,Support,cyber,15,High,1.02,"{""metric_1"": 6, ""metric_2"": 45}",True
RSK-000679,2026-08-15T19:18:54.966170,C-4960,customer,Operations,financial,50,High,0.88,"{""metric_1"": 7, ""metric_2"": 89}",False
RSK-000680,2026-08-05T19:18:54.966170,C-0524,customer,Operations,customer,30,High,3.11,"{""metric_1"": 3, ""metric_2"": 58}",True
RSK-000681,2026-07-20T19:18:54.966170,C-3114,customer,Operations,customer,32,High,4.05,"{""metric_1"": 5, ""metric_2"": 93}",False
RSK-000682,2026-07-04T19:18:54.966170,S-041,supplier,Finance,operational,24,Critical,3.15,"{""metric_1"": 9, ""metric_2"": 47}",True
RSK-000683,2026-08-09T19:18:54.966170,SYS-082,system,Operations,fraud,36,Low,0.19,"{""metric_1"": 8, ""metric_2"": 30}",False
RSK-000684,2026-07-24T19:18:54.966170,SYS-076,system,Support,fraud,99,Moderate,1.74,"{""metric_1"": 5, ""metric_2"": 41}",True
RSK-000685,2026-07-12T19:18:54.966170,C-4599,customer,Support,customer,73,Moderate,0.67,"{""metric_1"": 4, ""metric_2"": 44}",False
RSK-000686,2026-06-08T19:18:54.966170,SYS-027,system,IT,fraud,57,High,1.43,"{""metric_1"": 8, ""metric_2"": 57}",False
RSK-000687,2026-06-20T19:18:54.966170,S-020,supplier,Support,operational,65,Critical,0.36,"{""metric_1"": 8, ""metric_2"": 31}",False
RSK-000688,2026-08-12T19:18:54.966170,SYS-030,system,IT,fraud,81,High,0.24,"{""metric_1"": 7, ""metric_2"": 17}",True
RSK-000689,2026-06-10T19:18:54.966170,SYS-064,system,Finance,cyber,88,Low,0.22,"{""metric_1"": 9, ""metric_2"": 30}",True
RSK-000690,2026-06-22T19:18:54.966170,SYS-099,system,Support,cyber,29,Low,4.61,"{""metric_1"": 9, ""metric_2"": 83}",True
RSK-000691,2026-07-27T19:18:54.966170,C-3774,customer,Support,customer,56,Moderate,2.96,"{""metric_1"": 3, ""metric_2"": 28}",True
RSK-000692,2026-05-27T19:18:54.966170,C-3088,customer,Operations,financial,68,Moderate,1.83,"{""metric_1"": 6, ""metric_2"": 12}",True
RSK-000693,2026-08-06T19:18:54.966170,SYS-031,system,IT,cyber,75,High,2.66,"{""metric_1"": 2, ""metric_2"": 71}",True
RSK-000694,2026-07-12T19:18:54.966170,SYS-079,system,Finance,cyber,60,High,1.61,"{""metric_1"": 4, ""metric_2"": 25}",True
RSK-000695,2026-07-21T19:18:54.966170,SYS-012,system,Operations,fraud,95,Low,0.91,"{""metric_1"": 5, ""metric_2"": 19}",True
RSK-000696,2026-06-08T19:18:54.966170,SYS-027,system,IT,cyber,54,Low,0.49,"{""metric_1"": 3, ""metric_2"": 62}",False
RSK-000697,2026-08-16T19:18:54.966170,SYS-019,system,Operations,fraud,80,High,0.89,"{""metric_1"": 8, ""metric_2"": 90}",False
RSK-000698,2026-07-16T19:18:54.966170,C-1528,customer,Support,customer,98,Critical,3.18,"{""metric_1"": 8, ""metric_2"": 82}",False
RSK-000699,2026-08-12T19:18:54.966170,S-024,supplier,IT,operational,16,High,3.67,"{""metric_1"": 2, ""metric_2"": 25}",True
RSK-000700,2026-08-16T19:18:54.966170,C-0445,customer,IT,customer,70,High,4.18,"{""metric_1"": 8, ""metric_2"": 45}",True
RSK-000701,2026-06-19T19:18:54.966170,SYS-003,system,Support,fraud,14,Moderate,1.91,"{""metric_1"": 5, ""metric_2"": 83}",True
RSK-000702,2026-07-05T19:18:54.966170,C-2495,customer,Finance,customer,17,High,4.86,"{""metric_1"": 5, ""metric_2"": 28}",True
RSK-000703,2026-05-23T19:18:54.966170,SYS-091,system,IT,cyber,53,Critical,0.5,"{""metric_1"": 3, ""metric_2"": 32}",False
RSK-000704,2026-06-02T19:18:54.966170,SYS-005,system,Operations,cyber,42,High,0.75,"{""metric_1"": 3, ""metric_2"": 90}",False
RSK-000705,2026-06-26T19:18:54.966170,C-4674,customer,Finance,customer,10,Moderate,1.12,"{""metric_1"": 4, ""metric_2"": 35}",False
RSK-000706,2026-06-28T19:18:54.966170,SYS-073,system,IT,cyber,27,Critical,4.34,"{""metric_1"": 3, ""metric_2"": 92}",False
RSK-000707,2026-05-20T19:18:54.966170,C-1852,customer,Finance,financial,79,High,2.0,"{""metric_1"": 8, ""metric_2"": 85}",False
RSK-000708,2026-08-13T19:18:54.966170,SYS-016,system,Operations,fraud,37,Moderate,2.13,"{""metric_1"": 6, ""metric_2"": 99}",False
RSK-000709,2026-06-21T19:18:54.966170,C-4363,customer,Finance,financial,63,Moderate,4.92,"{""metric_1"": 4, ""metric_2"": 65}",False
RSK-000710,2026-06-22T19:18:54.966170,S-006,supplier,IT,operational,77,High,0.25,"{""metric_1"": 4, ""metric_2"": 73}",True
RSK-000711,2026-07-07T19:18:54.966170,SYS-013,system,Support,cyber,10,High,0.82,"{""metric_1"": 1, ""metric_2"": 91}",False
RSK-000712,2026-07-18T19:18:54.966170,S-050,supplier,Support,operational,84,High,0.41,"{""metric_1"": 3, ""metric_2"": 30}",True
RSK-000713,2026-05-21T19:18:54.966170,S-020,supplier,Operations,operational,74,Critical,4.25,"{""metric_1"": 2, ""metric_2"": 62}",False
RSK-000714,2026-07-15T19:18:54.966170,SYS-025,system,Operations,fraud,92,Low,4.1,"{""metric_1"": 9, ""metric_2"": 12}",True
RSK-000715,2026-06-30T19:18:54.966170,C-1383,customer,Finance,customer,63,Low,3.07,"{""metric_1"": 7, ""metric_2"": 72}",False
RSK-000716,2026-07-11T19:18:54.966170,SYS-058,system,IT,fraud,57,High,0.63,"{""metric_1"": 8, ""metric_2"": 77}",True
RSK-000717,2026-08-05T19:18:54.966170,C-1001,customer,IT,customer,15,Critical,0.7,"{""metric_1"": 5, ""metric_2"": 41}",False
RSK-000718,2026-08-05T19:18:54.966170,SYS-031,system,IT,fraud,51,Low,3.33,"{""metric_1"": 5, ""metric_2"": 48}",True
RSK-000719,2026-08-12T19:18:54.966170,SYS-088,system,Operations,cyber,71,Low,2.9,"{""metric_1"": 6, ""metric_2"": 89}",False
RSK-000720,2026-08-02T19:18:54.966170,C-2234,customer,Operations,financial,80,Low,0.53,"{""metric_1"": 7, ""metric_2"": 31}",True
RSK-000721,2026-07-15T19:18:54.966170,S-029,supplier,Operations,operational,79,Low,0.5,"{""metric_1"": 1, ""metric_2"": 47}",True
RSK-000722,2026-07-22T19:18:54.966170,C-2402,customer,Finance,customer,15,Moderate,4.21,"{""metric_1"": 2, ""metric_2"": 60}",False
RSK-000723,2026-07-09T19:18:54.966170,SYS-043,system,IT,cyber,71,Critical,3.39,"{""metric_1"": 8, ""metric_2"": 77}",False
RSK-000724,2026-06-21T19:18:54.966170,S-017,supplier,Finance,operational,62,High,3.59,"{""metric_1"": 3, ""metric_2"": 15}",True
RSK-000725,2026-07-06T19:18:54.966170,SYS-040,system,IT,fraud,24,High,4.69,"{""metric_1"": 1, ""metric_2"": 61}",True
RSK-000726,2026-06-09T19:18:54.966170,C-0187,customer,Operations,financial,89,Moderate,1.64,"{""metric_1"": 9, ""metric_2"": 13}",False
RSK-000727,2026-07-09T19:18:54.966170,C-4503,customer,IT,customer,60,Low,2.89,"{""metric_1"": 9, ""metric_2"": 62}",True
RSK-000728,2026-06-06T19:18:54.966170,C-0125,customer,Finance,financial,79,High,3.0,"{""metric_1"": 6, ""metric_2"": 81}",True
RSK-000729,2026-06-15T19:18:54.966170,S-012,supplier,Support,operational,61,Critical,1.59,"{""metric_1"": 9, ""metric_2"": 52}",True
RSK-000730,2026-06-13T19:18:54.966170,SYS-058,system,Operations,fraud,11,High,1.68,"{""metric_1"": 3, ""metric_2"": 69}",False
RSK-000731,2026-07-14T19:18:54.966170,C-1167,customer,IT,customer,72,Critical,4.88,"{""metric_1"": 3, ""metric_2"": 19}",False
RSK-000732,2026-05-14T19:18:54.966170,C-1922,customer,IT,customer,64,Moderate,4.04,"{""metric_1"": 1, ""metric_2"": 91}",False
RSK-000733,2026-06-27T19:18:54.966170,SYS-034,system,Finance,cyber,24,Moderate,3.6,"{""metric_1"": 1, ""metric_2"": 76}",True
RSK-000734,2026-07-24T19:18:54.966170,SYS-003,system,Support,fraud,13,Low,3.74,"{""metric_1"": 6, ""metric_2"": 60}",True
RSK-000735,2026-07-02T19:18:54.966170,SYS-017,system,Finance,fraud,21,High,3.39,"{""metric_1"": 9, ""metric_2"": 95}",False
RSK-000736,2026-06-11T19:18:54.966170,SYS-037,system,IT,fraud,13,Critical,3.29,"{""metric_1"": 3, ""metric_2"": 31}",True
RSK-000737,2026-06-17T19:18:54.966170,SYS-016,system,Finance,fraud,34,Critical,0.25,"{""metric_1"": 3, ""metric_2"": 83}",True
RSK-000738,2026-05-24T19:18:54.966170,C-3995,customer,Operations,financial,29,Moderate,2.28,"{""metric_1"": 2, ""metric_2"": 51}",True
RSK-000739,2026-06-27T19:18:54.966170,SYS-023,system,Finance,fraud,42,Critical,3.91,"{""metric_1"": 6, ""metric_2"": 38}",False
RSK-000740,2026-06-18T19:18:54.966170,SYS-042,system,Operations,fraud,82,High,1.72,"{""metric_1"": 1, ""metric_2"": 12}",False
RSK-000741,2026-07-05T19:18:54.966170,C-2095,customer,Support,financial,54,Low,2.01,"{""metric_1"": 9, ""metric_2"": 22}",False
RSK-000742,2026-05-30T19:18:54.966170,S-036,supplier,IT,operational,17,Moderate,2.99,"{""metric_1"": 3, ""metric_2"": 95}",True
RSK-000743,2026-05-15T19:18:54.966170,SYS-072,system,Operations,cyber,95,High,3.26,"{""metric_1"": 9, ""metric_2"": 96}",False
RSK-000744,2026-06-13T19:18:54.966170,S-003,supplier,IT,operational,82,High,0.57,"{""metric_1"": 2, ""metric_2"": 48}",True
RSK-000745,2026-05-22T19:18:54.966170,C-3816,customer,Finance,financial,19,High,4.59,"{""metric_1"": 6, ""metric_2"": 32}",True
RSK-000746,2026-06-03T19:18:54.966170,S-050,supplier,Finance,operational,54,Low,3.07,"{""metric_1"": 7, ""metric_2"": 27}",False
RSK-000747,2026-07-22T19:18:54.966170,SYS-089,system,Finance,cyber,97,Moderate,4.31,"{""metric_1"": 5, ""metric_2"": 48}",False
RSK-000748,2026-07-23T19:18:54.966170,SYS-033,system,Support,fraud,87,Moderate,4.91,"{""metric_1"": 7, ""metric_2"": 26}",False
RSK-000749,2026-05-31T19:18:54.966170,C-1432,customer,Finance,financial,92,Low,4.28,"{""metric_1"": 2, ""metric_2"": 79}",False
RSK-000750,2026-08-10T19:18:54.966170,SYS-015,system,Operations,cyber,48,Critical,3.57,"{""metric_1"": 9, ""metric_2"": 84}",False
RSK-000751,2026-07-03T19:18:54.966170,C-1238,customer,Operations,financial,75,Critical,0.63,"{""metric_1"": 2, ""metric_2"": 14}",True
RSK-000752,2026-06-28T19:18:54.966170,SYS-068,system,Support,fraud,60,High,4.04,"{""metric_1"": 4, ""metric_2"": 73}",False
RSK-000753,2026-05-26T19:18:54.966170,C-0167,customer,Finance,customer,69,Moderate,1.05,"{""metric_1"": 7, ""metric_2"": 21}",False
RSK-000754,2026-06-09T19:18:54.966170,SYS-071,system,Finance,cyber,45,Moderate,2.7,"{""metric_1"": 5, ""metric_2"": 92}",True
RSK-000755,2026-06-09T19:18:54.966170,SYS-018,system,Support,cyber,57,Low,0.58,"{""metric_1"": 1, ""metric_2"": 66}",True
RSK-000756,2026-07-22T19:18:54.966170,S-029,supplier,Finance,operational,52,Moderate,4.08,"{""metric_1"": 7, ""metric_2"": 32}",True
RSK-000757,2026-07-01T19:18:54.966170,SYS-002,system,Support,cyber,87,Moderate,4.7,"{""metric_1"": 7, ""metric_2"": 45}",False
RSK-000758,2026-07-13T19:18:54.966170,C-3619,customer,IT,customer,93,Moderate,3.7,"{""metric_1"": 6, ""metric_2"": 56}",False
RSK-000759,2026-06-24T19:18:54.966170,SYS-075,system,Finance,cyber,28,Moderate,0.83,"{""metric_1"": 9, ""metric_2"": 93}",True
RSK-000760,2026-08-17T19:18:54.966170,SYS-017,system,Operations,fraud,66,Low,0.86,"{""metric_1"": 5, ""metric_2"": 57}",False
RSK-000761,2026-08-03T19:18:54.966170,C-2219,customer,IT,financial,46,Low,3.84,"{""metric_1"": 7, ""metric_2"": 73}",True
RSK-000762,2026-07-19T19:18:54.966170,S-041,supplier,Support,operational,24,Critical,0.33,"{""metric_1"": 8, ""metric_2"": 51}",False
RSK-000763,2026-08-06T19:18:54.966170,SYS-033,system,Support,fraud,56,Low,3.05,"{""metric_1"": 1, ""metric_2"": 11}",True
RSK-000764,2026-08-20T19:18:54.966170,S-032,supplier,Support,operational,61,Critical,4.57,"{""metric_1"": 7, ""metric_2"": 97}",True
RSK-000765,2026-07-01T19:18:54.966170,SYS-019,system,IT,cyber,37,Low,1.26,"{""metric_1"": 8, ""metric_2"": 96}",False
RSK-000766,2026-07-18T19:18:54.966170,SYS-016,system,Support,fraud,22,Low,1.72,"{""metric_1"": 6, ""metric_2"": 30}",False
RSK-000767,2026-05-14T19:18:54.966170,C-1409,customer,Support,financial,37,Critical,4.86,"{""metric_1"": 4, ""metric_2"": 34}",True
RSK-000768,2026-06-06T19:18:54.966170,SYS-083,system,Operations,fraud,35,Moderate,4.43,"{""metric_1"": 9, ""metric_2"": 97}",False
RSK-000769,2026-07-11T19:18:54.966170,C-3039,customer,Operations,customer,75,High,0.78,"{""metric_1"": 4, ""metric_2"": 68}",False
RSK-000770,2026-06-26T19:18:54.966170,SYS-085,system,IT,fraud,44,Low,1.99,"{""metric_1"": 4, ""metric_2"": 87}",False
RSK-000771,2026-05-31T19:18:54.966170,SYS-089,system,Support,cyber,58,Low,0.72,"{""metric_1"": 2, ""metric_2"": 77}",False
RSK-000772,2026-05-30T19:18:54.966170,S-038,supplier,Support,operational,86,Critical,2.23,"{""metric_1"": 2, ""metric_2"": 40}",True
RSK-000773,2026-08-11T19:18:54.966170,S-046,supplier,IT,operational,84,High,3.19,"{""metric_1"": 2, ""metric_2"": 75}",False
RSK-000774,2026-08-15T19:18:54.966170,SYS-069,system,IT,cyber,58,High,0.42,"{""metric_1"": 7, ""metric_2"": 14}",False
RSK-000775,2026-08-03T19:18:54.966170,SYS-049,system,Finance,cyber,25,Critical,2.87,"{""metric_1"": 1, ""metric_2"": 25}",False
RSK-000776,2026-07-02T19:18:54.966170,S-017,supplier,Operations,operational,17,Critical,2.89,"{""metric_1"": 2, ""metric_2"": 10}",False
RSK-000777,2026-06-14T19:18:54.966170,C-4522,customer,IT,financial,19,High,1.52,"{""metric_1"": 3, ""metric_2"": 48}",True
RSK-000778,2026-06-13T19:18:54.966170,SYS-083,system,Operations,fraud,93,Low,0.86,"{""metric_1"": 2, ""metric_2"": 12}",False
RSK-000779,2026-05-30T19:18:54.966170,S-024,supplier,Operations,operational,70,Moderate,1.55,"{""metric_1"": 4, ""metric_2"": 47}",True
RSK-000780,2026-06-09T19:18:54.966170,SYS-080,system,Finance,cyber,86,High,3.42,"{""metric_1"": 3, ""metric_2"": 98}",False
RSK-000781,2026-07-31T19:18:54.966170,S-019,supplier,Operations,operational,91,Moderate,3.74,"{""metric_1"": 8, ""metric_2"": 15}",True
RSK-000782,2026-07-30T19:18:54.966170,SYS-019,system,Operations,cyber,84,Low,0.74,"{""metric_1"": 9, ""metric_2"": 71}",True
RSK-000783,2026-07-12T19:18:54.966170,C-4726,customer,Support,customer,87,Moderate,1.98,"{""metric_1"": 5, ""metric_2"": 38}",True
RSK-000784,2026-07-13T19:18:54.966170,C-0930,customer,Support,financial,64,Moderate,4.44,"{""metric_1"": 5, ""metric_2"": 71}",True
RSK-000785,2026-08-20T19:18:54.966170,C-4938,customer,IT,customer,52,High,0.2,"{""metric_1"": 3, ""metric_2"": 58}",False
RSK-000786,2026-08-02T19:18:54.966170,SYS-082,system,Finance,fraud,26,High,3.82,"{""metric_1"": 9, ""metric_2"": 13}",True
RSK-000787,2026-06-18T19:18:54.966170,S-033,supplier,Finance,operational,98,High,4.61,"{""metric_1"": 7, ""metric_2"": 22}",True
RSK-000788,2026-05-28T19:18:54.966170,SYS-015,system,Support,fraud,25,High,2.07,"{""metric_1"": 8, ""metric_2"": 87}",False
RSK-000789,2026-07-15T19:18:54.966170,SYS-006,system,Operations,cyber,84,High,3.66,"{""metric_1"": 7, ""metric_2"": 15}",True
RSK-000790,2026-08-15T19:18:54.966170,SYS-055,system,Support,fraud,78,Moderate,3.7,"{""metric_1"": 8, ""metric_2"": 13}",True
RSK-000791,2026-08-06T19:18:54.966170,SYS-002,system,Operations,cyber,28,Low,0.44,"{""metric_1"": 2, ""metric_2"": 40}",True
RSK-000792,2026-08-16T19:18:54.966170,C-4928,customer,Operations,financial,64,High,2.65,"{""metric_1"": 2, ""metric_2"": 31}",True
RSK-000793,2026-07-03T19:18:54.966170,SYS-022,system,Operations,cyber,32,High,1.61,"{""metric_1"": 2, ""metric_2"": 98}",True
RSK-000794,2026-07-08T19:18:54.966170,C-2430,customer,IT,financial,12,Critical,4.68,"{""metric_1"": 7, ""metric_2"": 86}",True
RSK-000795,2026-06-26T19:18:54.966170,C-3083,customer,Support,customer,70,Low,2.23,"{""metric_1"": 3, ""metric_2"": 34}",True
RSK-000796,2026-08-04T19:18:54.966170,SYS-014,system,IT,fraud,80,Low,4.94,"{""metric_1"": 7, ""metric_2"": 83}",False
RSK-000797,2026-05-30T19:18:54.966170,SYS-037,system,Support,fraud,74,Moderate,3.92,"{""metric_1"": 4, ""metric_2"": 80}",False
RSK-000798,2026-06-18T19:18:54.966170,SYS-049,system,Finance,cyber,88,Low,2.03,"{""metric_1"": 7, ""metric_2"": 88}",True
RSK-000799,2026-07-22T19:18:54.966170,SYS-010,system,Finance,cyber,43,Critical,1.11,"{""metric_1"": 2, ""metric_2"": 85}",True
RSK-000800,2026-05-19T19:18:54.966170,C-1191,customer,Finance,financial,92,Moderate,0.52,"{""metric_1"": 2, ""metric_2"": 68}",True
RSK-000801,2026-06-28T19:18:54.966170,C-3764,customer,Operations,customer,44,Critical,2.41,"{""metric_1"": 6, ""metric_2"": 58}",False
RSK-000802,2026-06-17T19:18:54.966170,C-3633,customer,IT,customer,24,Low,0.29,"{""metric_1"": 6, ""metric_2"": 20}",False
RSK-000803,2026-08-13T19:18:54.966170,C-2902,customer,Support,customer,16,Low,4.03,"{""metric_1"": 5, ""metric_2"": 98}",True
RSK-000804,2026-08-07T19:18:54.966170,C-4082,customer,Finance,customer,35,Critical,0.35,"{""metric_1"": 1, ""metric_2"": 65}",True
RSK-000805,2026-06-30T19:18:54.966170,C-3382,customer,Operations,customer,13,High,1.43,"{""metric_1"": 3, ""metric_2"": 81}",False
RSK-000806,2026-08-05T19:18:54.966170,SYS-078,system,IT,cyber,47,Moderate,1.23,"{""metric_1"": 8, ""metric_2"": 67}",False
RSK-000807,2026-07-07T19:18:54.966170,S-031,supplier,Support,operational,65,Moderate,3.63,"{""metric_1"": 2, ""metric_2"": 23}",False
RSK-000808,2026-06-26T19:18:54.966170,S-010,supplier,Finance,operational,85,Low,1.47,"{""metric_1"": 4, ""metric_2"": 47}",False
RSK-000809,2026-05-23T19:18:54.966170,SYS-084,system,Support,fraud,26,Critical,1.15,"{""metric_1"": 1, ""metric_2"": 40}",True
RSK-000810,2026-05-24T19:18:54.966170,C-4958,customer,Support,customer,50,Low,4.63,"{""metric_1"": 7, ""metric_2"": 95}",True
RSK-000811,2026-08-04T19:18:54.966170,SYS-062,system,Finance,fraud,28,Critical,0.5,"{""metric_1"": 5, ""metric_2"": 58}",False
RSK-000812,2026-05-25T19:18:54.966170,C-2435,customer,IT,financial,26,Critical,4.55,"{""metric_1"": 9, ""metric_2"": 42}",True
RSK-000813,2026-08-12T19:18:54.966170,SYS-013,system,Support,fraud,50,Critical,3.0,"{""metric_1"": 9, ""metric_2"": 77}",True
RSK-000814,2026-07-27T19:18:54.966170,SYS-066,system,IT,fraud,30,Moderate,1.23,"{""metric_1"": 8, ""metric_2"": 58}",False
RSK-000815,2026-07-10T19:18:54.966170,S-037,supplier,Finance,operational,16,Moderate,2.65,"{""metric_1"": 4, ""metric_2"": 13}",False
RSK-000816,2026-06-14T19:18:54.966170,C-1970,customer,IT,financial,93,Moderate,0.38,"{""metric_1"": 1, ""metric_2"": 82}",True
RSK-000817,2026-08-07T19:18:54.966170,SYS-061,system,Finance,fraud,61,Low,1.12,"{""metric_1"": 6, ""metric_2"": 93}",True
RSK-000818,2026-07-24T19:18:54.966170,C-3982,customer,Support,customer,12,High,1.34,"{""metric_1"": 2, ""metric_2"": 13}",False
RSK-000819,2026-06-07T19:18:54.966170,SYS-087,system,IT,cyber,42,High,0.69,"{""metric_1"": 4, ""metric_2"": 66}",True
RSK-000820,2026-06-27T19:18:54.966170,C-3481,customer,IT,customer,20,Low,4.91,"{""metric_1"": 3, ""metric_2"": 22}",False
RSK-000821,2026-07-04T19:18:54.966170,SYS-089,system,IT,cyber,51,Low,1.03,"{""metric_1"": 8, ""metric_2"": 91}",False
RSK-000822,2026-06-01T19:18:54.966170,SYS-041,system,IT,cyber,38,Low,3.62,"{""metric_1"": 7, ""metric_2"": 63}",False
RSK-000823,2026-07-17T19:18:54.966170,SYS-074,system,Operations,cyber,95,Low,1.75,"{""metric_1"": 9, ""metric_2"": 52}",False
RSK-000824,2026-07-24T19:18:54.966170,C-1901,customer,Operations,financial,76,High,0.87,"{""metric_1"": 9, ""metric_2"": 44}",False
RSK-000825,2026-06-25T19:18:54.966170,SYS-065,system,Operations,cyber,78,Low,3.04,"{""metric_1"": 7, ""metric_2"": 64}",False
RSK-000826,2026-07-14T19:18:54.966170,S-036,supplier,Operations,operational,24,Moderate,1.88,"{""metric_1"": 9, ""metric_2"": 52}",False
RSK-000827,2026-06-20T19:18:54.966170,SYS-041,system,Support,fraud,83,Critical,3.66,"{""metric_1"": 1, ""metric_2"": 10}",True
RSK-000828,2026-07-29T19:18:54.966170,SYS-064,system,Support,cyber,96,High,1.4,"{""metric_1"": 6, ""metric_2"": 39}",False
RSK-000829,2026-06-05T19:18:54.966170,C-3946,customer,IT,customer,14,Critical,1.33,"{""metric_1"": 6, ""metric_2"": 60}",False
RSK-000830,2026-08-01T19:18:54.966170,SYS-053,system,Operations,cyber,62,Moderate,1.51,"{""metric_1"": 5, ""metric_2"": 33}",True
RSK-000831,2026-07-30T19:18:54.966170,SYS-048,system,Operations,cyber,69,Low,3.93,"{""metric_1"": 4, ""metric_2"": 82}",False
RSK-000832,2026-05-22T19:18:54.966170,SYS-011,system,Operations,fraud,89,High,3.91,"{""metric_1"": 3, ""metric_2"": 82}",True
RSK-000833,2026-05-14T19:18:54.966170,C-2187,customer,Support,customer,57,High,4.65,"{""metric_1"": 9, ""metric_2"": 30}",False
RSK-000834,2026-07-08T19:18:54.966170,SYS-088,system,IT,cyber,85,Moderate,4.21,"{""metric_1"": 7, ""metric_2"": 38}",False
RSK-000835,2026-05-18T19:18:54.966170,S-010,supplier,Support,operational,14,Critical,4.09,"{""metric_1"": 2, ""metric_2"": 29}",True
RSK-000836,2026-05-31T19:18:54.966170,SYS-020,system,Operations,fraud,19,Low,1.92,"{""metric_1"": 4, ""metric_2"": 36}",True
RSK-000837,2026-08-21T19:18:54.966170,S-025,supplier,IT,operational,94,Critical,1.36,"{""metric_1"": 5, ""metric_2"": 54}",False
RSK-000838,2026-05-18T19:18:54.966170,C-4211,customer,IT,financial,36,Low,1.18,"{""metric_1"": 6, ""metric_2"": 73}",False
RSK-000839,2026-08-03T19:18:54.966170,SYS-038,system,Finance,fraud,10,Critical,1.49,"{""metric_1"": 7, ""metric_2"": 39}",True
RSK-000840,2026-08-16T19:18:54.966170,SYS-085,system,IT,cyber,42,Critical,4.61,"{""metric_1"": 6, ""metric_2"": 21}",False
RSK-000841,2026-05-22T19:18:54.966170,SYS-072,system,Operations,fraud,16,High,3.12,"{""metric_1"": 1, ""metric_2"": 47}",True
RSK-000842,2026-06-05T19:18:54.966170,C-4475,customer,Support,customer,52,Critical,1.28,"{""metric_1"": 4, ""metric_2"": 17}",False
RSK-000843,2026-05-23T19:18:54.966170,C-0628,customer,Support,financial,69,High,0.15,"{""metric_1"": 6, ""metric_2"": 97}",True
RSK-000844,2026-06-14T19:18:54.966170,C-2466,customer,IT,customer,40,Low,4.34,"{""metric_1"": 1, ""metric_2"": 69}",False
RSK-000845,2026-06-23T19:18:54.966170,SYS-076,system,IT,fraud,34,Critical,2.08,"{""metric_1"": 9, ""metric_2"": 24}",False
RSK-000846,2026-07-14T19:18:54.966170,C-4036,customer,Support,financial,96,High,3.09,"{""metric_1"": 6, ""metric_2"": 41}",False
RSK-000847,2026-08-02T19:18:54.966170,SYS-014,system,Operations,cyber,54,High,0.36,"{""metric_1"": 6, ""metric_2"": 90}",False
RSK-000848,2026-07-06T19:18:54.966170,C-2777,customer,IT,customer,27,High,2.38,"{""metric_1"": 2, ""metric_2"": 80}",False
RSK-000849,2026-05-15T19:18:54.966170,SYS-064,system,Support,cyber,18,Critical,2.69,"{""metric_1"": 5, ""metric_2"": 42}",True
RSK-000850,2026-07-24T19:18:54.966170,SYS-096,system,IT,cyber,37,Critical,0.85,"{""metric_1"": 4, ""metric_2"": 79}",True
RSK-000851,2026-08-19T19:18:54.966170,C-1064,customer,Finance,financial,19,High,4.93,"{""metric_1"": 6, ""metric_2"": 28}",True
RSK-000852,2026-08-21T19:18:54.966170,S-042,supplier,Operations,operational,52,Moderate,0.21,"{""metric_1"": 5, ""metric_2"": 95}",False
RSK-000853,2026-08-10T19:18:54.966170,SYS-047,system,Finance,fraud,59,Low,4.58,"{""metric_1"": 7, ""metric_2"": 29}",True
RSK-000854,2026-06-03T19:18:54.966170,S-025,supplier,Finance,operational,12,High,4.09,"{""metric_1"": 8, ""metric_2"": 35}",True
RSK-000855,2026-05-16T19:18:54.966170,S-004,supplier,Finance,operational,97,Critical,2.0,"{""metric_1"": 5, ""metric_2"": 87}",False
RSK-000856,2026-05-31T19:18:54.966170,SYS-094,system,Finance,cyber,85,Critical,2.12,"{""metric_1"": 9, ""metric_2"": 48}",True
RSK-000857,2026-07-25T19:18:54.966170,S-019,supplier,IT,operational,40,Critical,0.79,"{""metric_1"": 8, ""metric_2"": 97}",True
RSK-000858,2026-08-04T19:18:54.966170,SYS-060,system,Finance,cyber,34,Low,3.37,"{""metric_1"": 4, ""metric_2"": 25}",False
RSK-000859,2026-05-20T19:18:54.966170,SYS-043,system,Support,cyber,36,High,0.52,"{""metric_1"": 9, ""metric_2"": 35}",True
RSK-000860,2026-08-14T19:18:54.966170,C-0890,customer,Operations,financial,84,Critical,3.08,"{""metric_1"": 8, ""metric_2"": 14}",True
RSK-000861,2026-05-25T19:18:54.966170,S-037,supplier,IT,operational,37,Moderate,1.63,"{""metric_1"": 7, ""metric_2"": 38}",True
RSK-000862,2026-05-14T19:18:54.966170,C-3044,customer,Operations,customer,18,Low,1.14,"{""metric_1"": 2, ""metric_2"": 11}",False
RSK-000863,2026-06-24T19:18:54.966170,C-2322,customer,Support,financial,36,High,3.16,"{""metric_1"": 7, ""metric_2"": 76}",False
RSK-000864,2026-06-06T19:18:54.966170,S-043,supplier,Operations,operational,95,Low,4.8,"{""metric_1"": 6, ""metric_2"": 61}",False
RSK-000865,2026-07-09T19:18:54.966170,C-4792,customer,Operations,customer,77,Critical,1.63,"{""metric_1"": 9, ""metric_2"": 89}",False
RSK-000866,2026-08-01T19:18:54.966170,SYS-051,system,Operations,fraud,49,Critical,1.73,"{""metric_1"": 9, ""metric_2"": 38}",False
RSK-000867,2026-08-07T19:18:54.966170,S-020,supplier,Finance,operational,63,Moderate,0.76,"{""metric_1"": 5, ""metric_2"": 60}",False
RSK-000868,2026-06-02T19:18:54.966170,SYS-061,system,Operations,cyber,74,Moderate,2.76,"{""metric_1"": 2, ""metric_2"": 42}",False
RSK-000869,2026-06-16T19:18:54.966170,C-2822,customer,IT,financial,72,Critical,3.82,"{""metric_1"": 6, ""metric_2"": 19}",False
RSK-000870,2026-05-25T19:18:54.966170,SYS-019,system,Finance,cyber,89,Moderate,0.72,"{""metric_1"": 2, ""metric_2"": 35}",True
RSK-000871,2026-07-20T19:18:54.966170,S-043,supplier,Operations,operational,90,Moderate,3.93,"{""metric_1"": 3, ""metric_2"": 54}",False
RSK-000872,2026-05-29T19:18:54.966170,C-2818,customer,Finance,customer,22,Moderate,0.47,"{""metric_1"": 7, ""metric_2"": 73}",False
RSK-000873,2026-07-22T19:18:54.966170,SYS-079,system,Operations,cyber,33,High,3.19,"{""metric_1"": 3, ""metric_2"": 10}",True
RSK-000874,2026-07-31T19:18:54.966170,SYS-024,system,Operations,fraud,20,High,1.1,"{""metric_1"": 5, ""metric_2"": 61}",False
RSK-000875,2026-08-18T19:18:54.966170,C-4842,customer,Finance,customer,89,Moderate,4.83,"{""metric_1"": 7, ""metric_2"": 44}",False
RSK-000876,2026-05-30T19:18:54.966170,S-026,supplier,Operations,operational,26,Critical,3.52,"{""metric_1"": 4, ""metric_2"": 67}",True
RSK-000877,2026-08-06T19:18:54.966170,C-1073,customer,Operations,customer,30,Low,1.08,"{""metric_1"": 4, ""metric_2"": 98}",False
RSK-000878,2026-07-20T19:18:54.966170,C-0958,customer,Finance,financial,23,Critical,3.85,"{""metric_1"": 1, ""metric_2"": 26}",False
RSK-000879,2026-05-15T19:18:54.966170,C-0891,customer,IT,customer,38,Moderate,4.61,"{""metric_1"": 7, ""metric_2"": 86}",True
RSK-000880,2026-07-15T19:18:54.966170,C-0331,customer,Finance,financial,79,Critical,0.6,"{""metric_1"": 3, ""metric_2"": 68}",False
RSK-000881,2026-06-16T19:18:54.966170,SYS-084,system,Support,cyber,65,Critical,1.12,"{""metric_1"": 5, ""metric_2"": 38}",False
RSK-000882,2026-06-01T19:18:54.966170,SYS-022,system,Support,fraud,94,High,2.51,"{""metric_1"": 5, ""metric_2"": 77}",False
RSK-000883,2026-06-23T19:18:54.966170,SYS-018,system,Support,fraud,69,Critical,2.78,"{""metric_1"": 9, ""metric_2"": 72}",True
RSK-000884,2026-08-20T19:18:54.966170,C-1420,customer,IT,financial,29,Moderate,0.26,"{""metric_1"": 9, ""metric_2"": 76}",False
RSK-000885,2026-07-11T19:18:54.966170,SYS-062,system,Operations,cyber,23,Low,1.57,"{""metric_1"": 3, ""metric_2"": 83}",True
RSK-000886,2026-07-26T19:18:54.966170,S-022,supplier,IT,operational,47,High,4.8,"{""metric_1"": 3, ""metric_2"": 58}",False
RSK-000887,2026-05-24T19:18:54.966170,C-0028,customer,IT,financial,27,High,0.5,"{""metric_1"": 5, ""metric_2"": 87}",True
RSK-000888,2026-05-30T19:18:54.966170,SYS-056,system,Support,fraud,30,Critical,0.13,"{""metric_1"": 4, ""metric_2"": 85}",False
RSK-000889,2026-07-16T19:18:54.966170,C-0227,customer,IT,customer,96,Moderate,2.04,"{""metric_1"": 2, ""metric_2"": 57}",False
RSK-000890,2026-06-17T19:18:54.966170,SYS-069,system,Support,fraud,50,Low,2.61,"{""metric_1"": 4, ""metric_2"": 86}",False
RSK-000891,2026-08-05T19:18:54.966170,C-4996,customer,Support,financial,79,Low,4.09,"{""metric_1"": 7, ""metric_2"": 39}",True
RSK-000892,2026-07-18T19:18:54.966170,SYS-047,system,Operations,fraud,10,Moderate,4.74,"{""metric_1"": 7, ""metric_2"": 78}",True
RSK-000893,2026-07-07T19:18:54.966170,SYS-076,system,Operations,cyber,11,Moderate,0.58,"{""metric_1"": 3, ""metric_2"": 74}",False
RSK-000894,2026-08-21T19:18:54.966170,C-2823,customer,IT,customer,44,High,0.93,"{""metric_1"": 2, ""metric_2"": 40}",False
RSK-000895,2026-06-30T19:18:54.966170,S-048,supplier,Support,operational,23,Critical,0.67,"{""metric_1"": 5, ""metric_2"": 13}",True
RSK-000896,2026-06-01T19:18:54.966170,C-4227,customer,Operations,financial,53,Critical,3.34,"{""metric_1"": 7, ""metric_2"": 22}",True
RSK-000897,2026-07-24T19:18:54.966170,SYS-028,system,Support,cyber,88,Critical,4.85,"{""metric_1"": 8, ""metric_2"": 24}",True
RSK-000898,2026-07-20T19:18:54.966170,S-037,supplier,Support,operational,51,High,2.21,"{""metric_1"": 3, ""metric_2"": 77}",False
RSK-000899,2026-07-13T19:18:54.966170,S-047,supplier,Support,operational,96,Low,2.57,"{""metric_1"": 5, ""metric_2"": 42}",True
RSK-000900,2026-05-20T19:18:54.966170,C-4695,customer,Support,customer,49,Low,2.59,"{""metric_1"": 5, ""metric_2"": 81}",True
RSK-000901,2026-07-13T19:18:54.966170,C-4452,customer,Support,customer,98,High,3.44,"{""metric_1"": 6, ""metric_2"": 93}",True
RSK-000902,2026-07-02T19:18:54.966170,S-013,supplier,Finance,operational,33,High,3.28,"{""metric_1"": 4, ""metric_2"": 32}",False
RSK-000903,2026-05-22T19:18:54.966170,SYS-051,system,IT,cyber,31,Critical,0.88,"{""metric_1"": 1, ""metric_2"": 58}",False
RSK-000904,2026-07-03T19:18:54.966170,SYS-007,system,IT,fraud,22,Critical,1.5,"{""metric_1"": 5, ""metric_2"": 90}",False
RSK-000905,2026-06-17T19:18:54.966170,S-016,supplier,Operations,operational,92,Low,4.22,"{""metric_1"": 1, ""metric_2"": 11}",False
RSK-000906,2026-06-27T19:18:54.966170,C-2652,customer,Finance,customer,86,Low,4.63,"{""metric_1"": 3, ""metric_2"": 61}",True
RSK-000907,2026-07-02T19:18:54.966170,C-3975,customer,IT,financial,51,Moderate,0.63,"{""metric_1"": 9, ""metric_2"": 71}",True
RSK-000908,2026-07-21T19:18:54.966170,SYS-036,system,Finance,fraud,48,Low,2.95,"{""metric_1"": 9, ""metric_2"": 94}",True
RSK-000909,2026-05-28T19:18:54.966170,SYS-048,system,Support,cyber,42,Moderate,4.22,"{""metric_1"": 4, ""metric_2"": 99}",False
RSK-000910,2026-05-20T19:18:54.966170,SYS-026,system,Operations,fraud,89,Moderate,3.48,"{""metric_1"": 9, ""metric_2"": 78}",True
RSK-000911,2026-08-18T19:18:54.966170,SYS-082,system,Support,cyber,64,Critical,0.41,"{""metric_1"": 9, ""metric_2"": 34}",True
RSK-000912,2026-08-05T19:18:54.966170,SYS-016,system,Finance,cyber,96,Critical,2.06,"{""metric_1"": 1, ""metric_2"": 34}",True
RSK-000913,2026-07-23T19:18:54.966170,C-1994,customer,Operations,customer,78,Low,1.3,"{""metric_1"": 9, ""metric_2"": 14}",True
RSK-000914,2026-07-02T19:18:54.966170,SYS-034,system,Support,cyber,54,Moderate,4.92,"{""metric_1"": 8, ""metric_2"": 53}",True
RSK-000915,2026-07-23T19:18:54.966170,S-028,supplier,Finance,operational,35,Critical,4.34,"{""metric_1"": 7, ""metric_2"": 48}",True
RSK-000916,2026-06-13T19:18:54.966170,SYS-063,system,Support,fraud,89,High,3.65,"{""metric_1"": 7, ""metric_2"": 48}",False
RSK-000917,2026-06-22T19:18:54.966170,SYS-023,system,Support,fraud,10,High,1.41,"{""metric_1"": 1, ""metric_2"": 30}",False
RSK-000918,2026-06-09T19:18:54.966170,C-4474,customer,IT,financial,49,Low,2.56,"{""metric_1"": 9, ""metric_2"": 88}",False
RSK-000919,2026-05-22T19:18:54.966170,C-0784,customer,Support,financial,50,Moderate,2.53,"{""metric_1"": 1, ""metric_2"": 44}",True
RSK-000920,2026-06-03T19:18:54.966170,S-028,supplier,Support,operational,38,High,1.12,"{""metric_1"": 1, ""metric_2"": 63}",True
RSK-000921,2026-08-11T19:18:54.966170,S-038,supplier,IT,operational,57,Low,3.74,"{""metric_1"": 1, ""metric_2"": 86}",False
RSK-000922,2026-06-02T19:18:54.966170,S-047,supplier,Operations,operational,62,Critical,4.4,"{""metric_1"": 1, ""metric_2"": 59}",False
RSK-000923,2026-08-15T19:18:54.966170,C-2055,customer,Operations,customer,25,Critical,4.19,"{""metric_1"": 6, ""metric_2"": 74}",True
RSK-000924,2026-06-08T19:18:54.966170,SYS-010,system,Support,cyber,50,Critical,3.31,"{""metric_1"": 9, ""metric_2"": 92}",True
RSK-000925,2026-06-21T19:18:54.966170,C-0395,customer,Operations,customer,50,Moderate,0.33,"{""metric_1"": 3, ""metric_2"": 94}",True
RSK-000926,2026-05-16T19:18:54.966170,SYS-065,system,Finance,cyber,66,High,3.53,"{""metric_1"": 7, ""metric_2"": 55}",False
RSK-000927,2026-05-31T19:18:54.966170,SYS-085,system,Support,cyber,70,Critical,1.47,"{""metric_1"": 6, ""metric_2"": 44}",False
RSK-000928,2026-05-31T19:18:54.966170,C-0073,customer,Operations,financial,26,Moderate,1.62,"{""metric_1"": 7, ""metric_2"": 98}",False
RSK-000929,2026-05-27T19:18:54.966170,C-0426,customer,IT,customer,27,Moderate,0.32,"{""metric_1"": 2, ""metric_2"": 94}",False
RSK-000930,2026-05-24T19:18:54.966170,C-3494,customer,Support,financial,16,Moderate,4.13,"{""metric_1"": 9, ""metric_2"": 35}",True
RSK-000931,2026-06-04T19:18:54.966170,C-1246,customer,Support,financial,31,Critical,4.13,"{""metric_1"": 5, ""metric_2"": 72}",True
RSK-000932,2026-07-06T19:18:54.966170,C-0318,customer,Support,customer,27,High,4.26,"{""metric_1"": 9, ""metric_2"": 80}",True
RSK-000933,2026-05-16T19:18:54.966170,S-018,supplier,IT,operational,22,High,3.16,"{""metric_1"": 8, ""metric_2"": 16}",False
RSK-000934,2026-06-12T19:18:54.966170,C-4692,customer,Finance,financial,82,Low,0.37,"{""metric_1"": 4, ""metric_2"": 27}",True
RSK-000935,2026-05-14T19:18:54.966170,C-0039,customer,Finance,customer,24,Low,3.54,"{""metric_1"": 1, ""metric_2"": 44}",True
RSK-000936,2026-08-19T19:18:54.966170,C-0825,customer,Operations,financial,39,Critical,1.49,"{""metric_1"": 6, ""metric_2"": 63}",False
RSK-000937,2026-08-12T19:18:54.966170,SYS-009,system,Support,fraud,83,Low,3.01,"{""metric_1"": 6, ""metric_2"": 20}",False
RSK-000938,2026-05-23T19:18:54.966170,C-3574,customer,Operations,financial,81,Critical,0.85,"{""metric_1"": 4, ""metric_2"": 23}",False
RSK-000939,2026-05-29T19:18:54.966170,S-050,supplier,Operations,operational,38,Critical,4.68,"{""metric_1"": 5, ""metric_2"": 88}",True
RSK-000940,2026-06-11T19:18:54.966170,S-006,supplier,Finance,operational,64,High,4.07,"{""metric_1"": 2, ""metric_2"": 54}",True
RSK-000941,2026-05-23T19:18:54.966170,SYS-004,system,Support,cyber,97,High,0.29,"{""metric_1"": 4, ""metric_2"": 25}",True
RSK-000942,2026-07-11T19:18:54.966170,SYS-008,system,Operations,fraud,47,Critical,3.69,"{""metric_1"": 6, ""metric_2"": 94}",True
RSK-000943,2026-07-28T19:18:54.966170,C-3370,customer,IT,financial,68,Moderate,0.85,"{""metric_1"": 8, ""metric_2"": 54}",True
RSK-000944,2026-06-11T19:18:54.966170,SYS-083,system,Operations,cyber,14,Moderate,0.75,"{""metric_1"": 1, ""metric_2"": 84}",False
RSK-000945,2026-07-23T19:18:54.966170,SYS-023,system,Support,fraud,23,Low,0.5,"{""metric_1"": 8, ""metric_2"": 87}",True
RSK-000946,2026-07-17T19:18:54.966170,S-044,supplier,Support,operational,26,Moderate,1.73,"{""metric_1"": 1, ""metric_2"": 88}",False
RSK-000947,2026-07-16T19:18:54.966170,SYS-080,system,Finance,fraud,97,Critical,0.17,"{""metric_1"": 7, ""metric_2"": 45}",False
RSK-000948,2026-08-12T19:18:54.966170,SYS-062,system,Finance,cyber,79,Critical,2.16,"{""metric_1"": 3, ""metric_2"": 73}",False
RSK-000949,2026-06-11T19:18:54.966170,C-3164,customer,Operations,customer,40,Low,0.17,"{""metric_1"": 7, ""metric_2"": 55}",False
RSK-000950,2026-07-28T19:18:54.966170,SYS-097,system,Finance,cyber,39,Low,4.85,"{""metric_1"": 8, ""metric_2"": 84}",True
RSK-000951,2026-07-10T19:18:54.966170,C-2340,customer,IT,customer,93,Critical,4.4,"{""metric_1"": 8, ""metric_2"": 60}",True
RSK-000952,2026-06-05T19:18:54.966170,SYS-043,system,Finance,cyber,80,High,0.62,"{""metric_1"": 7, ""metric_2"": 25}",False
RSK-000953,2026-08-08T19:18:54.966170,SYS-093,system,IT,cyber,99,Critical,0.51,"{""metric_1"": 2, ""metric_2"": 66}",True
RSK-000954,2026-07-23T19:18:54.966170,C-0337,customer,Operations,customer,27,Moderate,0.25,"{""metric_1"": 6, ""metric_2"": 31}",False
RSK-000955,2026-08-16T19:18:54.966170,S-041,supplier,Finance,operational,86,High,2.89,"{""metric_1"": 1, ""metric_2"": 94}",False
RSK-000956,2026-08-20T19:18:54.966170,S-009,supplier,Support,operational,93,Critical,0.65,"{""metric_1"": 4, ""metric_2"": 51}",False
RSK-000957,2026-06-02T19:18:54.966170,S-023,supplier,Support,operational,99,Low,0.12,"{""metric_1"": 5, ""metric_2"": 35}",False
RSK-000958,2026-07-28T19:18:54.966170,SYS-028,system,Operations,cyber,41,High,1.12,"{""metric_1"": 9, ""metric_2"": 87}",False
RSK-000959,2026-07-07T19:18:54.966170,SYS-088,system,Finance,cyber,52,Moderate,0.24,"{""metric_1"": 4, ""metric_2"": 61}",False
RSK-000960,2026-06-03T19:18:54.966170,SYS-089,system,Finance,fraud,87,High,4.41,"{""metric_1"": 9, ""metric_2"": 29}",False
RSK-000961,2026-06-27T19:18:54.966170,SYS-040,system,Support,cyber,42,Moderate,1.57,"{""metric_1"": 9, ""metric_2"": 28}",True
RSK-000962,2026-07-31T19:18:54.966170,C-2297,customer,Support,customer,45,Moderate,1.45,"{""metric_1"": 1, ""metric_2"": 85}",True
RSK-000963,2026-05-21T19:18:54.966170,SYS-038,system,Finance,fraud,94,High,2.59,"{""metric_1"": 3, ""metric_2"": 65}",False
RSK-000964,2026-08-02T19:18:54.966170,SYS-061,system,Finance,fraud,56,Low,2.98,"{""metric_1"": 2, ""metric_2"": 92}",False
RSK-000965,2026-05-29T19:18:54.966170,C-2121,customer,Operations,financial,35,Moderate,4.34,"{""metric_1"": 2, ""metric_2"": 76}",False
RSK-000966,2026-08-18T19:18:54.966170,S-048,supplier,IT,operational,59,Low,3.6,"{""metric_1"": 8, ""metric_2"": 99}",False
RSK-000967,2026-07-18T19:18:54.966170,S-044,supplier,Support,operational,67,Moderate,2.66,"{""metric_1"": 1, ""metric_2"": 47}",True
RSK-000968,2026-07-05T19:18:54.966170,C-2033,customer,IT,financial,52,Moderate,2.39,"{""metric_1"": 9, ""metric_2"": 85}",True
RSK-000969,2026-08-11T19:18:54.966170,S-032,supplier,IT,operational,40,Low,3.03,"{""metric_1"": 2, ""metric_2"": 96}",True
RSK-000970,2026-07-22T19:18:54.966170,SYS-074,system,IT,cyber,62,Critical,1.05,"{""metric_1"": 2, ""metric_2"": 17}",True
RSK-000971,2026-07-09T19:18:54.966170,S-008,supplier,IT,operational,18,Moderate,1.46,"{""metric_1"": 8, ""metric_2"": 73}",True
RSK-000972,2026-07-06T19:18:54.966170,S-014,supplier,Support,operational,68,Critical,2.18,"{""metric_1"": 2, ""metric_2"": 51}",False
RSK-000973,2026-07-16T19:18:54.966170,S-039,supplier,IT,operational,43,Moderate,1.56,"{""metric_1"": 8, ""metric_2"": 61}",False
RSK-000974,2026-07-16T19:18:54.966170,C-1938,customer,Support,customer,98,Critical,2.45,"{""metric_1"": 6, ""metric_2"": 76}",True
RSK-000975,2026-05-19T19:18:54.966170,SYS-008,system,Finance,cyber,92,Moderate,3.46,"{""metric_1"": 8, ""metric_2"": 73}",False
RSK-000976,2026-08-17T19:18:54.966170,SYS-084,system,Support,cyber,57,Low,4.75,"{""metric_1"": 7, ""metric_2"": 97}",True
RSK-000977,2026-06-17T19:18:54.966170,C-4455,customer,IT,financial,67,Critical,3.56,"{""metric_1"": 6, ""metric_2"": 18}",True
RSK-000978,2026-07-05T19:18:54.966170,C-3621,customer,Support,financial,97,Low,1.04,"{""metric_1"": 8, ""metric_2"": 32}",True
RSK-000979,2026-05-16T19:18:54.966170,C-0118,customer,Finance,financial,31,Low,1.46,"{""metric_1"": 5, ""metric_2"": 91}",False
RSK-000980,2026-05-14T19:18:54.966170,C-0513,customer,Support,financial,55,Critical,3.15,"{""metric_1"": 8, ""metric_2"": 30}",True
RSK-000981,2026-07-21T19:18:54.966170,SYS-002,system,IT,cyber,89,Low,4.63,"{""metric_1"": 1, ""metric_2"": 62}",False
RSK-000982,2026-08-19T19:18:54.966170,C-3876,customer,Support,financial,11,High,1.59,"{""metric_1"": 4, ""metric_2"": 59}",True
RSK-000983,2026-06-28T19:18:54.966170,S-039,supplier,Support,operational,91,Moderate,4.68,"{""metric_1"": 9, ""metric_2"": 71}",True
RSK-000984,2026-05-22T19:18:54.966170,C-4675,customer,IT,financial,96,Moderate,4.06,"{""metric_1"": 6, ""metric_2"": 81}",False
RSK-000985,2026-08-18T19:18:54.966170,C-3975,customer,IT,customer,27,Low,3.64,"{""metric_1"": 5, ""metric_2"": 75}",False
RSK-000986,2026-06-28T19:18:54.966170,S-023,supplier,Support,operational,75,Moderate,3.2,"{""metric_1"": 1, ""metric_2"": 91}",False
RSK-000987,2026-08-19T19:18:54.966170,S-012,supplier,Support,operational,71,Low,1.21,"{""metric_1"": 3, ""metric_2"": 78}",True
RSK-000988,2026-07-08T19:18:54.966170,C-1725,customer,Support,customer,30,Low,2.47,"{""metric_1"": 1, ""metric_2"": 70}",False
RSK-000989,2026-06-17T19:18:54.966170,SYS-091,system,IT,fraud,87,High,4.61,"{""metric_1"": 7, ""metric_2"": 81}",True
RSK-000990,2026-08-17T19:18:54.966170,SYS-024,system,Support,cyber,48,Low,1.08,"{""metric_1"": 3, ""metric_2"": 53}",True
RSK-000991,2026-06-28T19:18:54.966170,SYS-067,system,Operations,cyber,96,Moderate,1.08,"{""metric_1"": 7, ""metric_2"": 63}",True
RSK-000992,2026-06-25T19:18:54.966170,S-006,supplier,Operations,operational,69,Low,1.48,"{""metric_1"": 7, ""metric_2"": 14}",False
RSK-000993,2026-07-26T19:18:54.966170,SYS-078,system,Support,fraud,22,High,3.39,"{""metric_1"": 5, ""metric_2"": 97}",True
RSK-000994,2026-08-17T19:18:54.966170,S-049,supplier,Finance,operational,57,Critical,2.97,"{""metric_1"": 6, ""metric_2"": 96}",True
RSK-000995,2026-07-09T19:18:54.966170,C-1802,customer,Support,financial,88,High,2.05,"{""metric_1"": 5, ""metric_2"": 50}",True
RSK-000996,2026-08-01T19:18:54.966170,S-026,supplier,Finance,operational,90,High,2.46,"{""metric_1"": 2, ""metric_2"": 81}",False
RSK-000997,2026-07-12T19:18:54.966170,SYS-051,system,IT,cyber,36,High,2.28,"{""metric_1"": 6, ""metric_2"": 76}",True
RSK-000998,2026-07-13T19:18:54.966170,SYS-030,system,Operations,fraud,97,Critical,0.68,"{""metric_1"": 9, ""metric_2"": 61}",False
RSK-000999,2026-06-16T19:18:54.966170,SYS-095,system,Finance,fraud,68,Low,3.39,"{""metric_1"": 4, ""metric_2"": 32}",False
RSK-001000,2026-05-25T19:18:54.966170,C-4595,customer,Support,customer,37,Moderate,1.41,"{""metric_1"": 9, ""metric_2"": 96}",False
RSK-001001,2026-08-02T19:18:54.966170,S-036,supplier,IT,operational,67,Low,3.85,"{""metric_1"": 9, ""metric_2"": 54}",True
RSK-001002,2026-05-14T19:18:54.966170,SYS-007,system,Finance,cyber,60,Moderate,1.13,"{""metric_1"": 2, ""metric_2"": 72}",True
RSK-001003,2026-06-26T19:18:54.966170,SYS-096,system,Finance,fraud,31,Moderate,3.65,"{""metric_1"": 9, ""metric_2"": 19}",False
RSK-001004,2026-06-12T19:18:54.966170,S-014,supplier,Support,operational,24,High,3.94,"{""metric_1"": 8, ""metric_2"": 47}",False
RSK-001005,2026-07-30T19:18:54.966170,SYS-035,system,Support,fraud,70,Critical,4.69,"{""metric_1"": 2, ""metric_2"": 64}",False
RSK-001006,2026-05-30T19:18:54.966170,S-048,supplier,IT,operational,41,Critical,1.74,"{""metric_1"": 7, ""metric_2"": 42}",True
RSK-001007,2026-07-23T19:18:54.966170,C-4072,customer,Operations,customer,14,Critical,0.62,"{""metric_1"": 8, ""metric_2"": 68}",False
RSK-001008,2026-07-10T19:18:54.966170,C-1753,customer,IT,financial,27,Low,3.43,"{""metric_1"": 6, ""metric_2"": 65}",False
RSK-001009,2026-07-01T19:18:54.966170,C-0172,customer,Operations,financial,78,Moderate,0.53,"{""metric_1"": 1, ""metric_2"": 73}",False
RSK-001010,2026-08-11T19:18:54.966170,C-0638,customer,Support,financial,66,Low,0.5,"{""metric_1"": 1, ""metric_2"": 60}",False
RSK-001011,2026-06-14T19:18:54.966170,SYS-092,system,Support,fraud,83,Critical,3.4,"{""metric_1"": 9, ""metric_2"": 34}",False
RSK-001012,2026-06-25T19:18:54.966170,S-016,supplier,Support,operational,55,Low,0.61,"{""metric_1"": 9, ""metric_2"": 91}",True
RSK-001013,2026-07-23T19:18:54.966170,C-0565,customer,IT,financial,89,Critical,1.72,"{""metric_1"": 6, ""metric_2"": 48}",True
RSK-001014,2026-06-30T19:18:54.966170,SYS-011,system,Operations,cyber,25,Critical,3.15,"{""metric_1"": 3, ""metric_2"": 49}",False
RSK-001015,2026-08-17T19:18:54.966170,C-0646,customer,Finance,customer,59,High,2.75,"{""metric_1"": 4, ""metric_2"": 97}",False
RSK-001016,2026-05-27T19:18:54.966170,SYS-051,system,IT,fraud,46,High,4.68,"{""metric_1"": 1, ""metric_2"": 79}",True
RSK-001017,2026-08-06T19:18:54.966170,SYS-085,system,Operations,fraud,72,High,0.22,"{""metric_1"": 8, ""metric_2"": 56}",True
RSK-001018,2026-05-31T19:18:54.966170,C-3161,customer,Support,customer,31,Critical,3.64,"{""metric_1"": 6, ""metric_2"": 55}",True
RSK-001019,2026-06-01T19:18:54.966170,SYS-047,system,Support,fraud,24,Moderate,1.98,"{""metric_1"": 5, ""metric_2"": 90}",True
RSK-001020,2026-07-13T19:18:54.966170,SYS-026,system,Finance,fraud,60,Critical,2.76,"{""metric_1"": 7, ""metric_2"": 22}",False
RSK-001021,2026-05-25T19:18:54.966170,C-0255,customer,Operations,customer,88,High,0.13,"{""metric_1"": 4, ""metric_2"": 53}",True
RSK-001022,2026-07-06T19:18:54.966170,C-0695,customer,IT,financial,55,Critical,2.22,"{""metric_1"": 3, ""metric_2"": 10}",False
RSK-001023,2026-07-16T19:18:54.966170,C-3935,customer,Support,customer,31,Critical,2.82,"{""metric_1"": 3, ""metric_2"": 33}",False
RSK-001024,2026-08-17T19:18:54.966170,C-4615,customer,IT,customer,41,Low,1.12,"{""metric_1"": 6, ""metric_2"": 46}",False
RSK-001025,2026-08-15T19:18:54.966170,C-3081,customer,Finance,financial,27,Moderate,1.59,"{""metric_1"": 7, ""metric_2"": 41}",True
RSK-001026,2026-08-06T19:18:54.966170,SYS-092,system,Operations,fraud,45,Low,1.56,"{""metric_1"": 5, ""metric_2"": 90}",False
RSK-001027,2026-08-18T19:18:54.966170,SYS-073,system,Support,cyber,90,Moderate,3.75,"{""metric_1"": 1, ""metric_2"": 99}",False
RSK-001028,2026-07-30T19:18:54.966170,SYS-017,system,Finance,cyber,89,High,3.13,"{""metric_1"": 6, ""metric_2"": 99}",True
RSK-001029,2026-08-11T19:18:54.966170,SYS-004,system,IT,fraud,20,High,3.56,"{""metric_1"": 4, ""metric_2"": 67}",True
RSK-001030,2026-08-06T19:18:54.966170,SYS-024,system,Support,fraud,21,Critical,2.19,"{""metric_1"": 6, ""metric_2"": 74}",False
RSK-001031,2026-08-08T19:18:54.966170,SYS-015,system,Support,cyber,96,Critical,0.24,"{""metric_1"": 2, ""metric_2"": 72}",True
RSK-001032,2026-06-08T19:18:54.966170,SYS-013,system,Support,fraud,36,Moderate,1.62,"{""metric_1"": 5, ""metric_2"": 79}",False
RSK-001033,2026-07-29T19:18:54.966170,C-4146,customer,Support,financial,43,Moderate,0.28,"{""metric_1"": 6, ""metric_2"": 87}",False
RSK-001034,2026-05-22T19:18:54.966170,C-3189,customer,IT,customer,98,High,0.18,"{""metric_1"": 3, ""metric_2"": 81}",True
RSK-001035,2026-06-26T19:18:54.966170,S-038,supplier,IT,operational,54,Low,4.08,"{""metric_1"": 8, ""metric_2"": 19}",False
RSK-001036,2026-06-18T19:18:54.966170,C-3457,customer,Finance,financial,77,Low,4.66,"{""metric_1"": 7, ""metric_2"": 97}",True
RSK-001037,2026-05-18T19:18:54.966170,C-3733,customer,Support,financial,36,Moderate,2.29,"{""metric_1"": 8, ""metric_2"": 34}",True
RSK-001038,2026-07-13T19:18:54.966170,S-022,supplier,Finance,operational,34,Critical,0.25,"{""metric_1"": 4, ""metric_2"": 38}",False
RSK-001039,2026-06-17T19:18:54.966170,C-1511,customer,Support,customer,96,High,0.51,"{""metric_1"": 6, ""metric_2"": 72}",False
RSK-001040,2026-06-15T19:18:54.966170,SYS-036,system,Finance,cyber,50,Low,2.03,"{""metric_1"": 4, ""metric_2"": 86}",True
RSK-001041,2026-06-15T19:18:54.966170,S-004,supplier,Support,operational,25,Low,3.82,"{""metric_1"": 2, ""metric_2"": 52}",False
RSK-001042,2026-06-07T19:18:54.966170,SYS-009,system,Finance,cyber,44,High,1.28,"{""metric_1"": 9, ""metric_2"": 16}",False
RSK-001043,2026-05-19T19:18:54.966170,S-024,supplier,Operations,operational,68,Moderate,4.85,"{""metric_1"": 4, ""metric_2"": 17}",False
RSK-001044,2026-05-25T19:18:54.966170,S-027,supplier,Operations,operational,78,Critical,0.52,"{""metric_1"": 1, ""metric_2"": 83}",False
RSK-001045,2026-08-03T19:18:54.966170,SYS-087,system,Operations,fraud,43,Moderate,0.31,"{""metric_1"": 9, ""metric_2"": 82}",False
RSK-001046,2026-06-02T19:18:54.966170,SYS-093,system,Support,fraud,96,Critical,1.24,"{""metric_1"": 6, ""metric_2"": 73}",True
RSK-001047,2026-05-20T19:18:54.966170,S-037,supplier,Support,operational,44,Critical,1.47,"{""metric_1"": 1, ""metric_2"": 75}",False
RSK-001048,2026-08-19T19:18:54.966170,SYS-082,system,Finance,fraud,77,Low,2.3,"{""metric_1"": 1, ""metric_2"": 29}",True
RSK-001049,2026-06-04T19:18:54.966170,SYS-032,system,Finance,fraud,82,Critical,4.89,"{""metric_1"": 1, ""metric_2"": 80}",False
RSK-001050,2026-06-22T19:18:54.966170,C-1804,customer,Finance,customer,64,Critical,4.6,"{""metric_1"": 3, ""metric_2"": 32}",False
RSK-001051,2026-07-26T19:18:54.966170,C-3128,customer,Finance,customer,89,Low,3.14,"{""metric_1"": 5, ""metric_2"": 39}",True
RSK-001052,2026-07-18T19:18:54.966170,S-014,supplier,Finance,operational,21,Low,2.74,"{""metric_1"": 1, ""metric_2"": 75}",False
RSK-001053,2026-06-25T19:18:54.966170,S-033,supplier,Finance,operational,93,Low,1.69,"{""metric_1"": 3, ""metric_2"": 49}",False
RSK-001054,2026-05-24T19:18:54.966170,C-2539,customer,IT,financial,39,Moderate,2.63,"{""metric_1"": 4, ""metric_2"": 44}",False
RSK-001055,2026-07-08T19:18:54.966170,SYS-059,system,Operations,cyber,57,High,1.25,"{""metric_1"": 6, ""metric_2"": 95}",True
RSK-001056,2026-05-22T19:18:54.966170,SYS-066,system,Support,cyber,30,Low,2.59,"{""metric_1"": 2, ""metric_2"": 38}",True
RSK-001057,2026-06-18T19:18:54.966170,SYS-002,system,Support,cyber,39,Moderate,4.5,"{""metric_1"": 3, ""metric_2"": 83}",True
RSK-001058,2026-07-02T19:18:54.966170,C-1935,customer,Support,financial,22,Moderate,2.63,"{""metric_1"": 6, ""metric_2"": 40}",False
RSK-001059,2026-06-27T19:18:54.966170,SYS-084,system,Operations,fraud,83,Critical,4.06,"{""metric_1"": 1, ""metric_2"": 30}",True
RSK-001060,2026-07-31T19:18:54.966170,C-3199,customer,IT,customer,86,Low,4.06,"{""metric_1"": 3, ""metric_2"": 14}",True
RSK-001061,2026-07-12T19:18:54.966170,SYS-031,system,Support,fraud,29,Critical,4.49,"{""metric_1"": 3, ""metric_2"": 59}",False
RSK-001062,2026-05-31T19:18:54.966170,SYS-036,system,Finance,cyber,16,Low,3.41,"{""metric_1"": 8, ""metric_2"": 42}",False
RSK-001063,2026-07-23T19:18:54.966170,S-049,supplier,Operations,operational,34,Moderate,4.12,"{""metric_1"": 2, ""metric_2"": 75}",False
RSK-001064,2026-05-30T19:18:54.966170,C-2381,customer,IT,customer,11,Low,0.41,"{""metric_1"": 5, ""metric_2"": 67}",False
RSK-001065,2026-08-18T19:18:54.966170,C-3881,customer,Finance,financial,88,Moderate,1.71,"{""metric_1"": 9, ""metric_2"": 33}",False
RSK-001066,2026-07-31T19:18:54.966170,SYS-074,system,Finance,fraud,92,Low,3.1,"{""metric_1"": 2, ""metric_2"": 38}",True
RSK-001067,2026-06-22T19:18:54.966170,C-1832,customer,IT,customer,57,Moderate,2.27,"{""metric_1"": 5, ""metric_2"": 25}",True
RSK-001068,2026-07-12T19:18:54.966170,SYS-056,system,Operations,cyber,27,High,3.35,"{""metric_1"": 2, ""metric_2"": 84}",True
RSK-001069,2026-06-29T19:18:54.966170,SYS-025,system,Support,cyber,19,High,4.26,"{""metric_1"": 2, ""metric_2"": 37}",False
RSK-001070,2026-06-03T19:18:54.966170,C-2844,customer,Finance,financial,40,Critical,1.26,"{""metric_1"": 8, ""metric_2"": 40}",False
RSK-001071,2026-06-04T19:18:54.966170,SYS-053,system,IT,cyber,71,Moderate,4.1,"{""metric_1"": 8, ""metric_2"": 35}",True
RSK-001072,2026-08-08T19:18:54.966170,SYS-005,system,Operations,cyber,89,High,1.26,"{""metric_1"": 8, ""metric_2"": 50}",True
RSK-001073,2026-07-18T19:18:54.966170,S-010,supplier,Operations,operational,48,Critical,3.52,"{""metric_1"": 4, ""metric_2"": 17}",True
RSK-001074,2026-07-23T19:18:54.966170,SYS-060,system,Finance,fraud,59,Critical,0.24,"{""metric_1"": 4, ""metric_2"": 36}",False
RSK-001075,2026-07-30T19:18:54.966170,SYS-017,system,Operations,fraud,50,Low,0.99,"{""metric_1"": 8, ""metric_2"": 21}",False
RSK-001076,2026-07-30T19:18:54.966170,SYS-087,system,IT,cyber,22,Moderate,3.22,"{""metric_1"": 8, ""metric_2"": 11}",True
RSK-001077,2026-08-14T19:18:54.966170,C-0579,customer,Support,customer,36,High,1.39,"{""metric_1"": 5, ""metric_2"": 48}",False
RSK-001078,2026-07-03T19:18:54.966170,SYS-030,system,Finance,cyber,38,Low,1.46,"{""metric_1"": 4, ""metric_2"": 48}",True
RSK-001079,2026-07-15T19:18:54.966170,C-2974,customer,IT,customer,22,Critical,2.96,"{""metric_1"": 5, ""metric_2"": 54}",False
RSK-001080,2026-07-01T19:18:54.966170,C-0493,customer,Operations,financial,79,Moderate,1.02,"{""metric_1"": 7, ""metric_2"": 15}",False
RSK-001081,2026-07-09T19:18:54.966170,C-4810,customer,Support,customer,18,Low,3.31,"{""metric_1"": 7, ""metric_2"": 46}",True
RSK-001082,2026-07-30T19:18:54.966170,C-3453,customer,IT,customer,89,Critical,2.65,"{""metric_1"": 5, ""metric_2"": 14}",False
RSK-001083,2026-08-09T19:18:54.966170,C-1000,customer,Finance,financial,31,Critical,3.19,"{""metric_1"": 5, ""metric_2"": 26}",False
RSK-001084,2026-07-13T19:18:54.966170,C-1008,customer,IT,financial,65,Critical,1.53,"{""metric_1"": 2, ""metric_2"": 29}",False
RSK-001085,2026-07-12T19:18:54.966170,C-1661,customer,Support,customer,72,High,1.63,"{""metric_1"": 1, ""metric_2"": 29}",False
RSK-001086,2026-07-02T19:18:54.966170,SYS-030,system,Finance,fraud,77,Low,1.45,"{""metric_1"": 8, ""metric_2"": 14}",False
RSK-001087,2026-06-14T19:18:54.966170,S-015,supplier,Support,operational,11,Low,4.44,"{""metric_1"": 8, ""metric_2"": 79}",True
RSK-001088,2026-06-20T19:18:54.966170,SYS-080,system,Finance,cyber,75,Moderate,0.78,"{""metric_1"": 2, ""metric_2"": 41}",False
RSK-001089,2026-08-06T19:18:54.966170,C-3173,customer,Operations,financial,63,Low,1.26,"{""metric_1"": 6, ""metric_2"": 25}",False
RSK-001090,2026-05-15T19:18:54.966170,SYS-068,system,IT,fraud,18,Moderate,4.68,"{""metric_1"": 3, ""metric_2"": 15}",False
RSK-001091,2026-06-24T19:18:54.966170,C-0222,customer,IT,customer,73,High,2.01,"{""metric_1"": 5, ""metric_2"": 88}",False
RSK-001092,2026-07-29T19:18:54.966170,C-0952,customer,Operations,financial,46,Critical,3.83,"{""metric_1"": 8, ""metric_2"": 93}",True
RSK-001093,2026-07-10T19:18:54.966170,S-026,supplier,IT,operational,89,Critical,2.18,"{""metric_1"": 3, ""metric_2"": 16}",True
RSK-001094,2026-07-06T19:18:54.966170,C-1908,customer,Operations,financial,82,Moderate,3.82,"{""metric_1"": 5, ""metric_2"": 37}",False
RSK-001095,2026-07-10T19:18:54.966170,C-1996,customer,Finance,financial,62,Low,3.5,"{""metric_1"": 8, ""metric_2"": 10}",True
RSK-001096,2026-06-12T19:18:54.966170,S-015,supplier,Support,operational,40,Moderate,4.71,"{""metric_1"": 5, ""metric_2"": 46}",False
RSK-001097,2026-06-16T19:18:54.966170,C-1417,customer,Operations,financial,95,Low,3.89,"{""metric_1"": 3, ""metric_2"": 13}",False
RSK-001098,2026-07-14T19:18:54.966170,SYS-066,system,Finance,fraud,48,Critical,4.67,"{""metric_1"": 2, ""metric_2"": 45}",True
RSK-001099,2026-07-21T19:18:54.966170,S-039,supplier,Support,operational,15,High,2.13,"{""metric_1"": 3, ""metric_2"": 50}",False
RSK-001100,2026-05-16T19:18:54.966170,S-010,supplier,Operations,operational,43,High,3.55,"{""metric_1"": 7, ""metric_2"": 45}",False
RSK-001101,2026-08-01T19:18:54.966170,C-3732,customer,Finance,financial,19,Moderate,2.01,"{""metric_1"": 1, ""metric_2"": 90}",True
RSK-001102,2026-06-25T19:18:54.966170,SYS-049,system,IT,fraud,70,Low,3.92,"{""metric_1"": 9, ""metric_2"": 13}",False
RSK-001103,2026-05-21T19:18:54.966170,SYS-069,system,Finance,cyber,65,Low,1.21,"{""metric_1"": 5, ""metric_2"": 57}",False
RSK-001104,2026-08-20T19:18:54.966170,SYS-058,system,IT,cyber,78,High,0.46,"{""metric_1"": 3, ""metric_2"": 56}",False
RSK-001105,2026-05-24T19:18:54.966170,C-4690,customer,IT,customer,29,Moderate,3.6,"{""metric_1"": 9, ""metric_2"": 11}",True
RSK-001106,2026-06-04T19:18:54.966170,S-026,supplier,Support,operational,61,High,3.32,"{""metric_1"": 9, ""metric_2"": 76}",True
RSK-001107,2026-08-18T19:18:54.966170,S-006,supplier,Finance,operational,71,Critical,1.64,"{""metric_1"": 1, ""metric_2"": 99}",True
RSK-001108,2026-07-14T19:18:54.966170,SYS-038,system,IT,cyber,25,Critical,1.56,"{""metric_1"": 8, ""metric_2"": 38}",False
RSK-001109,2026-07-22T19:18:54.966170,SYS-037,system,IT,cyber,75,Low,2.04,"{""metric_1"": 3, ""metric_2"": 65}",True
RSK-001110,2026-06-19T19:18:54.966170,SYS-060,system,Operations,fraud,59,Critical,2.98,"{""metric_1"": 4, ""metric_2"": 30}",False
RSK-001111,2026-07-16T19:18:54.966170,SYS-003,system,Finance,cyber,98,Low,3.65,"{""metric_1"": 5, ""metric_2"": 94}",False
RSK-001112,2026-08-16T19:18:54.966170,S-015,supplier,IT,operational,91,High,2.31,"{""metric_1"": 8, ""metric_2"": 54}",False
RSK-001113,2026-07-08T19:18:54.966170,C-4160,customer,Support,customer,50,Moderate,2.44,"{""metric_1"": 9, ""metric_2"": 61}",True
RSK-001114,2026-06-21T19:18:54.966170,SYS-007,system,Support,fraud,45,Moderate,0.62,"{""metric_1"": 7, ""metric_2"": 85}",True
RSK-001115,2026-08-02T19:18:54.966170,SYS-086,system,Operations,fraud,85,Low,3.37,"{""metric_1"": 2, ""metric_2"": 40}",False
RSK-001116,2026-07-05T19:18:54.966170,C-3145,customer,IT,customer,29,Low,0.53,"{""metric_1"": 4, ""metric_2"": 31}",False
RSK-001117,2026-08-03T19:18:54.966170,SYS-069,system,Finance,fraud,49,Moderate,0.32,"{""metric_1"": 7, ""metric_2"": 55}",True
RSK-001118,2026-06-25T19:18:54.966170,S-041,supplier,IT,operational,35,High,4.24,"{""metric_1"": 2, ""metric_2"": 39}",True
RSK-001119,2026-07-11T19:18:54.966170,SYS-023,system,IT,fraud,48,Moderate,0.98,"{""metric_1"": 2, ""metric_2"": 42}",True
RSK-001120,2026-08-04T19:18:54.966170,C-0931,customer,Operations,customer,89,High,2.38,"{""metric_1"": 3, ""metric_2"": 11}",False
RSK-001121,2026-07-04T19:18:54.966170,SYS-027,system,IT,fraud,72,High,4.91,"{""metric_1"": 4, ""metric_2"": 62}",False
RSK-001122,2026-06-07T19:18:54.966170,SYS-080,system,IT,fraud,22,Moderate,1.84,"{""metric_1"": 5, ""metric_2"": 18}",False
RSK-001123,2026-06-05T19:18:54.966170,C-1375,customer,Operations,customer,65,Moderate,4.51,"{""metric_1"": 4, ""metric_2"": 64}",False
RSK-001124,2026-08-13T19:18:54.966170,SYS-096,system,Support,cyber,96,Critical,3.63,"{""metric_1"": 8, ""metric_2"": 41}",False
RSK-001125,2026-06-20T19:18:54.966170,S-011,supplier,Operations,operational,10,High,2.18,"{""metric_1"": 2, ""metric_2"": 48}",True
RSK-001126,2026-06-05T19:18:54.966170,C-3330,customer,Finance,financial,68,High,3.94,"{""metric_1"": 5, ""metric_2"": 65}",True
RSK-001127,2026-07-01T19:18:54.966170,C-2831,customer,Finance,customer,49,High,2.42,"{""metric_1"": 9, ""metric_2"": 17}",True
RSK-001128,2026-07-05T19:18:54.966170,C-0288,customer,Support,customer,15,Moderate,2.75,"{""metric_1"": 4, ""metric_2"": 74}",False
RSK-001129,2026-06-20T19:18:54.966170,C-1639,customer,Operations,customer,66,Low,1.65,"{""metric_1"": 5, ""metric_2"": 77}",False
RSK-001130,2026-08-07T19:18:54.966170,SYS-030,system,IT,fraud,45,Critical,0.95,"{""metric_1"": 1, ""metric_2"": 91}",True
RSK-001131,2026-07-23T19:18:54.966170,SYS-023,system,IT,fraud,85,Moderate,0.99,"{""metric_1"": 1, ""metric_2"": 64}",True
RSK-001132,2026-06-27T19:18:54.966170,C-1683,customer,Support,customer,11,High,4.68,"{""metric_1"": 2, ""metric_2"": 58}",False
RSK-001133,2026-08-08T19:18:54.966170,S-049,supplier,Operations,operational,11,Low,3.68,"{""metric_1"": 2, ""metric_2"": 39}",True
RSK-001134,2026-08-15T19:18:54.966170,SYS-063,system,Finance,cyber,29,High,4.92,"{""metric_1"": 5, ""metric_2"": 95}",True
RSK-001135,2026-08-19T19:18:54.966170,C-4324,customer,IT,financial,76,High,3.11,"{""metric_1"": 2, ""metric_2"": 46}",False
RSK-001136,2026-07-12T19:18:54.966170,C-0190,customer,Finance,customer,92,Moderate,1.93,"{""metric_1"": 4, ""metric_2"": 52}",False
RSK-001137,2026-06-08T19:18:54.966170,C-3181,customer,Finance,financial,43,Moderate,0.81,"{""metric_1"": 1, ""metric_2"": 25}",True
RSK-001138,2026-06-09T19:18:54.966170,SYS-007,system,Finance,cyber,62,Low,3.68,"{""metric_1"": 5, ""metric_2"": 71}",False
RSK-001139,2026-06-07T19:18:54.966170,S-029,supplier,Support,operational,98,Critical,2.94,"{""metric_1"": 6, ""metric_2"": 95}",True
RSK-001140,2026-07-31T19:18:54.966170,C-0902,customer,Finance,customer,92,Moderate,1.22,"{""metric_1"": 7, ""metric_2"": 27}",True
RSK-001141,2026-07-21T19:18:54.966170,C-4738,customer,Support,financial,33,High,1.27,"{""metric_1"": 2, ""metric_2"": 53}",False
RSK-001142,2026-08-18T19:18:54.966170,C-2347,customer,Operations,financial,23,Critical,2.4,"{""metric_1"": 7, ""metric_2"": 29}",False
RSK-001143,2026-06-11T19:18:54.966170,S-020,supplier,Operations,operational,32,Moderate,1.35,"{""metric_1"": 2, ""metric_2"": 79}",True
RSK-001144,2026-06-24T19:18:54.966170,C-2268,customer,Operations,customer,38,Moderate,0.29,"{""metric_1"": 9, ""metric_2"": 33}",False
RSK-001145,2026-05-31T19:18:54.966170,C-3896,customer,IT,financial,91,High,1.46,"{""metric_1"": 4, ""metric_2"": 90}",False
RSK-001146,2026-07-05T19:18:54.966170,C-1328,customer,Support,customer,86,Critical,1.78,"{""metric_1"": 5, ""metric_2"": 53}",False
RSK-001147,2026-08-16T19:18:54.966170,S-031,supplier,Operations,operational,67,Moderate,0.39,"{""metric_1"": 4, ""metric_2"": 41}",True
RSK-001148,2026-06-28T19:18:54.966170,C-1558,customer,IT,financial,18,Critical,1.54,"{""metric_1"": 2, ""metric_2"": 42}",False
RSK-001149,2026-06-19T19:18:54.966170,SYS-049,system,IT,cyber,99,Critical,2.07,"{""metric_1"": 7, ""metric_2"": 47}",True
RSK-001150,2026-06-10T19:18:54.966170,C-2266,customer,Operations,customer,29,Critical,4.46,"{""metric_1"": 1, ""metric_2"": 46}",True
RSK-001151,2026-08-16T19:18:54.966170,SYS-046,system,Support,cyber,78,Critical,4.1,"{""metric_1"": 3, ""metric_2"": 90}",False
RSK-001152,2026-08-11T19:18:54.966170,C-4947,customer,IT,customer,30,Moderate,4.7,"{""metric_1"": 3, ""metric_2"": 37}",False
RSK-001153,2026-05-30T19:18:54.966170,SYS-030,system,Operations,cyber,33,Moderate,4.27,"{""metric_1"": 1, ""metric_2"": 60}",True
RSK-001154,2026-08-13T19:18:54.966170,S-011,supplier,Operations,operational,86,High,4.28,"{""metric_1"": 6, ""metric_2"": 39}",False
RSK-001155,2026-07-18T19:18:54.966170,C-3199,customer,Operations,customer,21,Critical,2.53,"{""metric_1"": 4, ""metric_2"": 53}",True
RSK-001156,2026-07-03T19:18:54.966170,SYS-043,system,Operations,fraud,72,Moderate,2.47,"{""metric_1"": 7, ""metric_2"": 54}",False
RSK-001157,2026-08-05T19:18:54.966170,SYS-033,system,Operations,fraud,66,Low,3.24,"{""metric_1"": 5, ""metric_2"": 54}",False
RSK-001158,2026-06-07T19:18:54.966170,SYS-022,system,Operations,fraud,50,Moderate,2.13,"{""metric_1"": 6, ""metric_2"": 37}",False
RSK-001159,2026-08-18T19:18:54.966170,C-2267,customer,Operations,customer,51,High,1.63,"{""metric_1"": 8, ""metric_2"": 21}",True
RSK-001160,2026-05-16T19:18:54.966170,SYS-015,system,Support,fraud,49,Low,4.57,"{""metric_1"": 9, ""metric_2"": 40}",False
RSK-001161,2026-07-04T19:18:54.966170,C-3188,customer,IT,financial,68,Critical,2.58,"{""metric_1"": 5, ""metric_2"": 78}",False
RSK-001162,2026-05-20T19:18:54.966170,SYS-046,system,Operations,fraud,14,Critical,4.21,"{""metric_1"": 2, ""metric_2"": 13}",True
RSK-001163,2026-07-24T19:18:54.966170,SYS-067,system,Finance,cyber,71,Low,3.15,"{""metric_1"": 7, ""metric_2"": 99}",False
RSK-001164,2026-08-02T19:18:54.966170,S-030,supplier,Support,operational,55,Critical,3.18,"{""metric_1"": 3, ""metric_2"": 90}",True
RSK-001165,2026-07-30T19:18:54.966170,SYS-054,system,IT,fraud,53,Low,1.27,"{""metric_1"": 5, ""metric_2"": 97}",True
RSK-001166,2026-06-04T19:18:54.966170,C-1281,customer,Finance,financial,79,High,0.79,"{""metric_1"": 3, ""metric_2"": 32}",False
RSK-001167,2026-06-07T19:18:54.966170,SYS-043,system,Finance,cyber,17,Low,4.51,"{""metric_1"": 2, ""metric_2"": 70}",True
RSK-001168,2026-08-13T19:18:54.966170,S-049,supplier,Support,operational,54,Low,3.15,"{""metric_1"": 7, ""metric_2"": 85}",True
RSK-001169,2026-06-21T19:18:54.966170,SYS-047,system,IT,cyber,11,Moderate,2.74,"{""metric_1"": 7, ""metric_2"": 51}",False
RSK-001170,2026-05-22T19:18:54.966170,SYS-094,system,IT,cyber,15,Moderate,4.35,"{""metric_1"": 3, ""metric_2"": 60}",False
RSK-001171,2026-06-06T19:18:54.966170,SYS-040,system,Support,cyber,51,Low,3.28,"{""metric_1"": 8, ""metric_2"": 55}",True
RSK-001172,2026-08-05T19:18:54.966170,SYS-013,system,IT,fraud,71,Critical,2.73,"{""metric_1"": 5, ""metric_2"": 50}",False
RSK-001173,2026-06-28T19:18:54.966170,C-4286,customer,IT,customer,54,Low,2.04,"{""metric_1"": 9, ""metric_2"": 60}",False
RSK-001174,2026-05-15T19:18:54.966170,S-036,supplier,Operations,operational,34,Critical,0.51,"{""metric_1"": 3, ""metric_2"": 87}",False
RSK-001175,2026-06-01T19:18:54.966170,C-0623,customer,Support,financial,69,High,2.41,"{""metric_1"": 8, ""metric_2"": 18}",False
RSK-001176,2026-05-24T19:18:54.966170,SYS-053,system,Support,fraud,98,Moderate,3.14,"{""metric_1"": 9, ""metric_2"": 25}",True
RSK-001177,2026-06-24T19:18:54.966170,SYS-003,system,Finance,fraud,75,Low,2.5,"{""metric_1"": 4, ""metric_2"": 30}",False
RSK-001178,2026-07-27T19:18:54.966170,C-2768,customer,Operations,financial,30,High,0.26,"{""metric_1"": 7, ""metric_2"": 97}",True
RSK-001179,2026-05-30T19:18:54.966170,SYS-045,system,Support,cyber,20,High,4.03,"{""metric_1"": 2, ""metric_2"": 37}",True
RSK-001180,2026-07-06T19:18:54.966170,C-4152,customer,IT,customer,97,High,1.39,"{""metric_1"": 6, ""metric_2"": 80}",True
RSK-001181,2026-06-26T19:18:54.966170,C-3329,customer,Support,customer,36,Moderate,4.39,"{""metric_1"": 9, ""metric_2"": 59}",True
RSK-001182,2026-08-18T19:18:54.966170,SYS-025,system,Operations,fraud,79,High,1.57,"{""metric_1"": 2, ""metric_2"": 34}",False
RSK-001183,2026-06-03T19:18:54.966170,C-2136,customer,Support,customer,46,Low,0.49,"{""metric_1"": 8, ""metric_2"": 61}",True
RSK-001184,2026-08-13T19:18:54.966170,C-4954,customer,Finance,financial,52,High,1.02,"{""metric_1"": 7, ""metric_2"": 17}",False
RSK-001185,2026-06-18T19:18:54.966170,S-029,supplier,Support,operational,81,Critical,1.14,"{""metric_1"": 4, ""metric_2"": 69}",False
RSK-001186,2026-06-06T19:18:54.966170,C-3174,customer,Operations,financial,43,High,3.46,"{""metric_1"": 2, ""metric_2"": 72}",True
RSK-001187,2026-08-01T19:18:54.966170,SYS-078,system,Operations,fraud,13,Moderate,3.79,"{""metric_1"": 9, ""metric_2"": 62}",False
RSK-001188,2026-07-28T19:18:54.966170,SYS-025,system,Operations,fraud,25,Critical,0.98,"{""metric_1"": 9, ""metric_2"": 18}",False
RSK-001189,2026-06-22T19:18:54.966170,C-3755,customer,IT,financial,99,Low,0.44,"{""metric_1"": 8, ""metric_2"": 45}",False
RSK-001190,2026-06-20T19:18:54.966170,SYS-040,system,Finance,cyber,79,Critical,3.57,"{""metric_1"": 6, ""metric_2"": 14}",True
RSK-001191,2026-08-08T19:18:54.966170,S-030,supplier,IT,operational,84,Critical,0.77,"{""metric_1"": 1, ""metric_2"": 55}",False
RSK-001192,2026-05-20T19:18:54.966170,C-4253,customer,Support,customer,50,Critical,3.11,"{""metric_1"": 7, ""metric_2"": 65}",False
RSK-001193,2026-07-03T19:18:54.966170,SYS-046,system,Support,cyber,56,Low,2.33,"{""metric_1"": 7, ""metric_2"": 66}",True
RSK-001194,2026-06-29T19:18:54.966170,SYS-079,system,Support,cyber,40,Moderate,3.47,"{""metric_1"": 8, ""metric_2"": 85}",True
RSK-001195,2026-06-24T19:18:54.966170,SYS-083,system,IT,cyber,79,High,3.41,"{""metric_1"": 3, ""metric_2"": 70}",True
RSK-001196,2026-06-17T19:18:54.966170,C-0934,customer,Support,customer,28,Low,3.39,"{""metric_1"": 8, ""metric_2"": 61}",False
RSK-001197,2026-08-08T19:18:54.966170,S-045,supplier,IT,operational,67,Low,3.14,"{""metric_1"": 7, ""metric_2"": 61}",True
RSK-001198,2026-08-09T19:18:54.966170,SYS-015,system,IT,cyber,70,Critical,1.29,"{""metric_1"": 7, ""metric_2"": 19}",True
RSK-001199,2026-08-06T19:18:54.966170,C-4357,customer,Operations,customer,71,Low,0.65,"{""metric_1"": 3, ""metric_2"": 84}",False
RSK-001200,2026-07-26T19:18:54.966170,C-3728,customer,Support,financial,24,Critical,2.04,"{""metric_1"": 9, ""metric_2"": 14}",True
RSK-001201,2026-06-28T19:18:54.966170,C-3831,customer,IT,financial,89,Moderate,4.63,"{""metric_1"": 8, ""metric_2"": 73}",False
RSK-001202,2026-07-31T19:18:54.966170,C-4261,customer,Support,customer,78,High,4.6,"{""metric_1"": 1, ""metric_2"": 56}",True
RSK-001203,2026-06-04T19:18:54.966170,SYS-012,system,Support,fraud,55,Moderate,2.55,"{""metric_1"": 8, ""metric_2"": 24}",True
RSK-001204,2026-05-18T19:18:54.966170,SYS-028,system,IT,cyber,43,Moderate,4.01,"{""metric_1"": 5, ""metric_2"": 81}",True
RSK-001205,2026-06-29T19:18:54.966170,C-3683,customer,Support,customer,38,Critical,0.54,"{""metric_1"": 6, ""metric_2"": 87}",False
RSK-001206,2026-05-30T19:18:54.966170,C-0740,customer,Support,customer,63,Moderate,2.44,"{""metric_1"": 6, ""metric_2"": 67}",False
RSK-001207,2026-05-31T19:18:54.966170,SYS-004,system,Support,cyber,96,High,1.75,"{""metric_1"": 5, ""metric_2"": 47}",False
RSK-001208,2026-07-27T19:18:54.966170,SYS-006,system,Finance,cyber,98,High,1.83,"{""metric_1"": 6, ""metric_2"": 43}",True
RSK-001209,2026-08-12T19:18:54.966170,C-0594,customer,Finance,customer,30,Low,4.83,"{""metric_1"": 5, ""metric_2"": 29}",True
RSK-001210,2026-06-02T19:18:54.966170,SYS-033,system,IT,fraud,27,Low,2.66,"{""metric_1"": 8, ""metric_2"": 55}",True
RSK-001211,2026-06-26T19:18:54.966170,SYS-029,system,IT,cyber,12,Moderate,4.37,"{""metric_1"": 2, ""metric_2"": 20}",False
RSK-001212,2026-08-03T19:18:54.966170,C-3941,customer,Support,customer,97,Low,3.41,"{""metric_1"": 7, ""metric_2"": 18}",True
RSK-001213,2026-05-23T19:18:54.966170,SYS-091,system,Support,fraud,80,High,4.78,"{""metric_1"": 4, ""metric_2"": 74}",False
RSK-001214,2026-06-22T19:18:54.966170,SYS-034,system,Support,fraud,45,Critical,4.52,"{""metric_1"": 3, ""metric_2"": 13}",False
RSK-001215,2026-06-15T19:18:54.966170,SYS-078,system,Finance,cyber,36,High,2.08,"{""metric_1"": 7, ""metric_2"": 48}",False
RSK-001216,2026-07-17T19:18:54.966170,C-3237,customer,Operations,customer,10,Moderate,3.99,"{""metric_1"": 9, ""metric_2"": 83}",False
RSK-001217,2026-07-14T19:18:54.966170,C-2126,customer,Finance,financial,69,High,2.06,"{""metric_1"": 2, ""metric_2"": 58}",False
RSK-001218,2026-07-27T19:18:54.966170,SYS-082,system,IT,fraud,99,Critical,4.24,"{""metric_1"": 3, ""metric_2"": 54}",True
RSK-001219,2026-08-18T19:18:54.966170,C-3022,customer,Finance,customer,55,High,4.36,"{""metric_1"": 2, ""metric_2"": 79}",True
RSK-001220,2026-08-19T19:18:54.966170,C-1985,customer,Finance,customer,21,High,1.98,"{""metric_1"": 4, ""metric_2"": 92}",False
RSK-001221,2026-05-30T19:18:54.966170,C-1753,customer,Finance,financial,74,Critical,0.47,"{""metric_1"": 4, ""metric_2"": 74}",False
RSK-001222,2026-06-21T19:18:54.966170,SYS-042,system,IT,fraud,98,Low,3.31,"{""metric_1"": 3, ""metric_2"": 66}",False
RSK-001223,2026-07-11T19:18:54.966170,C-0060,customer,Support,financial,82,Critical,4.3,"{""metric_1"": 2, ""metric_2"": 80}",True
RSK-001224,2026-08-01T19:18:54.966170,SYS-021,system,Support,cyber,77,High,2.99,"{""metric_1"": 7, ""metric_2"": 35}",True
RSK-001225,2026-06-16T19:18:54.966170,S-007,supplier,Operations,operational,80,Moderate,0.55,"{""metric_1"": 5, ""metric_2"": 71}",False
RSK-001226,2026-07-21T19:18:54.966170,SYS-039,system,Support,fraud,88,Critical,2.35,"{""metric_1"": 9, ""metric_2"": 49}",False
RSK-001227,2026-06-07T19:18:54.966170,S-030,supplier,Support,operational,58,Critical,0.22,"{""metric_1"": 3, ""metric_2"": 64}",True
RSK-001228,2026-08-01T19:18:54.966170,C-2386,customer,Support,financial,80,Critical,3.15,"{""metric_1"": 6, ""metric_2"": 92}",False
RSK-001229,2026-07-03T19:18:54.966170,SYS-039,system,Operations,fraud,70,Low,1.94,"{""metric_1"": 8, ""metric_2"": 11}",False
RSK-001230,2026-07-13T19:18:54.966170,C-0110,customer,IT,customer,26,Critical,3.11,"{""metric_1"": 5, ""metric_2"": 36}",True
RSK-001231,2026-08-11T19:18:54.966170,S-008,supplier,Operations,operational,23,Critical,1.44,"{""metric_1"": 3, ""metric_2"": 19}",False
RSK-001232,2026-08-10T19:18:54.966170,C-4533,customer,Support,financial,34,Critical,0.42,"{""metric_1"": 8, ""metric_2"": 66}",True
RSK-001233,2026-08-18T19:18:54.966170,C-4337,customer,IT,financial,87,Moderate,4.6,"{""metric_1"": 7, ""metric_2"": 64}",False
RSK-001234,2026-07-16T19:18:54.966170,S-002,supplier,Operations,operational,81,High,1.5,"{""metric_1"": 9, ""metric_2"": 59}",True
RSK-001235,2026-07-01T19:18:54.966170,S-003,supplier,Operations,operational,39,High,4.29,"{""metric_1"": 8, ""metric_2"": 32}",True
RSK-001236,2026-08-04T19:18:54.966170,SYS-019,system,Support,fraud,21,High,2.62,"{""metric_1"": 6, ""metric_2"": 50}",False
RSK-001237,2026-06-09T19:18:54.966170,SYS-078,system,Operations,cyber,30,High,1.23,"{""metric_1"": 2, ""metric_2"": 45}",True
RSK-001238,2026-07-08T19:18:54.966170,SYS-097,system,Operations,cyber,59,Low,0.42,"{""metric_1"": 1, ""metric_2"": 91}",True
RSK-001239,2026-07-23T19:18:54.966170,SYS-022,system,Finance,cyber,41,Low,0.38,"{""metric_1"": 2, ""metric_2"": 84}",False
RSK-001240,2026-07-11T19:18:54.966170,SYS-051,system,Finance,fraud,35,Low,0.46,"{""metric_1"": 3, ""metric_2"": 99}",False
RSK-001241,2026-07-22T19:18:54.966170,C-1541,customer,Support,financial,38,Moderate,0.61,"{""metric_1"": 4, ""metric_2"": 59}",False
RSK-001242,2026-06-26T19:18:54.966170,C-3574,customer,IT,financial,27,High,0.42,"{""metric_1"": 5, ""metric_2"": 47}",False
RSK-001243,2026-05-21T19:18:54.966170,C-0064,customer,Finance,customer,48,Low,3.66,"{""metric_1"": 3, ""metric_2"": 84}",False
RSK-001244,2026-08-01T19:18:54.966170,S-036,supplier,Support,operational,80,Critical,3.13,"{""metric_1"": 8, ""metric_2"": 56}",False
RSK-001245,2026-08-05T19:18:54.966170,SYS-093,system,IT,fraud,58,Critical,4.45,"{""metric_1"": 3, ""metric_2"": 48}",True
RSK-001246,2026-07-30T19:18:54.966170,C-3473,customer,Support,customer,13,Critical,0.37,"{""metric_1"": 4, ""metric_2"": 99}",True
RSK-001247,2026-08-02T19:18:54.966170,C-3610,customer,IT,financial,42,Moderate,4.07,"{""metric_1"": 2, ""metric_2"": 70}",True
RSK-001248,2026-05-29T19:18:54.966170,C-2643,customer,Finance,customer,99,High,3.57,"{""metric_1"": 9, ""metric_2"": 67}",True
RSK-001249,2026-05-20T19:18:54.966170,C-4947,customer,Support,financial,48,Critical,2.5,"{""metric_1"": 7, ""metric_2"": 45}",False
RSK-001250,2026-08-01T19:18:54.966170,C-4049,customer,Operations,customer,86,Low,0.68,"{""metric_1"": 1, ""metric_2"": 55}",False
RSK-001251,2026-06-29T19:18:54.966170,C-3449,customer,IT,customer,83,Critical,1.91,"{""metric_1"": 1, ""metric_2"": 76}",False
RSK-001252,2026-05-30T19:18:54.966170,C-2007,customer,Finance,customer,71,Low,2.07,"{""metric_1"": 8, ""metric_2"": 22}",False
RSK-001253,2026-07-23T19:18:54.966170,SYS-070,system,IT,cyber,36,Moderate,1.78,"{""metric_1"": 6, ""metric_2"": 33}",False
RSK-001254,2026-07-14T19:18:54.966170,C-3244,customer,IT,customer,94,Low,2.83,"{""metric_1"": 3, ""metric_2"": 32}",False
RSK-001255,2026-08-07T19:18:54.966170,S-027,supplier,Finance,operational,37,Low,1.78,"{""metric_1"": 2, ""metric_2"": 53}",False
RSK-001256,2026-07-12T19:18:54.966170,C-2661,customer,IT,customer,83,Critical,1.96,"{""metric_1"": 3, ""metric_2"": 52}",True
RSK-001257,2026-05-31T19:18:54.966170,S-034,supplier,Finance,operational,30,Critical,4.77,"{""metric_1"": 7, ""metric_2"": 46}",False
RSK-001258,2026-06-29T19:18:54.966170,C-3522,customer,IT,financial,44,High,3.22,"{""metric_1"": 8, ""metric_2"": 10}",True
RSK-001259,2026-06-10T19:18:54.966170,C-2658,customer,Finance,financial,13,Critical,4.7,"{""metric_1"": 3, ""metric_2"": 15}",True
RSK-001260,2026-06-17T19:18:54.966170,S-043,supplier,Finance,operational,25,High,3.66,"{""metric_1"": 6, ""metric_2"": 96}",True
RSK-001261,2026-05-20T19:18:54.966170,SYS-029,system,IT,cyber,27,Moderate,4.17,"{""metric_1"": 2, ""metric_2"": 78}",True
RSK-001262,2026-06-25T19:18:54.966170,C-2315,customer,Operations,financial,50,Moderate,2.3,"{""metric_1"": 8, ""metric_2"": 92}",True
RSK-001263,2026-06-23T19:18:54.966170,C-2530,customer,Support,financial,12,Low,3.02,"{""metric_1"": 7, ""metric_2"": 37}",False
RSK-001264,2026-08-09T19:18:54.966170,C-3364,customer,Support,customer,13,Critical,1.7,"{""metric_1"": 4, ""metric_2"": 92}",False
RSK-001265,2026-07-16T19:18:54.966170,SYS-089,system,Finance,cyber,69,Moderate,3.86,"{""metric_1"": 5, ""metric_2"": 57}",True
RSK-001266,2026-07-04T19:18:54.966170,C-4351,customer,Support,customer,44,Moderate,0.96,"{""metric_1"": 5, ""metric_2"": 62}",False
RSK-001267,2026-08-01T19:18:54.966170,SYS-089,system,Operations,fraud,31,High,2.33,"{""metric_1"": 7, ""metric_2"": 61}",True
RSK-001268,2026-06-15T19:18:54.966170,C-4080,customer,Operations,financial,54,Low,4.3,"{""metric_1"": 7, ""metric_2"": 26}",False
RSK-001269,2026-07-31T19:18:54.966170,C-4986,customer,Support,financial,16,High,2.37,"{""metric_1"": 7, ""metric_2"": 40}",False
RSK-001270,2026-07-30T19:18:54.966170,C-4155,customer,IT,customer,46,High,2.35,"{""metric_1"": 1, ""metric_2"": 62}",False
RSK-001271,2026-07-01T19:18:54.966170,SYS-008,system,Operations,fraud,13,Low,3.88,"{""metric_1"": 5, ""metric_2"": 26}",False
RSK-001272,2026-07-10T19:18:54.966170,S-032,supplier,Support,operational,26,Critical,4.15,"{""metric_1"": 8, ""metric_2"": 12}",True
RSK-001273,2026-05-29T19:18:54.966170,S-019,supplier,Finance,operational,28,Moderate,4.07,"{""metric_1"": 3, ""metric_2"": 50}",True
RSK-001274,2026-05-14T19:18:54.966170,S-009,supplier,Operations,operational,99,Moderate,0.12,"{""metric_1"": 2, ""metric_2"": 92}",True
RSK-001275,2026-06-25T19:18:54.966170,S-031,supplier,Operations,operational,11,High,4.08,"{""metric_1"": 3, ""metric_2"": 84}",True
RSK-001276,2026-07-13T19:18:54.966170,SYS-062,system,Support,cyber,55,High,2.3,"{""metric_1"": 8, ""metric_2"": 56}",True
RSK-001277,2026-06-17T19:18:54.966170,SYS-036,system,Finance,cyber,12,Moderate,1.49,"{""metric_1"": 9, ""metric_2"": 85}",False
RSK-001278,2026-08-02T19:18:54.966170,SYS-004,system,Support,cyber,12,Low,4.19,"{""metric_1"": 9, ""metric_2"": 85}",True
RSK-001279,2026-06-12T19:18:54.966170,SYS-072,system,Operations,cyber,97,High,2.07,"{""metric_1"": 4, ""metric_2"": 74}",True
RSK-001280,2026-06-10T19:18:54.966170,C-4579,customer,IT,customer,24,High,1.71,"{""metric_1"": 5, ""metric_2"": 18}",True
RSK-001281,2026-08-10T19:18:54.966170,SYS-050,system,IT,fraud,58,High,4.92,"{""metric_1"": 4, ""metric_2"": 21}",False
RSK-001282,2026-07-14T19:18:54.966170,SYS-057,system,Support,fraud,43,Critical,3.35,"{""metric_1"": 5, ""metric_2"": 55}",True
RSK-001283,2026-05-20T19:18:54.966170,C-4355,customer,IT,customer,48,Moderate,0.86,"{""metric_1"": 3, ""metric_2"": 17}",False
RSK-001284,2026-06-19T19:18:54.966170,S-007,supplier,Finance,operational,38,High,2.4,"{""metric_1"": 5, ""metric_2"": 11}",False
RSK-001285,2026-05-15T19:18:54.966170,SYS-085,system,Support,fraud,56,Low,2.31,"{""metric_1"": 3, ""metric_2"": 55}",False
RSK-001286,2026-05-24T19:18:54.966170,SYS-068,system,Finance,cyber,81,Low,4.0,"{""metric_1"": 5, ""metric_2"": 12}",False
RSK-001287,2026-07-28T19:18:54.966170,C-0817,customer,Operations,financial,17,Low,2.34,"{""metric_1"": 4, ""metric_2"": 89}",True
RSK-001288,2026-07-16T19:18:54.966170,C-4607,customer,IT,financial,77,High,2.47,"{""metric_1"": 7, ""metric_2"": 68}",False
RSK-001289,2026-06-11T19:18:54.966170,SYS-088,system,Operations,fraud,80,Low,3.7,"{""metric_1"": 7, ""metric_2"": 58}",True
RSK-001290,2026-05-29T19:18:54.966170,S-026,supplier,IT,operational,97,Critical,3.29,"{""metric_1"": 7, ""metric_2"": 83}",False
RSK-001291,2026-08-02T19:18:54.966170,SYS-040,system,Finance,fraud,66,Moderate,2.75,"{""metric_1"": 6, ""metric_2"": 62}",False
RSK-001292,2026-06-27T19:18:54.966170,SYS-010,system,Support,cyber,57,Low,1.63,"{""metric_1"": 1, ""metric_2"": 41}",True
RSK-001293,2026-08-18T19:18:54.966170,S-022,supplier,IT,operational,23,High,1.39,"{""metric_1"": 6, ""metric_2"": 88}",False
RSK-001294,2026-07-07T19:18:54.966170,SYS-072,system,Operations,fraud,58,Moderate,3.61,"{""metric_1"": 8, ""metric_2"": 83}",True
RSK-001295,2026-07-04T19:18:54.966170,C-3703,customer,Finance,customer,96,Moderate,0.95,"{""metric_1"": 2, ""metric_2"": 67}",False
RSK-001296,2026-06-19T19:18:54.966170,S-011,supplier,Finance,operational,75,Low,1.67,"{""metric_1"": 2, ""metric_2"": 66}",False
RSK-001297,2026-08-05T19:18:54.966170,C-3261,customer,Support,financial,43,Low,1.6,"{""metric_1"": 2, ""metric_2"": 70}",True
RSK-001298,2026-06-21T19:18:54.966170,C-3030,customer,Support,financial,60,High,3.33,"{""metric_1"": 9, ""metric_2"": 68}",True
RSK-001299,2026-06-09T19:18:54.966170,C-4895,customer,Operations,financial,28,High,0.67,"{""metric_1"": 1, ""metric_2"": 89}",True
RSK-001300,2026-07-27T19:18:54.966170,SYS-079,system,Operations,fraud,66,Critical,2.72,"{""metric_1"": 4, ""metric_2"": 87}",False
RSK-001301,2026-08-01T19:18:54.966170,C-4696,customer,Support,financial,95,Moderate,2.76,"{""metric_1"": 5, ""metric_2"": 94}",False
RSK-001302,2026-06-15T19:18:54.966170,S-004,supplier,Support,operational,88,Moderate,0.32,"{""metric_1"": 9, ""metric_2"": 98}",True
RSK-001303,2026-07-18T19:18:54.966170,S-018,supplier,IT,operational,43,Critical,0.25,"{""metric_1"": 3, ""metric_2"": 68}",False
RSK-001304,2026-06-18T19:18:54.966170,SYS-011,system,Operations,cyber,79,Low,4.18,"{""metric_1"": 8, ""metric_2"": 70}",False
RSK-001305,2026-05-25T19:18:54.966170,C-0987,customer,Support,financial,10,Critical,4.15,"{""metric_1"": 9, ""metric_2"": 95}",False
RSK-001306,2026-06-20T19:18:54.966170,C-3683,customer,Operations,customer,81,Critical,2.59,"{""metric_1"": 2, ""metric_2"": 66}",False
RSK-001307,2026-06-15T19:18:54.966170,SYS-023,system,Support,cyber,37,Critical,1.88,"{""metric_1"": 8, ""metric_2"": 15}",False
RSK-001308,2026-08-06T19:18:54.966170,C-3245,customer,IT,financial,97,Moderate,3.37,"{""metric_1"": 4, ""metric_2"": 95}",False
RSK-001309,2026-07-11T19:18:54.966170,S-034,supplier,Support,operational,29,Low,0.76,"{""metric_1"": 7, ""metric_2"": 92}",True
RSK-001310,2026-06-27T19:18:54.966170,S-017,supplier,Support,operational,31,Critical,4.52,"{""metric_1"": 4, ""metric_2"": 84}",False
RSK-001311,2026-05-20T19:18:54.966170,SYS-035,system,IT,fraud,77,Low,5.0,"{""metric_1"": 2, ""metric_2"": 74}",False
RSK-001312,2026-08-02T19:18:54.966170,C-4243,customer,IT,financial,58,Critical,0.8,"{""metric_1"": 2, ""metric_2"": 69}",True
RSK-001313,2026-08-19T19:18:54.966170,C-0980,customer,Operations,customer,75,High,0.25,"{""metric_1"": 1, ""metric_2"": 11}",False
RSK-001314,2026-06-14T19:18:54.966170,SYS-095,system,Support,cyber,99,Low,4.72,"{""metric_1"": 2, ""metric_2"": 66}",True
RSK-001315,2026-07-14T19:18:54.966170,C-0990,customer,Finance,customer,94,High,4.8,"{""metric_1"": 8, ""metric_2"": 57}",True
RSK-001316,2026-07-22T19:18:54.966170,C-1721,customer,Finance,financial,61,Moderate,4.38,"{""metric_1"": 8, ""metric_2"": 46}",False
RSK-001317,2026-05-16T19:18:54.966170,C-2004,customer,Support,customer,15,Critical,2.12,"{""metric_1"": 3, ""metric_2"": 96}",False
RSK-001318,2026-07-02T19:18:54.966170,SYS-065,system,Support,fraud,54,High,0.44,"{""metric_1"": 7, ""metric_2"": 69}",False
RSK-001319,2026-07-16T19:18:54.966170,SYS-091,system,IT,cyber,23,Moderate,2.34,"{""metric_1"": 2, ""metric_2"": 57}",True
RSK-001320,2026-06-23T19:18:54.966170,S-017,supplier,Finance,operational,95,High,0.27,"{""metric_1"": 6, ""metric_2"": 20}",True
RSK-001321,2026-05-15T19:18:54.966170,C-3853,customer,Support,financial,15,High,4.19,"{""metric_1"": 2, ""metric_2"": 75}",True
RSK-001322,2026-06-25T19:18:54.966170,SYS-001,system,Support,fraud,75,Low,1.57,"{""metric_1"": 6, ""metric_2"": 34}",True
RSK-001323,2026-06-10T19:18:54.966170,C-1457,customer,Support,customer,19,High,3.44,"{""metric_1"": 6, ""metric_2"": 62}",True
RSK-001324,2026-08-14T19:18:54.966170,C-4539,customer,Support,customer,56,Moderate,0.78,"{""metric_1"": 2, ""metric_2"": 87}",True
RSK-001325,2026-07-16T19:18:54.966170,SYS-035,system,Support,fraud,12,High,2.25,"{""metric_1"": 6, ""metric_2"": 86}",True
RSK-001326,2026-07-17T19:18:54.966170,SYS-045,system,IT,fraud,83,Moderate,4.4,"{""metric_1"": 4, ""metric_2"": 48}",False
RSK-001327,2026-05-30T19:18:54.966170,C-4991,customer,Finance,financial,58,Critical,0.85,"{""metric_1"": 2, ""metric_2"": 44}",True
RSK-001328,2026-06-19T19:18:54.966170,C-1511,customer,IT,financial,98,High,2.01,"{""metric_1"": 9, ""metric_2"": 97}",False
RSK-001329,2026-06-15T19:18:54.966170,S-004,supplier,IT,operational,32,Critical,2.2,"{""metric_1"": 2, ""metric_2"": 59}",True
RSK-001330,2026-06-27T19:18:54.966170,S-002,supplier,Support,operational,35,Low,1.26,"{""metric_1"": 1, ""metric_2"": 59}",True
RSK-001331,2026-06-13T19:18:54.966170,SYS-068,system,Operations,cyber,71,Critical,1.22,"{""metric_1"": 6, ""metric_2"": 24}",True
RSK-001332,2026-07-22T19:18:54.966170,C-1598,customer,IT,financial,78,High,4.51,"{""metric_1"": 6, ""metric_2"": 88}",True
RSK-001333,2026-06-28T19:18:54.966170,SYS-011,system,IT,fraud,64,Critical,4.07,"{""metric_1"": 6, ""metric_2"": 41}",True
RSK-001334,2026-05-23T19:18:54.966170,SYS-092,system,IT,cyber,61,High,4.92,"{""metric_1"": 8, ""metric_2"": 44}",True
RSK-001335,2026-07-16T19:18:54.966170,SYS-076,system,IT,fraud,76,Moderate,0.62,"{""metric_1"": 6, ""metric_2"": 34}",False
RSK-001336,2026-06-18T19:18:54.966170,C-1054,customer,Support,customer,18,High,4.14,"{""metric_1"": 3, ""metric_2"": 72}",True
RSK-001337,2026-06-11T19:18:54.966170,SYS-029,system,Operations,cyber,27,High,0.69,"{""metric_1"": 3, ""metric_2"": 57}",True
RSK-001338,2026-06-21T19:18:54.966170,SYS-056,system,Finance,fraud,62,High,2.21,"{""metric_1"": 3, ""metric_2"": 33}",False
RSK-001339,2026-08-09T19:18:54.966170,C-0412,customer,Operations,customer,38,High,4.56,"{""metric_1"": 2, ""metric_2"": 23}",False
RSK-001340,2026-05-25T19:18:54.966170,C-0331,customer,Finance,customer,42,High,1.1,"{""metric_1"": 1, ""metric_2"": 54}",False
RSK-001341,2026-07-27T19:18:54.966170,C-0629,customer,Finance,financial,29,High,1.55,"{""metric_1"": 5, ""metric_2"": 54}",False
RSK-001342,2026-06-16T19:18:54.966170,SYS-043,system,Support,cyber,25,High,0.44,"{""metric_1"": 8, ""metric_2"": 15}",True
RSK-001343,2026-06-12T19:18:54.966170,S-019,supplier,Finance,operational,10,Critical,1.52,"{""metric_1"": 3, ""metric_2"": 75}",False
RSK-001344,2026-08-08T19:18:54.966170,SYS-017,system,Operations,cyber,84,Critical,1.38,"{""metric_1"": 2, ""metric_2"": 22}",False
RSK-001345,2026-05-30T19:18:54.966170,SYS-073,system,Finance,cyber,20,High,2.63,"{""metric_1"": 6, ""metric_2"": 37}",False
RSK-001346,2026-08-02T19:18:54.966170,SYS-072,system,Finance,fraud,22,Low,1.66,"{""metric_1"": 6, ""metric_2"": 99}",True
RSK-001347,2026-08-20T19:18:54.966170,SYS-049,system,Support,fraud,85,High,0.63,"{""metric_1"": 1, ""metric_2"": 22}",False
RSK-001348,2026-06-28T19:18:54.966170,SYS-026,system,Support,cyber,71,Low,3.42,"{""metric_1"": 3, ""metric_2"": 94}",False
RSK-001349,2026-07-11T19:18:54.966170,SYS-030,system,Support,cyber,27,Moderate,2.94,"{""metric_1"": 5, ""metric_2"": 65}",True
RSK-001350,2026-07-09T19:18:54.966170,SYS-042,system,IT,fraud,76,Low,1.18,"{""metric_1"": 6, ""metric_2"": 85}",False
RSK-001351,2026-06-29T19:18:54.966170,SYS-069,system,IT,cyber,28,Low,2.58,"{""metric_1"": 2, ""metric_2"": 76}",True
RSK-001352,2026-05-20T19:18:54.966170,SYS-081,system,Operations,cyber,22,Moderate,2.84,"{""metric_1"": 4, ""metric_2"": 11}",False
RSK-001353,2026-07-26T19:18:54.966170,SYS-079,system,IT,fraud,82,Moderate,0.63,"{""metric_1"": 5, ""metric_2"": 36}",True
RSK-001354,2026-07-01T19:18:54.966170,SYS-042,system,IT,cyber,96,Low,2.09,"{""metric_1"": 9, ""metric_2"": 54}",False
RSK-001355,2026-06-05T19:18:54.966170,C-3102,customer,Operations,customer,42,Low,1.88,"{""metric_1"": 8, ""metric_2"": 24}",False
RSK-001356,2026-06-01T19:18:54.966170,S-039,supplier,Support,operational,88,High,0.75,"{""metric_1"": 2, ""metric_2"": 62}",True
RSK-001357,2026-08-12T19:18:54.966170,C-3721,customer,Operations,customer,85,Low,0.51,"{""metric_1"": 5, ""metric_2"": 91}",False
RSK-001358,2026-06-04T19:18:54.966170,SYS-085,system,Support,fraud,25,Critical,1.63,"{""metric_1"": 6, ""metric_2"": 26}",True
RSK-001359,2026-06-25T19:18:54.966170,SYS-059,system,Finance,fraud,59,Critical,1.91,"{""metric_1"": 9, ""metric_2"": 31}",True
RSK-001360,2026-06-29T19:18:54.966170,S-021,supplier,IT,operational,88,Moderate,0.58,"{""metric_1"": 2, ""metric_2"": 70}",False
RSK-001361,2026-05-23T19:18:54.966170,C-3111,customer,Finance,financial,18,Low,4.43,"{""metric_1"": 7, ""metric_2"": 55}",True
RSK-001362,2026-07-20T19:18:54.966170,S-011,supplier,Support,operational,99,High,4.91,"{""metric_1"": 7, ""metric_2"": 91}",False
RSK-001363,2026-06-07T19:18:54.966170,C-1679,customer,Operations,customer,72,Critical,3.63,"{""metric_1"": 1, ""metric_2"": 44}",False
RSK-001364,2026-08-14T19:18:54.966170,C-0452,customer,Support,customer,14,Moderate,3.72,"{""metric_1"": 7, ""metric_2"": 23}",True
RSK-001365,2026-08-05T19:18:54.966170,S-050,supplier,Operations,operational,59,High,3.46,"{""metric_1"": 4, ""metric_2"": 80}",False
RSK-001366,2026-05-22T19:18:54.966170,SYS-043,system,Finance,cyber,52,Low,4.2,"{""metric_1"": 4, ""metric_2"": 57}",True
RSK-001367,2026-07-06T19:18:54.966170,S-014,supplier,Support,operational,86,High,1.54,"{""metric_1"": 9, ""metric_2"": 75}",True
RSK-001368,2026-08-16T19:18:54.966170,S-031,supplier,IT,operational,88,Low,0.53,"{""metric_1"": 8, ""metric_2"": 24}",True
RSK-001369,2026-08-17T19:18:54.966170,SYS-024,system,Support,fraud,68,Critical,3.21,"{""metric_1"": 1, ""metric_2"": 23}",True
RSK-001370,2026-08-18T19:18:54.966170,C-1065,customer,Support,customer,45,Moderate,4.34,"{""metric_1"": 7, ""metric_2"": 95}",True
RSK-001371,2026-08-02T19:18:54.966170,SYS-043,system,IT,cyber,56,Moderate,2.79,"{""metric_1"": 4, ""metric_2"": 92}",False
RSK-001372,2026-08-17T19:18:54.966170,C-4193,customer,Operations,financial,70,Low,1.77,"{""metric_1"": 6, ""metric_2"": 29}",True
RSK-001373,2026-08-17T19:18:54.966170,SYS-006,system,Operations,cyber,27,Moderate,3.41,"{""metric_1"": 1, ""metric_2"": 50}",False
RSK-001374,2026-05-14T19:18:54.966170,C-2791,customer,Finance,customer,63,Moderate,0.72,"{""metric_1"": 3, ""metric_2"": 15}",False
RSK-001375,2026-07-22T19:18:54.966170,SYS-095,system,Operations,cyber,96,High,1.29,"{""metric_1"": 5, ""metric_2"": 60}",False
RSK-001376,2026-07-07T19:18:54.966170,SYS-056,system,IT,cyber,92,Critical,1.52,"{""metric_1"": 8, ""metric_2"": 53}",True
RSK-001377,2026-07-14T19:18:54.966170,S-010,supplier,IT,operational,26,Critical,2.45,"{""metric_1"": 5, ""metric_2"": 68}",True
RSK-001378,2026-05-25T19:18:54.966170,SYS-084,system,Support,fraud,53,Low,1.76,"{""metric_1"": 9, ""metric_2"": 26}",False
RSK-001379,2026-08-06T19:18:54.966170,SYS-007,system,IT,fraud,93,High,1.66,"{""metric_1"": 9, ""metric_2"": 12}",True
RSK-001380,2026-07-03T19:18:54.966170,C-1710,customer,Support,financial,12,Moderate,3.3,"{""metric_1"": 6, ""metric_2"": 37}",True
RSK-001381,2026-07-04T19:18:54.966170,SYS-089,system,Support,cyber,86,Moderate,1.64,"{""metric_1"": 6, ""metric_2"": 69}",True
RSK-001382,2026-08-01T19:18:54.966170,S-022,supplier,IT,operational,60,Low,4.41,"{""metric_1"": 8, ""metric_2"": 82}",False
RSK-001383,2026-07-08T19:18:54.966170,S-015,supplier,IT,operational,94,Moderate,0.47,"{""metric_1"": 7, ""metric_2"": 42}",True
RSK-001384,2026-06-22T19:18:54.966170,S-014,supplier,Support,operational,48,Low,1.33,"{""metric_1"": 9, ""metric_2"": 89}",False
RSK-001385,2026-07-29T19:18:54.966170,S-019,supplier,Support,operational,39,Moderate,2.88,"{""metric_1"": 5, ""metric_2"": 90}",False
RSK-001386,2026-07-30T19:18:54.966170,S-010,supplier,Support,operational,78,Moderate,0.56,"{""metric_1"": 2, ""metric_2"": 31}",True
RSK-001387,2026-06-25T19:18:54.966170,C-2068,customer,IT,customer,50,Low,2.52,"{""metric_1"": 4, ""metric_2"": 13}",True
RSK-001388,2026-06-27T19:18:54.966170,SYS-086,system,IT,cyber,66,Low,4.21,"{""metric_1"": 2, ""metric_2"": 16}",False
RSK-001389,2026-07-22T19:18:54.966170,SYS-084,system,Finance,cyber,78,Moderate,2.67,"{""metric_1"": 3, ""metric_2"": 76}",False
RSK-001390,2026-07-30T19:18:54.966170,SYS-002,system,Operations,fraud,66,High,4.04,"{""metric_1"": 6, ""metric_2"": 39}",True
RSK-001391,2026-08-09T19:18:54.966170,C-0503,customer,IT,customer,83,Moderate,2.43,"{""metric_1"": 1, ""metric_2"": 51}",False
RSK-001392,2026-06-06T19:18:54.966170,S-033,supplier,Support,operational,65,High,4.96,"{""metric_1"": 3, ""metric_2"": 81}",True
RSK-001393,2026-07-21T19:18:54.966170,SYS-004,system,Operations,cyber,20,High,0.95,"{""metric_1"": 2, ""metric_2"": 79}",True
RSK-001394,2026-08-16T19:18:54.966170,C-0221,customer,IT,financial,70,High,0.31,"{""metric_1"": 7, ""metric_2"": 30}",False
RSK-001395,2026-05-21T19:18:54.966170,C-4069,customer,Operations,financial,99,Critical,2.91,"{""metric_1"": 2, ""metric_2"": 32}",False
RSK-001396,2026-05-28T19:18:54.966170,SYS-007,system,Support,fraud,57,Low,4.19,"{""metric_1"": 1, ""metric_2"": 91}",True
RSK-001397,2026-07-06T19:18:54.966170,C-4989,customer,Support,financial,44,Low,1.64,"{""metric_1"": 7, ""metric_2"": 46}",False
RSK-001398,2026-06-19T19:18:54.966170,C-0171,customer,Support,customer,84,Moderate,2.23,"{""metric_1"": 2, ""metric_2"": 80}",True
RSK-001399,2026-06-22T19:18:54.966170,SYS-053,system,IT,fraud,82,Low,2.82,"{""metric_1"": 4, ""metric_2"": 21}",True
RSK-001400,2026-07-03T19:18:54.966170,SYS-046,system,Finance,fraud,61,Critical,2.24,"{""metric_1"": 8, ""metric_2"": 54}",False
RSK-001401,2026-08-15T19:18:54.966170,C-4312,customer,Support,financial,27,Low,1.44,"{""metric_1"": 4, ""metric_2"": 70}",True
RSK-001402,2026-06-06T19:18:54.966170,S-040,supplier,Operations,operational,77,Critical,3.07,"{""metric_1"": 9, ""metric_2"": 94}",False
RSK-001403,2026-07-28T19:18:54.966170,SYS-079,system,Support,fraud,49,Critical,0.31,"{""metric_1"": 6, ""metric_2"": 67}",True
RSK-001404,2026-07-24T19:18:54.966170,S-002,supplier,IT,operational,43,High,3.38,"{""metric_1"": 3, ""metric_2"": 48}",True
RSK-001405,2026-08-06T19:18:54.966170,S-033,supplier,Finance,operational,52,Moderate,3.41,"{""metric_1"": 2, ""metric_2"": 85}",True
RSK-001406,2026-06-05T19:18:54.966170,S-048,supplier,Support,operational,86,High,0.35,"{""metric_1"": 8, ""metric_2"": 66}",True
RSK-001407,2026-06-21T19:18:54.966170,S-014,supplier,Support,operational,41,High,3.22,"{""metric_1"": 5, ""metric_2"": 83}",True
RSK-001408,2026-07-28T19:18:54.966170,SYS-045,system,Support,fraud,67,High,3.54,"{""metric_1"": 4, ""metric_2"": 71}",True
RSK-001409,2026-08-07T19:18:54.966170,C-1931,customer,Support,customer,50,Moderate,0.29,"{""metric_1"": 1, ""metric_2"": 39}",False
RSK-001410,2026-05-17T19:18:54.966170,SYS-009,system,Operations,fraud,78,Moderate,0.38,"{""metric_1"": 9, ""metric_2"": 16}",True
RSK-001411,2026-08-11T19:18:54.966170,C-4494,customer,IT,financial,49,Critical,3.01,"{""metric_1"": 5, ""metric_2"": 32}",True
RSK-001412,2026-07-19T19:18:54.966170,SYS-024,system,IT,fraud,95,Moderate,4.36,"{""metric_1"": 7, ""metric_2"": 32}",False
RSK-001413,2026-06-30T19:18:54.966170,C-1758,customer,Support,customer,97,High,3.93,"{""metric_1"": 2, ""metric_2"": 75}",False
RSK-001414,2026-05-25T19:18:54.966170,C-4294,customer,Operations,financial,55,High,2.77,"{""metric_1"": 9, ""metric_2"": 21}",False
RSK-001415,2026-07-13T19:18:54.966170,SYS-088,system,IT,cyber,18,Moderate,4.43,"{""metric_1"": 2, ""metric_2"": 55}",True
RSK-001416,2026-07-15T19:18:54.966170,C-1253,customer,Operations,customer,85,Moderate,2.0,"{""metric_1"": 6, ""metric_2"": 23}",False
RSK-001417,2026-08-17T19:18:54.966170,SYS-040,system,Support,cyber,13,Low,4.71,"{""metric_1"": 6, ""metric_2"": 88}",False
RSK-001418,2026-07-18T19:18:54.966170,S-027,supplier,Finance,operational,49,Critical,4.54,"{""metric_1"": 2, ""metric_2"": 78}",False
RSK-001419,2026-05-31T19:18:54.966170,C-2268,customer,Operations,customer,96,High,0.3,"{""metric_1"": 3, ""metric_2"": 13}",False
RSK-001420,2026-07-05T19:18:54.966170,S-023,supplier,Support,operational,19,High,4.04,"{""metric_1"": 5, ""metric_2"": 82}",False
RSK-001421,2026-07-02T19:18:54.966170,C-4490,customer,IT,financial,44,High,3.8,"{""metric_1"": 2, ""metric_2"": 63}",False
RSK-001422,2026-08-08T19:18:54.966170,SYS-034,system,Finance,fraud,28,Critical,4.19,"{""metric_1"": 1, ""metric_2"": 99}",False
RSK-001423,2026-05-22T19:18:54.966170,SYS-044,system,Finance,cyber,30,High,4.57,"{""metric_1"": 3, ""metric_2"": 60}",True
RSK-001424,2026-05-26T19:18:54.966170,C-3939,customer,Finance,financial,56,Moderate,1.39,"{""metric_1"": 6, ""metric_2"": 87}",False
RSK-001425,2026-08-01T19:18:54.966170,SYS-068,system,Finance,cyber,69,Moderate,3.61,"{""metric_1"": 9, ""metric_2"": 81}",False
RSK-001426,2026-06-25T19:18:54.966170,SYS-059,system,Support,fraud,34,Critical,2.69,"{""metric_1"": 4, ""metric_2"": 24}",True
RSK-001427,2026-05-16T19:18:54.966170,S-028,supplier,IT,operational,67,Moderate,3.3,"{""metric_1"": 5, ""metric_2"": 10}",True
RSK-001428,2026-08-02T19:18:54.966170,C-1805,customer,Support,customer,30,Critical,2.06,"{""metric_1"": 3, ""metric_2"": 71}",False
RSK-001429,2026-07-03T19:18:54.966170,S-028,supplier,IT,operational,56,Low,4.71,"{""metric_1"": 6, ""metric_2"": 73}",False
RSK-001430,2026-05-18T19:18:54.966170,SYS-038,system,Finance,cyber,59,Moderate,4.12,"{""metric_1"": 5, ""metric_2"": 93}",True
RSK-001431,2026-06-16T19:18:54.966170,SYS-063,system,Finance,cyber,77,Low,3.82,"{""metric_1"": 4, ""metric_2"": 72}",False
RSK-001432,2026-08-09T19:18:54.966170,C-4540,customer,Finance,customer,89,Critical,4.33,"{""metric_1"": 9, ""metric_2"": 97}",True
RSK-001433,2026-05-16T19:18:54.966170,SYS-024,system,IT,cyber,68,Critical,0.22,"{""metric_1"": 6, ""metric_2"": 65}",False
RSK-001434,2026-07-12T19:18:54.966170,SYS-040,system,Operations,cyber,44,Moderate,3.2,"{""metric_1"": 3, ""metric_2"": 86}",True
RSK-001435,2026-07-17T19:18:54.966170,SYS-074,system,Finance,fraud,10,High,0.41,"{""metric_1"": 5, ""metric_2"": 30}",True
RSK-001436,2026-06-01T19:18:54.966170,SYS-065,system,Finance,fraud,47,Critical,2.22,"{""metric_1"": 1, ""metric_2"": 19}",True
RSK-001437,2026-07-17T19:18:54.966170,SYS-061,system,Finance,fraud,15,High,2.66,"{""metric_1"": 4, ""metric_2"": 69}",True
RSK-001438,2026-05-29T19:18:54.966170,C-2001,customer,Support,financial,81,Moderate,3.28,"{""metric_1"": 1, ""metric_2"": 13}",True
RSK-001439,2026-07-31T19:18:54.966170,C-0434,customer,Finance,customer,62,Low,2.98,"{""metric_1"": 1, ""metric_2"": 37}",True
RSK-001440,2026-08-17T19:18:54.966170,C-3758,customer,Finance,financial,45,Low,2.96,"{""metric_1"": 2, ""metric_2"": 97}",False
RSK-001441,2026-05-17T19:18:54.966170,SYS-004,system,IT,fraud,21,Critical,2.77,"{""metric_1"": 7, ""metric_2"": 35}",True
RSK-001442,2026-08-06T19:18:54.966170,C-1766,customer,IT,customer,31,Low,2.84,"{""metric_1"": 8, ""metric_2"": 21}",True
RSK-001443,2026-08-06T19:18:54.966170,C-2662,customer,Support,financial,18,High,2.92,"{""metric_1"": 1, ""metric_2"": 63}",False
RSK-001444,2026-08-01T19:18:54.966170,C-3167,customer,IT,financial,78,Critical,2.83,"{""metric_1"": 3, ""metric_2"": 94}",True
RSK-001445,2026-06-07T19:18:54.966170,SYS-077,system,IT,fraud,97,High,3.45,"{""metric_1"": 7, ""metric_2"": 42}",True
RSK-001446,2026-05-24T19:18:54.966170,C-4585,customer,Support,financial,72,Low,2.28,"{""metric_1"": 1, ""metric_2"": 12}",False
RSK-001447,2026-07-26T19:18:54.966170,SYS-002,system,IT,cyber,45,Critical,3.77,"{""metric_1"": 4, ""metric_2"": 20}",False
RSK-001448,2026-05-21T19:18:54.966170,S-040,supplier,IT,operational,95,High,3.28,"{""metric_1"": 7, ""metric_2"": 84}",False
RSK-001449,2026-08-18T19:18:54.966170,SYS-039,system,Support,fraud,99,High,2.0,"{""metric_1"": 8, ""metric_2"": 23}",True
RSK-001450,2026-07-28T19:18:54.966170,SYS-065,system,Support,cyber,42,Moderate,4.15,"{""metric_1"": 5, ""metric_2"": 70}",False
RSK-001451,2026-08-15T19:18:54.966170,C-1478,customer,Support,financial,75,Critical,1.36,"{""metric_1"": 9, ""metric_2"": 38}",True
RSK-001452,2026-07-14T19:18:54.966170,SYS-054,system,IT,cyber,21,Critical,1.37,"{""metric_1"": 1, ""metric_2"": 69}",False
RSK-001453,2026-05-19T19:18:54.966170,S-014,supplier,Operations,operational,54,Moderate,4.2,"{""metric_1"": 1, ""metric_2"": 51}",True
RSK-001454,2026-08-07T19:18:54.966170,S-042,supplier,Operations,operational,10,High,2.92,"{""metric_1"": 1, ""metric_2"": 80}",True
RSK-001455,2026-08-19T19:18:54.966170,SYS-002,system,Operations,fraud,26,High,2.11,"{""metric_1"": 3, ""metric_2"": 28}",True
RSK-001456,2026-06-13T19:18:54.966170,S-025,supplier,Support,operational,48,Low,1.63,"{""metric_1"": 3, ""metric_2"": 43}",False
RSK-001457,2026-08-03T19:18:54.966170,SYS-069,system,Support,fraud,38,Moderate,2.53,"{""metric_1"": 5, ""metric_2"": 33}",True
RSK-001458,2026-06-02T19:18:54.966170,C-2189,customer,Support,customer,78,Critical,0.77,"{""metric_1"": 4, ""metric_2"": 64}",True
RSK-001459,2026-07-29T19:18:54.966170,SYS-080,system,Operations,fraud,16,Critical,0.78,"{""metric_1"": 4, ""metric_2"": 68}",True
RSK-001460,2026-06-11T19:18:54.966170,SYS-036,system,Finance,cyber,34,Low,1.76,"{""metric_1"": 5, ""metric_2"": 66}",True
RSK-001461,2026-05-16T19:18:54.966170,C-4028,customer,Finance,financial,69,Critical,0.94,"{""metric_1"": 6, ""metric_2"": 98}",True
RSK-001462,2026-06-02T19:18:54.966170,S-020,supplier,Operations,operational,58,Critical,3.56,"{""metric_1"": 5, ""metric_2"": 10}",False
RSK-001463,2026-08-13T19:18:54.966170,C-4394,customer,Support,customer,25,Low,4.68,"{""metric_1"": 4, ""metric_2"": 19}",False
RSK-001464,2026-06-22T19:18:54.966170,C-2501,customer,Finance,financial,63,Moderate,0.67,"{""metric_1"": 3, ""metric_2"": 39}",False
RSK-001465,2026-06-17T19:18:54.966170,SYS-033,system,IT,fraud,85,Critical,4.66,"{""metric_1"": 5, ""metric_2"": 35}",False
RSK-001466,2026-08-02T19:18:54.966170,SYS-077,system,IT,cyber,11,High,0.62,"{""metric_1"": 3, ""metric_2"": 90}",False
RSK-001467,2026-06-23T19:18:54.966170,SYS-085,system,IT,cyber,35,Critical,4.17,"{""metric_1"": 7, ""metric_2"": 83}",False
RSK-001468,2026-05-20T19:18:54.966170,C-2968,customer,IT,financial,75,Moderate,4.85,"{""metric_1"": 2, ""metric_2"": 18}",False
RSK-001469,2026-06-24T19:18:54.966170,SYS-098,system,Finance,cyber,61,Critical,2.88,"{""metric_1"": 6, ""metric_2"": 23}",False
RSK-001470,2026-08-06T19:18:54.966170,SYS-051,system,Support,fraud,61,Low,4.14,"{""metric_1"": 2, ""metric_2"": 22}",False
RSK-001471,2026-08-13T19:18:54.966170,S-014,supplier,Finance,operational,80,High,0.47,"{""metric_1"": 2, ""metric_2"": 81}",False
RSK-001472,2026-07-02T19:18:54.966170,SYS-005,system,Finance,fraud,26,Critical,1.89,"{""metric_1"": 6, ""metric_2"": 57}",True
RSK-001473,2026-08-04T19:18:54.966170,SYS-005,system,Support,cyber,50,Moderate,1.5,"{""metric_1"": 2, ""metric_2"": 80}",True
RSK-001474,2026-07-29T19:18:54.966170,C-0510,customer,IT,financial,88,High,2.88,"{""metric_1"": 7, ""metric_2"": 70}",False
RSK-001475,2026-06-26T19:18:54.966170,S-004,supplier,Operations,operational,96,Moderate,2.79,"{""metric_1"": 5, ""metric_2"": 13}",True
RSK-001476,2026-05-26T19:18:54.966170,C-1925,customer,IT,financial,74,Critical,3.74,"{""metric_1"": 7, ""metric_2"": 50}",False
RSK-001477,2026-07-11T19:18:54.966170,C-0261,customer,Finance,financial,13,Moderate,1.74,"{""metric_1"": 5, ""metric_2"": 73}",False
RSK-001478,2026-07-01T19:18:54.966170,C-2030,customer,Support,financial,70,Low,0.74,"{""metric_1"": 8, ""metric_2"": 42}",False
RSK-001479,2026-05-22T19:18:54.966170,S-028,supplier,Finance,operational,59,Low,1.61,"{""metric_1"": 2, ""metric_2"": 63}",False
RSK-001480,2026-07-05T19:18:54.966170,S-037,supplier,Operations,operational,49,Critical,2.56,"{""metric_1"": 1, ""metric_2"": 76}",False
RSK-001481,2026-08-12T19:18:54.966170,S-032,supplier,Support,operational,22,Critical,0.8,"{""metric_1"": 9, ""metric_2"": 25}",False
RSK-001482,2026-06-11T19:18:54.966170,SYS-035,system,Support,cyber,46,Low,3.73,"{""metric_1"": 4, ""metric_2"": 67}",True
RSK-001483,2026-08-21T19:18:54.966170,C-4139,customer,Operations,customer,49,High,2.5,"{""metric_1"": 3, ""metric_2"": 82}",True
RSK-001484,2026-06-19T19:18:54.966170,SYS-015,system,Operations,fraud,94,Moderate,3.27,"{""metric_1"": 1, ""metric_2"": 73}",False
RSK-001485,2026-06-23T19:18:54.966170,C-4646,customer,Operations,customer,65,Critical,1.46,"{""metric_1"": 7, ""metric_2"": 33}",True
RSK-001486,2026-07-17T19:18:54.966170,SYS-026,system,Support,cyber,47,High,3.97,"{""metric_1"": 8, ""metric_2"": 96}",True
RSK-001487,2026-06-14T19:18:54.966170,SYS-012,system,Support,fraud,50,High,3.53,"{""metric_1"": 6, ""metric_2"": 70}",False
RSK-001488,2026-08-05T19:18:54.966170,C-2498,customer,Support,customer,26,Critical,4.23,"{""metric_1"": 9, ""metric_2"": 80}",False
RSK-001489,2026-06-09T19:18:54.966170,C-0478,customer,IT,financial,55,High,0.68,"{""metric_1"": 4, ""metric_2"": 99}",False
RSK-001490,2026-06-25T19:18:54.966170,SYS-024,system,Operations,fraud,10,Critical,4.3,"{""metric_1"": 9, ""metric_2"": 84}",True
RSK-001491,2026-06-06T19:18:54.966170,SYS-050,system,Finance,cyber,29,Critical,2.69,"{""metric_1"": 7, ""metric_2"": 56}",True
RSK-001492,2026-08-16T19:18:54.966170,C-2279,customer,Operations,financial,57,High,2.48,"{""metric_1"": 8, ""metric_2"": 76}",True
RSK-001493,2026-05-29T19:18:54.966170,C-0144,customer,Operations,customer,11,Moderate,3.0,"{""metric_1"": 9, ""metric_2"": 76}",True
RSK-001494,2026-08-06T19:18:54.966170,SYS-034,system,Support,fraud,21,High,2.44,"{""metric_1"": 2, ""metric_2"": 78}",True
RSK-001495,2026-07-22T19:18:54.966170,SYS-044,system,Operations,fraud,20,Moderate,3.71,"{""metric_1"": 4, ""metric_2"": 75}",True
RSK-001496,2026-05-31T19:18:54.966170,S-041,supplier,Operations,operational,71,Critical,4.39,"{""metric_1"": 6, ""metric_2"": 86}",True
RSK-001497,2026-06-28T19:18:54.966170,SYS-011,system,IT,fraud,62,Low,4.85,"{""metric_1"": 1, ""metric_2"": 43}",True
RSK-001498,2026-07-05T19:18:54.966170,C-0006,customer,Finance,financial,51,Low,2.88,"{""metric_1"": 7, ""metric_2"": 43}",False
RSK-001499,2026-07-30T19:18:54.966170,SYS-055,system,IT,cyber,36,Low,4.4,"{""metric_1"": 9, ""metric_2"": 43}",True
RSK-001500,2026-06-08T19:18:54.966170,SYS-007,system,Support,cyber,66,Critical,3.11,"{""metric_1"": 7, ""metric_2"": 66}",False
RSK-001501,2026-08-20T19:18:54.966170,C-2752,customer,Support,customer,70,High,2.69,"{""metric_1"": 5, ""metric_2"": 78}",True
RSK-001502,2026-07-03T19:18:54.966170,SYS-028,system,Operations,cyber,48,Low,3.47,"{""metric_1"": 3, ""metric_2"": 68}",False
RSK-001503,2026-07-20T19:18:54.966170,SYS-022,system,IT,cyber,31,Low,4.59,"{""metric_1"": 6, ""metric_2"": 45}",True
RSK-001504,2026-06-17T19:18:54.966170,SYS-017,system,Finance,fraud,93,High,3.62,"{""metric_1"": 2, ""metric_2"": 80}",True
RSK-001505,2026-05-31T19:18:54.966170,C-3090,customer,Finance,customer,32,Low,1.5,"{""metric_1"": 5, ""metric_2"": 82}",True
RSK-001506,2026-07-17T19:18:54.966170,SYS-072,system,Finance,fraud,69,Low,0.3,"{""metric_1"": 4, ""metric_2"": 59}",True
RSK-001507,2026-07-01T19:18:54.966170,SYS-026,system,Support,cyber,55,High,3.39,"{""metric_1"": 9, ""metric_2"": 53}",True
RSK-001508,2026-06-24T19:18:54.966170,C-1105,customer,Operations,financial,49,High,2.92,"{""metric_1"": 2, ""metric_2"": 78}",False
RSK-001509,2026-07-22T19:18:54.966170,S-016,supplier,Support,operational,64,Moderate,3.96,"{""metric_1"": 1, ""metric_2"": 26}",False
RSK-001510,2026-06-04T19:18:54.966170,SYS-049,system,Operations,fraud,31,Critical,0.87,"{""metric_1"": 6, ""metric_2"": 54}",True
RSK-001511,2026-08-20T19:18:54.966170,C-0697,customer,Support,financial,68,Critical,3.86,"{""metric_1"": 3, ""metric_2"": 15}",False
RSK-001512,2026-06-13T19:18:54.966170,SYS-021,system,Support,fraud,10,Moderate,3.73,"{""metric_1"": 1, ""metric_2"": 93}",False
RSK-001513,2026-06-28T19:18:54.966170,SYS-064,system,Finance,cyber,87,Critical,1.48,"{""metric_1"": 6, ""metric_2"": 18}",True
RSK-001514,2026-07-03T19:18:54.966170,SYS-098,system,Support,cyber,31,Low,0.21,"{""metric_1"": 1, ""metric_2"": 34}",True
RSK-001515,2026-08-19T19:18:54.966170,C-3164,customer,Operations,customer,11,Low,4.01,"{""metric_1"": 3, ""metric_2"": 45}",True
RSK-001516,2026-06-06T19:18:54.966170,C-1251,customer,Finance,customer,68,Low,1.87,"{""metric_1"": 3, ""metric_2"": 67}",True
RSK-001517,2026-06-18T19:18:54.966170,C-3022,customer,Finance,customer,22,Moderate,4.22,"{""metric_1"": 5, ""metric_2"": 62}",False
RSK-001518,2026-06-09T19:18:54.966170,SYS-051,system,IT,fraud,61,High,2.75,"{""metric_1"": 8, ""metric_2"": 50}",True
RSK-001519,2026-06-13T19:18:54.966170,SYS-067,system,Operations,cyber,52,Critical,1.93,"{""metric_1"": 5, ""metric_2"": 55}",True
RSK-001520,2026-07-07T19:18:54.966170,SYS-046,system,IT,cyber,57,Moderate,3.56,"{""metric_1"": 9, ""metric_2"": 58}",True
RSK-001521,2026-07-25T19:18:54.966170,SYS-022,system,Finance,cyber,45,Moderate,2.26,"{""metric_1"": 1, ""metric_2"": 82}",True
RSK-001522,2026-06-08T19:18:54.966170,S-013,supplier,Support,operational,17,Critical,3.4,"{""metric_1"": 4, ""metric_2"": 78}",True
RSK-001523,2026-05-28T19:18:54.966170,S-038,supplier,IT,operational,44,Low,2.11,"{""metric_1"": 9, ""metric_2"": 33}",False
RSK-001524,2026-06-03T19:18:54.966170,SYS-087,system,Support,cyber,18,Critical,1.68,"{""metric_1"": 9, ""metric_2"": 20}",False
RSK-001525,2026-06-23T19:18:54.966170,SYS-060,system,Support,fraud,99,Critical,3.21,"{""metric_1"": 5, ""metric_2"": 46}",True
RSK-001526,2026-05-28T19:18:54.966170,S-011,supplier,Support,operational,93,Low,1.86,"{""metric_1"": 3, ""metric_2"": 50}",True
RSK-001527,2026-07-17T19:18:54.966170,SYS-002,system,Support,cyber,27,Critical,0.45,"{""metric_1"": 7, ""metric_2"": 84}",True
RSK-001528,2026-06-25T19:18:54.966170,C-2712,customer,Operations,customer,73,Low,2.2,"{""metric_1"": 6, ""metric_2"": 78}",False
RSK-001529,2026-07-09T19:18:54.966170,SYS-012,system,Finance,fraud,80,Low,0.53,"{""metric_1"": 4, ""metric_2"": 91}",True
RSK-001530,2026-06-29T19:18:54.966170,C-0855,customer,Operations,customer,74,Moderate,3.14,"{""metric_1"": 9, ""metric_2"": 58}",False
RSK-001531,2026-07-13T19:18:54.966170,S-041,supplier,Operations,operational,76,Critical,2.06,"{""metric_1"": 9, ""metric_2"": 95}",False
RSK-001532,2026-07-20T19:18:54.966170,C-1926,customer,Finance,financial,46,Moderate,2.23,"{""metric_1"": 8, ""metric_2"": 67}",True
RSK-001533,2026-07-15T19:18:54.966170,SYS-067,system,IT,fraud,40,Moderate,4.38,"{""metric_1"": 6, ""metric_2"": 81}",True
RSK-001534,2026-08-03T19:18:54.966170,C-1441,customer,IT,customer,53,Low,2.77,"{""metric_1"": 7, ""metric_2"": 31}",True
RSK-001535,2026-06-04T19:18:54.966170,SYS-051,system,IT,fraud,26,Low,2.58,"{""metric_1"": 3, ""metric_2"": 97}",False
RSK-001536,2026-08-18T19:18:54.966170,SYS-055,system,Finance,fraud,63,Moderate,0.62,"{""metric_1"": 5, ""metric_2"": 75}",True
RSK-001537,2026-07-11T19:18:54.966170,C-1785,customer,Finance,customer,64,Low,0.13,"{""metric_1"": 5, ""metric_2"": 51}",True
RSK-001538,2026-07-26T19:18:54.966170,SYS-033,system,Support,cyber,50,Low,0.23,"{""metric_1"": 6, ""metric_2"": 84}",True
RSK-001539,2026-08-20T19:18:54.966170,C-3740,customer,Finance,financial,30,Critical,4.81,"{""metric_1"": 1, ""metric_2"": 68}",False
RSK-001540,2026-07-31T19:18:54.966170,SYS-068,system,Operations,cyber,73,High,2.72,"{""metric_1"": 8, ""metric_2"": 47}",True
RSK-001541,2026-08-10T19:18:54.966170,S-031,supplier,Finance,operational,23,Moderate,0.92,"{""metric_1"": 2, ""metric_2"": 28}",False
RSK-001542,2026-08-06T19:18:54.966170,C-4602,customer,Operations,customer,74,Critical,0.16,"{""metric_1"": 3, ""metric_2"": 20}",False
RSK-001543,2026-05-15T19:18:54.966170,S-030,supplier,Support,operational,57,High,0.41,"{""metric_1"": 2, ""metric_2"": 44}",True
RSK-001544,2026-07-05T19:18:54.966170,C-1227,customer,Operations,financial,24,Low,4.85,"{""metric_1"": 8, ""metric_2"": 97}",False
RSK-001545,2026-07-19T19:18:54.966170,SYS-072,system,Support,cyber,84,Critical,3.5,"{""metric_1"": 3, ""metric_2"": 23}",True
RSK-001546,2026-07-14T19:18:54.966170,C-0631,customer,IT,customer,30,Moderate,2.63,"{""metric_1"": 5, ""metric_2"": 38}",False
RSK-001547,2026-06-07T19:18:54.966170,SYS-047,system,Operations,cyber,54,Low,2.46,"{""metric_1"": 1, ""metric_2"": 77}",True
RSK-001548,2026-07-25T19:18:54.966170,SYS-061,system,IT,cyber,15,Low,1.86,"{""metric_1"": 6, ""metric_2"": 63}",True
RSK-001549,2026-06-05T19:18:54.966170,SYS-090,system,Support,cyber,39,Critical,0.4,"{""metric_1"": 9, ""metric_2"": 96}",True
RSK-001550,2026-08-14T19:18:54.966170,C-3388,customer,IT,financial,12,Moderate,4.09,"{""metric_1"": 2, ""metric_2"": 10}",False
RSK-001551,2026-07-10T19:18:54.966170,C-0255,customer,Operations,financial,59,High,4.85,"{""metric_1"": 8, ""metric_2"": 16}",False
RSK-001552,2026-08-09T19:18:54.966170,SYS-055,system,Finance,fraud,62,High,3.26,"{""metric_1"": 1, ""metric_2"": 29}",False
RSK-001553,2026-06-01T19:18:54.966170,C-4649,customer,Support,financial,99,Low,2.49,"{""metric_1"": 8, ""metric_2"": 67}",True
RSK-001554,2026-07-06T19:18:54.966170,C-2504,customer,Operations,financial,60,Low,4.05,"{""metric_1"": 6, ""metric_2"": 81}",False
RSK-001555,2026-08-03T19:18:54.966170,C-0598,customer,Operations,financial,75,High,1.61,"{""metric_1"": 7, ""metric_2"": 61}",False
RSK-001556,2026-06-18T19:18:54.966170,SYS-062,system,Support,fraud,54,Critical,1.5,"{""metric_1"": 5, ""metric_2"": 49}",False
RSK-001557,2026-08-17T19:18:54.966170,S-017,supplier,Finance,operational,46,Low,3.74,"{""metric_1"": 4, ""metric_2"": 32}",False
RSK-001558,2026-08-20T19:18:54.966170,C-0070,customer,Support,financial,65,Low,1.37,"{""metric_1"": 5, ""metric_2"": 77}",False
RSK-001559,2026-06-12T19:18:54.966170,SYS-053,system,IT,cyber,20,Critical,4.58,"{""metric_1"": 6, ""metric_2"": 42}",False
RSK-001560,2026-08-03T19:18:54.966170,S-030,supplier,Finance,operational,41,Low,0.63,"{""metric_1"": 9, ""metric_2"": 68}",False
RSK-001561,2026-05-14T19:18:54.966170,S-021,supplier,Support,operational,98,Moderate,4.48,"{""metric_1"": 5, ""metric_2"": 10}",True
RSK-001562,2026-07-14T19:18:54.966170,SYS-043,system,Finance,cyber,13,Moderate,4.65,"{""metric_1"": 9, ""metric_2"": 10}",False
RSK-001563,2026-08-10T19:18:54.966170,C-3036,customer,IT,customer,25,Critical,3.16,"{""metric_1"": 5, ""metric_2"": 28}",False
RSK-001564,2026-06-29T19:18:54.966170,C-2578,customer,IT,customer,63,Moderate,3.85,"{""metric_1"": 8, ""metric_2"": 90}",False
RSK-001565,2026-05-23T19:18:54.966170,C-0113,customer,Finance,customer,96,Low,3.68,"{""metric_1"": 6, ""metric_2"": 60}",False
RSK-001566,2026-06-02T19:18:54.966170,S-015,supplier,IT,operational,86,Critical,2.63,"{""metric_1"": 8, ""metric_2"": 25}",True
RSK-001567,2026-07-14T19:18:54.966170,C-1061,customer,IT,financial,13,Critical,1.02,"{""metric_1"": 4, ""metric_2"": 84}",False
RSK-001568,2026-05-30T19:18:54.966170,S-046,supplier,IT,operational,75,Critical,4.49,"{""metric_1"": 8, ""metric_2"": 69}",False
RSK-001569,2026-06-15T19:18:54.966170,S-030,supplier,Finance,operational,53,Critical,2.87,"{""metric_1"": 7, ""metric_2"": 17}",True
RSK-001570,2026-07-27T19:18:54.966170,SYS-008,system,Operations,cyber,89,Critical,4.6,"{""metric_1"": 6, ""metric_2"": 91}",True
RSK-001571,2026-07-18T19:18:54.966170,C-0880,customer,IT,financial,57,Moderate,4.37,"{""metric_1"": 8, ""metric_2"": 43}",True
RSK-001572,2026-07-01T19:18:54.966170,SYS-061,system,IT,cyber,89,High,0.39,"{""metric_1"": 6, ""metric_2"": 96}",True
RSK-001573,2026-06-17T19:18:54.966170,S-047,supplier,IT,operational,37,High,0.74,"{""metric_1"": 7, ""metric_2"": 55}",True
RSK-001574,2026-06-28T19:18:54.966170,C-0844,customer,Finance,customer,73,High,4.31,"{""metric_1"": 4, ""metric_2"": 66}",False
RSK-001575,2026-07-07T19:18:54.966170,S-009,supplier,IT,operational,11,High,0.66,"{""metric_1"": 4, ""metric_2"": 17}",True
RSK-001576,2026-06-22T19:18:54.966170,C-1265,customer,Finance,financial,63,Low,1.97,"{""metric_1"": 4, ""metric_2"": 60}",False
RSK-001577,2026-07-18T19:18:54.966170,C-2185,customer,Operations,customer,76,Critical,2.52,"{""metric_1"": 7, ""metric_2"": 30}",False
RSK-001578,2026-08-14T19:18:54.966170,SYS-048,system,Operations,cyber,52,High,4.91,"{""metric_1"": 9, ""metric_2"": 15}",True
RSK-001579,2026-07-06T19:18:54.966170,SYS-080,system,Finance,cyber,59,Low,3.94,"{""metric_1"": 4, ""metric_2"": 15}",False
RSK-001580,2026-06-01T19:18:54.966170,SYS-013,system,IT,cyber,13,Moderate,0.57,"{""metric_1"": 3, ""metric_2"": 50}",False
RSK-001581,2026-08-08T19:18:54.966170,SYS-022,system,Operations,fraud,46,Critical,0.2,"{""metric_1"": 4, ""metric_2"": 82}",True
RSK-001582,2026-07-17T19:18:54.966170,C-3712,customer,Support,financial,13,High,1.77,"{""metric_1"": 5, ""metric_2"": 34}",True
RSK-001583,2026-07-28T19:18:54.966170,C-4111,customer,IT,financial,10,Low,3.69,"{""metric_1"": 7, ""metric_2"": 46}",True
RSK-001584,2026-07-13T19:18:54.966170,C-4349,customer,IT,customer,80,Critical,0.51,"{""metric_1"": 2, ""metric_2"": 96}",False
RSK-001585,2026-06-03T19:18:54.966170,C-3586,customer,Support,financial,27,High,2.37,"{""metric_1"": 5, ""metric_2"": 57}",True
RSK-001586,2026-07-04T19:18:54.966170,SYS-037,system,Finance,cyber,37,Moderate,2.32,"{""metric_1"": 7, ""metric_2"": 58}",False
RSK-001587,2026-07-03T19:18:54.966170,SYS-032,system,Support,cyber,91,Critical,1.3,"{""metric_1"": 7, ""metric_2"": 66}",True
RSK-001588,2026-05-26T19:18:54.966170,SYS-058,system,Support,fraud,33,Moderate,1.3,"{""metric_1"": 7, ""metric_2"": 52}",True
RSK-001589,2026-07-27T19:18:54.966170,C-3949,customer,Support,financial,53,Critical,3.97,"{""metric_1"": 8, ""metric_2"": 12}",False
RSK-001590,2026-08-10T19:18:54.966170,SYS-082,system,Operations,cyber,98,Critical,4.59,"{""metric_1"": 6, ""metric_2"": 40}",False
RSK-001591,2026-07-11T19:18:54.966170,C-0744,customer,Finance,customer,37,High,4.0,"{""metric_1"": 3, ""metric_2"": 40}",False
RSK-001592,2026-07-27T19:18:54.966170,SYS-008,system,Finance,cyber,28,Moderate,0.32,"{""metric_1"": 1, ""metric_2"": 98}",True
RSK-001593,2026-08-10T19:18:54.966170,SYS-097,system,Support,fraud,24,Critical,0.5,"{""metric_1"": 9, ""metric_2"": 65}",True
RSK-001594,2026-05-23T19:18:54.966170,SYS-093,system,Support,cyber,47,Low,0.93,"{""metric_1"": 2, ""metric_2"": 96}",True
RSK-001595,2026-05-20T19:18:54.966170,S-027,supplier,Finance,operational,25,High,0.63,"{""metric_1"": 2, ""metric_2"": 40}",False
RSK-001596,2026-08-19T19:18:54.966170,S-023,supplier,Operations,operational,77,Low,3.2,"{""metric_1"": 3, ""metric_2"": 82}",True
RSK-001597,2026-05-15T19:18:54.966170,C-0090,customer,Finance,financial,39,High,3.16,"{""metric_1"": 3, ""metric_2"": 77}",False
RSK-001598,2026-08-03T19:18:54.966170,C-1133,customer,Finance,financial,87,Moderate,3.96,"{""metric_1"": 6, ""metric_2"": 90}",True
RSK-001599,2026-05-28T19:18:54.966170,SYS-074,system,Finance,cyber,77,Low,3.56,"{""metric_1"": 7, ""metric_2"": 80}",True
RSK-001600,2026-07-25T19:18:54.966170,C-4154,customer,Finance,financial,99,Critical,3.39,"{""metric_1"": 3, ""metric_2"": 29}",False
RSK-001601,2026-06-04T19:18:54.966170,C-4727,customer,Operations,customer,62,Critical,4.36,"{""metric_1"": 5, ""metric_2"": 14}",False
RSK-001602,2026-07-24T19:18:54.966170,C-0337,customer,Support,financial,98,Moderate,1.78,"{""metric_1"": 7, ""metric_2"": 12}",False
RSK-001603,2026-05-23T19:18:54.966170,S-046,supplier,Finance,operational,67,High,1.3,"{""metric_1"": 3, ""metric_2"": 31}",False
RSK-001604,2026-05-28T19:18:54.966170,S-002,supplier,IT,operational,92,Critical,4.29,"{""metric_1"": 9, ""metric_2"": 75}",False
RSK-001605,2026-06-13T19:18:54.966170,SYS-095,system,Support,cyber,66,Low,3.59,"{""metric_1"": 9, ""metric_2"": 90}",False
RSK-001606,2026-07-18T19:18:54.966170,SYS-035,system,Operations,fraud,63,Moderate,0.16,"{""metric_1"": 1, ""metric_2"": 28}",True
RSK-001607,2026-08-15T19:18:54.966170,SYS-017,system,Finance,cyber,11,Moderate,0.63,"{""metric_1"": 4, ""metric_2"": 94}",True
RSK-001608,2026-07-14T19:18:54.966170,SYS-070,system,Operations,cyber,93,Low,2.57,"{""metric_1"": 4, ""metric_2"": 92}",True
RSK-001609,2026-08-03T19:18:54.966170,S-038,supplier,Finance,operational,22,Moderate,3.03,"{""metric_1"": 9, ""metric_2"": 97}",False
RSK-001610,2026-06-17T19:18:54.966170,C-0623,customer,Finance,customer,38,Low,4.11,"{""metric_1"": 5, ""metric_2"": 33}",True
RSK-001611,2026-05-16T19:18:54.966170,S-011,supplier,Operations,operational,81,High,1.17,"{""metric_1"": 4, ""metric_2"": 94}",False
RSK-001612,2026-08-01T19:18:54.966170,C-3652,customer,Operations,customer,77,Low,2.27,"{""metric_1"": 8, ""metric_2"": 80}",False
RSK-001613,2026-06-20T19:18:54.966170,C-4782,customer,Finance,financial,82,High,0.65,"{""metric_1"": 9, ""metric_2"": 74}",True
RSK-001614,2026-08-14T19:18:54.966170,S-039,supplier,Operations,operational,27,Critical,4.41,"{""metric_1"": 6, ""metric_2"": 19}",False
RSK-001615,2026-06-15T19:18:54.966170,C-3198,customer,Finance,customer,87,Critical,1.01,"{""metric_1"": 6, ""metric_2"": 24}",False
RSK-001616,2026-06-22T19:18:54.966170,SYS-047,system,Operations,cyber,38,Critical,2.62,"{""metric_1"": 6, ""metric_2"": 48}",False
RSK-001617,2026-06-22T19:18:54.966170,SYS-035,system,Support,fraud,70,Critical,1.64,"{""metric_1"": 3, ""metric_2"": 78}",False
RSK-001618,2026-08-20T19:18:54.966170,SYS-092,system,Operations,cyber,31,Moderate,4.05,"{""metric_1"": 4, ""metric_2"": 89}",False
RSK-001619,2026-08-05T19:18:54.966170,S-042,supplier,IT,operational,14,Low,2.55,"{""metric_1"": 9, ""metric_2"": 17}",False
RSK-001620,2026-07-09T19:18:54.966170,C-3259,customer,Finance,customer,48,Low,0.64,"{""metric_1"": 4, ""metric_2"": 42}",True
RSK-001621,2026-08-07T19:18:54.966170,C-3345,customer,IT,customer,85,High,0.89,"{""metric_1"": 8, ""metric_2"": 61}",False
RSK-001622,2026-05-31T19:18:54.966170,SYS-085,system,Operations,cyber,66,Critical,3.59,"{""metric_1"": 8, ""metric_2"": 62}",False
RSK-001623,2026-08-09T19:18:54.966170,SYS-040,system,Operations,cyber,72,Moderate,2.51,"{""metric_1"": 4, ""metric_2"": 88}",True
RSK-001624,2026-06-02T19:18:54.966170,C-4595,customer,Finance,financial,96,Moderate,2.56,"{""metric_1"": 8, ""metric_2"": 81}",False
RSK-001625,2026-08-18T19:18:54.966170,SYS-013,system,Operations,fraud,65,Low,4.23,"{""metric_1"": 1, ""metric_2"": 20}",False
RSK-001626,2026-07-21T19:18:54.966170,C-0841,customer,Support,financial,14,High,1.05,"{""metric_1"": 5, ""metric_2"": 89}",True
RSK-001627,2026-07-18T19:18:54.966170,SYS-058,system,Support,fraud,58,Moderate,3.75,"{""metric_1"": 3, ""metric_2"": 37}",False
RSK-001628,2026-06-02T19:18:54.966170,C-1016,customer,Support,financial,54,Moderate,4.27,"{""metric_1"": 5, ""metric_2"": 41}",False
RSK-001629,2026-05-28T19:18:54.966170,S-030,supplier,Operations,operational,20,Low,3.64,"{""metric_1"": 5, ""metric_2"": 92}",False
RSK-001630,2026-08-01T19:18:54.966170,SYS-075,system,Support,fraud,61,Moderate,4.21,"{""metric_1"": 7, ""metric_2"": 67}",True
RSK-001631,2026-05-15T19:18:54.966170,C-0792,customer,Support,financial,35,Critical,2.74,"{""metric_1"": 1, ""metric_2"": 77}",True
RSK-001632,2026-08-19T19:18:54.966170,C-1656,customer,Finance,customer,40,Critical,4.05,"{""metric_1"": 3, ""metric_2"": 27}",False
RSK-001633,2026-07-22T19:18:54.966170,S-014,supplier,IT,operational,78,Moderate,4.33,"{""metric_1"": 2, ""metric_2"": 31}",False
RSK-001634,2026-08-18T19:18:54.966170,S-025,supplier,Support,operational,57,Moderate,1.51,"{""metric_1"": 3, ""metric_2"": 22}",False
RSK-001635,2026-05-21T19:18:54.966170,C-2909,customer,Operations,financial,70,Moderate,2.82,"{""metric_1"": 9, ""metric_2"": 44}",False
RSK-001636,2026-05-25T19:18:54.966170,C-1574,customer,Operations,customer,22,Low,3.2,"{""metric_1"": 5, ""metric_2"": 74}",True
RSK-001637,2026-08-14T19:18:54.966170,SYS-047,system,IT,cyber,68,High,2.25,"{""metric_1"": 7, ""metric_2"": 55}",True
RSK-001638,2026-07-08T19:18:54.966170,S-048,supplier,Operations,operational,77,Low,4.39,"{""metric_1"": 6, ""metric_2"": 95}",False
RSK-001639,2026-07-31T19:18:54.966170,C-1541,customer,Support,customer,71,Low,2.17,"{""metric_1"": 1, ""metric_2"": 35}",False
RSK-001640,2026-08-20T19:18:54.966170,C-4095,customer,Support,customer,20,Critical,2.41,"{""metric_1"": 6, ""metric_2"": 84}",True
RSK-001641,2026-08-20T19:18:54.966170,SYS-048,system,IT,cyber,30,Critical,1.27,"{""metric_1"": 7, ""metric_2"": 82}",True
RSK-001642,2026-07-25T19:18:54.966170,SYS-032,system,Support,fraud,43,Moderate,2.06,"{""metric_1"": 8, ""metric_2"": 56}",True
RSK-001643,2026-06-05T19:18:54.966170,S-050,supplier,Finance,operational,79,Critical,1.99,"{""metric_1"": 9, ""metric_2"": 46}",False
RSK-001644,2026-07-02T19:18:54.966170,C-0494,customer,IT,financial,12,Critical,1.26,"{""metric_1"": 6, ""metric_2"": 33}",False
RSK-001645,2026-07-11T19:18:54.966170,SYS-025,system,Operations,cyber,48,High,1.01,"{""metric_1"": 1, ""metric_2"": 60}",True
RSK-001646,2026-08-05T19:18:54.966170,S-037,supplier,IT,operational,36,High,1.93,"{""metric_1"": 1, ""metric_2"": 55}",True
RSK-001647,2026-06-07T19:18:54.966170,SYS-082,system,Support,cyber,56,Low,2.24,"{""metric_1"": 3, ""metric_2"": 55}",True
RSK-001648,2026-07-29T19:18:54.966170,C-2378,customer,Operations,financial,88,High,1.84,"{""metric_1"": 2, ""metric_2"": 56}",True
RSK-001649,2026-07-05T19:18:54.966170,SYS-045,system,Operations,fraud,76,Moderate,3.41,"{""metric_1"": 8, ""metric_2"": 99}",True
RSK-001650,2026-08-09T19:18:54.966170,SYS-070,system,IT,fraud,59,Critical,4.42,"{""metric_1"": 1, ""metric_2"": 42}",False
RSK-001651,2026-07-13T19:18:54.966170,SYS-058,system,Operations,fraud,64,Low,4.32,"{""metric_1"": 1, ""metric_2"": 93}",False
RSK-001652,2026-08-21T19:18:54.966170,SYS-049,system,Finance,cyber,21,Critical,0.78,"{""metric_1"": 7, ""metric_2"": 98}",True
RSK-001653,2026-06-05T19:18:54.966170,SYS-058,system,Operations,fraud,52,Moderate,3.79,"{""metric_1"": 1, ""metric_2"": 99}",False
RSK-001654,2026-06-14T19:18:54.966170,C-3112,customer,Operations,customer,64,High,3.73,"{""metric_1"": 5, ""metric_2"": 80}",False
RSK-001655,2026-07-29T19:18:54.966170,C-0621,customer,IT,customer,11,High,4.89,"{""metric_1"": 7, ""metric_2"": 37}",False
RSK-001656,2026-07-15T19:18:54.966170,C-4027,customer,IT,financial,72,Moderate,1.54,"{""metric_1"": 2, ""metric_2"": 72}",True
RSK-001657,2026-07-18T19:18:54.966170,C-4889,customer,IT,financial,74,Moderate,1.26,"{""metric_1"": 6, ""metric_2"": 43}",False
RSK-001658,2026-07-22T19:18:54.966170,SYS-021,system,Finance,fraud,29,Low,1.37,"{""metric_1"": 7, ""metric_2"": 51}",True
RSK-001659,2026-06-26T19:18:54.966170,C-1644,customer,Finance,financial,65,Critical,0.38,"{""metric_1"": 5, ""metric_2"": 35}",True
RSK-001660,2026-07-13T19:18:54.966170,S-028,supplier,Finance,operational,84,High,0.59,"{""metric_1"": 8, ""metric_2"": 19}",False
RSK-001661,2026-08-19T19:18:54.966170,C-0442,customer,IT,customer,54,Critical,0.97,"{""metric_1"": 3, ""metric_2"": 96}",False
RSK-001662,2026-05-27T19:18:54.966170,SYS-055,system,Finance,fraud,70,Moderate,4.02,"{""metric_1"": 4, ""metric_2"": 39}",False
RSK-001663,2026-07-21T19:18:54.966170,SYS-045,system,Support,fraud,46,High,1.99,"{""metric_1"": 5, ""metric_2"": 11}",True
RSK-001664,2026-08-03T19:18:54.966170,SYS-046,system,IT,cyber,62,Moderate,0.12,"{""metric_1"": 4, ""metric_2"": 23}",False
RSK-001665,2026-08-12T19:18:54.966170,SYS-041,system,Support,fraud,54,Critical,0.49,"{""metric_1"": 7, ""metric_2"": 49}",False
RSK-001666,2026-08-05T19:18:54.966170,S-050,supplier,Finance,operational,27,Low,3.16,"{""metric_1"": 7, ""metric_2"": 77}",False
RSK-001667,2026-07-07T19:18:54.966170,SYS-087,system,Operations,cyber,26,Moderate,4.12,"{""metric_1"": 6, ""metric_2"": 22}",False
RSK-001668,2026-05-22T19:18:54.966170,C-0681,customer,IT,customer,22,Critical,3.48,"{""metric_1"": 4, ""metric_2"": 94}",True
RSK-001669,2026-05-18T19:18:54.966170,C-2632,customer,Operations,customer,27,Critical,4.69,"{""metric_1"": 5, ""metric_2"": 17}",True
RSK-001670,2026-07-14T19:18:54.966170,C-0418,customer,IT,customer,23,Moderate,2.28,"{""metric_1"": 8, ""metric_2"": 91}",False
RSK-001671,2026-08-07T19:18:54.966170,S-043,supplier,Support,operational,15,Critical,3.28,"{""metric_1"": 7, ""metric_2"": 43}",False
RSK-001672,2026-07-19T19:18:54.966170,SYS-099,system,Operations,fraud,39,Low,0.69,"{""metric_1"": 8, ""metric_2"": 96}",True
RSK-001673,2026-06-21T19:18:54.966170,SYS-093,system,IT,cyber,78,Low,0.19,"{""metric_1"": 7, ""metric_2"": 24}",False
RSK-001674,2026-07-12T19:18:54.966170,S-018,supplier,Operations,operational,19,Critical,3.24,"{""metric_1"": 8, ""metric_2"": 55}",False
RSK-001675,2026-05-23T19:18:54.966170,S-019,supplier,Operations,operational,24,Critical,2.19,"{""metric_1"": 4, ""metric_2"": 15}",True
RSK-001676,2026-07-25T19:18:54.966170,SYS-014,system,IT,fraud,32,Moderate,2.33,"{""metric_1"": 8, ""metric_2"": 27}",False
RSK-001677,2026-08-03T19:18:54.966170,SYS-030,system,Operations,fraud,65,High,4.38,"{""metric_1"": 1, ""metric_2"": 62}",True
RSK-001678,2026-06-24T19:18:54.966170,C-4838,customer,Operations,customer,47,High,1.76,"{""metric_1"": 4, ""metric_2"": 70}",False
RSK-001679,2026-05-19T19:18:54.966170,SYS-076,system,IT,cyber,13,Low,4.67,"{""metric_1"": 9, ""metric_2"": 12}",False
RSK-001680,2026-05-24T19:18:54.966170,S-010,supplier,IT,operational,36,Critical,0.26,"{""metric_1"": 1, ""metric_2"": 42}",False
RSK-001681,2026-05-25T19:18:54.966170,C-2897,customer,Finance,financial,79,Critical,4.68,"{""metric_1"": 2, ""metric_2"": 91}",True
RSK-001682,2026-08-10T19:18:54.966170,SYS-065,system,Support,cyber,39,Critical,2.41,"{""metric_1"": 5, ""metric_2"": 36}",False
RSK-001683,2026-08-07T19:18:54.966170,C-3865,customer,Support,customer,34,Critical,2.78,"{""metric_1"": 1, ""metric_2"": 85}",True
RSK-001684,2026-07-23T19:18:54.966170,SYS-035,system,IT,fraud,84,Low,1.49,"{""metric_1"": 4, ""metric_2"": 26}",False
RSK-001685,2026-05-30T19:18:54.966170,S-037,supplier,IT,operational,40,Critical,2.1,"{""metric_1"": 3, ""metric_2"": 43}",True
RSK-001686,2026-07-21T19:18:54.966170,SYS-065,system,Support,fraud,89,High,4.2,"{""metric_1"": 3, ""metric_2"": 64}",False
RSK-001687,2026-08-08T19:18:54.966170,SYS-015,system,IT,fraud,43,Low,0.84,"{""metric_1"": 7, ""metric_2"": 45}",False
RSK-001688,2026-08-05T19:18:54.966170,SYS-058,system,IT,cyber,48,Moderate,1.33,"{""metric_1"": 5, ""metric_2"": 45}",False
RSK-001689,2026-06-04T19:18:54.966170,S-020,supplier,IT,operational,10,High,3.73,"{""metric_1"": 8, ""metric_2"": 91}",True
RSK-001690,2026-07-15T19:18:54.966170,C-4551,customer,Operations,customer,67,Moderate,2.42,"{""metric_1"": 9, ""metric_2"": 82}",False
RSK-001691,2026-05-25T19:18:54.966170,C-0709,customer,Operations,customer,65,High,0.83,"{""metric_1"": 4, ""metric_2"": 10}",True
RSK-001692,2026-07-27T19:18:54.966170,SYS-084,system,Support,fraud,54,Moderate,2.97,"{""metric_1"": 8, ""metric_2"": 15}",True
RSK-001693,2026-08-15T19:18:54.966170,SYS-043,system,Finance,fraud,37,Moderate,0.17,"{""metric_1"": 7, ""metric_2"": 53}",True
RSK-001694,2026-06-30T19:18:54.966170,SYS-086,system,Operations,cyber,22,High,1.98,"{""metric_1"": 6, ""metric_2"": 19}",True
RSK-001695,2026-07-13T19:18:54.966170,C-1500,customer,Support,financial,86,High,2.02,"{""metric_1"": 3, ""metric_2"": 42}",True
RSK-001696,2026-06-14T19:18:54.966170,C-2162,customer,Finance,customer,48,High,1.18,"{""metric_1"": 7, ""metric_2"": 60}",True
RSK-001697,2026-07-08T19:18:54.966170,C-3684,customer,IT,financial,29,Low,4.45,"{""metric_1"": 3, ""metric_2"": 13}",True
RSK-001698,2026-08-03T19:18:54.966170,SYS-064,system,Operations,fraud,91,Critical,3.54,"{""metric_1"": 8, ""metric_2"": 17}",True
RSK-001699,2026-08-15T19:18:54.966170,C-2836,customer,Operations,customer,40,Critical,4.76,"{""metric_1"": 5, ""metric_2"": 65}",False
RSK-001700,2026-07-27T19:18:54.966170,C-4080,customer,Finance,financial,66,Moderate,2.96,"{""metric_1"": 4, ""metric_2"": 79}",False
RSK-001701,2026-07-08T19:18:54.966170,C-0132,customer,Finance,financial,55,Moderate,1.56,"{""metric_1"": 5, ""metric_2"": 44}",False
RSK-001702,2026-07-27T19:18:54.966170,S-048,supplier,IT,operational,61,Critical,3.92,"{""metric_1"": 5, ""metric_2"": 79}",False
RSK-001703,2026-08-18T19:18:54.966170,SYS-078,system,Support,cyber,54,Critical,1.33,"{""metric_1"": 3, ""metric_2"": 64}",False
RSK-001704,2026-07-27T19:18:54.966170,SYS-084,system,Support,cyber,42,Critical,1.95,"{""metric_1"": 5, ""metric_2"": 51}",False
RSK-001705,2026-05-15T19:18:54.966170,C-3780,customer,Operations,customer,43,Moderate,1.49,"{""metric_1"": 3, ""metric_2"": 86}",True
RSK-001706,2026-06-15T19:18:54.966170,SYS-011,system,Support,cyber,14,Moderate,4.8,"{""metric_1"": 9, ""metric_2"": 70}",False
RSK-001707,2026-07-05T19:18:54.966170,S-034,supplier,Support,operational,17,High,4.13,"{""metric_1"": 6, ""metric_2"": 80}",False
RSK-001708,2026-07-12T19:18:54.966170,SYS-038,system,Support,cyber,34,Low,1.72,"{""metric_1"": 9, ""metric_2"": 84}",False
RSK-001709,2026-08-04T19:18:54.966170,C-3674,customer,Support,customer,46,Moderate,4.42,"{""metric_1"": 1, ""metric_2"": 37}",True
RSK-001710,2026-05-25T19:18:54.966170,C-1647,customer,Support,customer,36,High,2.58,"{""metric_1"": 3, ""metric_2"": 32}",False
RSK-001711,2026-07-15T19:18:54.966170,S-039,supplier,Finance,operational,32,Low,0.28,"{""metric_1"": 5, ""metric_2"": 19}",True
RSK-001712,2026-08-13T19:18:54.966170,SYS-042,system,Operations,cyber,51,Low,1.07,"{""metric_1"": 4, ""metric_2"": 62}",False
RSK-001713,2026-07-28T19:18:54.966170,SYS-039,system,Finance,fraud,89,Low,0.62,"{""metric_1"": 9, ""metric_2"": 67}",False
RSK-001714,2026-08-19T19:18:54.966170,C-2335,customer,Support,financial,97,Moderate,2.89,"{""metric_1"": 6, ""metric_2"": 55}",True
RSK-001715,2026-06-14T19:18:54.966170,C-3289,customer,IT,customer,46,High,0.39,"{""metric_1"": 1, ""metric_2"": 74}",False
RSK-001716,2026-06-09T19:18:54.966170,S-010,supplier,Support,operational,91,Critical,0.16,"{""metric_1"": 4, ""metric_2"": 69}",True
RSK-001717,2026-06-24T19:18:54.966170,C-0696,customer,Support,customer,87,Moderate,3.83,"{""metric_1"": 9, ""metric_2"": 67}",True
RSK-001718,2026-08-20T19:18:54.966170,SYS-067,system,Finance,cyber,20,Moderate,2.72,"{""metric_1"": 5, ""metric_2"": 73}",False
RSK-001719,2026-07-01T19:18:54.966170,C-3287,customer,Finance,customer,99,Low,2.19,"{""metric_1"": 9, ""metric_2"": 47}",True
RSK-001720,2026-07-28T19:18:54.966170,S-020,supplier,IT,operational,47,High,1.17,"{""metric_1"": 9, ""metric_2"": 25}",True
RSK-001721,2026-08-18T19:18:54.966170,SYS-017,system,Finance,cyber,11,Critical,2.85,"{""metric_1"": 4, ""metric_2"": 75}",True
RSK-001722,2026-08-13T19:18:54.966170,C-0374,customer,IT,financial,89,Low,1.73,"{""metric_1"": 7, ""metric_2"": 93}",True
RSK-001723,2026-07-18T19:18:54.966170,C-2533,customer,Operations,customer,79,Moderate,2.5,"{""metric_1"": 6, ""metric_2"": 47}",True
RSK-001724,2026-08-19T19:18:54.966170,SYS-020,system,IT,fraud,73,High,2.26,"{""metric_1"": 7, ""metric_2"": 80}",False
RSK-001725,2026-06-30T19:18:54.966170,C-2917,customer,IT,customer,88,Critical,4.81,"{""metric_1"": 1, ""metric_2"": 33}",True
RSK-001726,2026-08-11T19:18:54.966170,C-4050,customer,IT,customer,87,Critical,0.5,"{""metric_1"": 2, ""metric_2"": 47}",False
RSK-001727,2026-08-08T19:18:54.966170,SYS-030,system,Operations,fraud,93,Low,4.13,"{""metric_1"": 2, ""metric_2"": 57}",True
RSK-001728,2026-07-14T19:18:54.966170,S-003,supplier,Operations,operational,14,Critical,3.0,"{""metric_1"": 8, ""metric_2"": 90}",True
RSK-001729,2026-07-23T19:18:54.966170,SYS-037,system,Operations,fraud,48,Moderate,3.57,"{""metric_1"": 9, ""metric_2"": 75}",False
RSK-001730,2026-08-20T19:18:54.966170,C-2547,customer,Support,customer,87,High,0.91,"{""metric_1"": 2, ""metric_2"": 85}",False
RSK-001731,2026-07-03T19:18:54.966170,S-017,supplier,Support,operational,27,High,1.92,"{""metric_1"": 2, ""metric_2"": 88}",False
RSK-001732,2026-06-03T19:18:54.966170,C-1404,customer,Support,customer,29,Low,3.26,"{""metric_1"": 2, ""metric_2"": 67}",True
RSK-001733,2026-07-10T19:18:54.966170,C-2912,customer,Finance,financial,28,Critical,1.11,"{""metric_1"": 6, ""metric_2"": 16}",True
RSK-001734,2026-08-02T19:18:54.966170,SYS-003,system,Operations,fraud,65,Critical,4.97,"{""metric_1"": 7, ""metric_2"": 43}",False
RSK-001735,2026-07-27T19:18:54.966170,C-3882,customer,Finance,customer,37,Critical,3.1,"{""metric_1"": 3, ""metric_2"": 70}",False
RSK-001736,2026-06-20T19:18:54.966170,C-2863,customer,IT,financial,72,Low,1.53,"{""metric_1"": 6, ""metric_2"": 49}",False
RSK-001737,2026-06-29T19:18:54.966170,SYS-086,system,Finance,fraud,48,Low,4.94,"{""metric_1"": 8, ""metric_2"": 15}",True
RSK-001738,2026-08-07T19:18:54.966170,SYS-033,system,Finance,fraud,10,High,2.88,"{""metric_1"": 1, ""metric_2"": 72}",False
RSK-001739,2026-07-17T19:18:54.966170,C-1363,customer,Finance,financial,29,Low,0.44,"{""metric_1"": 2, ""metric_2"": 80}",False
RSK-001740,2026-08-21T19:18:54.966170,SYS-021,system,Support,fraud,60,Low,1.22,"{""metric_1"": 6, ""metric_2"": 65}",True
RSK-001741,2026-05-26T19:18:54.966170,SYS-012,system,Support,cyber,52,High,2.53,"{""metric_1"": 2, ""metric_2"": 88}",False
RSK-001742,2026-07-17T19:18:54.966170,SYS-010,system,Support,cyber,72,Critical,0.55,"{""metric_1"": 4, ""metric_2"": 22}",False
RSK-001743,2026-07-01T19:18:54.966170,C-3461,customer,Finance,customer,18,Moderate,1.38,"{""metric_1"": 7, ""metric_2"": 48}",True
RSK-001744,2026-06-08T19:18:54.966170,C-2137,customer,Finance,financial,26,High,3.58,"{""metric_1"": 2, ""metric_2"": 30}",True
RSK-001745,2026-07-13T19:18:54.966170,SYS-028,system,Operations,fraud,74,Critical,0.41,"{""metric_1"": 1, ""metric_2"": 57}",False
RSK-001746,2026-06-06T19:18:54.966170,SYS-080,system,Operations,cyber,98,Critical,0.68,"{""metric_1"": 9, ""metric_2"": 69}",True
RSK-001747,2026-07-05T19:18:54.966170,S-050,supplier,IT,operational,50,Critical,2.09,"{""metric_1"": 3, ""metric_2"": 99}",True
RSK-001748,2026-05-15T19:18:54.966170,S-038,supplier,Finance,operational,94,Moderate,2.77,"{""metric_1"": 2, ""metric_2"": 23}",True
RSK-001749,2026-08-11T19:18:54.966170,C-4877,customer,IT,customer,50,Low,3.51,"{""metric_1"": 9, ""metric_2"": 91}",False
RSK-001750,2026-06-21T19:18:54.966170,SYS-053,system,Finance,cyber,65,Critical,4.61,"{""metric_1"": 2, ""metric_2"": 14}",True
RSK-001751,2026-06-18T19:18:54.966170,C-3083,customer,Finance,customer,25,Critical,4.98,"{""metric_1"": 5, ""metric_2"": 13}",True
RSK-001752,2026-07-08T19:18:54.966170,S-020,supplier,IT,operational,30,Moderate,2.72,"{""metric_1"": 3, ""metric_2"": 66}",False
RSK-001753,2026-07-31T19:18:54.966170,C-2467,customer,Operations,financial,99,High,1.07,"{""metric_1"": 1, ""metric_2"": 26}",True
RSK-001754,2026-07-03T19:18:54.966170,C-4834,customer,Support,customer,85,Low,1.08,"{""metric_1"": 8, ""metric_2"": 71}",True
RSK-001755,2026-05-28T19:18:54.966170,C-0010,customer,Finance,financial,95,Critical,3.89,"{""metric_1"": 4, ""metric_2"": 80}",True
RSK-001756,2026-08-20T19:18:54.966170,C-4836,customer,Support,customer,22,Moderate,1.06,"{""metric_1"": 6, ""metric_2"": 86}",False
RSK-001757,2026-05-21T19:18:54.966170,S-027,supplier,Finance,operational,56,Moderate,1.81,"{""metric_1"": 8, ""metric_2"": 29}",False
RSK-001758,2026-05-24T19:18:54.966170,SYS-011,system,IT,fraud,72,Low,0.59,"{""metric_1"": 1, ""metric_2"": 85}",True
RSK-001759,2026-08-05T19:18:54.966170,S-015,supplier,Support,operational,89,Low,1.14,"{""metric_1"": 2, ""metric_2"": 75}",True
RSK-001760,2026-06-09T19:18:54.966170,C-3254,customer,Finance,customer,42,Critical,4.56,"{""metric_1"": 1, ""metric_2"": 60}",False
RSK-001761,2026-07-05T19:18:54.966170,C-0747,customer,Operations,financial,79,High,2.89,"{""metric_1"": 3, ""metric_2"": 96}",False
RSK-001762,2026-05-30T19:18:54.966170,S-038,supplier,IT,operational,83,Moderate,0.37,"{""metric_1"": 5, ""metric_2"": 40}",False
RSK-001763,2026-07-10T19:18:54.966170,S-015,supplier,Support,operational,87,Low,2.73,"{""metric_1"": 1, ""metric_2"": 86}",True
RSK-001764,2026-07-22T19:18:54.966170,SYS-023,system,Support,fraud,87,Low,3.27,"{""metric_1"": 1, ""metric_2"": 41}",False
RSK-001765,2026-06-10T19:18:54.966170,SYS-031,system,Finance,cyber,76,Low,0.38,"{""metric_1"": 6, ""metric_2"": 72}",False
RSK-001766,2026-06-15T19:18:54.966170,C-1793,customer,IT,financial,71,High,3.62,"{""metric_1"": 7, ""metric_2"": 52}",True
RSK-001767,2026-05-27T19:18:54.966170,S-024,supplier,Support,operational,88,Moderate,4.95,"{""metric_1"": 4, ""metric_2"": 50}",False
RSK-001768,2026-05-20T19:18:54.966170,SYS-068,system,Support,cyber,43,Low,3.08,"{""metric_1"": 3, ""metric_2"": 63}",False
RSK-001769,2026-06-21T19:18:54.966170,C-0506,customer,Finance,customer,45,Critical,4.73,"{""metric_1"": 8, ""metric_2"": 21}",True
RSK-001770,2026-05-27T19:18:54.966170,S-020,supplier,Operations,operational,18,Moderate,1.35,"{""metric_1"": 6, ""metric_2"": 66}",False
RSK-001771,2026-05-19T19:18:54.966170,SYS-003,system,IT,cyber,45,Low,0.14,"{""metric_1"": 7, ""metric_2"": 73}",True
RSK-001772,2026-06-20T19:18:54.966170,S-003,supplier,Support,operational,19,High,3.56,"{""metric_1"": 2, ""metric_2"": 39}",True
RSK-001773,2026-06-16T19:18:54.966170,C-1652,customer,Operations,financial,15,High,2.66,"{""metric_1"": 9, ""metric_2"": 78}",True
RSK-001774,2026-08-19T19:18:54.966170,SYS-042,system,Operations,cyber,29,High,4.28,"{""metric_1"": 1, ""metric_2"": 42}",True
RSK-001775,2026-08-03T19:18:54.966170,S-027,supplier,Finance,operational,97,High,2.58,"{""metric_1"": 9, ""metric_2"": 80}",False
RSK-001776,2026-08-15T19:18:54.966170,SYS-009,system,Operations,fraud,82,Critical,0.59,"{""metric_1"": 3, ""metric_2"": 30}",True
RSK-001777,2026-05-24T19:18:54.966170,SYS-037,system,Operations,cyber,95,Moderate,1.41,"{""metric_1"": 1, ""metric_2"": 67}",True
RSK-001778,2026-08-14T19:18:54.966170,C-1167,customer,IT,customer,66,Critical,4.1,"{""metric_1"": 7, ""metric_2"": 33}",False
RSK-001779,2026-07-29T19:18:54.966170,SYS-067,system,IT,cyber,84,High,0.7,"{""metric_1"": 8, ""metric_2"": 50}",False
RSK-001780,2026-06-29T19:18:54.966170,SYS-056,system,IT,cyber,16,Moderate,1.65,"{""metric_1"": 1, ""metric_2"": 34}",True
RSK-001781,2026-07-14T19:18:54.966170,S-019,supplier,Finance,operational,25,Low,3.71,"{""metric_1"": 2, ""metric_2"": 60}",True
RSK-001782,2026-08-16T19:18:54.966170,SYS-054,system,Support,cyber,33,Low,0.24,"{""metric_1"": 6, ""metric_2"": 90}",False
RSK-001783,2026-06-09T19:18:54.966170,S-014,supplier,Finance,operational,65,High,4.15,"{""metric_1"": 6, ""metric_2"": 90}",True
RSK-001784,2026-06-09T19:18:54.966170,C-2947,customer,IT,financial,10,Moderate,3.13,"{""metric_1"": 4, ""metric_2"": 94}",False
RSK-001785,2026-06-13T19:18:54.966170,C-4927,customer,IT,financial,41,Low,1.92,"{""metric_1"": 9, ""metric_2"": 54}",False
RSK-001786,2026-08-18T19:18:54.966170,C-4640,customer,Operations,customer,92,Critical,4.07,"{""metric_1"": 9, ""metric_2"": 40}",True
RSK-001787,2026-05-25T19:18:54.966170,C-3733,customer,Support,customer,54,Low,4.78,"{""metric_1"": 9, ""metric_2"": 62}",True
RSK-001788,2026-05-30T19:18:54.966170,C-1765,customer,Support,financial,26,High,1.03,"{""metric_1"": 5, ""metric_2"": 96}",False
RSK-001789,2026-05-28T19:18:54.966170,SYS-085,system,Support,fraud,22,Critical,2.36,"{""metric_1"": 8, ""metric_2"": 25}",False
RSK-001790,2026-06-11T19:18:54.966170,C-0361,customer,Operations,financial,26,High,2.63,"{""metric_1"": 5, ""metric_2"": 55}",False
RSK-001791,2026-06-19T19:18:54.966170,SYS-067,system,IT,fraud,61,Low,1.38,"{""metric_1"": 5, ""metric_2"": 36}",False
RSK-001792,2026-07-17T19:18:54.966170,C-3105,customer,Operations,customer,86,Critical,4.5,"{""metric_1"": 2, ""metric_2"": 96}",True
RSK-001793,2026-05-25T19:18:54.966170,C-2308,customer,Finance,financial,34,Moderate,2.42,"{""metric_1"": 2, ""metric_2"": 22}",False
RSK-001794,2026-08-11T19:18:54.966170,C-2250,customer,Support,customer,18,Moderate,4.9,"{""metric_1"": 5, ""metric_2"": 25}",False
RSK-001795,2026-08-14T19:18:54.966170,SYS-010,system,Finance,fraud,57,High,2.53,"{""metric_1"": 5, ""metric_2"": 12}",True
RSK-001796,2026-05-19T19:18:54.966170,SYS-097,system,Finance,cyber,99,Low,4.58,"{""metric_1"": 4, ""metric_2"": 63}",False
RSK-001797,2026-05-26T19:18:54.966170,C-4166,customer,Support,financial,23,High,1.94,"{""metric_1"": 7, ""metric_2"": 88}",True
RSK-001798,2026-08-18T19:18:54.966170,C-4227,customer,IT,customer,66,Low,1.01,"{""metric_1"": 8, ""metric_2"": 31}",True
RSK-001799,2026-05-15T19:18:54.966170,SYS-093,system,Support,cyber,10,High,4.8,"{""metric_1"": 3, ""metric_2"": 81}",False
RSK-001800,2026-06-16T19:18:54.966170,C-4040,customer,IT,customer,82,Critical,2.47,"{""metric_1"": 1, ""metric_2"": 75}",True
RSK-001801,2026-08-12T19:18:54.966170,C-2309,customer,Finance,financial,59,High,0.97,"{""metric_1"": 1, ""metric_2"": 35}",False
RSK-001802,2026-08-09T19:18:54.966170,S-021,supplier,Operations,operational,72,High,1.46,"{""metric_1"": 4, ""metric_2"": 91}",True
RSK-001803,2026-05-27T19:18:54.966170,S-043,supplier,Finance,operational,58,Moderate,0.89,"{""metric_1"": 5, ""metric_2"": 76}",False
RSK-001804,2026-07-07T19:18:54.966170,C-2946,customer,Finance,financial,71,Critical,4.3,"{""metric_1"": 4, ""metric_2"": 73}",False
RSK-001805,2026-05-26T19:18:54.966170,S-038,supplier,Support,operational,74,Low,1.73,"{""metric_1"": 2, ""metric_2"": 58}",False
RSK-001806,2026-07-13T19:18:54.966170,C-1456,customer,Operations,customer,48,High,3.39,"{""metric_1"": 9, ""metric_2"": 79}",True
RSK-001807,2026-08-12T19:18:54.966170,C-0480,customer,Finance,financial,53,Low,3.7,"{""metric_1"": 2, ""metric_2"": 51}",True
RSK-001808,2026-06-04T19:18:54.966170,C-0620,customer,Finance,financial,31,Moderate,1.75,"{""metric_1"": 2, ""metric_2"": 23}",True
RSK-001809,2026-07-25T19:18:54.966170,SYS-038,system,Finance,cyber,94,Critical,4.65,"{""metric_1"": 3, ""metric_2"": 82}",False
RSK-001810,2026-06-23T19:18:54.966170,SYS-095,system,Operations,cyber,95,High,2.53,"{""metric_1"": 5, ""metric_2"": 74}",False
RSK-001811,2026-06-04T19:18:54.966170,S-039,supplier,Operations,operational,80,Low,3.12,"{""metric_1"": 2, ""metric_2"": 10}",False
RSK-001812,2026-07-23T19:18:54.966170,SYS-033,system,IT,fraud,86,Critical,4.94,"{""metric_1"": 4, ""metric_2"": 16}",True
RSK-001813,2026-08-15T19:18:54.966170,SYS-059,system,Support,cyber,83,Moderate,4.25,"{""metric_1"": 1, ""metric_2"": 36}",True
RSK-001814,2026-07-26T19:18:54.966170,C-4862,customer,Operations,financial,71,High,4.92,"{""metric_1"": 1, ""metric_2"": 94}",True
RSK-001815,2026-08-17T19:18:54.966170,SYS-068,system,Operations,cyber,29,Moderate,2.84,"{""metric_1"": 7, ""metric_2"": 30}",True
RSK-001816,2026-05-24T19:18:54.966170,C-4133,customer,Operations,financial,10,High,4.9,"{""metric_1"": 9, ""metric_2"": 79}",True
RSK-001817,2026-08-13T19:18:54.966170,C-2215,customer,IT,financial,30,High,0.4,"{""metric_1"": 7, ""metric_2"": 35}",True
RSK-001818,2026-06-25T19:18:54.966170,SYS-032,system,Support,fraud,38,Low,1.29,"{""metric_1"": 8, ""metric_2"": 98}",False
RSK-001819,2026-07-06T19:18:54.966170,SYS-078,system,Support,cyber,47,High,2.13,"{""metric_1"": 5, ""metric_2"": 67}",True
RSK-001820,2026-05-28T19:18:54.966170,SYS-051,system,Finance,fraud,97,Critical,2.36,"{""metric_1"": 8, ""metric_2"": 40}",True
RSK-001821,2026-08-14T19:18:54.966170,C-2562,customer,Operations,financial,90,High,2.34,"{""metric_1"": 5, ""metric_2"": 95}",True
RSK-001822,2026-05-20T19:18:54.966170,S-020,supplier,IT,operational,79,Low,2.19,"{""metric_1"": 5, ""metric_2"": 79}",True
RSK-001823,2026-06-20T19:18:54.966170,SYS-021,system,Operations,fraud,24,Critical,2.61,"{""metric_1"": 6, ""metric_2"": 77}",False
RSK-001824,2026-05-31T19:18:54.966170,SYS-054,system,Support,fraud,61,Low,2.05,"{""metric_1"": 9, ""metric_2"": 28}",False
RSK-001825,2026-08-21T19:18:54.966170,C-2090,customer,Finance,customer,45,High,0.3,"{""metric_1"": 9, ""metric_2"": 60}",False
RSK-001826,2026-08-07T19:18:54.966170,S-004,supplier,Support,operational,89,Critical,2.26,"{""metric_1"": 3, ""metric_2"": 31}",False
RSK-001827,2026-07-31T19:18:54.966170,C-2303,customer,Operations,customer,33,High,3.86,"{""metric_1"": 7, ""metric_2"": 28}",True
RSK-001828,2026-05-31T19:18:54.966170,SYS-035,system,Support,cyber,61,Critical,2.5,"{""metric_1"": 4, ""metric_2"": 68}",True
RSK-001829,2026-07-31T19:18:54.966170,C-2294,customer,Finance,customer,33,High,2.81,"{""metric_1"": 9, ""metric_2"": 99}",False
RSK-001830,2026-07-09T19:18:54.966170,C-3620,customer,Operations,customer,18,Critical,4.09,"{""metric_1"": 3, ""metric_2"": 59}",False
RSK-001831,2026-07-06T19:18:54.966170,SYS-057,system,Operations,cyber,89,Moderate,0.23,"{""metric_1"": 1, ""metric_2"": 86}",False
RSK-001832,2026-07-16T19:18:54.966170,SYS-080,system,Operations,fraud,98,High,1.39,"{""metric_1"": 2, ""metric_2"": 48}",True
RSK-001833,2026-07-30T19:18:54.966170,S-002,supplier,Operations,operational,30,Critical,0.18,"{""metric_1"": 1, ""metric_2"": 55}",False
RSK-001834,2026-07-24T19:18:54.966170,C-0530,customer,Finance,customer,20,Moderate,1.65,"{""metric_1"": 2, ""metric_2"": 97}",True
RSK-001835,2026-06-19T19:18:54.966170,SYS-034,system,Finance,cyber,47,High,0.35,"{""metric_1"": 2, ""metric_2"": 52}",False
RSK-001836,2026-07-27T19:18:54.966170,S-048,supplier,IT,operational,86,Critical,2.75,"{""metric_1"": 7, ""metric_2"": 25}",False
RSK-001837,2026-06-11T19:18:54.966170,C-0249,customer,Support,customer,52,High,2.09,"{""metric_1"": 5, ""metric_2"": 69}",True
RSK-001838,2026-07-27T19:18:54.966170,C-2362,customer,Support,financial,31,Moderate,4.33,"{""metric_1"": 4, ""metric_2"": 34}",True
RSK-001839,2026-06-03T19:18:54.966170,C-3960,customer,Finance,customer,33,High,4.03,"{""metric_1"": 6, ""metric_2"": 70}",True
RSK-001840,2026-07-26T19:18:54.966170,S-040,supplier,Support,operational,17,High,0.93,"{""metric_1"": 6, ""metric_2"": 31}",True
RSK-001841,2026-06-01T19:18:54.966170,SYS-052,system,Operations,fraud,58,Moderate,1.12,"{""metric_1"": 4, ""metric_2"": 25}",False
RSK-001842,2026-05-23T19:18:54.966170,S-002,supplier,Operations,operational,48,High,4.07,"{""metric_1"": 1, ""metric_2"": 13}",True
RSK-001843,2026-07-10T19:18:54.966170,SYS-048,system,Finance,cyber,28,Low,2.52,"{""metric_1"": 9, ""metric_2"": 74}",False
RSK-001844,2026-07-23T19:18:54.966170,C-3510,customer,Support,customer,91,High,2.84,"{""metric_1"": 6, ""metric_2"": 71}",True
RSK-001845,2026-06-17T19:18:54.966170,C-0283,customer,Support,financial,54,Moderate,3.4,"{""metric_1"": 6, ""metric_2"": 86}",True
RSK-001846,2026-07-02T19:18:54.966170,SYS-087,system,Operations,fraud,20,Moderate,1.12,"{""metric_1"": 8, ""metric_2"": 95}",False
RSK-001847,2026-08-14T19:18:54.966170,SYS-024,system,Finance,fraud,54,Moderate,4.94,"{""metric_1"": 6, ""metric_2"": 52}",False
RSK-001848,2026-08-06T19:18:54.966170,SYS-004,system,IT,fraud,55,High,2.44,"{""metric_1"": 5, ""metric_2"": 13}",False
RSK-001849,2026-08-07T19:18:54.966170,C-3670,customer,Operations,customer,65,Moderate,2.1,"{""metric_1"": 6, ""metric_2"": 87}",False
RSK-001850,2026-08-01T19:18:54.966170,SYS-065,system,Operations,cyber,46,Critical,0.67,"{""metric_1"": 7, ""metric_2"": 88}",False
RSK-001851,2026-07-17T19:18:54.966170,S-038,supplier,IT,operational,14,Moderate,0.6,"{""metric_1"": 7, ""metric_2"": 40}",False
RSK-001852,2026-05-17T19:18:54.966170,SYS-067,system,Operations,fraud,13,Critical,3.45,"{""metric_1"": 1, ""metric_2"": 72}",True
RSK-001853,2026-06-17T19:18:54.966170,S-005,supplier,Operations,operational,25,High,3.35,"{""metric_1"": 7, ""metric_2"": 12}",True
RSK-001854,2026-08-05T19:18:54.966170,SYS-055,system,Finance,fraud,86,High,0.16,"{""metric_1"": 4, ""metric_2"": 31}",True
RSK-001855,2026-05-23T19:18:54.966170,S-016,supplier,Operations,operational,40,Critical,1.62,"{""metric_1"": 3, ""metric_2"": 88}",True
RSK-001856,2026-08-20T19:18:54.966170,C-4579,customer,Support,customer,37,Critical,2.58,"{""metric_1"": 3, ""metric_2"": 92}",False
RSK-001857,2026-06-17T19:18:54.966170,C-4832,customer,Operations,customer,20,High,3.11,"{""metric_1"": 5, ""metric_2"": 54}",False
RSK-001858,2026-08-01T19:18:54.966170,SYS-033,system,Finance,cyber,31,High,2.98,"{""metric_1"": 9, ""metric_2"": 98}",True
RSK-001859,2026-06-24T19:18:54.966170,C-4368,customer,Finance,customer,46,Low,4.77,"{""metric_1"": 9, ""metric_2"": 16}",False
RSK-001860,2026-07-09T19:18:54.966170,SYS-033,system,Operations,cyber,37,Low,4.98,"{""metric_1"": 8, ""metric_2"": 12}",False
RSK-001861,2026-06-17T19:18:54.966170,C-0108,customer,Operations,financial,77,Critical,4.28,"{""metric_1"": 3, ""metric_2"": 71}",True
RSK-001862,2026-05-15T19:18:54.966170,SYS-037,system,IT,cyber,39,Low,2.64,"{""metric_1"": 6, ""metric_2"": 11}",True
RSK-001863,2026-07-22T19:18:54.966170,SYS-008,system,Operations,cyber,45,Critical,2.67,"{""metric_1"": 8, ""metric_2"": 99}",False
RSK-001864,2026-06-29T19:18:54.966170,SYS-098,system,Finance,fraud,52,Low,3.0,"{""metric_1"": 3, ""metric_2"": 78}",False
RSK-001865,2026-07-17T19:18:54.966170,C-3582,customer,IT,financial,19,High,1.75,"{""metric_1"": 5, ""metric_2"": 22}",True
RSK-001866,2026-07-21T19:18:54.966170,SYS-083,system,IT,cyber,24,High,1.5,"{""metric_1"": 6, ""metric_2"": 81}",False
RSK-001867,2026-05-21T19:18:54.966170,C-0626,customer,Finance,financial,19,Moderate,2.08,"{""metric_1"": 4, ""metric_2"": 57}",True
RSK-001868,2026-08-12T19:18:54.966170,SYS-015,system,Operations,cyber,93,Moderate,3.46,"{""metric_1"": 8, ""metric_2"": 23}",False
RSK-001869,2026-05-26T19:18:54.966170,S-010,supplier,Support,operational,79,Critical,4.33,"{""metric_1"": 3, ""metric_2"": 43}",False
RSK-001870,2026-05-24T19:18:54.966170,C-4087,customer,IT,financial,63,Low,4.68,"{""metric_1"": 2, ""metric_2"": 36}",True
RSK-001871,2026-08-11T19:18:54.966170,C-1448,customer,IT,financial,38,Critical,3.85,"{""metric_1"": 4, ""metric_2"": 51}",False
RSK-001872,2026-08-10T19:18:54.966170,C-4613,customer,Support,customer,84,Low,3.75,"{""metric_1"": 4, ""metric_2"": 92}",False
RSK-001873,2026-07-13T19:18:54.966170,SYS-091,system,Finance,cyber,62,High,3.83,"{""metric_1"": 5, ""metric_2"": 95}",False
RSK-001874,2026-07-25T19:18:54.966170,C-3235,customer,Support,financial,18,Low,2.28,"{""metric_1"": 6, ""metric_2"": 20}",False
RSK-001875,2026-06-17T19:18:54.966170,C-3637,customer,Finance,customer,86,Moderate,3.15,"{""metric_1"": 9, ""metric_2"": 15}",True
RSK-001876,2026-07-23T19:18:54.966170,SYS-079,system,Operations,fraud,79,Low,1.23,"{""metric_1"": 9, ""metric_2"": 65}",False
RSK-001877,2026-08-20T19:18:54.966170,S-005,supplier,Support,operational,31,Low,4.17,"{""metric_1"": 1, ""metric_2"": 25}",False
RSK-001878,2026-07-10T19:18:54.966170,C-3814,customer,Finance,customer,19,Low,2.91,"{""metric_1"": 2, ""metric_2"": 10}",True
RSK-001879,2026-08-20T19:18:54.966170,SYS-014,system,Operations,fraud,47,High,2.03,"{""metric_1"": 8, ""metric_2"": 29}",True
RSK-001880,2026-06-21T19:18:54.966170,S-020,supplier,IT,operational,96,Critical,1.53,"{""metric_1"": 2, ""metric_2"": 72}",False
RSK-001881,2026-08-15T19:18:54.966170,SYS-011,system,Support,fraud,62,High,1.62,"{""metric_1"": 3, ""metric_2"": 11}",True
RSK-001882,2026-08-04T19:18:54.966170,C-0131,customer,IT,financial,88,Low,1.85,"{""metric_1"": 6, ""metric_2"": 59}",True
RSK-001883,2026-06-27T19:18:54.966170,S-043,supplier,Finance,operational,41,Critical,4.5,"{""metric_1"": 7, ""metric_2"": 12}",True
RSK-001884,2026-06-20T19:18:54.966170,SYS-065,system,Support,cyber,57,Moderate,1.86,"{""metric_1"": 6, ""metric_2"": 56}",False
RSK-001885,2026-07-05T19:18:54.966170,C-2934,customer,Operations,customer,46,High,1.28,"{""metric_1"": 5, ""metric_2"": 61}",False
RSK-001886,2026-06-22T19:18:54.966170,SYS-041,system,Finance,fraud,85,High,1.19,"{""metric_1"": 4, ""metric_2"": 34}",True
RSK-001887,2026-06-02T19:18:54.966170,C-1072,customer,Operations,customer,70,Moderate,4.58,"{""metric_1"": 7, ""metric_2"": 92}",True
RSK-001888,2026-07-20T19:18:54.966170,SYS-088,system,Support,fraud,49,High,3.97,"{""metric_1"": 5, ""metric_2"": 80}",False
RSK-001889,2026-08-20T19:18:54.966170,C-1480,customer,Operations,financial,19,Moderate,0.75,"{""metric_1"": 4, ""metric_2"": 24}",True
RSK-001890,2026-06-18T19:18:54.966170,S-023,supplier,Operations,operational,76,High,2.76,"{""metric_1"": 5, ""metric_2"": 31}",False
RSK-001891,2026-05-14T19:18:54.966170,C-0275,customer,Operations,customer,46,Critical,1.4,"{""metric_1"": 1, ""metric_2"": 88}",True
RSK-001892,2026-07-10T19:18:54.966170,SYS-058,system,IT,cyber,12,Low,3.09,"{""metric_1"": 4, ""metric_2"": 35}",False
RSK-001893,2026-06-21T19:18:54.966170,SYS-073,system,Operations,cyber,83,High,4.1,"{""metric_1"": 6, ""metric_2"": 29}",False
RSK-001894,2026-07-10T19:18:54.966170,C-1636,customer,Support,financial,75,Critical,3.04,"{""metric_1"": 8, ""metric_2"": 32}",True
RSK-001895,2026-07-13T19:18:54.966170,SYS-058,system,Finance,cyber,42,Critical,1.37,"{""metric_1"": 9, ""metric_2"": 17}",False
RSK-001896,2026-06-06T19:18:54.966170,C-4658,customer,IT,customer,52,Low,0.11,"{""metric_1"": 9, ""metric_2"": 68}",True
RSK-001897,2026-05-26T19:18:54.966170,SYS-001,system,Finance,fraud,83,Critical,3.82,"{""metric_1"": 2, ""metric_2"": 28}",False
RSK-001898,2026-06-08T19:18:54.966170,C-4907,customer,Operations,customer,64,Critical,2.92,"{""metric_1"": 8, ""metric_2"": 53}",True
RSK-001899,2026-08-01T19:18:54.966170,SYS-047,system,Support,fraud,71,Moderate,3.59,"{""metric_1"": 4, ""metric_2"": 23}",True
RSK-001900,2026-07-27T19:18:54.966170,C-4760,customer,Operations,financial,85,High,0.81,"{""metric_1"": 9, ""metric_2"": 25}",False
RSK-001901,2026-05-15T19:18:54.966170,C-3138,customer,Finance,financial,88,Low,3.94,"{""metric_1"": 5, ""metric_2"": 24}",True
RSK-001902,2026-07-16T19:18:54.966170,SYS-045,system,Finance,fraud,24,Moderate,4.32,"{""metric_1"": 1, ""metric_2"": 94}",False
RSK-001903,2026-08-13T19:18:54.966170,SYS-034,system,IT,cyber,26,Moderate,1.59,"{""metric_1"": 7, ""metric_2"": 18}",False
RSK-001904,2026-05-24T19:18:54.966170,C-1757,customer,Finance,financial,93,High,3.78,"{""metric_1"": 8, ""metric_2"": 17}",True
RSK-001905,2026-07-11T19:18:54.966170,S-035,supplier,IT,operational,68,Low,1.09,"{""metric_1"": 7, ""metric_2"": 68}",False
RSK-001906,2026-07-04T19:18:54.966170,C-4983,customer,Finance,customer,82,Moderate,4.11,"{""metric_1"": 3, ""metric_2"": 29}",False
RSK-001907,2026-06-21T19:18:54.966170,SYS-094,system,Operations,fraud,31,High,0.36,"{""metric_1"": 7, ""metric_2"": 23}",True
RSK-001908,2026-07-26T19:18:54.966170,S-014,supplier,Finance,operational,49,High,4.61,"{""metric_1"": 6, ""metric_2"": 87}",False
RSK-001909,2026-07-26T19:18:54.966170,SYS-026,system,Support,cyber,22,Low,4.87,"{""metric_1"": 6, ""metric_2"": 20}",False
RSK-001910,2026-06-07T19:18:54.966170,C-0137,customer,Finance,financial,72,Moderate,3.68,"{""metric_1"": 5, ""metric_2"": 16}",False
RSK-001911,2026-05-19T19:18:54.966170,SYS-074,system,Finance,fraud,27,High,3.48,"{""metric_1"": 4, ""metric_2"": 83}",True
RSK-001912,2026-07-22T19:18:54.966170,C-1318,customer,Operations,customer,42,Critical,2.43,"{""metric_1"": 4, ""metric_2"": 20}",False
RSK-001913,2026-05-28T19:18:54.966170,C-3792,customer,Finance,financial,70,High,4.54,"{""metric_1"": 1, ""metric_2"": 19}",True
RSK-001914,2026-06-08T19:18:54.966170,C-4617,customer,Support,customer,55,High,1.12,"{""metric_1"": 2, ""metric_2"": 61}",True
RSK-001915,2026-05-23T19:18:54.966170,SYS-011,system,Finance,fraud,37,Moderate,1.03,"{""metric_1"": 1, ""metric_2"": 78}",False
RSK-001916,2026-05-27T19:18:54.966170,C-4172,customer,IT,customer,40,Moderate,0.77,"{""metric_1"": 4, ""metric_2"": 91}",True
RSK-001917,2026-07-27T19:18:54.966170,C-3516,customer,Operations,financial,64,High,3.45,"{""metric_1"": 2, ""metric_2"": 40}",False
RSK-001918,2026-07-17T19:18:54.966170,C-1173,customer,Finance,customer,85,Moderate,1.68,"{""metric_1"": 2, ""metric_2"": 77}",False
RSK-001919,2026-07-09T19:18:54.966170,SYS-025,system,Finance,cyber,15,High,3.91,"{""metric_1"": 5, ""metric_2"": 62}",False
RSK-001920,2026-07-12T19:18:54.966170,SYS-090,system,Support,fraud,75,Moderate,3.99,"{""metric_1"": 4, ""metric_2"": 62}",True
RSK-001921,2026-05-30T19:18:54.966170,SYS-060,system,Operations,cyber,39,Critical,3.25,"{""metric_1"": 5, ""metric_2"": 56}",True
RSK-001922,2026-07-23T19:18:54.966170,SYS-087,system,Operations,cyber,58,Critical,0.45,"{""metric_1"": 3, ""metric_2"": 94}",False
RSK-001923,2026-07-06T19:18:54.966170,C-4348,customer,Support,customer,84,Critical,2.91,"{""metric_1"": 1, ""metric_2"": 64}",False
RSK-001924,2026-06-09T19:18:54.966170,C-3861,customer,Operations,customer,81,Moderate,2.28,"{""metric_1"": 3, ""metric_2"": 65}",True
RSK-001925,2026-07-11T19:18:54.966170,C-4331,customer,IT,customer,68,Critical,4.8,"{""metric_1"": 4, ""metric_2"": 76}",False
RSK-001926,2026-06-23T19:18:54.966170,C-2015,customer,IT,financial,51,Low,2.84,"{""metric_1"": 2, ""metric_2"": 91}",True
RSK-001927,2026-06-27T19:18:54.966170,SYS-004,system,IT,fraud,28,Moderate,2.59,"{""metric_1"": 2, ""metric_2"": 49}",False
RSK-001928,2026-06-22T19:18:54.966170,SYS-090,system,Finance,fraud,63,High,1.33,"{""metric_1"": 4, ""metric_2"": 74}",False
RSK-001929,2026-07-03T19:18:54.966170,C-3318,customer,IT,customer,28,Low,1.51,"{""metric_1"": 7, ""metric_2"": 37}",False
RSK-001930,2026-05-19T19:18:54.966170,SYS-029,system,Support,fraud,49,Low,1.5,"{""metric_1"": 6, ""metric_2"": 30}",True
RSK-001931,2026-08-20T19:18:54.966170,C-2738,customer,Support,customer,62,Moderate,1.12,"{""metric_1"": 4, ""metric_2"": 50}",True
RSK-001932,2026-07-04T19:18:54.966170,SYS-069,system,IT,cyber,61,Low,2.28,"{""metric_1"": 8, ""metric_2"": 68}",True
RSK-001933,2026-06-18T19:18:54.966170,SYS-006,system,Support,fraud,87,Moderate,0.95,"{""metric_1"": 1, ""metric_2"": 39}",False
RSK-001934,2026-06-02T19:18:54.966170,SYS-078,system,Operations,fraud,43,High,1.98,"{""metric_1"": 8, ""metric_2"": 68}",False
RSK-001935,2026-07-30T19:18:54.966170,C-1137,customer,Support,customer,73,Low,3.85,"{""metric_1"": 6, ""metric_2"": 78}",False
RSK-001936,2026-08-04T19:18:54.966170,SYS-058,system,Support,fraud,10,Low,0.65,"{""metric_1"": 6, ""metric_2"": 91}",False
RSK-001937,2026-08-20T19:18:54.966170,C-3281,customer,Operations,customer,19,Low,0.18,"{""metric_1"": 3, ""metric_2"": 30}",False
RSK-001938,2026-07-14T19:18:54.966170,SYS-033,system,Support,fraud,86,Critical,4.49,"{""metric_1"": 6, ""metric_2"": 21}",False
RSK-001939,2026-08-14T19:18:54.966170,SYS-088,system,Operations,fraud,58,Low,4.23,"{""metric_1"": 1, ""metric_2"": 18}",False
RSK-001940,2026-07-10T19:18:54.966170,C-4830,customer,Support,financial,21,Critical,0.75,"{""metric_1"": 7, ""metric_2"": 40}",True
RSK-001941,2026-05-26T19:18:54.966170,C-0906,customer,Finance,customer,44,High,1.1,"{""metric_1"": 5, ""metric_2"": 19}",True
RSK-001942,2026-06-08T19:18:54.966170,SYS-074,system,Support,fraud,50,Critical,0.96,"{""metric_1"": 8, ""metric_2"": 77}",False
RSK-001943,2026-07-30T19:18:54.966170,S-034,supplier,Operations,operational,23,Moderate,2.83,"{""metric_1"": 3, ""metric_2"": 14}",True
RSK-001944,2026-07-28T19:18:54.966170,SYS-069,system,Operations,fraud,94,Low,0.89,"{""metric_1"": 8, ""metric_2"": 44}",False
RSK-001945,2026-08-14T19:18:54.966170,SYS-088,system,Support,cyber,92,High,4.93,"{""metric_1"": 1, ""metric_2"": 19}",True
RSK-001946,2026-06-10T19:18:54.966170,SYS-015,system,Finance,fraud,27,Low,4.15,"{""metric_1"": 6, ""metric_2"": 61}",True
RSK-001947,2026-08-17T19:18:54.966170,S-025,supplier,Support,operational,95,Low,0.8,"{""metric_1"": 2, ""metric_2"": 20}",True
RSK-001948,2026-06-01T19:18:54.966170,C-4194,customer,IT,financial,14,Moderate,1.96,"{""metric_1"": 3, ""metric_2"": 26}",False
RSK-001949,2026-06-20T19:18:54.966170,SYS-065,system,Support,cyber,89,Low,3.37,"{""metric_1"": 1, ""metric_2"": 77}",True
RSK-001950,2026-07-30T19:18:54.966170,SYS-032,system,Support,cyber,30,High,3.9,"{""metric_1"": 4, ""metric_2"": 66}",False
RSK-001951,2026-07-20T19:18:54.966170,S-010,supplier,Support,operational,72,High,3.48,"{""metric_1"": 7, ""metric_2"": 63}",False
RSK-001952,2026-07-28T19:18:54.966170,SYS-009,system,Operations,fraud,24,Low,4.99,"{""metric_1"": 5, ""metric_2"": 72}",False
RSK-001953,2026-08-13T19:18:54.966170,SYS-078,system,IT,cyber,80,Low,3.2,"{""metric_1"": 2, ""metric_2"": 38}",False
RSK-001954,2026-06-04T19:18:54.966170,C-4485,customer,Operations,financial,73,Critical,4.63,"{""metric_1"": 2, ""metric_2"": 52}",False
RSK-001955,2026-06-19T19:18:54.966170,S-015,supplier,Finance,operational,62,High,4.42,"{""metric_1"": 6, ""metric_2"": 49}",False
RSK-001956,2026-06-22T19:18:54.966170,S-044,supplier,Finance,operational,95,Moderate,2.94,"{""metric_1"": 2, ""metric_2"": 63}",True
RSK-001957,2026-07-02T19:18:54.966170,C-3661,customer,IT,financial,29,High,0.98,"{""metric_1"": 6, ""metric_2"": 78}",True
RSK-001958,2026-07-10T19:18:54.966170,S-008,supplier,Support,operational,32,High,4.39,"{""metric_1"": 6, ""metric_2"": 79}",False
RSK-001959,2026-06-20T19:18:54.966170,SYS-016,system,IT,cyber,69,Low,2.78,"{""metric_1"": 5, ""metric_2"": 11}",False
RSK-001960,2026-06-22T19:18:54.966170,C-1270,customer,Finance,financial,79,Moderate,4.28,"{""metric_1"": 5, ""metric_2"": 46}",True
RSK-001961,2026-06-10T19:18:54.966170,S-034,supplier,IT,operational,48,High,3.79,"{""metric_1"": 6, ""metric_2"": 78}",True
RSK-001962,2026-07-11T19:18:54.966170,SYS-002,system,Support,cyber,86,High,2.1,"{""metric_1"": 8, ""metric_2"": 76}",False
RSK-001963,2026-07-14T19:18:54.966170,S-018,supplier,Support,operational,40,Low,0.83,"{""metric_1"": 5, ""metric_2"": 55}",True
RSK-001964,2026-06-18T19:18:54.966170,C-1875,customer,Support,financial,58,Moderate,0.65,"{""metric_1"": 3, ""metric_2"": 34}",False
RSK-001965,2026-05-19T19:18:54.966170,C-3515,customer,Finance,customer,33,High,1.25,"{""metric_1"": 8, ""metric_2"": 49}",False
RSK-001966,2026-07-12T19:18:54.966170,C-4069,customer,Support,financial,87,Critical,1.55,"{""metric_1"": 6, ""metric_2"": 23}",False
RSK-001967,2026-06-26T19:18:54.966170,S-024,supplier,Support,operational,17,Low,2.68,"{""metric_1"": 5, ""metric_2"": 99}",False
RSK-001968,2026-07-27T19:18:54.966170,SYS-054,system,Operations,cyber,52,Moderate,3.1,"{""metric_1"": 3, ""metric_2"": 77}",False
RSK-001969,2026-08-13T19:18:54.966170,S-035,supplier,Finance,operational,53,Critical,4.87,"{""metric_1"": 4, ""metric_2"": 16}",False
RSK-001970,2026-06-19T19:18:54.966170,SYS-015,system,IT,cyber,96,Low,1.87,"{""metric_1"": 1, ""metric_2"": 77}",False
RSK-001971,2026-07-09T19:18:54.966170,SYS-043,system,Finance,fraud,36,High,3.56,"{""metric_1"": 2, ""metric_2"": 23}",False
RSK-001972,2026-07-14T19:18:54.966170,C-2003,customer,IT,financial,72,Critical,2.57,"{""metric_1"": 8, ""metric_2"": 61}",False
RSK-001973,2026-07-28T19:18:54.966170,C-1630,customer,Operations,financial,44,Low,1.3,"{""metric_1"": 2, ""metric_2"": 21}",True
RSK-001974,2026-07-15T19:18:54.966170,C-3311,customer,IT,customer,63,High,4.55,"{""metric_1"": 4, ""metric_2"": 69}",True
RSK-001975,2026-06-09T19:18:54.966170,S-019,supplier,Operations,operational,63,Critical,0.74,"{""metric_1"": 7, ""metric_2"": 94}",True
RSK-001976,2026-06-13T19:18:54.966170,SYS-004,system,Support,cyber,12,Critical,3.45,"{""metric_1"": 7, ""metric_2"": 17}",True
RSK-001977,2026-06-07T19:18:54.966170,C-2277,customer,Finance,customer,29,Moderate,3.55,"{""metric_1"": 3, ""metric_2"": 77}",True
RSK-001978,2026-06-05T19:18:54.966170,C-1731,customer,IT,customer,17,Low,4.1,"{""metric_1"": 6, ""metric_2"": 64}",False
RSK-001979,2026-05-27T19:18:54.966170,C-0075,customer,Finance,financial,20,Low,2.28,"{""metric_1"": 4, ""metric_2"": 32}",False
RSK-001980,2026-07-30T19:18:54.966170,SYS-018,system,Support,fraud,13,Low,4.22,"{""metric_1"": 6, ""metric_2"": 97}",False
RSK-001981,2026-07-18T19:18:54.966170,C-4093,customer,Support,financial,23,Critical,3.64,"{""metric_1"": 2, ""metric_2"": 31}",True
RSK-001982,2026-08-10T19:18:54.966170,S-025,supplier,IT,operational,71,Low,1.29,"{""metric_1"": 5, ""metric_2"": 71}",False
RSK-001983,2026-05-29T19:18:54.966170,SYS-070,system,IT,fraud,68,Critical,2.97,"{""metric_1"": 4, ""metric_2"": 32}",True
RSK-001984,2026-07-31T19:18:54.966170,C-1624,customer,Support,financial,23,Moderate,1.63,"{""metric_1"": 9, ""metric_2"": 65}",True
RSK-001985,2026-05-31T19:18:54.966170,C-4853,customer,Finance,financial,77,Low,3.36,"{""metric_1"": 1, ""metric_2"": 11}",True
RSK-001986,2026-08-10T19:18:54.966170,SYS-027,system,Operations,fraud,83,Low,3.81,"{""metric_1"": 5, ""metric_2"": 69}",True
RSK-001987,2026-07-24T19:18:54.966170,C-1730,customer,Support,financial,63,Critical,0.58,"{""metric_1"": 8, ""metric_2"": 25}",True
RSK-001988,2026-06-11T19:18:54.966170,C-1078,customer,Operations,customer,98,Moderate,2.82,"{""metric_1"": 2, ""metric_2"": 74}",True
RSK-001989,2026-06-05T19:18:54.966170,S-013,supplier,Operations,operational,35,Critical,4.43,"{""metric_1"": 6, ""metric_2"": 79}",False
RSK-001990,2026-08-04T19:18:54.966170,C-1355,customer,Operations,customer,87,High,4.15,"{""metric_1"": 2, ""metric_2"": 31}",True
RSK-001991,2026-05-16T19:18:54.966170,S-003,supplier,IT,operational,48,Low,2.0,"{""metric_1"": 7, ""metric_2"": 94}",True
RSK-001992,2026-06-04T19:18:54.966170,C-1614,customer,IT,financial,34,Low,2.54,"{""metric_1"": 5, ""metric_2"": 93}",True
RSK-001993,2026-05-14T19:18:54.966170,S-020,supplier,Operations,operational,83,High,3.21,"{""metric_1"": 1, ""metric_2"": 32}",False
RSK-001994,2026-08-16T19:18:54.966170,C-4869,customer,IT,financial,96,Moderate,1.45,"{""metric_1"": 7, ""metric_2"": 80}",False
RSK-001995,2026-05-17T19:18:54.966170,C-4925,customer,IT,customer,99,Low,1.43,"{""metric_1"": 7, ""metric_2"": 55}",False
RSK-001996,2026-06-07T19:18:54.966170,C-3339,customer,IT,financial,99,Low,0.85,"{""metric_1"": 1, ""metric_2"": 85}",True
RSK-001997,2026-05-25T19:18:54.966170,S-013,supplier,Support,operational,45,Critical,2.75,"{""metric_1"": 3, ""metric_2"": 46}",False
RSK-001998,2026-05-23T19:18:54.966170,C-0434,customer,IT,customer,45,High,1.16,"{""metric_1"": 4, ""metric_2"": 90}",False
RSK-001999,2026-06-15T19:18:54.966170,S-049,supplier,Operations,operational,39,Moderate,2.6,"{""metric_1"": 9, ""metric_2"": 86}",False
RSK-002000,2026-06-07T19:18:54.966170,S-006,supplier,Finance,operational,35,High,0.62,"{""metric_1"": 6, ""metric_2"": 68}",True
RSK-002001,2026-07-26T19:18:54.966170,C-2964,customer,IT,financial,66,High,3.82,"{""metric_1"": 4, ""metric_2"": 69}",False
RSK-002002,2026-07-19T19:18:54.966170,C-2369,customer,IT,financial,22,Critical,4.56,"{""metric_1"": 5, ""metric_2"": 67}",False
RSK-002003,2026-08-18T19:18:54.966170,SYS-097,system,IT,fraud,22,Critical,0.48,"{""metric_1"": 3, ""metric_2"": 80}",False
RSK-002004,2026-06-17T19:18:54.966170,S-007,supplier,Support,operational,61,High,2.74,"{""metric_1"": 3, ""metric_2"": 31}",False
RSK-002005,2026-05-22T19:18:54.966170,S-030,supplier,Support,operational,56,High,1.9,"{""metric_1"": 8, ""metric_2"": 37}",True
RSK-002006,2026-08-19T19:18:54.966170,S-035,supplier,Support,operational,74,Moderate,4.15,"{""metric_1"": 9, ""metric_2"": 38}",False
RSK-002007,2026-07-07T19:18:54.966170,S-031,supplier,IT,operational,86,High,3.43,"{""metric_1"": 1, ""metric_2"": 37}",False
RSK-002008,2026-06-24T19:18:54.966170,C-2019,customer,Finance,customer,25,Low,3.81,"{""metric_1"": 5, ""metric_2"": 34}",False
RSK-002009,2026-06-03T19:18:54.966170,SYS-011,system,Finance,fraud,97,Critical,0.56,"{""metric_1"": 8, ""metric_2"": 43}",False
RSK-002010,2026-07-15T19:18:54.966170,SYS-005,system,IT,fraud,90,High,2.27,"{""metric_1"": 9, ""metric_2"": 82}",False
RSK-002011,2026-07-08T19:18:54.966170,C-3330,customer,Support,financial,11,Low,1.13,"{""metric_1"": 8, ""metric_2"": 59}",False
RSK-002012,2026-07-21T19:18:54.966170,S-047,supplier,Operations,operational,82,Moderate,3.46,"{""metric_1"": 1, ""metric_2"": 37}",False
RSK-002013,2026-08-04T19:18:54.966170,C-2395,customer,IT,customer,48,High,1.31,"{""metric_1"": 1, ""metric_2"": 86}",False
RSK-002014,2026-07-11T19:18:54.966170,S-027,supplier,IT,operational,74,Low,4.92,"{""metric_1"": 7, ""metric_2"": 44}",True
RSK-002015,2026-05-15T19:18:54.966170,C-3535,customer,Finance,customer,99,Critical,2.24,"{""metric_1"": 1, ""metric_2"": 98}",False
RSK-002016,2026-06-25T19:18:54.966170,C-0894,customer,IT,financial,23,High,1.55,"{""metric_1"": 4, ""metric_2"": 66}",True
RSK-002017,2026-08-20T19:18:54.966170,SYS-051,system,Support,cyber,98,Low,3.22,"{""metric_1"": 3, ""metric_2"": 43}",False
RSK-002018,2026-08-14T19:18:54.966170,SYS-025,system,Finance,fraud,84,Moderate,3.28,"{""metric_1"": 1, ""metric_2"": 76}",True
RSK-002019,2026-06-22T19:18:54.966170,SYS-027,system,Operations,cyber,11,High,4.55,"{""metric_1"": 9, ""metric_2"": 24}",True
RSK-002020,2026-06-13T19:18:54.966170,C-3549,customer,Finance,customer,40,High,2.78,"{""metric_1"": 9, ""metric_2"": 85}",False
RSK-002021,2026-06-02T19:18:54.966170,C-4059,customer,Support,financial,97,Moderate,4.91,"{""metric_1"": 2, ""metric_2"": 81}",False
RSK-002022,2026-08-17T19:18:54.966170,C-4654,customer,Operations,financial,57,Low,3.49,"{""metric_1"": 5, ""metric_2"": 28}",True
RSK-002023,2026-07-14T19:18:54.966170,S-038,supplier,IT,operational,18,Critical,2.19,"{""metric_1"": 5, ""metric_2"": 28}",True
RSK-002024,2026-05-22T19:18:54.966170,SYS-016,system,Finance,cyber,51,Critical,0.95,"{""metric_1"": 6, ""metric_2"": 70}",False
RSK-002025,2026-08-17T19:18:54.966170,C-1435,customer,Operations,financial,31,Critical,2.06,"{""metric_1"": 1, ""metric_2"": 67}",True
RSK-002026,2026-08-17T19:18:54.966170,SYS-056,system,Operations,fraud,95,High,0.57,"{""metric_1"": 9, ""metric_2"": 61}",True
RSK-002027,2026-07-01T19:18:54.966170,C-4823,customer,IT,financial,54,Critical,0.92,"{""metric_1"": 5, ""metric_2"": 29}",True
RSK-002028,2026-05-26T19:18:54.966170,C-0198,customer,Support,customer,56,High,0.49,"{""metric_1"": 9, ""metric_2"": 86}",True
RSK-002029,2026-05-14T19:18:54.966170,SYS-030,system,IT,fraud,62,High,0.96,"{""metric_1"": 9, ""metric_2"": 31}",False
RSK-002030,2026-08-04T19:18:54.966170,SYS-007,system,Support,cyber,10,Critical,0.76,"{""metric_1"": 3, ""metric_2"": 55}",False
RSK-002031,2026-06-18T19:18:54.966170,S-029,supplier,Operations,operational,79,High,2.89,"{""metric_1"": 5, ""metric_2"": 89}",False
RSK-002032,2026-06-23T19:18:54.966170,SYS-027,system,Finance,fraud,12,High,1.81,"{""metric_1"": 4, ""metric_2"": 17}",False
RSK-002033,2026-08-14T19:18:54.966170,SYS-083,system,Operations,cyber,33,Low,4.4,"{""metric_1"": 7, ""metric_2"": 35}",False
RSK-002034,2026-07-01T19:18:54.966170,C-2747,customer,Finance,customer,58,High,4.59,"{""metric_1"": 8, ""metric_2"": 98}",True
RSK-002035,2026-06-25T19:18:54.966170,S-022,supplier,IT,operational,82,High,4.3,"{""metric_1"": 4, ""metric_2"": 59}",False
RSK-002036,2026-06-10T19:18:54.966170,C-3505,customer,Operations,financial,71,Low,0.21,"{""metric_1"": 6, ""metric_2"": 13}",False
RSK-002037,2026-07-23T19:18:54.966170,C-4211,customer,Support,financial,40,Low,2.08,"{""metric_1"": 6, ""metric_2"": 66}",True
RSK-002038,2026-05-26T19:18:54.966170,C-3554,customer,Operations,financial,54,Moderate,4.08,"{""metric_1"": 9, ""metric_2"": 80}",False
RSK-002039,2026-07-20T19:18:54.966170,C-3483,customer,Support,customer,18,High,1.16,"{""metric_1"": 3, ""metric_2"": 28}",True
RSK-002040,2026-08-21T19:18:54.966170,C-1643,customer,Finance,customer,12,Low,3.42,"{""metric_1"": 7, ""metric_2"": 66}",False
RSK-002041,2026-08-19T19:18:54.966170,C-3506,customer,Operations,customer,65,Moderate,3.2,"{""metric_1"": 5, ""metric_2"": 89}",False
RSK-002042,2026-06-11T19:18:54.966170,C-2337,customer,Finance,customer,35,Moderate,3.18,"{""metric_1"": 7, ""metric_2"": 10}",True
RSK-002043,2026-07-31T19:18:54.966170,C-1187,customer,Finance,financial,23,Low,4.93,"{""metric_1"": 5, ""metric_2"": 33}",False
RSK-002044,2026-07-06T19:18:54.966170,C-4357,customer,Finance,customer,99,Moderate,3.59,"{""metric_1"": 9, ""metric_2"": 35}",True
RSK-002045,2026-06-06T19:18:54.966170,C-3015,customer,Support,financial,85,Critical,1.67,"{""metric_1"": 9, ""metric_2"": 79}",True
RSK-002046,2026-05-22T19:18:54.966170,SYS-014,system,IT,fraud,92,Critical,3.66,"{""metric_1"": 3, ""metric_2"": 79}",True
RSK-002047,2026-08-06T19:18:54.966170,S-005,supplier,IT,operational,74,Critical,3.02,"{""metric_1"": 7, ""metric_2"": 58}",True
RSK-002048,2026-08-09T19:18:54.966170,SYS-040,system,Operations,fraud,82,Critical,0.25,"{""metric_1"": 8, ""metric_2"": 68}",False
RSK-002049,2026-05-21T19:18:54.966170,C-3801,customer,Support,financial,98,Low,2.21,"{""metric_1"": 8, ""metric_2"": 33}",False
RSK-002050,2026-08-21T19:18:54.966170,SYS-081,system,Support,cyber,28,Low,2.65,"{""metric_1"": 1, ""metric_2"": 10}",True
RSK-002051,2026-05-23T19:18:54.966170,SYS-098,system,Operations,fraud,94,Moderate,3.56,"{""metric_1"": 3, ""metric_2"": 51}",True
RSK-002052,2026-06-20T19:18:54.966170,C-1192,customer,Operations,customer,83,Critical,1.68,"{""metric_1"": 9, ""metric_2"": 82}",True
RSK-002053,2026-07-24T19:18:54.966170,SYS-038,system,IT,fraud,58,High,1.11,"{""metric_1"": 8, ""metric_2"": 85}",False
RSK-002054,2026-06-01T19:18:54.966170,C-0213,customer,Operations,financial,25,Critical,2.08,"{""metric_1"": 8, ""metric_2"": 30}",False
RSK-002055,2026-08-07T19:18:54.966170,C-4287,customer,Operations,customer,38,High,4.76,"{""metric_1"": 1, ""metric_2"": 37}",True
RSK-002056,2026-08-08T19:18:54.966170,SYS-041,system,IT,cyber,61,Low,4.1,"{""metric_1"": 7, ""metric_2"": 39}",True
RSK-002057,2026-06-09T19:18:54.966170,SYS-077,system,IT,cyber,75,Critical,1.33,"{""metric_1"": 8, ""metric_2"": 20}",True
RSK-002058,2026-06-23T19:18:54.966170,SYS-035,system,IT,fraud,24,Low,2.78,"{""metric_1"": 2, ""metric_2"": 39}",False
RSK-002059,2026-08-18T19:18:54.966170,C-1689,customer,IT,customer,88,High,0.33,"{""metric_1"": 8, ""metric_2"": 32}",False
RSK-002060,2026-06-20T19:18:54.966170,SYS-028,system,Support,fraud,87,Critical,3.88,"{""metric_1"": 5, ""metric_2"": 17}",False
RSK-002061,2026-08-05T19:18:54.966170,C-3579,customer,Operations,customer,24,Critical,3.53,"{""metric_1"": 7, ""metric_2"": 50}",True
RSK-002062,2026-05-26T19:18:54.966170,S-034,supplier,Finance,operational,65,Moderate,4.82,"{""metric_1"": 1, ""metric_2"": 11}",False
RSK-002063,2026-08-03T19:18:54.966170,C-4337,customer,Operations,financial,76,Moderate,4.86,"{""metric_1"": 1, ""metric_2"": 79}",True
RSK-002064,2026-06-22T19:18:54.966170,C-2846,customer,IT,customer,60,Critical,3.38,"{""metric_1"": 4, ""metric_2"": 13}",True
RSK-002065,2026-08-04T19:18:54.966170,C-4113,customer,IT,financial,74,High,0.96,"{""metric_1"": 2, ""metric_2"": 95}",False
RSK-002066,2026-08-12T19:18:54.966170,S-029,supplier,Operations,operational,74,High,1.33,"{""metric_1"": 2, ""metric_2"": 77}",True
RSK-002067,2026-06-12T19:18:54.966170,SYS-059,system,Operations,fraud,62,Low,2.18,"{""metric_1"": 8, ""metric_2"": 96}",False
RSK-002068,2026-07-24T19:18:54.966170,C-2236,customer,Operations,customer,87,High,2.36,"{""metric_1"": 1, ""metric_2"": 24}",False
RSK-002069,2026-05-15T19:18:54.966170,C-0801,customer,Finance,customer,99,Moderate,4.16,"{""metric_1"": 4, ""metric_2"": 91}",True
RSK-002070,2026-07-06T19:18:54.966170,SYS-043,system,Support,fraud,95,Moderate,0.16,"{""metric_1"": 4, ""metric_2"": 98}",True
RSK-002071,2026-06-27T19:18:54.966170,C-0331,customer,Support,customer,58,Moderate,4.37,"{""metric_1"": 6, ""metric_2"": 88}",True
RSK-002072,2026-06-19T19:18:54.966170,SYS-011,system,Finance,fraud,88,High,4.4,"{""metric_1"": 8, ""metric_2"": 54}",True
RSK-002073,2026-06-30T19:18:54.966170,S-013,supplier,IT,operational,53,Low,1.3,"{""metric_1"": 8, ""metric_2"": 90}",False
RSK-002074,2026-05-28T19:18:54.966170,C-2398,customer,IT,customer,36,High,4.59,"{""metric_1"": 5, ""metric_2"": 66}",True
RSK-002075,2026-06-02T19:18:54.966170,C-4296,customer,Finance,customer,91,High,1.11,"{""metric_1"": 9, ""metric_2"": 29}",False
RSK-002076,2026-08-19T19:18:54.966170,SYS-005,system,Operations,cyber,29,Moderate,2.74,"{""metric_1"": 5, ""metric_2"": 36}",True
RSK-002077,2026-05-24T19:18:54.966170,C-1820,customer,IT,financial,82,Moderate,4.7,"{""metric_1"": 8, ""metric_2"": 77}",True
RSK-002078,2026-08-12T19:18:54.966170,S-044,supplier,IT,operational,44,Critical,3.68,"{""metric_1"": 2, ""metric_2"": 27}",False
RSK-002079,2026-08-03T19:18:54.966170,SYS-064,system,Finance,fraud,87,High,3.46,"{""metric_1"": 2, ""metric_2"": 91}",True
RSK-002080,2026-07-30T19:18:54.966170,C-3252,customer,IT,customer,77,Low,1.05,"{""metric_1"": 1, ""metric_2"": 57}",True
RSK-002081,2026-05-20T19:18:54.966170,C-1943,customer,Support,financial,47,Moderate,4.51,"{""metric_1"": 8, ""metric_2"": 69}",True
RSK-002082,2026-07-27T19:18:54.966170,S-027,supplier,IT,operational,86,Moderate,2.83,"{""metric_1"": 3, ""metric_2"": 95}",False
RSK-002083,2026-07-18T19:18:54.966170,SYS-005,system,Support,cyber,65,Critical,1.74,"{""metric_1"": 9, ""metric_2"": 63}",False
RSK-002084,2026-06-23T19:18:54.966170,S-031,supplier,IT,operational,24,High,3.19,"{""metric_1"": 1, ""metric_2"": 55}",False
RSK-002085,2026-08-03T19:18:54.966170,SYS-026,system,IT,cyber,25,Moderate,0.99,"{""metric_1"": 2, ""metric_2"": 24}",False
RSK-002086,2026-06-09T19:18:54.966170,C-1212,customer,IT,financial,11,High,2.96,"{""metric_1"": 6, ""metric_2"": 69}",False
RSK-002087,2026-07-24T19:18:54.966170,C-4171,customer,IT,financial,36,High,0.81,"{""metric_1"": 5, ""metric_2"": 85}",True
RSK-002088,2026-07-02T19:18:54.966170,SYS-068,system,Operations,cyber,41,Moderate,0.38,"{""metric_1"": 8, ""metric_2"": 93}",False
RSK-002089,2026-06-11T19:18:54.966170,SYS-032,system,IT,cyber,66,Low,1.22,"{""metric_1"": 7, ""metric_2"": 33}",False
RSK-002090,2026-06-14T19:18:54.966170,SYS-041,system,Finance,fraud,56,Critical,4.15,"{""metric_1"": 5, ""metric_2"": 53}",False
RSK-002091,2026-05-19T19:18:54.966170,C-0500,customer,Support,financial,15,High,1.19,"{""metric_1"": 9, ""metric_2"": 12}",True
RSK-002092,2026-06-23T19:18:54.966170,C-0368,customer,Support,financial,26,Moderate,1.11,"{""metric_1"": 4, ""metric_2"": 26}",True
RSK-002093,2026-05-25T19:18:54.966170,C-2161,customer,Support,financial,53,Moderate,2.16,"{""metric_1"": 6, ""metric_2"": 67}",False
RSK-002094,2026-08-18T19:18:54.966170,SYS-031,system,Finance,fraud,78,Low,2.08,"{""metric_1"": 3, ""metric_2"": 37}",False
RSK-002095,2026-07-03T19:18:54.966170,C-2450,customer,IT,financial,99,Moderate,3.61,"{""metric_1"": 2, ""metric_2"": 34}",True
RSK-002096,2026-08-02T19:18:54.966170,S-041,supplier,IT,operational,73,Low,4.67,"{""metric_1"": 2, ""metric_2"": 84}",False
RSK-002097,2026-06-11T19:18:54.966170,C-1172,customer,Finance,financial,18,Critical,3.77,"{""metric_1"": 7, ""metric_2"": 16}",True
RSK-002098,2026-06-27T19:18:54.966170,SYS-057,system,Support,cyber,51,Critical,2.86,"{""metric_1"": 3, ""metric_2"": 13}",False
RSK-002099,2026-06-03T19:18:54.966170,C-2145,customer,Finance,financial,77,Moderate,1.78,"{""metric_1"": 9, ""metric_2"": 57}",True
RSK-002100,2026-05-18T19:18:54.966170,SYS-041,system,IT,cyber,43,Low,2.94,"{""metric_1"": 2, ""metric_2"": 41}",True
RSK-002101,2026-06-08T19:18:54.966170,C-1069,customer,Operations,financial,23,High,4.88,"{""metric_1"": 3, ""metric_2"": 24}",False
RSK-002102,2026-07-23T19:18:54.966170,C-2194,customer,Finance,financial,82,Critical,0.65,"{""metric_1"": 5, ""metric_2"": 23}",True
RSK-002103,2026-05-31T19:18:54.966170,SYS-053,system,Support,fraud,56,Critical,4.01,"{""metric_1"": 9, ""metric_2"": 68}",True
RSK-002104,2026-08-21T19:18:54.966170,C-2914,customer,Operations,customer,30,Critical,3.95,"{""metric_1"": 2, ""metric_2"": 91}",True
RSK-002105,2026-06-22T19:18:54.966170,SYS-082,system,Finance,cyber,20,Low,3.4,"{""metric_1"": 6, ""metric_2"": 27}",False
RSK-002106,2026-07-04T19:18:54.966170,SYS-037,system,Support,fraud,24,High,3.24,"{""metric_1"": 3, ""metric_2"": 76}",False
RSK-002107,2026-06-05T19:18:54.966170,SYS-059,system,Finance,cyber,30,Critical,1.02,"{""metric_1"": 7, ""metric_2"": 20}",False
RSK-002108,2026-06-14T19:18:54.966170,S-032,supplier,Finance,operational,73,High,4.69,"{""metric_1"": 5, ""metric_2"": 26}",False
RSK-002109,2026-07-03T19:18:54.966170,C-0240,customer,Finance,customer,45,Low,3.04,"{""metric_1"": 9, ""metric_2"": 35}",False
RSK-002110,2026-07-25T19:18:54.966170,SYS-021,system,Finance,cyber,90,High,1.29,"{""metric_1"": 5, ""metric_2"": 49}",False
RSK-002111,2026-06-12T19:18:54.966170,SYS-044,system,Finance,fraud,51,Moderate,4.5,"{""metric_1"": 6, ""metric_2"": 33}",True
RSK-002112,2026-08-15T19:18:54.966170,C-4320,customer,Finance,customer,46,Moderate,1.64,"{""metric_1"": 4, ""metric_2"": 17}",False
RSK-002113,2026-06-26T19:18:54.966170,C-1628,customer,Support,customer,46,Low,1.5,"{""metric_1"": 1, ""metric_2"": 34}",False
RSK-002114,2026-07-10T19:18:54.966170,C-1112,customer,IT,financial,12,Moderate,1.2,"{""metric_1"": 2, ""metric_2"": 36}",False
RSK-002115,2026-07-07T19:18:54.966170,SYS-014,system,Support,cyber,47,Moderate,0.15,"{""metric_1"": 8, ""metric_2"": 50}",False
RSK-002116,2026-05-25T19:18:54.966170,C-4673,customer,IT,financial,49,Moderate,2.29,"{""metric_1"": 7, ""metric_2"": 41}",False
RSK-002117,2026-06-26T19:18:54.966170,S-038,supplier,Finance,operational,90,Critical,2.68,"{""metric_1"": 6, ""metric_2"": 26}",False
RSK-002118,2026-08-09T19:18:54.966170,SYS-080,system,Finance,cyber,57,Low,3.91,"{""metric_1"": 4, ""metric_2"": 26}",False
RSK-002119,2026-06-06T19:18:54.966170,SYS-015,system,Finance,fraud,72,High,3.95,"{""metric_1"": 9, ""metric_2"": 26}",True
RSK-002120,2026-08-17T19:18:54.966170,S-036,supplier,Operations,operational,38,High,1.13,"{""metric_1"": 3, ""metric_2"": 25}",False
RSK-002121,2026-07-23T19:18:54.966170,C-3391,customer,Support,customer,24,High,2.41,"{""metric_1"": 1, ""metric_2"": 36}",False
RSK-002122,2026-07-07T19:18:54.966170,SYS-041,system,IT,cyber,56,Low,3.18,"{""metric_1"": 4, ""metric_2"": 16}",True
RSK-002123,2026-06-14T19:18:54.966170,C-2196,customer,Finance,financial,67,Critical,0.99,"{""metric_1"": 1, ""metric_2"": 40}",False
RSK-002124,2026-05-29T19:18:54.966170,S-015,supplier,Operations,operational,70,High,2.6,"{""metric_1"": 1, ""metric_2"": 57}",False
RSK-002125,2026-06-08T19:18:54.966170,SYS-087,system,IT,fraud,70,Low,3.07,"{""metric_1"": 4, ""metric_2"": 33}",True
RSK-002126,2026-07-28T19:18:54.966170,C-3354,customer,Support,financial,73,High,1.43,"{""metric_1"": 7, ""metric_2"": 15}",False
RSK-002127,2026-06-08T19:18:54.966170,S-002,supplier,Finance,operational,16,Critical,1.92,"{""metric_1"": 8, ""metric_2"": 74}",False
RSK-002128,2026-05-30T19:18:54.966170,C-0591,customer,Operations,financial,28,High,3.37,"{""metric_1"": 5, ""metric_2"": 23}",True
RSK-002129,2026-07-29T19:18:54.966170,SYS-048,system,Operations,fraud,68,Moderate,2.72,"{""metric_1"": 2, ""metric_2"": 47}",True
RSK-002130,2026-07-15T19:18:54.966170,SYS-058,system,Operations,fraud,64,Moderate,4.29,"{""metric_1"": 9, ""metric_2"": 93}",True
RSK-002131,2026-07-17T19:18:54.966170,SYS-012,system,Finance,cyber,19,High,1.2,"{""metric_1"": 3, ""metric_2"": 42}",True
RSK-002132,2026-07-12T19:18:54.966170,S-013,supplier,Support,operational,64,High,2.93,"{""metric_1"": 7, ""metric_2"": 76}",True
RSK-002133,2026-06-19T19:18:54.966170,SYS-044,system,Support,fraud,34,Moderate,3.18,"{""metric_1"": 3, ""metric_2"": 87}",True
RSK-002134,2026-05-28T19:18:54.966170,C-0283,customer,Support,financial,99,Critical,4.32,"{""metric_1"": 7, ""metric_2"": 19}",True
RSK-002135,2026-06-03T19:18:54.966170,C-3933,customer,IT,customer,69,Critical,2.03,"{""metric_1"": 5, ""metric_2"": 47}",False
RSK-002136,2026-06-03T19:18:54.966170,C-2840,customer,Support,customer,43,Low,4.23,"{""metric_1"": 4, ""metric_2"": 33}",False
RSK-002137,2026-07-20T19:18:54.966170,C-0375,customer,Support,customer,17,Moderate,0.29,"{""metric_1"": 3, ""metric_2"": 60}",True
RSK-002138,2026-05-24T19:18:54.966170,SYS-086,system,Finance,cyber,25,Low,3.42,"{""metric_1"": 4, ""metric_2"": 52}",False
RSK-002139,2026-06-24T19:18:54.966170,C-0325,customer,IT,financial,89,High,1.23,"{""metric_1"": 3, ""metric_2"": 87}",False
RSK-002140,2026-06-25T19:18:54.966170,C-0830,customer,IT,customer,83,Critical,0.41,"{""metric_1"": 1, ""metric_2"": 30}",False
RSK-002141,2026-06-26T19:18:54.966170,S-049,supplier,IT,operational,60,Critical,4.7,"{""metric_1"": 2, ""metric_2"": 12}",False
RSK-002142,2026-06-20T19:18:54.966170,S-035,supplier,IT,operational,65,Moderate,0.84,"{""metric_1"": 5, ""metric_2"": 39}",False
RSK-002143,2026-07-15T19:18:54.966170,S-036,supplier,IT,operational,87,Moderate,3.09,"{""metric_1"": 4, ""metric_2"": 34}",False
RSK-002144,2026-05-23T19:18:54.966170,SYS-056,system,Operations,cyber,65,High,2.04,"{""metric_1"": 9, ""metric_2"": 50}",True
RSK-002145,2026-08-01T19:18:54.966170,C-2444,customer,Finance,financial,74,Moderate,2.59,"{""metric_1"": 5, ""metric_2"": 84}",True
RSK-002146,2026-06-07T19:18:54.966170,SYS-023,system,IT,cyber,49,High,3.56,"{""metric_1"": 6, ""metric_2"": 20}",True
RSK-002147,2026-07-27T19:18:54.966170,S-014,supplier,Finance,operational,77,Critical,4.65,"{""metric_1"": 9, ""metric_2"": 66}",False
RSK-002148,2026-06-11T19:18:54.966170,SYS-084,system,Support,fraud,38,High,1.35,"{""metric_1"": 6, ""metric_2"": 74}",True
RSK-002149,2026-06-07T19:18:54.966170,SYS-010,system,Support,fraud,15,High,4.75,"{""metric_1"": 1, ""metric_2"": 35}",True
RSK-002150,2026-08-16T19:18:54.966170,C-2726,customer,Operations,customer,17,High,4.04,"{""metric_1"": 6, ""metric_2"": 89}",True
RSK-002151,2026-08-07T19:18:54.966170,C-2741,customer,Operations,customer,62,Critical,0.44,"{""metric_1"": 7, ""metric_2"": 33}",False
RSK-002152,2026-07-20T19:18:54.966170,C-3703,customer,Finance,customer,88,High,0.42,"{""metric_1"": 5, ""metric_2"": 94}",False
RSK-002153,2026-08-05T19:18:54.966170,SYS-063,system,Finance,fraud,21,Moderate,3.85,"{""metric_1"": 9, ""metric_2"": 94}",True
RSK-002154,2026-07-12T19:18:54.966170,SYS-079,system,Finance,fraud,25,High,2.35,"{""metric_1"": 3, ""metric_2"": 92}",True
RSK-002155,2026-06-28T19:18:54.966170,SYS-051,system,Operations,fraud,57,High,0.58,"{""metric_1"": 5, ""metric_2"": 63}",False
RSK-002156,2026-08-17T19:18:54.966170,C-3996,customer,Finance,customer,46,Critical,1.47,"{""metric_1"": 7, ""metric_2"": 20}",True
RSK-002157,2026-06-13T19:18:54.966170,SYS-036,system,IT,fraud,18,Critical,3.86,"{""metric_1"": 4, ""metric_2"": 37}",True
RSK-002158,2026-07-13T19:18:54.966170,SYS-030,system,Finance,cyber,30,High,3.5,"{""metric_1"": 4, ""metric_2"": 22}",True
RSK-002159,2026-06-18T19:18:54.966170,S-004,supplier,Finance,operational,53,Critical,3.14,"{""metric_1"": 3, ""metric_2"": 33}",True
RSK-002160,2026-05-16T19:18:54.966170,C-0547,customer,IT,customer,85,Low,0.15,"{""metric_1"": 7, ""metric_2"": 26}",True
RSK-002161,2026-07-11T19:18:54.966170,SYS-068,system,Finance,cyber,93,Moderate,2.27,"{""metric_1"": 7, ""metric_2"": 37}",False
RSK-002162,2026-08-04T19:18:54.966170,SYS-052,system,Finance,cyber,67,Critical,1.41,"{""metric_1"": 3, ""metric_2"": 73}",True
RSK-002163,2026-07-31T19:18:54.966170,SYS-072,system,Finance,fraud,33,Low,3.95,"{""metric_1"": 9, ""metric_2"": 42}",True
RSK-002164,2026-07-09T19:18:54.966170,C-2858,customer,Support,customer,70,Low,0.59,"{""metric_1"": 2, ""metric_2"": 21}",True
RSK-002165,2026-08-18T19:18:54.966170,SYS-024,system,Support,fraud,58,Low,1.1,"{""metric_1"": 2, ""metric_2"": 56}",True
RSK-002166,2026-05-15T19:18:54.966170,S-030,supplier,IT,operational,30,Critical,2.02,"{""metric_1"": 4, ""metric_2"": 87}",False
RSK-002167,2026-07-16T19:18:54.966170,C-1999,customer,Operations,customer,20,Low,4.77,"{""metric_1"": 5, ""metric_2"": 60}",False
RSK-002168,2026-08-16T19:18:54.966170,C-4878,customer,IT,customer,75,Critical,4.7,"{""metric_1"": 3, ""metric_2"": 41}",False
RSK-002169,2026-08-12T19:18:54.966170,C-4928,customer,IT,customer,90,Critical,4.27,"{""metric_1"": 1, ""metric_2"": 57}",True
RSK-002170,2026-06-16T19:18:54.966170,SYS-025,system,Finance,cyber,23,Low,0.93,"{""metric_1"": 6, ""metric_2"": 23}",True
RSK-002171,2026-07-21T19:18:54.966170,C-3901,customer,IT,financial,13,High,2.55,"{""metric_1"": 1, ""metric_2"": 71}",False
RSK-002172,2026-07-18T19:18:54.966170,SYS-010,system,Operations,fraud,63,High,0.18,"{""metric_1"": 8, ""metric_2"": 10}",True
RSK-002173,2026-08-16T19:18:54.966170,SYS-076,system,Support,cyber,42,Low,3.49,"{""metric_1"": 5, ""metric_2"": 83}",False
RSK-002174,2026-08-15T19:18:54.966170,C-0296,customer,IT,financial,19,Low,0.99,"{""metric_1"": 2, ""metric_2"": 62}",False
RSK-002175,2026-06-13T19:18:54.966170,S-003,supplier,Operations,operational,35,High,0.87,"{""metric_1"": 4, ""metric_2"": 48}",False
RSK-002176,2026-08-12T19:18:54.966170,SYS-006,system,Finance,fraud,16,Moderate,4.06,"{""metric_1"": 4, ""metric_2"": 34}",False
RSK-002177,2026-05-26T19:18:54.966170,S-041,supplier,Finance,operational,93,Critical,1.38,"{""metric_1"": 6, ""metric_2"": 73}",False
RSK-002178,2026-06-02T19:18:54.966170,SYS-047,system,IT,fraud,79,High,0.24,"{""metric_1"": 3, ""metric_2"": 40}",False
RSK-002179,2026-07-19T19:18:54.966170,SYS-055,system,Finance,cyber,17,Moderate,1.98,"{""metric_1"": 5, ""metric_2"": 41}",False
RSK-002180,2026-07-08T19:18:54.966170,C-3981,customer,Operations,financial,40,Low,3.74,"{""metric_1"": 6, ""metric_2"": 41}",False
RSK-002181,2026-05-26T19:18:54.966170,SYS-008,system,Operations,fraud,79,Critical,3.08,"{""metric_1"": 9, ""metric_2"": 57}",False
RSK-002182,2026-05-26T19:18:54.966170,C-1015,customer,Operations,financial,84,Moderate,1.17,"{""metric_1"": 7, ""metric_2"": 30}",False
RSK-002183,2026-07-18T19:18:54.966170,SYS-031,system,Finance,fraud,76,Critical,1.53,"{""metric_1"": 5, ""metric_2"": 34}",True
RSK-002184,2026-07-30T19:18:54.966170,C-0859,customer,IT,customer,21,Moderate,0.26,"{""metric_1"": 2, ""metric_2"": 39}",False
RSK-002185,2026-06-29T19:18:54.966170,C-2583,customer,Operations,customer,74,Low,0.63,"{""metric_1"": 1, ""metric_2"": 26}",False
RSK-002186,2026-05-16T19:18:54.966170,S-044,supplier,Support,operational,89,High,4.96,"{""metric_1"": 9, ""metric_2"": 87}",False
RSK-002187,2026-07-17T19:18:54.966170,SYS-079,system,Operations,fraud,46,Critical,3.89,"{""metric_1"": 2, ""metric_2"": 80}",False
RSK-002188,2026-06-09T19:18:54.966170,C-0378,customer,IT,customer,66,Low,4.41,"{""metric_1"": 8, ""metric_2"": 45}",False
RSK-002189,2026-06-20T19:18:54.966170,S-032,supplier,IT,operational,72,Low,3.53,"{""metric_1"": 4, ""metric_2"": 37}",True
RSK-002190,2026-05-15T19:18:54.966170,SYS-004,system,Finance,fraud,98,Critical,3.85,"{""metric_1"": 7, ""metric_2"": 41}",True
RSK-002191,2026-06-13T19:18:54.966170,S-025,supplier,Support,operational,59,Critical,2.56,"{""metric_1"": 6, ""metric_2"": 20}",True
RSK-002192,2026-06-15T19:18:54.966170,SYS-025,system,Operations,fraud,73,Critical,4.84,"{""metric_1"": 4, ""metric_2"": 36}",False
RSK-002193,2026-07-23T19:18:54.966170,C-4636,customer,Operations,financial,24,Low,4.82,"{""metric_1"": 5, ""metric_2"": 82}",True
RSK-002194,2026-08-13T19:18:54.966170,SYS-012,system,Finance,fraud,19,Low,0.44,"{""metric_1"": 8, ""metric_2"": 60}",False
RSK-002195,2026-08-11T19:18:54.966170,SYS-039,system,Finance,fraud,80,Critical,2.04,"{""metric_1"": 6, ""metric_2"": 29}",False
RSK-002196,2026-06-30T19:18:54.966170,SYS-088,system,Operations,fraud,19,Low,4.31,"{""metric_1"": 4, ""metric_2"": 44}",True
RSK-002197,2026-05-16T19:18:54.966170,SYS-004,system,Finance,fraud,34,Moderate,1.57,"{""metric_1"": 6, ""metric_2"": 63}",True
RSK-002198,2026-07-29T19:18:54.966170,SYS-085,system,IT,fraud,64,Moderate,1.56,"{""metric_1"": 8, ""metric_2"": 28}",False
RSK-002199,2026-07-15T19:18:54.966170,SYS-076,system,Finance,cyber,35,Critical,1.25,"{""metric_1"": 6, ""metric_2"": 18}",False
RSK-002200,2026-06-16T19:18:54.966170,S-028,supplier,IT,operational,72,Low,2.55,"{""metric_1"": 4, ""metric_2"": 63}",True
RSK-002201,2026-06-03T19:18:54.966170,C-3811,customer,Finance,customer,10,High,4.27,"{""metric_1"": 1, ""metric_2"": 65}",True
RSK-002202,2026-08-18T19:18:54.966170,SYS-059,system,IT,cyber,74,Critical,3.82,"{""metric_1"": 2, ""metric_2"": 39}",True
RSK-002203,2026-08-06T19:18:54.966170,SYS-008,system,Support,cyber,45,Low,0.86,"{""metric_1"": 7, ""metric_2"": 33}",True
RSK-002204,2026-08-13T19:18:54.966170,S-020,supplier,Support,operational,82,High,2.6,"{""metric_1"": 8, ""metric_2"": 26}",False
RSK-002205,2026-06-23T19:18:54.966170,C-4759,customer,Finance,financial,22,Critical,0.8,"{""metric_1"": 7, ""metric_2"": 23}",True
RSK-002206,2026-08-07T19:18:54.966170,C-2255,customer,Operations,financial,66,Low,1.33,"{""metric_1"": 6, ""metric_2"": 74}",True
RSK-002207,2026-07-19T19:18:54.966170,SYS-038,system,Operations,fraud,45,Low,3.63,"{""metric_1"": 8, ""metric_2"": 66}",True
RSK-002208,2026-07-26T19:18:54.966170,SYS-002,system,Finance,fraud,20,Critical,2.56,"{""metric_1"": 4, ""metric_2"": 15}",False
RSK-002209,2026-05-22T19:18:54.966170,SYS-057,system,IT,cyber,53,Low,3.35,"{""metric_1"": 3, ""metric_2"": 24}",False
RSK-002210,2026-05-25T19:18:54.966170,C-0622,customer,IT,customer,78,Moderate,1.21,"{""metric_1"": 7, ""metric_2"": 62}",True
RSK-002211,2026-07-29T19:18:54.966170,SYS-089,system,IT,cyber,64,Moderate,2.58,"{""metric_1"": 7, ""metric_2"": 89}",False
RSK-002212,2026-05-30T19:18:54.966170,S-029,supplier,Finance,operational,29,Low,0.65,"{""metric_1"": 7, ""metric_2"": 58}",False
RSK-002213,2026-07-14T19:18:54.966170,C-3640,customer,Operations,financial,11,Low,3.91,"{""metric_1"": 7, ""metric_2"": 50}",False
RSK-002214,2026-08-02T19:18:54.966170,SYS-062,system,IT,fraud,80,High,3.5,"{""metric_1"": 9, ""metric_2"": 99}",True
RSK-002215,2026-06-29T19:18:54.966170,SYS-088,system,Operations,fraud,57,High,4.19,"{""metric_1"": 5, ""metric_2"": 23}",False
RSK-002216,2026-07-21T19:18:54.966170,C-2858,customer,Support,financial,90,Low,3.41,"{""metric_1"": 5, ""metric_2"": 97}",False
RSK-002217,2026-08-13T19:18:54.966170,SYS-037,system,Support,fraud,48,High,4.11,"{""metric_1"": 2, ""metric_2"": 33}",True
RSK-002218,2026-07-10T19:18:54.966170,SYS-073,system,Operations,cyber,89,Critical,1.05,"{""metric_1"": 6, ""metric_2"": 71}",False
RSK-002219,2026-07-24T19:18:54.966170,C-3384,customer,Operations,customer,13,Critical,2.11,"{""metric_1"": 3, ""metric_2"": 33}",True
RSK-002220,2026-08-04T19:18:54.966170,C-4757,customer,Finance,financial,31,Critical,2.81,"{""metric_1"": 6, ""metric_2"": 93}",True
RSK-002221,2026-08-14T19:18:54.966170,C-1970,customer,Operations,financial,65,High,0.59,"{""metric_1"": 4, ""metric_2"": 82}",True
RSK-002222,2026-07-13T19:18:54.966170,C-0746,customer,Operations,financial,68,Critical,4.39,"{""metric_1"": 3, ""metric_2"": 21}",True
RSK-002223,2026-05-20T19:18:54.966170,C-2643,customer,Operations,customer,14,Low,3.13,"{""metric_1"": 6, ""metric_2"": 36}",True
RSK-002224,2026-08-19T19:18:54.966170,SYS-013,system,Operations,cyber,50,Critical,3.6,"{""metric_1"": 9, ""metric_2"": 99}",True
RSK-002225,2026-06-21T19:18:54.966170,SYS-014,system,Support,fraud,11,High,1.59,"{""metric_1"": 7, ""metric_2"": 39}",False
RSK-002226,2026-07-18T19:18:54.966170,C-4370,customer,IT,customer,24,Moderate,0.71,"{""metric_1"": 2, ""metric_2"": 45}",True
RSK-002227,2026-08-13T19:18:54.966170,SYS-042,system,IT,cyber,38,High,1.99,"{""metric_1"": 1, ""metric_2"": 36}",False
RSK-002228,2026-07-29T19:18:54.966170,SYS-022,system,Operations,fraud,36,Moderate,2.73,"{""metric_1"": 9, ""metric_2"": 22}",False
RSK-002229,2026-08-21T19:18:54.966170,SYS-054,system,Support,fraud,12,Critical,0.4,"{""metric_1"": 2, ""metric_2"": 53}",False
RSK-002230,2026-07-06T19:18:54.966170,C-4433,customer,IT,financial,44,Critical,0.14,"{""metric_1"": 7, ""metric_2"": 41}",True
RSK-002231,2026-06-24T19:18:54.966170,C-0104,customer,Operations,customer,57,Critical,0.67,"{""metric_1"": 4, ""metric_2"": 28}",True
RSK-002232,2026-06-21T19:18:54.966170,C-3078,customer,IT,customer,19,Low,0.63,"{""metric_1"": 9, ""metric_2"": 66}",True
RSK-002233,2026-06-28T19:18:54.966170,C-2367,customer,Operations,customer,55,Moderate,1.61,"{""metric_1"": 4, ""metric_2"": 92}",True
RSK-002234,2026-07-12T19:18:54.966170,C-0031,customer,Operations,customer,16,High,3.67,"{""metric_1"": 9, ""metric_2"": 49}",True
RSK-002235,2026-08-02T19:18:54.966170,S-016,supplier,Finance,operational,19,Low,2.02,"{""metric_1"": 7, ""metric_2"": 63}",False
RSK-002236,2026-06-10T19:18:54.966170,SYS-098,system,IT,fraud,30,Low,4.32,"{""metric_1"": 9, ""metric_2"": 75}",True
RSK-002237,2026-06-23T19:18:54.966170,SYS-042,system,Operations,cyber,31,Moderate,1.26,"{""metric_1"": 9, ""metric_2"": 47}",False
RSK-002238,2026-05-15T19:18:54.966170,S-008,supplier,Support,operational,53,Critical,1.74,"{""metric_1"": 3, ""metric_2"": 78}",False
RSK-002239,2026-07-18T19:18:54.966170,SYS-086,system,Operations,fraud,69,High,1.32,"{""metric_1"": 7, ""metric_2"": 27}",True
RSK-002240,2026-08-09T19:18:54.966170,C-0214,customer,Operations,customer,25,Low,4.78,"{""metric_1"": 1, ""metric_2"": 24}",True
RSK-002241,2026-08-02T19:18:54.966170,S-027,supplier,Operations,operational,88,Critical,4.09,"{""metric_1"": 7, ""metric_2"": 61}",True
RSK-002242,2026-08-20T19:18:54.966170,S-014,supplier,Operations,operational,17,Moderate,3.86,"{""metric_1"": 9, ""metric_2"": 30}",False
RSK-002243,2026-08-14T19:18:54.966170,S-027,supplier,IT,operational,52,Low,1.19,"{""metric_1"": 8, ""metric_2"": 54}",True
RSK-002244,2026-08-12T19:18:54.966170,C-0535,customer,Operations,customer,90,Moderate,1.15,"{""metric_1"": 9, ""metric_2"": 78}",True
RSK-002245,2026-05-25T19:18:54.966170,SYS-063,system,Finance,fraud,93,High,2.63,"{""metric_1"": 6, ""metric_2"": 99}",False
RSK-002246,2026-06-30T19:18:54.966170,C-0648,customer,Finance,customer,97,Critical,4.32,"{""metric_1"": 9, ""metric_2"": 10}",False
RSK-002247,2026-08-07T19:18:54.966170,SYS-022,system,Finance,fraud,71,Critical,3.04,"{""metric_1"": 5, ""metric_2"": 10}",True
RSK-002248,2026-07-14T19:18:54.966170,S-050,supplier,Support,operational,59,Moderate,4.76,"{""metric_1"": 7, ""metric_2"": 12}",False
RSK-002249,2026-08-15T19:18:54.966170,S-027,supplier,Support,operational,64,High,4.06,"{""metric_1"": 8, ""metric_2"": 60}",True
RSK-002250,2026-05-23T19:18:54.966170,C-4808,customer,IT,customer,61,Moderate,3.2,"{""metric_1"": 2, ""metric_2"": 38}",True
RSK-002251,2026-08-15T19:18:54.966170,SYS-099,system,IT,cyber,47,High,0.23,"{""metric_1"": 5, ""metric_2"": 56}",False
RSK-002252,2026-06-28T19:18:54.966170,C-0488,customer,Finance,financial,49,High,4.51,"{""metric_1"": 7, ""metric_2"": 52}",False
RSK-002253,2026-06-07T19:18:54.966170,C-4329,customer,Support,financial,78,High,4.53,"{""metric_1"": 4, ""metric_2"": 61}",False
RSK-002254,2026-08-05T19:18:54.966170,SYS-041,system,Support,fraud,68,High,2.75,"{""metric_1"": 7, ""metric_2"": 57}",True
RSK-002255,2026-06-18T19:18:54.966170,SYS-051,system,Support,fraud,44,Low,0.41,"{""metric_1"": 6, ""metric_2"": 30}",True
RSK-002256,2026-05-30T19:18:54.966170,C-0545,customer,Support,customer,21,Critical,1.59,"{""metric_1"": 3, ""metric_2"": 99}",False
RSK-002257,2026-05-29T19:18:54.966170,SYS-076,system,Operations,cyber,34,Moderate,2.65,"{""metric_1"": 4, ""metric_2"": 30}",True
RSK-002258,2026-08-17T19:18:54.966170,SYS-075,system,Operations,cyber,57,Moderate,0.96,"{""metric_1"": 3, ""metric_2"": 53}",True
RSK-002259,2026-06-16T19:18:54.966170,SYS-039,system,Operations,cyber,30,Low,4.29,"{""metric_1"": 6, ""metric_2"": 90}",False
RSK-002260,2026-05-28T19:18:54.966170,SYS-063,system,Support,fraud,87,Critical,2.11,"{""metric_1"": 3, ""metric_2"": 58}",True
RSK-002261,2026-07-30T19:18:54.966170,SYS-089,system,Support,cyber,90,Critical,1.7,"{""metric_1"": 3, ""metric_2"": 15}",False
RSK-002262,2026-08-06T19:18:54.966170,S-015,supplier,IT,operational,43,Low,2.29,"{""metric_1"": 1, ""metric_2"": 33}",False
RSK-002263,2026-05-30T19:18:54.966170,C-1218,customer,IT,financial,44,Critical,1.75,"{""metric_1"": 8, ""metric_2"": 34}",True
RSK-002264,2026-06-21T19:18:54.966170,C-0774,customer,Support,customer,72,High,3.8,"{""metric_1"": 1, ""metric_2"": 74}",True
RSK-002265,2026-06-03T19:18:54.966170,C-0032,customer,IT,customer,51,Moderate,0.9,"{""metric_1"": 1, ""metric_2"": 89}",True
RSK-002266,2026-05-20T19:18:54.966170,C-4763,customer,Operations,financial,37,High,4.51,"{""metric_1"": 5, ""metric_2"": 10}",False
RSK-002267,2026-08-21T19:18:54.966170,SYS-071,system,Operations,cyber,81,Moderate,0.5,"{""metric_1"": 2, ""metric_2"": 10}",False
RSK-002268,2026-06-30T19:18:54.966170,SYS-036,system,IT,fraud,13,High,1.51,"{""metric_1"": 6, ""metric_2"": 72}",True
RSK-002269,2026-07-25T19:18:54.966170,C-4351,customer,Support,financial,53,Low,2.45,"{""metric_1"": 1, ""metric_2"": 38}",False
RSK-002270,2026-07-23T19:18:54.966170,C-0215,customer,Support,financial,51,Moderate,3.91,"{""metric_1"": 7, ""metric_2"": 20}",False
RSK-002271,2026-07-01T19:18:54.966170,SYS-035,system,IT,cyber,30,Moderate,0.87,"{""metric_1"": 9, ""metric_2"": 69}",False
RSK-002272,2026-08-19T19:18:54.966170,C-1963,customer,Support,financial,88,High,1.82,"{""metric_1"": 7, ""metric_2"": 76}",True
RSK-002273,2026-05-22T19:18:54.966170,S-046,supplier,Support,operational,89,Low,1.73,"{""metric_1"": 9, ""metric_2"": 48}",False
RSK-002274,2026-07-16T19:18:54.966170,C-2410,customer,Finance,customer,61,High,0.59,"{""metric_1"": 6, ""metric_2"": 63}",False
RSK-002275,2026-07-11T19:18:54.966170,C-1160,customer,IT,customer,54,Moderate,4.27,"{""metric_1"": 9, ""metric_2"": 14}",False
RSK-002276,2026-07-01T19:18:54.966170,SYS-037,system,Support,cyber,64,Low,4.84,"{""metric_1"": 4, ""metric_2"": 64}",False
RSK-002277,2026-05-30T19:18:54.966170,C-3495,customer,Finance,customer,13,High,2.44,"{""metric_1"": 2, ""metric_2"": 23}",False
RSK-002278,2026-08-13T19:18:54.966170,C-2905,customer,Support,customer,45,High,2.04,"{""metric_1"": 9, ""metric_2"": 73}",False
RSK-002279,2026-08-18T19:18:54.966170,SYS-095,system,IT,cyber,70,Moderate,1.95,"{""metric_1"": 1, ""metric_2"": 20}",False
RSK-002280,2026-05-26T19:18:54.966170,C-3650,customer,Finance,customer,46,Moderate,2.65,"{""metric_1"": 2, ""metric_2"": 11}",True
RSK-002281,2026-05-16T19:18:54.966170,C-1956,customer,Support,customer,13,Low,4.02,"{""metric_1"": 9, ""metric_2"": 37}",True
RSK-002282,2026-06-17T19:18:54.966170,C-2293,customer,Operations,customer,32,Moderate,3.63,"{""metric_1"": 5, ""metric_2"": 29}",True
RSK-002283,2026-07-28T19:18:54.966170,C-4546,customer,Support,financial,20,High,2.04,"{""metric_1"": 6, ""metric_2"": 22}",False
RSK-002284,2026-08-16T19:18:54.966170,SYS-029,system,Support,cyber,56,Moderate,3.41,"{""metric_1"": 3, ""metric_2"": 72}",True
RSK-002285,2026-05-20T19:18:54.966170,SYS-023,system,IT,fraud,48,Low,4.01,"{""metric_1"": 4, ""metric_2"": 31}",False
RSK-002286,2026-05-17T19:18:54.966170,SYS-048,system,IT,fraud,67,Critical,4.55,"{""metric_1"": 5, ""metric_2"": 70}",True
RSK-002287,2026-05-20T19:18:54.966170,SYS-018,system,Finance,fraud,67,Critical,4.63,"{""metric_1"": 2, ""metric_2"": 68}",False
RSK-002288,2026-07-07T19:18:54.966170,S-016,supplier,IT,operational,33,High,2.08,"{""metric_1"": 4, ""metric_2"": 11}",False
RSK-002289,2026-06-30T19:18:54.966170,SYS-079,system,IT,cyber,94,Critical,1.45,"{""metric_1"": 3, ""metric_2"": 54}",True
RSK-002290,2026-08-05T19:18:54.966170,SYS-025,system,IT,fraud,60,Moderate,1.19,"{""metric_1"": 1, ""metric_2"": 73}",False
RSK-002291,2026-06-16T19:18:54.966170,SYS-044,system,Operations,fraud,73,Critical,3.97,"{""metric_1"": 2, ""metric_2"": 35}",True
RSK-002292,2026-06-27T19:18:54.966170,C-3429,customer,Finance,financial,16,Moderate,3.56,"{""metric_1"": 8, ""metric_2"": 24}",False
RSK-002293,2026-07-24T19:18:54.966170,C-4254,customer,Finance,customer,56,Moderate,3.67,"{""metric_1"": 3, ""metric_2"": 79}",False
RSK-002294,2026-07-27T19:18:54.966170,S-021,supplier,IT,operational,71,Critical,4.96,"{""metric_1"": 4, ""metric_2"": 50}",False
RSK-002295,2026-07-09T19:18:54.966170,C-2274,customer,Support,financial,74,High,3.95,"{""metric_1"": 2, ""metric_2"": 99}",True
RSK-002296,2026-08-18T19:18:54.966170,C-4518,customer,Support,financial,94,High,1.21,"{""metric_1"": 1, ""metric_2"": 60}",False
RSK-002297,2026-07-16T19:18:54.966170,SYS-070,system,IT,cyber,92,Critical,3.78,"{""metric_1"": 1, ""metric_2"": 44}",True
RSK-002298,2026-06-30T19:18:54.966170,S-042,supplier,Finance,operational,79,Critical,1.8,"{""metric_1"": 5, ""metric_2"": 92}",True
RSK-002299,2026-07-13T19:18:54.966170,C-1978,customer,Operations,customer,49,High,3.73,"{""metric_1"": 7, ""metric_2"": 81}",True
RSK-002300,2026-07-20T19:18:54.966170,C-0188,customer,Operations,customer,64,High,4.26,"{""metric_1"": 3, ""metric_2"": 32}",True
RSK-002301,2026-08-02T19:18:54.966170,SYS-045,system,Finance,cyber,28,Low,4.59,"{""metric_1"": 9, ""metric_2"": 14}",True
RSK-002302,2026-08-10T19:18:54.966170,SYS-096,system,Support,fraud,18,Critical,2.66,"{""metric_1"": 9, ""metric_2"": 92}",True
RSK-002303,2026-05-24T19:18:54.966170,S-035,supplier,Support,operational,27,High,4.86,"{""metric_1"": 7, ""metric_2"": 90}",False
RSK-002304,2026-08-13T19:18:54.966170,C-1505,customer,Operations,financial,86,High,1.13,"{""metric_1"": 2, ""metric_2"": 25}",False
RSK-002305,2026-07-24T19:18:54.966170,SYS-099,system,Operations,cyber,67,Low,4.51,"{""metric_1"": 3, ""metric_2"": 73}",True
RSK-002306,2026-06-18T19:18:54.966170,C-0433,customer,Support,customer,33,Moderate,3.15,"{""metric_1"": 3, ""metric_2"": 29}",True
RSK-002307,2026-08-20T19:18:54.966170,C-1336,customer,IT,customer,22,Critical,1.22,"{""metric_1"": 5, ""metric_2"": 31}",False
RSK-002308,2026-08-21T19:18:54.966170,SYS-058,system,Finance,cyber,15,High,1.35,"{""metric_1"": 1, ""metric_2"": 88}",True
RSK-002309,2026-08-09T19:18:54.966170,SYS-086,system,Operations,cyber,85,Critical,3.86,"{""metric_1"": 6, ""metric_2"": 16}",False
RSK-002310,2026-08-01T19:18:54.966170,SYS-090,system,Finance,cyber,97,High,3.39,"{""metric_1"": 2, ""metric_2"": 81}",False
RSK-002311,2026-05-21T19:18:54.966170,SYS-053,system,Support,cyber,43,High,3.7,"{""metric_1"": 9, ""metric_2"": 92}",True
RSK-002312,2026-06-06T19:18:54.966170,S-013,supplier,Support,operational,35,Moderate,1.99,"{""metric_1"": 2, ""metric_2"": 56}",True
RSK-002313,2026-07-29T19:18:54.966170,C-3267,customer,Support,customer,15,Moderate,1.93,"{""metric_1"": 9, ""metric_2"": 84}",True
RSK-002314,2026-08-13T19:18:54.966170,SYS-059,system,Operations,cyber,33,High,3.45,"{""metric_1"": 1, ""metric_2"": 34}",False
RSK-002315,2026-06-11T19:18:54.966170,SYS-018,system,IT,cyber,35,Critical,0.95,"{""metric_1"": 5, ""metric_2"": 26}",False
RSK-002316,2026-07-06T19:18:54.966170,SYS-016,system,Support,cyber,83,Critical,0.9,"{""metric_1"": 7, ""metric_2"": 85}",False
RSK-002317,2026-05-30T19:18:54.966170,C-1376,customer,Operations,financial,32,Moderate,0.27,"{""metric_1"": 9, ""metric_2"": 29}",False
RSK-002318,2026-07-22T19:18:54.966170,S-036,supplier,IT,operational,31,High,4.98,"{""metric_1"": 5, ""metric_2"": 76}",True
RSK-002319,2026-08-11T19:18:54.966170,S-011,supplier,Finance,operational,74,Moderate,2.65,"{""metric_1"": 5, ""metric_2"": 61}",False
RSK-002320,2026-07-04T19:18:54.966170,C-0131,customer,IT,financial,91,Moderate,3.65,"{""metric_1"": 5, ""metric_2"": 36}",False
RSK-002321,2026-07-23T19:18:54.966170,SYS-088,system,IT,fraud,36,Low,4.48,"{""metric_1"": 7, ""metric_2"": 98}",True
RSK-002322,2026-05-19T19:18:54.966170,SYS-088,system,IT,fraud,51,Moderate,2.58,"{""metric_1"": 8, ""metric_2"": 21}",False
RSK-002323,2026-08-05T19:18:54.966170,C-4868,customer,Operations,customer,89,Low,1.17,"{""metric_1"": 7, ""metric_2"": 52}",False
RSK-002324,2026-06-02T19:18:54.966170,C-1000,customer,Support,customer,27,Low,4.6,"{""metric_1"": 8, ""metric_2"": 25}",False
RSK-002325,2026-07-11T19:18:54.966170,S-029,supplier,Finance,operational,71,Critical,0.45,"{""metric_1"": 5, ""metric_2"": 15}",False
RSK-002326,2026-06-04T19:18:54.966170,SYS-068,system,Support,fraud,41,Moderate,3.04,"{""metric_1"": 7, ""metric_2"": 40}",True
RSK-002327,2026-06-19T19:18:54.966170,C-1463,customer,Operations,financial,25,Low,3.53,"{""metric_1"": 5, ""metric_2"": 73}",True
RSK-002328,2026-07-09T19:18:54.966170,SYS-018,system,Operations,cyber,69,Moderate,3.05,"{""metric_1"": 4, ""metric_2"": 94}",False
RSK-002329,2026-05-14T19:18:54.966170,C-2669,customer,Support,financial,91,Moderate,1.01,"{""metric_1"": 5, ""metric_2"": 83}",False
RSK-002330,2026-07-26T19:18:54.966170,SYS-052,system,Support,cyber,12,Low,2.25,"{""metric_1"": 1, ""metric_2"": 39}",True
RSK-002331,2026-07-30T19:18:54.966170,C-2536,customer,Finance,customer,71,Moderate,0.3,"{""metric_1"": 4, ""metric_2"": 78}",True
RSK-002332,2026-08-10T19:18:54.966170,SYS-075,system,IT,fraud,90,Moderate,4.38,"{""metric_1"": 1, ""metric_2"": 99}",True
RSK-002333,2026-06-17T19:18:54.966170,C-4503,customer,Operations,financial,57,Critical,4.74,"{""metric_1"": 3, ""metric_2"": 62}",False
RSK-002334,2026-06-03T19:18:54.966170,C-0679,customer,Finance,financial,20,Critical,2.23,"{""metric_1"": 5, ""metric_2"": 61}",False
RSK-002335,2026-05-16T19:18:54.966170,C-0125,customer,Operations,financial,26,Critical,2.41,"{""metric_1"": 3, ""metric_2"": 54}",False
RSK-002336,2026-07-22T19:18:54.966170,S-029,supplier,Operations,operational,57,High,1.33,"{""metric_1"": 4, ""metric_2"": 97}",False
RSK-002337,2026-06-28T19:18:54.966170,C-4606,customer,IT,customer,30,Low,1.3,"{""metric_1"": 4, ""metric_2"": 74}",False
RSK-002338,2026-08-03T19:18:54.966170,S-016,supplier,Finance,operational,94,Moderate,4.88,"{""metric_1"": 7, ""metric_2"": 12}",True
RSK-002339,2026-08-08T19:18:54.966170,S-042,supplier,IT,operational,88,Low,2.07,"{""metric_1"": 7, ""metric_2"": 69}",True
RSK-002340,2026-06-09T19:18:54.966170,C-4071,customer,IT,financial,57,Moderate,2.65,"{""metric_1"": 4, ""metric_2"": 72}",False
RSK-002341,2026-05-17T19:18:54.966170,C-2221,customer,Support,customer,99,Low,1.55,"{""metric_1"": 8, ""metric_2"": 98}",True
RSK-002342,2026-07-12T19:18:54.966170,SYS-013,system,Support,fraud,74,Low,2.32,"{""metric_1"": 7, ""metric_2"": 52}",False
RSK-002343,2026-08-02T19:18:54.966170,C-4843,customer,Finance,customer,10,Critical,1.27,"{""metric_1"": 5, ""metric_2"": 59}",True
RSK-002344,2026-05-14T19:18:54.966170,C-2450,customer,Support,customer,12,Low,1.14,"{""metric_1"": 4, ""metric_2"": 38}",True
RSK-002345,2026-07-07T19:18:54.966170,SYS-074,system,IT,cyber,31,Moderate,4.21,"{""metric_1"": 8, ""metric_2"": 93}",False
RSK-002346,2026-05-24T19:18:54.966170,C-2482,customer,Operations,customer,28,Critical,2.04,"{""metric_1"": 2, ""metric_2"": 53}",False
RSK-002347,2026-07-21T19:18:54.966170,SYS-002,system,Finance,cyber,27,Critical,4.93,"{""metric_1"": 6, ""metric_2"": 45}",True
RSK-002348,2026-07-07T19:18:54.966170,SYS-086,system,Support,fraud,33,Critical,0.83,"{""metric_1"": 8, ""metric_2"": 58}",False
RSK-002349,2026-05-18T19:18:54.966170,C-0460,customer,Support,financial,24,Critical,2.64,"{""metric_1"": 9, ""metric_2"": 38}",True
RSK-002350,2026-08-20T19:18:54.966170,SYS-001,system,Finance,fraud,66,High,4.33,"{""metric_1"": 5, ""metric_2"": 34}",True
RSK-002351,2026-07-18T19:18:54.966170,S-005,supplier,Finance,operational,41,High,1.56,"{""metric_1"": 3, ""metric_2"": 59}",True
RSK-002352,2026-07-05T19:18:54.966170,SYS-071,system,Operations,cyber,20,High,0.28,"{""metric_1"": 1, ""metric_2"": 26}",True
RSK-002353,2026-06-06T19:18:54.966170,C-1400,customer,IT,financial,64,High,3.15,"{""metric_1"": 7, ""metric_2"": 81}",False
RSK-002354,2026-07-18T19:18:54.966170,SYS-002,system,Finance,fraud,30,Moderate,4.46,"{""metric_1"": 9, ""metric_2"": 39}",True
RSK-002355,2026-05-28T19:18:54.966170,SYS-052,system,Finance,cyber,71,Low,1.89,"{""metric_1"": 6, ""metric_2"": 81}",False
RSK-002356,2026-08-06T19:18:54.966170,C-0618,customer,Operations,customer,26,High,4.42,"{""metric_1"": 6, ""metric_2"": 80}",False
RSK-002357,2026-05-30T19:18:54.966170,SYS-014,system,Support,cyber,47,High,0.99,"{""metric_1"": 7, ""metric_2"": 44}",True
RSK-002358,2026-06-16T19:18:54.966170,C-3619,customer,Operations,financial,40,Critical,4.3,"{""metric_1"": 8, ""metric_2"": 35}",True
RSK-002359,2026-07-31T19:18:54.966170,C-1614,customer,IT,financial,96,High,1.73,"{""metric_1"": 4, ""metric_2"": 22}",False
RSK-002360,2026-07-22T19:18:54.966170,S-050,supplier,IT,operational,51,Moderate,4.07,"{""metric_1"": 3, ""metric_2"": 23}",True
RSK-002361,2026-05-31T19:18:54.966170,C-0518,customer,IT,customer,94,High,2.02,"{""metric_1"": 7, ""metric_2"": 87}",True
RSK-002362,2026-06-19T19:18:54.966170,C-3538,customer,Operations,customer,63,Low,3.36,"{""metric_1"": 5, ""metric_2"": 68}",False
RSK-002363,2026-08-06T19:18:54.966170,SYS-006,system,IT,cyber,22,Low,0.25,"{""metric_1"": 4, ""metric_2"": 71}",True
RSK-002364,2026-07-21T19:18:54.966170,SYS-028,system,Support,fraud,78,High,4.19,"{""metric_1"": 1, ""metric_2"": 79}",False
RSK-002365,2026-06-01T19:18:54.966170,C-2182,customer,IT,financial,66,Moderate,4.23,"{""metric_1"": 8, ""metric_2"": 52}",True
RSK-002366,2026-08-05T19:18:54.966170,S-018,supplier,Finance,operational,50,Critical,4.05,"{""metric_1"": 9, ""metric_2"": 14}",True
RSK-002367,2026-08-03T19:18:54.966170,C-4693,customer,Operations,customer,77,Moderate,1.16,"{""metric_1"": 4, ""metric_2"": 11}",True
RSK-002368,2026-08-03T19:18:54.966170,C-2794,customer,Operations,financial,48,Low,4.0,"{""metric_1"": 4, ""metric_2"": 93}",True
RSK-002369,2026-07-10T19:18:54.966170,C-2693,customer,IT,financial,71,Critical,0.42,"{""metric_1"": 9, ""metric_2"": 71}",False
RSK-002370,2026-07-12T19:18:54.966170,C-4502,customer,Support,customer,55,Low,2.4,"{""metric_1"": 7, ""metric_2"": 58}",True
RSK-002371,2026-06-15T19:18:54.966170,S-025,supplier,Finance,operational,85,Moderate,3.89,"{""metric_1"": 4, ""metric_2"": 69}",True
RSK-002372,2026-06-18T19:18:54.966170,SYS-065,system,Finance,cyber,56,Low,3.06,"{""metric_1"": 4, ""metric_2"": 63}",False
RSK-002373,2026-07-03T19:18:54.966170,C-3273,customer,Finance,customer,99,Moderate,0.5,"{""metric_1"": 4, ""metric_2"": 90}",True
RSK-002374,2026-05-21T19:18:54.966170,C-2022,customer,Finance,customer,93,Critical,4.94,"{""metric_1"": 6, ""metric_2"": 48}",False
RSK-002375,2026-05-27T19:18:54.966170,SYS-092,system,IT,fraud,40,Critical,1.96,"{""metric_1"": 7, ""metric_2"": 18}",True
RSK-002376,2026-05-23T19:18:54.966170,SYS-039,system,IT,cyber,72,High,2.91,"{""metric_1"": 8, ""metric_2"": 30}",True
RSK-002377,2026-08-20T19:18:54.966170,S-005,supplier,Operations,operational,48,Low,0.94,"{""metric_1"": 2, ""metric_2"": 29}",False
RSK-002378,2026-05-17T19:18:54.966170,SYS-014,system,Operations,fraud,92,Low,3.28,"{""metric_1"": 6, ""metric_2"": 59}",True
RSK-002379,2026-06-06T19:18:54.966170,C-0204,customer,Operations,financial,38,Critical,1.4,"{""metric_1"": 4, ""metric_2"": 49}",False
RSK-002380,2026-08-14T19:18:54.966170,C-4471,customer,Operations,financial,21,Moderate,4.94,"{""metric_1"": 7, ""metric_2"": 31}",True
RSK-002381,2026-08-09T19:18:54.966170,S-003,supplier,Support,operational,82,Critical,0.51,"{""metric_1"": 6, ""metric_2"": 44}",True
RSK-002382,2026-07-23T19:18:54.966170,S-047,supplier,Finance,operational,32,Low,2.4,"{""metric_1"": 3, ""metric_2"": 87}",False
RSK-002383,2026-07-21T19:18:54.966170,S-025,supplier,Support,operational,43,High,2.28,"{""metric_1"": 8, ""metric_2"": 34}",True
RSK-002384,2026-05-30T19:18:54.966170,C-0294,customer,Finance,customer,81,High,1.75,"{""metric_1"": 7, ""metric_2"": 55}",False
RSK-002385,2026-05-24T19:18:54.966170,SYS-074,system,Finance,cyber,95,High,4.13,"{""metric_1"": 4, ""metric_2"": 16}",True
RSK-002386,2026-07-14T19:18:54.966170,S-031,supplier,Finance,operational,44,High,2.94,"{""metric_1"": 5, ""metric_2"": 55}",True
RSK-002387,2026-07-23T19:18:54.966170,C-4468,customer,Finance,financial,92,Critical,4.26,"{""metric_1"": 2, ""metric_2"": 47}",False
RSK-002388,2026-07-06T19:18:54.966170,SYS-026,system,Support,fraud,86,Critical,3.55,"{""metric_1"": 5, ""metric_2"": 37}",True
RSK-002389,2026-06-06T19:18:54.966170,SYS-036,system,Operations,cyber,39,Moderate,3.52,"{""metric_1"": 8, ""metric_2"": 99}",True
RSK-002390,2026-05-28T19:18:54.966170,SYS-052,system,Support,fraud,64,High,2.19,"{""metric_1"": 4, ""metric_2"": 48}",False
RSK-002391,2026-07-07T19:18:54.966170,SYS-091,system,IT,cyber,93,Low,2.65,"{""metric_1"": 9, ""metric_2"": 20}",False
RSK-002392,2026-07-13T19:18:54.966170,SYS-020,system,Finance,cyber,70,High,4.23,"{""metric_1"": 4, ""metric_2"": 15}",True
RSK-002393,2026-05-15T19:18:54.966170,C-0011,customer,IT,financial,49,Low,4.65,"{""metric_1"": 1, ""metric_2"": 90}",False
RSK-002394,2026-07-14T19:18:54.966170,SYS-074,system,Finance,fraud,79,Moderate,1.27,"{""metric_1"": 2, ""metric_2"": 84}",True
RSK-002395,2026-05-20T19:18:54.966170,S-037,supplier,Support,operational,61,Moderate,0.73,"{""metric_1"": 8, ""metric_2"": 60}",False
RSK-002396,2026-07-10T19:18:54.966170,SYS-094,system,Operations,fraud,38,Moderate,2.21,"{""metric_1"": 1, ""metric_2"": 78}",True
RSK-002397,2026-05-17T19:18:54.966170,SYS-041,system,Operations,fraud,11,Moderate,4.78,"{""metric_1"": 7, ""metric_2"": 17}",True
RSK-002398,2026-05-27T19:18:54.966170,SYS-007,system,Support,cyber,44,Low,1.21,"{""metric_1"": 2, ""metric_2"": 21}",False
RSK-002399,2026-06-19T19:18:54.966170,C-0903,customer,Operations,customer,20,Low,4.97,"{""metric_1"": 1, ""metric_2"": 38}",True
RSK-002400,2026-08-08T19:18:54.966170,C-1761,customer,Support,customer,86,Moderate,1.54,"{""metric_1"": 3, ""metric_2"": 95}",False
RSK-002401,2026-06-24T19:18:54.966170,SYS-080,system,Operations,cyber,41,Critical,1.08,"{""metric_1"": 6, ""metric_2"": 76}",False
RSK-002402,2026-07-05T19:18:54.966170,C-1396,customer,Finance,financial,26,Moderate,3.66,"{""metric_1"": 2, ""metric_2"": 93}",True
RSK-002403,2026-07-03T19:18:54.966170,C-2834,customer,Support,customer,20,Moderate,4.33,"{""metric_1"": 9, ""metric_2"": 70}",False
RSK-002404,2026-05-18T19:18:54.966170,S-049,supplier,IT,operational,70,Moderate,2.31,"{""metric_1"": 3, ""metric_2"": 95}",True
RSK-002405,2026-05-21T19:18:54.966170,S-035,supplier,Support,operational,62,Moderate,1.07,"{""metric_1"": 3, ""metric_2"": 38}",False
RSK-002406,2026-08-01T19:18:54.966170,S-004,supplier,Finance,operational,28,High,1.62,"{""metric_1"": 1, ""metric_2"": 79}",True
RSK-002407,2026-06-07T19:18:54.966170,C-3129,customer,IT,customer,40,High,3.81,"{""metric_1"": 1, ""metric_2"": 97}",False
RSK-002408,2026-07-09T19:18:54.966170,S-014,supplier,IT,operational,21,Critical,4.08,"{""metric_1"": 1, ""metric_2"": 72}",False
RSK-002409,2026-07-16T19:18:54.966170,S-002,supplier,Finance,operational,15,Low,2.07,"{""metric_1"": 6, ""metric_2"": 72}",False
RSK-002410,2026-06-15T19:18:54.966170,SYS-068,system,Support,cyber,60,Moderate,4.79,"{""metric_1"": 9, ""metric_2"": 52}",True
RSK-002411,2026-07-08T19:18:54.966170,C-4885,customer,Support,customer,35,Low,4.11,"{""metric_1"": 9, ""metric_2"": 64}",True
RSK-002412,2026-05-20T19:18:54.966170,SYS-014,system,Support,fraud,83,High,0.3,"{""metric_1"": 9, ""metric_2"": 26}",False
RSK-002413,2026-08-19T19:18:54.966170,C-4807,customer,Support,customer,32,Critical,4.91,"{""metric_1"": 8, ""metric_2"": 36}",True
RSK-002414,2026-06-18T19:18:54.966170,SYS-002,system,Operations,cyber,17,Low,4.72,"{""metric_1"": 7, ""metric_2"": 26}",True
RSK-002415,2026-08-10T19:18:54.966170,S-006,supplier,IT,operational,21,Moderate,4.98,"{""metric_1"": 4, ""metric_2"": 80}",False
RSK-002416,2026-08-17T19:18:54.966170,SYS-080,system,IT,fraud,64,Moderate,4.81,"{""metric_1"": 6, ""metric_2"": 96}",False
RSK-002417,2026-06-26T19:18:54.966170,S-044,supplier,Support,operational,91,High,2.02,"{""metric_1"": 8, ""metric_2"": 52}",False
RSK-002418,2026-05-30T19:18:54.966170,C-0933,customer,Finance,customer,68,Low,0.77,"{""metric_1"": 1, ""metric_2"": 40}",True
RSK-002419,2026-07-10T19:18:54.966170,C-3426,customer,IT,customer,99,High,1.13,"{""metric_1"": 5, ""metric_2"": 35}",True
RSK-002420,2026-06-14T19:18:54.966170,S-033,supplier,Operations,operational,45,High,1.12,"{""metric_1"": 2, ""metric_2"": 33}",True
RSK-002421,2026-08-18T19:18:54.966170,SYS-014,system,IT,fraud,32,Critical,3.03,"{""metric_1"": 9, ""metric_2"": 62}",True
RSK-002422,2026-06-08T19:18:54.966170,SYS-087,system,IT,cyber,46,Critical,3.19,"{""metric_1"": 5, ""metric_2"": 33}",True
RSK-002423,2026-05-22T19:18:54.966170,SYS-002,system,Support,cyber,19,Low,3.25,"{""metric_1"": 9, ""metric_2"": 29}",True
RSK-002424,2026-07-20T19:18:54.966170,S-008,supplier,IT,operational,79,Low,4.16,"{""metric_1"": 6, ""metric_2"": 69}",True
RSK-002425,2026-06-29T19:18:54.966170,C-3873,customer,Support,financial,37,Critical,4.15,"{""metric_1"": 6, ""metric_2"": 79}",True
RSK-002426,2026-06-13T19:18:54.966170,SYS-081,system,Support,cyber,49,Low,3.57,"{""metric_1"": 6, ""metric_2"": 20}",True
RSK-002427,2026-07-27T19:18:54.966170,C-3594,customer,Finance,customer,91,Moderate,2.98,"{""metric_1"": 2, ""metric_2"": 19}",True
RSK-002428,2026-07-02T19:18:54.966170,C-3766,customer,Support,customer,97,Low,1.21,"{""metric_1"": 4, ""metric_2"": 75}",True
RSK-002429,2026-07-13T19:18:54.966170,C-4435,customer,Finance,financial,57,Low,3.13,"{""metric_1"": 8, ""metric_2"": 74}",True
RSK-002430,2026-07-22T19:18:54.966170,S-012,supplier,IT,operational,55,Critical,1.02,"{""metric_1"": 5, ""metric_2"": 99}",False
RSK-002431,2026-06-03T19:18:54.966170,SYS-002,system,Support,cyber,58,Moderate,3.74,"{""metric_1"": 4, ""metric_2"": 57}",False
RSK-002432,2026-06-06T19:18:54.966170,C-4610,customer,Finance,customer,15,Low,0.38,"{""metric_1"": 2, ""metric_2"": 80}",True
RSK-002433,2026-08-04T19:18:54.966170,SYS-022,system,Support,cyber,51,Low,4.3,"{""metric_1"": 8, ""metric_2"": 44}",True
RSK-002434,2026-06-05T19:18:54.966170,S-040,supplier,Operations,operational,78,Critical,2.15,"{""metric_1"": 4, ""metric_2"": 59}",False
RSK-002435,2026-07-18T19:18:54.966170,S-044,supplier,IT,operational,26,Critical,2.52,"{""metric_1"": 6, ""metric_2"": 45}",True
RSK-002436,2026-07-06T19:18:54.966170,SYS-071,system,Support,cyber,25,Critical,3.16,"{""metric_1"": 1, ""metric_2"": 34}",False
RSK-002437,2026-08-16T19:18:54.966170,C-4499,customer,IT,financial,29,High,5.0,"{""metric_1"": 7, ""metric_2"": 35}",False
RSK-002438,2026-07-05T19:18:54.966170,SYS-087,system,Operations,fraud,55,Moderate,1.88,"{""metric_1"": 1, ""metric_2"": 41}",True
RSK-002439,2026-08-16T19:18:54.966170,SYS-085,system,Operations,cyber,33,Critical,2.47,"{""metric_1"": 9, ""metric_2"": 72}",True
RSK-002440,2026-07-27T19:18:54.966170,S-012,supplier,IT,operational,41,High,4.13,"{""metric_1"": 6, ""metric_2"": 84}",True
RSK-002441,2026-06-03T19:18:54.966170,C-2062,customer,Finance,financial,11,Critical,0.63,"{""metric_1"": 6, ""metric_2"": 66}",False
RSK-002442,2026-05-17T19:18:54.966170,SYS-094,system,Finance,fraud,37,Low,0.45,"{""metric_1"": 2, ""metric_2"": 84}",False
RSK-002443,2026-06-01T19:18:54.966170,S-049,supplier,Operations,operational,20,Critical,2.25,"{""metric_1"": 8, ""metric_2"": 47}",True
RSK-002444,2026-06-13T19:18:54.966170,C-0114,customer,IT,financial,41,Low,1.76,"{""metric_1"": 4, ""metric_2"": 36}",False
RSK-002445,2026-05-23T19:18:54.966170,SYS-087,system,Operations,fraud,16,High,3.14,"{""metric_1"": 8, ""metric_2"": 99}",True
RSK-002446,2026-06-08T19:18:54.966170,C-1920,customer,Operations,customer,69,Critical,4.81,"{""metric_1"": 5, ""metric_2"": 26}",False
RSK-002447,2026-08-04T19:18:54.966170,SYS-043,system,IT,cyber,95,Moderate,4.93,"{""metric_1"": 7, ""metric_2"": 88}",True
RSK-002448,2026-08-10T19:18:54.966170,S-010,supplier,Finance,operational,26,Critical,1.71,"{""metric_1"": 1, ""metric_2"": 98}",True
RSK-002449,2026-08-04T19:18:54.966170,S-015,supplier,Operations,operational,33,High,2.61,"{""metric_1"": 7, ""metric_2"": 45}",True
RSK-002450,2026-07-03T19:18:54.966170,SYS-056,system,Finance,cyber,52,Moderate,3.73,"{""metric_1"": 3, ""metric_2"": 94}",False
RSK-002451,2026-05-22T19:18:54.966170,S-002,supplier,Support,operational,44,Moderate,4.09,"{""metric_1"": 5, ""metric_2"": 95}",True
RSK-002452,2026-06-19T19:18:54.966170,SYS-046,system,Operations,fraud,50,Critical,1.54,"{""metric_1"": 4, ""metric_2"": 97}",True
RSK-002453,2026-08-10T19:18:54.966170,SYS-078,system,IT,fraud,52,Moderate,1.84,"{""metric_1"": 9, ""metric_2"": 73}",True
RSK-002454,2026-06-01T19:18:54.966170,SYS-028,system,Operations,cyber,61,Critical,0.64,"{""metric_1"": 4, ""metric_2"": 23}",True
RSK-002455,2026-08-10T19:18:54.966170,SYS-072,system,Operations,fraud,35,High,3.48,"{""metric_1"": 4, ""metric_2"": 56}",False
RSK-002456,2026-06-16T19:18:54.966170,S-020,supplier,Support,operational,27,Critical,3.95,"{""metric_1"": 5, ""metric_2"": 74}",True
RSK-002457,2026-06-24T19:18:54.966170,S-046,supplier,Support,operational,41,Low,1.88,"{""metric_1"": 2, ""metric_2"": 75}",True
RSK-002458,2026-05-31T19:18:54.966170,S-017,supplier,Operations,operational,45,Critical,2.25,"{""metric_1"": 2, ""metric_2"": 80}",True
RSK-002459,2026-07-10T19:18:54.966170,SYS-046,system,Support,fraud,15,Low,4.65,"{""metric_1"": 5, ""metric_2"": 22}",False
RSK-002460,2026-06-28T19:18:54.966170,SYS-067,system,IT,fraud,88,Low,4.24,"{""metric_1"": 2, ""metric_2"": 14}",False
RSK-002461,2026-06-14T19:18:54.966170,S-037,supplier,Operations,operational,37,Low,4.48,"{""metric_1"": 6, ""metric_2"": 78}",True
RSK-002462,2026-07-16T19:18:54.966170,S-006,supplier,Finance,operational,12,Low,2.06,"{""metric_1"": 6, ""metric_2"": 76}",True
RSK-002463,2026-05-28T19:18:54.966170,C-4189,customer,Finance,customer,56,High,1.48,"{""metric_1"": 2, ""metric_2"": 19}",True
RSK-002464,2026-07-27T19:18:54.966170,SYS-080,system,IT,fraud,49,Moderate,2.99,"{""metric_1"": 8, ""metric_2"": 69}",False
RSK-002465,2026-06-07T19:18:54.966170,SYS-033,system,Operations,cyber,90,Moderate,2.38,"{""metric_1"": 9, ""metric_2"": 26}",False
RSK-002466,2026-07-09T19:18:54.966170,S-015,supplier,Operations,operational,79,Critical,2.42,"{""metric_1"": 4, ""metric_2"": 25}",True
RSK-002467,2026-06-20T19:18:54.966170,C-2971,customer,Finance,financial,60,Low,2.49,"{""metric_1"": 2, ""metric_2"": 30}",False
RSK-002468,2026-06-16T19:18:54.966170,C-1529,customer,Finance,customer,60,Critical,3.77,"{""metric_1"": 2, ""metric_2"": 39}",True
RSK-002469,2026-06-17T19:18:54.966170,S-034,supplier,Operations,operational,41,Moderate,2.36,"{""metric_1"": 7, ""metric_2"": 93}",True
RSK-002470,2026-07-18T19:18:54.966170,C-4741,customer,IT,customer,47,High,1.44,"{""metric_1"": 9, ""metric_2"": 19}",False
RSK-002471,2026-05-23T19:18:54.966170,S-005,supplier,Operations,operational,61,Critical,3.41,"{""metric_1"": 8, ""metric_2"": 33}",False
RSK-002472,2026-05-30T19:18:54.966170,SYS-001,system,Support,fraud,43,Critical,2.32,"{""metric_1"": 3, ""metric_2"": 12}",True
RSK-002473,2026-06-20T19:18:54.966170,C-4764,customer,IT,financial,62,Moderate,3.91,"{""metric_1"": 1, ""metric_2"": 21}",False
RSK-002474,2026-08-05T19:18:54.966170,S-018,supplier,IT,operational,26,Critical,3.35,"{""metric_1"": 9, ""metric_2"": 31}",False
RSK-002475,2026-08-13T19:18:54.966170,SYS-010,system,Finance,cyber,58,High,4.67,"{""metric_1"": 4, ""metric_2"": 41}",True
RSK-002476,2026-07-03T19:18:54.966170,S-023,supplier,Finance,operational,92,Low,2.94,"{""metric_1"": 7, ""metric_2"": 93}",True
RSK-002477,2026-05-25T19:18:54.966170,S-049,supplier,Operations,operational,71,Critical,1.61,"{""metric_1"": 9, ""metric_2"": 61}",True
RSK-002478,2026-07-10T19:18:54.966170,C-4197,customer,Operations,financial,87,Critical,3.05,"{""metric_1"": 2, ""metric_2"": 50}",True
RSK-002479,2026-06-02T19:18:54.966170,SYS-018,system,Finance,cyber,89,High,1.32,"{""metric_1"": 2, ""metric_2"": 59}",True
RSK-002480,2026-07-25T19:18:54.966170,C-4011,customer,Support,financial,13,High,1.07,"{""metric_1"": 7, ""metric_2"": 33}",False
RSK-002481,2026-07-22T19:18:54.966170,SYS-026,system,IT,fraud,98,High,1.79,"{""metric_1"": 7, ""metric_2"": 39}",True
RSK-002482,2026-08-20T19:18:54.966170,C-2236,customer,Finance,financial,15,Moderate,2.6,"{""metric_1"": 1, ""metric_2"": 25}",True
RSK-002483,2026-06-01T19:18:54.966170,SYS-046,system,Operations,fraud,30,Critical,4.62,"{""metric_1"": 1, ""metric_2"": 85}",True
RSK-002484,2026-06-01T19:18:54.966170,C-1337,customer,IT,customer,76,Moderate,2.53,"{""metric_1"": 6, ""metric_2"": 51}",True
RSK-002485,2026-07-13T19:18:54.966170,C-1083,customer,IT,financial,81,Critical,3.97,"{""metric_1"": 6, ""metric_2"": 42}",False
RSK-002486,2026-06-07T19:18:54.966170,S-040,supplier,Operations,operational,33,Low,0.41,"{""metric_1"": 8, ""metric_2"": 42}",False
RSK-002487,2026-05-20T19:18:54.966170,C-2690,customer,Finance,customer,69,High,4.07,"{""metric_1"": 7, ""metric_2"": 85}",False
RSK-002488,2026-08-02T19:18:54.966170,C-1147,customer,Finance,financial,33,High,2.16,"{""metric_1"": 7, ""metric_2"": 99}",True
RSK-002489,2026-07-29T19:18:54.966170,SYS-091,system,Support,fraud,81,Low,1.68,"{""metric_1"": 8, ""metric_2"": 25}",True
RSK-002490,2026-06-12T19:18:54.966170,C-3525,customer,IT,financial,54,Low,2.57,"{""metric_1"": 9, ""metric_2"": 41}",True
RSK-002491,2026-06-26T19:18:54.966170,SYS-095,system,Support,fraud,56,High,2.89,"{""metric_1"": 9, ""metric_2"": 79}",False
RSK-002492,2026-07-23T19:18:54.966170,SYS-069,system,Support,fraud,62,Critical,2.89,"{""metric_1"": 5, ""metric_2"": 78}",True
RSK-002493,2026-08-10T19:18:54.966170,C-4560,customer,Support,financial,19,Critical,3.51,"{""metric_1"": 3, ""metric_2"": 45}",False
RSK-002494,2026-05-25T19:18:54.966170,SYS-056,system,Finance,cyber,56,Moderate,0.95,"{""metric_1"": 2, ""metric_2"": 49}",True
RSK-002495,2026-06-09T19:18:54.966170,C-4439,customer,Operations,customer,81,Low,0.81,"{""metric_1"": 8, ""metric_2"": 26}",False
RSK-002496,2026-06-24T19:18:54.966170,S-049,supplier,IT,operational,17,Moderate,0.65,"{""metric_1"": 8, ""metric_2"": 53}",True
RSK-002497,2026-05-20T19:18:54.966170,SYS-024,system,Support,cyber,10,High,0.19,"{""metric_1"": 5, ""metric_2"": 37}",True
RSK-002498,2026-08-17T19:18:54.966170,SYS-093,system,Support,cyber,78,Low,2.68,"{""metric_1"": 4, ""metric_2"": 27}",True
RSK-002499,2026-05-18T19:18:54.966170,S-005,supplier,Finance,operational,77,Critical,0.42,"{""metric_1"": 8, ""metric_2"": 59}",True
RSK-002500,2026-07-02T19:18:54.966170,SYS-090,system,Support,cyber,15,Low,1.58,"{""metric_1"": 7, ""metric_2"": 39}",True
RSK-002501,2026-06-05T19:18:54.966170,SYS-086,system,Finance,fraud,68,Low,2.54,"{""metric_1"": 7, ""metric_2"": 36}",False
RSK-002502,2026-07-02T19:18:54.966170,C-2474,customer,Operations,customer,26,Low,3.04,"{""metric_1"": 6, ""metric_2"": 63}",True
RSK-002503,2026-07-30T19:18:54.966170,S-042,supplier,Finance,operational,24,High,2.87,"{""metric_1"": 5, ""metric_2"": 62}",True
RSK-002504,2026-06-23T19:18:54.966170,C-0955,customer,IT,financial,65,Moderate,0.92,"{""metric_1"": 7, ""metric_2"": 60}",False
RSK-002505,2026-07-23T19:18:54.966170,SYS-058,system,IT,cyber,79,Moderate,3.86,"{""metric_1"": 8, ""metric_2"": 96}",True
RSK-002506,2026-06-20T19:18:54.966170,SYS-040,system,Operations,cyber,72,Critical,2.27,"{""metric_1"": 3, ""metric_2"": 75}",True
RSK-002507,2026-06-01T19:18:54.966170,C-3091,customer,Operations,customer,98,Moderate,0.44,"{""metric_1"": 2, ""metric_2"": 92}",False
RSK-002508,2026-06-25T19:18:54.966170,S-006,supplier,Operations,operational,56,Moderate,4.86,"{""metric_1"": 8, ""metric_2"": 28}",True
RSK-002509,2026-08-19T19:18:54.966170,S-033,supplier,Operations,operational,30,High,1.72,"{""metric_1"": 1, ""metric_2"": 75}",False
RSK-002510,2026-07-24T19:18:54.966170,SYS-033,system,IT,cyber,79,High,2.86,"{""metric_1"": 8, ""metric_2"": 67}",False
RSK-002511,2026-08-21T19:18:54.966170,C-1540,customer,IT,financial,85,High,0.89,"{""metric_1"": 9, ""metric_2"": 48}",False
RSK-002512,2026-07-25T19:18:54.966170,SYS-031,system,Finance,fraud,34,Moderate,2.55,"{""metric_1"": 6, ""metric_2"": 58}",True
RSK-002513,2026-07-14T19:18:54.966170,SYS-072,system,Operations,fraud,24,Critical,3.75,"{""metric_1"": 9, ""metric_2"": 32}",True
RSK-002514,2026-07-26T19:18:54.966170,SYS-008,system,Support,fraud,18,High,1.44,"{""metric_1"": 5, ""metric_2"": 68}",False
RSK-002515,2026-07-07T19:18:54.966170,C-3696,customer,Operations,customer,47,High,2.95,"{""metric_1"": 4, ""metric_2"": 50}",True
RSK-002516,2026-07-09T19:18:54.966170,C-2805,customer,Operations,financial,38,Low,1.3,"{""metric_1"": 3, ""metric_2"": 68}",True
RSK-002517,2026-05-24T19:18:54.966170,SYS-084,system,Finance,fraud,43,Critical,0.65,"{""metric_1"": 2, ""metric_2"": 63}",False
RSK-002518,2026-07-01T19:18:54.966170,SYS-008,system,Operations,fraud,24,High,3.47,"{""metric_1"": 6, ""metric_2"": 99}",False
RSK-002519,2026-05-16T19:18:54.966170,C-2507,customer,Operations,financial,44,Moderate,2.55,"{""metric_1"": 5, ""metric_2"": 51}",False
RSK-002520,2026-08-04T19:18:54.966170,C-1256,customer,Support,financial,16,Moderate,0.28,"{""metric_1"": 5, ""metric_2"": 44}",True
RSK-002521,2026-06-29T19:18:54.966170,C-0845,customer,Operations,customer,10,Moderate,0.16,"{""metric_1"": 1, ""metric_2"": 40}",True
RSK-002522,2026-05-28T19:18:54.966170,C-1597,customer,Operations,customer,82,Moderate,0.61,"{""metric_1"": 8, ""metric_2"": 13}",False
RSK-002523,2026-07-23T19:18:54.966170,C-1939,customer,IT,financial,50,Critical,4.34,"{""metric_1"": 4, ""metric_2"": 55}",False
RSK-002524,2026-07-14T19:18:54.966170,SYS-034,system,IT,cyber,97,Critical,2.42,"{""metric_1"": 7, ""metric_2"": 73}",False
RSK-002525,2026-08-05T19:18:54.966170,C-4387,customer,Finance,customer,78,Critical,0.71,"{""metric_1"": 5, ""metric_2"": 12}",False
RSK-002526,2026-06-15T19:18:54.966170,C-2183,customer,Support,financial,11,High,3.59,"{""metric_1"": 9, ""metric_2"": 69}",True
RSK-002527,2026-08-01T19:18:54.966170,S-013,supplier,Operations,operational,21,Critical,3.52,"{""metric_1"": 4, ""metric_2"": 37}",True
RSK-002528,2026-07-01T19:18:54.966170,SYS-090,system,Operations,cyber,54,Moderate,4.15,"{""metric_1"": 8, ""metric_2"": 51}",True
RSK-002529,2026-06-27T19:18:54.966170,SYS-039,system,Support,cyber,31,High,1.46,"{""metric_1"": 7, ""metric_2"": 88}",True
RSK-002530,2026-06-11T19:18:54.966170,C-1164,customer,Support,customer,78,Moderate,3.45,"{""metric_1"": 1, ""metric_2"": 52}",False
RSK-002531,2026-05-29T19:18:54.966170,SYS-036,system,Support,fraud,20,Critical,2.95,"{""metric_1"": 1, ""metric_2"": 85}",False
RSK-002532,2026-05-16T19:18:54.966170,C-1691,customer,Operations,financial,21,Moderate,1.22,"{""metric_1"": 2, ""metric_2"": 21}",False
RSK-002533,2026-07-03T19:18:54.966170,C-4038,customer,Operations,customer,30,Moderate,1.8,"{""metric_1"": 1, ""metric_2"": 64}",True
RSK-002534,2026-07-11T19:18:54.966170,SYS-098,system,Finance,fraud,79,Critical,3.36,"{""metric_1"": 7, ""metric_2"": 53}",True
RSK-002535,2026-08-21T19:18:54.966170,SYS-056,system,IT,fraud,64,High,0.45,"{""metric_1"": 5, ""metric_2"": 92}",False
RSK-002536,2026-07-10T19:18:54.966170,S-032,supplier,Finance,operational,72,High,2.54,"{""metric_1"": 4, ""metric_2"": 70}",True
RSK-002537,2026-05-17T19:18:54.966170,SYS-062,system,Support,cyber,14,Low,0.17,"{""metric_1"": 4, ""metric_2"": 23}",False
RSK-002538,2026-07-04T19:18:54.966170,C-0571,customer,Support,customer,66,Low,3.64,"{""metric_1"": 1, ""metric_2"": 61}",False
RSK-002539,2026-06-01T19:18:54.966170,SYS-068,system,IT,fraud,49,Low,2.39,"{""metric_1"": 9, ""metric_2"": 46}",True
RSK-002540,2026-08-08T19:18:54.966170,C-0394,customer,Finance,financial,44,Critical,0.26,"{""metric_1"": 3, ""metric_2"": 13}",False
RSK-002541,2026-07-24T19:18:54.966170,SYS-032,system,Operations,fraud,87,Low,3.18,"{""metric_1"": 8, ""metric_2"": 19}",False
RSK-002542,2026-07-02T19:18:54.966170,C-4580,customer,Support,financial,37,Moderate,4.06,"{""metric_1"": 3, ""metric_2"": 19}",True
RSK-002543,2026-06-01T19:18:54.966170,C-4476,customer,Operations,financial,65,High,0.83,"{""metric_1"": 2, ""metric_2"": 37}",False
RSK-002544,2026-05-27T19:18:54.966170,S-037,supplier,IT,operational,20,Low,3.81,"{""metric_1"": 7, ""metric_2"": 89}",False
RSK-002545,2026-05-15T19:18:54.966170,S-004,supplier,Support,operational,34,High,3.18,"{""metric_1"": 9, ""metric_2"": 67}",False
RSK-002546,2026-07-06T19:18:54.966170,SYS-095,system,Support,cyber,62,Low,3.1,"{""metric_1"": 1, ""metric_2"": 77}",False
RSK-002547,2026-07-19T19:18:54.966170,C-3939,customer,Operations,customer,80,Low,2.64,"{""metric_1"": 8, ""metric_2"": 36}",False
RSK-002548,2026-08-18T19:18:54.966170,SYS-035,system,IT,cyber,44,Moderate,1.93,"{""metric_1"": 8, ""metric_2"": 96}",False
RSK-002549,2026-08-21T19:18:54.966170,C-3825,customer,IT,customer,45,Moderate,0.61,"{""metric_1"": 3, ""metric_2"": 67}",False
RSK-002550,2026-07-06T19:18:54.966170,SYS-087,system,IT,cyber,80,Critical,1.9,"{""metric_1"": 4, ""metric_2"": 72}",False
RSK-002551,2026-08-20T19:18:54.966170,SYS-049,system,Finance,cyber,32,Moderate,2.98,"{""metric_1"": 9, ""metric_2"": 38}",False
RSK-002552,2026-06-21T19:18:54.966170,SYS-025,system,Support,cyber,18,Critical,2.89,"{""metric_1"": 5, ""metric_2"": 52}",True
RSK-002553,2026-05-21T19:18:54.966170,SYS-081,system,Operations,fraud,25,High,1.55,"{""metric_1"": 8, ""metric_2"": 83}",False
RSK-002554,2026-06-16T19:18:54.966170,S-005,supplier,Finance,operational,85,Low,1.95,"{""metric_1"": 3, ""metric_2"": 47}",False
RSK-002555,2026-05-14T19:18:54.966170,SYS-075,system,Finance,fraud,47,Low,4.99,"{""metric_1"": 1, ""metric_2"": 50}",True
RSK-002556,2026-06-12T19:18:54.966170,S-006,supplier,IT,operational,57,Critical,0.1,"{""metric_1"": 5, ""metric_2"": 29}",True
RSK-002557,2026-05-24T19:18:54.966170,C-1160,customer,IT,customer,16,Critical,4.78,"{""metric_1"": 6, ""metric_2"": 11}",False
RSK-002558,2026-06-15T19:18:54.966170,C-3832,customer,Support,customer,27,Moderate,0.11,"{""metric_1"": 2, ""metric_2"": 59}",False
RSK-002559,2026-05-18T19:18:54.966170,C-2174,customer,IT,customer,59,High,3.75,"{""metric_1"": 4, ""metric_2"": 85}",False
RSK-002560,2026-06-08T19:18:54.966170,C-1799,customer,Support,customer,60,Moderate,1.08,"{""metric_1"": 2, ""metric_2"": 44}",True
RSK-002561,2026-06-28T19:18:54.966170,SYS-029,system,Operations,cyber,21,High,3.11,"{""metric_1"": 5, ""metric_2"": 97}",True
RSK-002562,2026-06-02T19:18:54.966170,C-3848,customer,Finance,financial,97,Moderate,1.68,"{""metric_1"": 1, ""metric_2"": 38}",True
RSK-002563,2026-05-27T19:18:54.966170,C-0488,customer,Support,financial,62,High,1.41,"{""metric_1"": 8, ""metric_2"": 42}",True
RSK-002564,2026-07-16T19:18:54.966170,S-044,supplier,IT,operational,22,Critical,2.78,"{""metric_1"": 8, ""metric_2"": 78}",False
RSK-002565,2026-06-16T19:18:54.966170,C-4072,customer,Operations,customer,82,Low,4.79,"{""metric_1"": 2, ""metric_2"": 17}",False
RSK-002566,2026-08-19T19:18:54.966170,SYS-030,system,Operations,cyber,74,Moderate,2.87,"{""metric_1"": 9, ""metric_2"": 63}",True
RSK-002567,2026-08-09T19:18:54.966170,C-2705,customer,IT,financial,10,Low,0.25,"{""metric_1"": 2, ""metric_2"": 46}",True
RSK-002568,2026-05-29T19:18:54.966170,C-2270,customer,Support,financial,67,Low,4.33,"{""metric_1"": 3, ""metric_2"": 18}",False
RSK-002569,2026-07-04T19:18:54.966170,C-1717,customer,IT,customer,28,Moderate,3.62,"{""metric_1"": 9, ""metric_2"": 91}",False
RSK-002570,2026-06-22T19:18:54.966170,S-023,supplier,Operations,operational,32,Moderate,0.79,"{""metric_1"": 4, ""metric_2"": 84}",True
RSK-002571,2026-07-24T19:18:54.966170,C-4785,customer,IT,financial,96,Critical,2.54,"{""metric_1"": 5, ""metric_2"": 51}",False
RSK-002572,2026-08-02T19:18:54.966170,SYS-091,system,Finance,cyber,54,Critical,1.5,"{""metric_1"": 6, ""metric_2"": 92}",False
RSK-002573,2026-06-18T19:18:54.966170,C-2378,customer,Operations,customer,52,Moderate,1.61,"{""metric_1"": 6, ""metric_2"": 46}",True
RSK-002574,2026-06-28T19:18:54.966170,SYS-048,system,IT,fraud,60,Moderate,0.24,"{""metric_1"": 5, ""metric_2"": 58}",False
RSK-002575,2026-06-20T19:18:54.966170,S-008,supplier,Support,operational,67,Moderate,4.32,"{""metric_1"": 1, ""metric_2"": 74}",False
RSK-002576,2026-08-14T19:18:54.966170,S-033,supplier,Finance,operational,88,Critical,3.66,"{""metric_1"": 2, ""metric_2"": 17}",True
RSK-002577,2026-05-20T19:18:54.966170,SYS-094,system,IT,cyber,45,High,3.33,"{""metric_1"": 7, ""metric_2"": 87}",False
RSK-002578,2026-05-26T19:18:54.966170,SYS-051,system,Support,cyber,67,High,3.94,"{""metric_1"": 4, ""metric_2"": 89}",True
RSK-002579,2026-07-08T19:18:54.966170,C-4261,customer,Finance,customer,27,Moderate,3.8,"{""metric_1"": 7, ""metric_2"": 86}",True
RSK-002580,2026-07-31T19:18:54.966170,S-021,supplier,Finance,operational,11,Moderate,4.33,"{""metric_1"": 5, ""metric_2"": 71}",False
RSK-002581,2026-06-29T19:18:54.966170,C-2603,customer,Finance,financial,76,Critical,2.41,"{""metric_1"": 3, ""metric_2"": 87}",False
RSK-002582,2026-07-09T19:18:54.966170,SYS-027,system,Operations,cyber,93,High,1.02,"{""metric_1"": 4, ""metric_2"": 13}",True
RSK-002583,2026-05-30T19:18:54.966170,C-1652,customer,Operations,customer,53,High,2.33,"{""metric_1"": 4, ""metric_2"": 66}",True
RSK-002584,2026-07-10T19:18:54.966170,SYS-090,system,Operations,fraud,35,Moderate,0.3,"{""metric_1"": 3, ""metric_2"": 31}",False
RSK-002585,2026-07-19T19:18:54.966170,C-4745,customer,Operations,customer,56,Critical,4.96,"{""metric_1"": 2, ""metric_2"": 10}",True
RSK-002586,2026-05-14T19:18:54.966170,S-032,supplier,Support,operational,60,Moderate,2.84,"{""metric_1"": 1, ""metric_2"": 87}",True
RSK-002587,2026-06-27T19:18:54.966170,C-0603,customer,Finance,financial,94,Low,0.45,"{""metric_1"": 6, ""metric_2"": 29}",False
RSK-002588,2026-07-25T19:18:54.966170,C-0962,customer,Support,customer,87,Low,0.93,"{""metric_1"": 1, ""metric_2"": 64}",True
RSK-002589,2026-05-27T19:18:54.966170,SYS-073,system,Operations,cyber,87,High,4.63,"{""metric_1"": 1, ""metric_2"": 29}",True
RSK-002590,2026-06-01T19:18:54.966170,SYS-083,system,Operations,cyber,71,High,3.98,"{""metric_1"": 8, ""metric_2"": 94}",False
RSK-002591,2026-07-15T19:18:54.966170,S-003,supplier,Finance,operational,26,High,3.96,"{""metric_1"": 3, ""metric_2"": 91}",False
RSK-002592,2026-05-15T19:18:54.966170,C-1286,customer,Support,financial,42,Moderate,0.51,"{""metric_1"": 1, ""metric_2"": 53}",False
RSK-002593,2026-06-04T19:18:54.966170,S-045,supplier,Support,operational,60,Moderate,3.56,"{""metric_1"": 3, ""metric_2"": 60}",True
RSK-002594,2026-06-19T19:18:54.966170,SYS-054,system,Support,fraud,67,Low,0.6,"{""metric_1"": 4, ""metric_2"": 76}",False
RSK-002595,2026-05-19T19:18:54.966170,C-0485,customer,Support,customer,23,Critical,2.61,"{""metric_1"": 2, ""metric_2"": 17}",True
RSK-002596,2026-06-12T19:18:54.966170,C-3095,customer,IT,customer,28,Critical,0.38,"{""metric_1"": 3, ""metric_2"": 46}",False
RSK-002597,2026-06-06T19:18:54.966170,C-2601,customer,Finance,financial,66,Moderate,2.21,"{""metric_1"": 9, ""metric_2"": 32}",True
RSK-002598,2026-08-12T19:18:54.966170,C-4175,customer,Support,financial,11,Low,0.87,"{""metric_1"": 1, ""metric_2"": 13}",True
RSK-002599,2026-05-26T19:18:54.966170,C-0077,customer,Finance,financial,10,High,2.82,"{""metric_1"": 2, ""metric_2"": 16}",True
RSK-002600,2026-07-25T19:18:54.966170,C-2520,customer,Operations,financial,76,Low,3.34,"{""metric_1"": 2, ""metric_2"": 75}",False
RSK-002601,2026-06-21T19:18:54.966170,SYS-010,system,Operations,fraud,97,Moderate,3.75,"{""metric_1"": 7, ""metric_2"": 75}",False
RSK-002602,2026-06-06T19:18:54.966170,S-016,supplier,Support,operational,98,Moderate,0.58,"{""metric_1"": 1, ""metric_2"": 88}",False
RSK-002603,2026-07-24T19:18:54.966170,C-0410,customer,Finance,customer,45,Moderate,0.95,"{""metric_1"": 9, ""metric_2"": 97}",False
RSK-002604,2026-06-23T19:18:54.966170,SYS-040,system,Support,fraud,69,High,3.12,"{""metric_1"": 1, ""metric_2"": 20}",True
RSK-002605,2026-05-15T19:18:54.966170,S-025,supplier,Finance,operational,10,Low,4.97,"{""metric_1"": 5, ""metric_2"": 79}",True
RSK-002606,2026-06-25T19:18:54.966170,S-034,supplier,Operations,operational,61,High,0.48,"{""metric_1"": 7, ""metric_2"": 68}",True
RSK-002607,2026-05-28T19:18:54.966170,SYS-054,system,Support,fraud,13,Moderate,4.7,"{""metric_1"": 2, ""metric_2"": 15}",False
RSK-002608,2026-06-17T19:18:54.966170,SYS-016,system,Support,fraud,36,Critical,3.89,"{""metric_1"": 7, ""metric_2"": 21}",True
RSK-002609,2026-06-19T19:18:54.966170,S-030,supplier,Support,operational,48,Critical,1.2,"{""metric_1"": 3, ""metric_2"": 34}",False
RSK-002610,2026-07-02T19:18:54.966170,C-0995,customer,Finance,financial,31,Critical,1.08,"{""metric_1"": 7, ""metric_2"": 44}",True
RSK-002611,2026-05-23T19:18:54.966170,SYS-018,system,Operations,fraud,63,High,0.25,"{""metric_1"": 9, ""metric_2"": 57}",False
RSK-002612,2026-07-11T19:18:54.966170,C-0251,customer,Operations,customer,56,Critical,3.16,"{""metric_1"": 2, ""metric_2"": 51}",False
RSK-002613,2026-06-02T19:18:54.966170,C-0106,customer,IT,customer,41,Critical,3.99,"{""metric_1"": 2, ""metric_2"": 32}",True
RSK-002614,2026-07-22T19:18:54.966170,SYS-090,system,Support,fraud,63,Critical,1.17,"{""metric_1"": 1, ""metric_2"": 59}",True
RSK-002615,2026-06-28T19:18:54.966170,SYS-074,system,Finance,cyber,17,High,0.35,"{""metric_1"": 9, ""metric_2"": 98}",True
RSK-002616,2026-08-19T19:18:54.966170,C-2063,customer,Operations,financial,40,Critical,2.79,"{""metric_1"": 1, ""metric_2"": 78}",False
RSK-002617,2026-07-22T19:18:54.966170,S-005,supplier,Finance,operational,68,Low,3.57,"{""metric_1"": 9, ""metric_2"": 15}",False
RSK-002618,2026-07-05T19:18:54.966170,S-023,supplier,Finance,operational,40,Moderate,1.29,"{""metric_1"": 3, ""metric_2"": 32}",False
RSK-002619,2026-05-14T19:18:54.966170,C-1304,customer,Support,financial,46,Critical,1.79,"{""metric_1"": 3, ""metric_2"": 69}",False
RSK-002620,2026-07-09T19:18:54.966170,C-4000,customer,IT,customer,93,Low,2.65,"{""metric_1"": 4, ""metric_2"": 29}",False
RSK-002621,2026-06-17T19:18:54.966170,S-024,supplier,Finance,operational,21,Low,2.48,"{""metric_1"": 5, ""metric_2"": 43}",True
RSK-002622,2026-06-17T19:18:54.966170,C-0595,customer,Support,customer,41,Moderate,1.19,"{""metric_1"": 1, ""metric_2"": 57}",True
RSK-002623,2026-06-06T19:18:54.966170,SYS-018,system,Finance,cyber,22,Low,0.36,"{""metric_1"": 3, ""metric_2"": 10}",False
RSK-002624,2026-06-04T19:18:54.966170,SYS-019,system,Finance,fraud,72,Critical,1.67,"{""metric_1"": 3, ""metric_2"": 93}",False
RSK-002625,2026-06-22T19:18:54.966170,SYS-064,system,IT,fraud,56,High,1.45,"{""metric_1"": 5, ""metric_2"": 44}",True
RSK-002626,2026-07-28T19:18:54.966170,S-031,supplier,Support,operational,81,Critical,4.16,"{""metric_1"": 6, ""metric_2"": 36}",True
RSK-002627,2026-06-20T19:18:54.966170,SYS-045,system,Support,fraud,31,Critical,3.09,"{""metric_1"": 8, ""metric_2"": 30}",True
RSK-002628,2026-08-05T19:18:54.966170,C-0931,customer,Finance,customer,34,Moderate,2.54,"{""metric_1"": 9, ""metric_2"": 92}",False
RSK-002629,2026-05-26T19:18:54.966170,S-032,supplier,Finance,operational,60,High,0.4,"{""metric_1"": 4, ""metric_2"": 42}",False
RSK-002630,2026-07-21T19:18:54.966170,SYS-041,system,IT,fraud,54,Critical,2.05,"{""metric_1"": 3, ""metric_2"": 21}",True
RSK-002631,2026-06-03T19:18:54.966170,C-1192,customer,Finance,customer,69,Moderate,2.63,"{""metric_1"": 1, ""metric_2"": 94}",True
RSK-002632,2026-05-25T19:18:54.966170,S-011,supplier,Support,operational,16,Critical,2.36,"{""metric_1"": 8, ""metric_2"": 27}",True
RSK-002633,2026-07-12T19:18:54.966170,C-0019,customer,Operations,financial,86,Moderate,4.53,"{""metric_1"": 2, ""metric_2"": 83}",True
RSK-002634,2026-08-17T19:18:54.966170,C-2094,customer,Operations,customer,50,Moderate,0.93,"{""metric_1"": 5, ""metric_2"": 36}",True
RSK-002635,2026-07-10T19:18:54.966170,S-029,supplier,IT,operational,32,Low,4.03,"{""metric_1"": 5, ""metric_2"": 14}",False
RSK-002636,2026-06-29T19:18:54.966170,SYS-087,system,Operations,cyber,87,Low,0.38,"{""metric_1"": 2, ""metric_2"": 49}",False
RSK-002637,2026-06-13T19:18:54.966170,S-012,supplier,Operations,operational,35,Critical,1.6,"{""metric_1"": 9, ""metric_2"": 96}",True
RSK-002638,2026-08-13T19:18:54.966170,C-3619,customer,IT,customer,43,Low,0.65,"{""metric_1"": 2, ""metric_2"": 36}",False
RSK-002639,2026-08-11T19:18:54.966170,SYS-062,system,Support,fraud,99,Low,2.43,"{""metric_1"": 1, ""metric_2"": 32}",True
RSK-002640,2026-07-09T19:18:54.966170,S-044,supplier,IT,operational,29,Critical,1.24,"{""metric_1"": 6, ""metric_2"": 58}",True
RSK-002641,2026-07-29T19:18:54.966170,SYS-010,system,Support,cyber,72,High,0.91,"{""metric_1"": 2, ""metric_2"": 63}",True
RSK-002642,2026-06-26T19:18:54.966170,C-3257,customer,Finance,customer,67,Critical,0.69,"{""metric_1"": 5, ""metric_2"": 19}",True
RSK-002643,2026-07-12T19:18:54.966170,C-1819,customer,Support,customer,32,Critical,4.41,"{""metric_1"": 4, ""metric_2"": 22}",False
RSK-002644,2026-06-12T19:18:54.966170,SYS-027,system,Finance,fraud,10,High,2.47,"{""metric_1"": 2, ""metric_2"": 34}",False
RSK-002645,2026-07-16T19:18:54.966170,C-0129,customer,Finance,financial,17,Low,0.54,"{""metric_1"": 7, ""metric_2"": 73}",False
RSK-002646,2026-05-24T19:18:54.966170,S-034,supplier,Support,operational,87,High,0.29,"{""metric_1"": 7, ""metric_2"": 96}",False
RSK-002647,2026-07-12T19:18:54.966170,S-039,supplier,IT,operational,10,Moderate,0.15,"{""metric_1"": 8, ""metric_2"": 96}",True
RSK-002648,2026-06-09T19:18:54.966170,SYS-006,system,Operations,fraud,93,Moderate,3.68,"{""metric_1"": 7, ""metric_2"": 61}",False
RSK-002649,2026-08-09T19:18:54.966170,C-1486,customer,Finance,customer,10,Low,1.01,"{""metric_1"": 2, ""metric_2"": 73}",False
RSK-002650,2026-05-28T19:18:54.966170,SYS-061,system,Operations,fraud,71,High,1.41,"{""metric_1"": 7, ""metric_2"": 10}",True
RSK-002651,2026-08-15T19:18:54.966170,S-044,supplier,Operations,operational,35,Moderate,0.32,"{""metric_1"": 6, ""metric_2"": 30}",True
RSK-002652,2026-05-26T19:18:54.966170,S-002,supplier,Finance,operational,35,Moderate,0.86,"{""metric_1"": 8, ""metric_2"": 36}",True
RSK-002653,2026-07-22T19:18:54.966170,SYS-095,system,Finance,fraud,27,Moderate,4.77,"{""metric_1"": 3, ""metric_2"": 71}",False
RSK-002654,2026-06-20T19:18:54.966170,S-012,supplier,Operations,operational,44,Moderate,3.07,"{""metric_1"": 7, ""metric_2"": 14}",False
RSK-002655,2026-08-21T19:18:54.966170,C-3285,customer,IT,financial,49,Critical,3.37,"{""metric_1"": 2, ""metric_2"": 53}",False
RSK-002656,2026-06-24T19:18:54.966170,S-041,supplier,IT,operational,53,Critical,1.49,"{""metric_1"": 7, ""metric_2"": 59}",True
RSK-002657,2026-05-27T19:18:54.966170,C-1707,customer,IT,financial,36,Moderate,1.43,"{""metric_1"": 1, ""metric_2"": 61}",False
RSK-002658,2026-05-16T19:18:54.966170,S-005,supplier,Finance,operational,77,Low,0.57,"{""metric_1"": 4, ""metric_2"": 53}",False
RSK-002659,2026-06-14T19:18:54.966170,C-1026,customer,Finance,financial,79,Critical,4.76,"{""metric_1"": 4, ""metric_2"": 72}",True
RSK-002660,2026-05-23T19:18:54.966170,SYS-095,system,Finance,fraud,49,Low,1.62,"{""metric_1"": 3, ""metric_2"": 79}",False
RSK-002661,2026-06-01T19:18:54.966170,SYS-003,system,Operations,fraud,90,Critical,2.32,"{""metric_1"": 5, ""metric_2"": 71}",False
RSK-002662,2026-07-10T19:18:54.966170,SYS-077,system,Support,fraud,57,Moderate,2.0,"{""metric_1"": 1, ""metric_2"": 29}",False
RSK-002663,2026-07-19T19:18:54.966170,SYS-097,system,Operations,cyber,89,High,2.11,"{""metric_1"": 3, ""metric_2"": 75}",False
RSK-002664,2026-06-02T19:18:54.966170,C-2063,customer,Operations,customer,41,Low,2.06,"{""metric_1"": 4, ""metric_2"": 95}",False
RSK-002665,2026-06-29T19:18:54.966170,SYS-055,system,Operations,fraud,38,Moderate,0.34,"{""metric_1"": 3, ""metric_2"": 92}",False
RSK-002666,2026-05-25T19:18:54.966170,SYS-044,system,Support,fraud,14,Critical,3.13,"{""metric_1"": 2, ""metric_2"": 25}",False
RSK-002667,2026-07-13T19:18:54.966170,C-1504,customer,Support,customer,40,Low,0.44,"{""metric_1"": 1, ""metric_2"": 30}",False
RSK-002668,2026-08-03T19:18:54.966170,S-001,supplier,Operations,operational,60,Low,1.58,"{""metric_1"": 4, ""metric_2"": 35}",False
RSK-002669,2026-08-02T19:18:54.966170,S-004,supplier,Operations,operational,59,Moderate,0.97,"{""metric_1"": 1, ""metric_2"": 85}",True
RSK-002670,2026-07-13T19:18:54.966170,SYS-097,system,IT,cyber,86,Moderate,2.28,"{""metric_1"": 9, ""metric_2"": 66}",False
RSK-002671,2026-08-20T19:18:54.966170,C-0669,customer,IT,customer,14,Critical,1.28,"{""metric_1"": 4, ""metric_2"": 83}",True
RSK-002672,2026-06-16T19:18:54.966170,SYS-051,system,IT,cyber,17,Moderate,3.38,"{""metric_1"": 6, ""metric_2"": 70}",True
RSK-002673,2026-07-22T19:18:54.966170,C-3502,customer,Support,customer,90,Critical,1.78,"{""metric_1"": 6, ""metric_2"": 31}",False
RSK-002674,2026-06-07T19:18:54.966170,S-029,supplier,Support,operational,93,Critical,0.86,"{""metric_1"": 5, ""metric_2"": 12}",False
RSK-002675,2026-05-28T19:18:54.966170,SYS-094,system,Finance,fraud,48,Moderate,0.13,"{""metric_1"": 6, ""metric_2"": 29}",False
RSK-002676,2026-07-28T19:18:54.966170,C-0068,customer,Support,financial,56,High,3.88,"{""metric_1"": 6, ""metric_2"": 49}",True
RSK-002677,2026-06-01T19:18:54.966170,C-2668,customer,IT,financial,92,Moderate,4.29,"{""metric_1"": 9, ""metric_2"": 95}",False
RSK-002678,2026-07-07T19:18:54.966170,C-1710,customer,Support,financial,72,High,1.25,"{""metric_1"": 8, ""metric_2"": 28}",False
RSK-002679,2026-07-15T19:18:54.966170,SYS-047,system,Finance,fraud,18,High,3.58,"{""metric_1"": 1, ""metric_2"": 86}",True
RSK-002680,2026-08-11T19:18:54.966170,SYS-022,system,Support,cyber,90,Moderate,3.07,"{""metric_1"": 9, ""metric_2"": 59}",False
RSK-002681,2026-06-01T19:18:54.966170,S-037,supplier,Operations,operational,51,High,1.84,"{""metric_1"": 1, ""metric_2"": 48}",False
RSK-002682,2026-06-02T19:18:54.966170,SYS-016,system,Support,fraud,38,Low,1.19,"{""metric_1"": 1, ""metric_2"": 23}",True
RSK-002683,2026-07-15T19:18:54.966170,C-2426,customer,Finance,customer,52,Moderate,4.32,"{""metric_1"": 8, ""metric_2"": 12}",False
RSK-002684,2026-06-20T19:18:54.966170,SYS-053,system,Finance,fraud,72,High,1.56,"{""metric_1"": 3, ""metric_2"": 59}",False
RSK-002685,2026-08-19T19:18:54.966170,C-0829,customer,Operations,customer,74,Critical,2.84,"{""metric_1"": 2, ""metric_2"": 41}",True
RSK-002686,2026-07-28T19:18:54.966170,SYS-001,system,Support,cyber,86,Low,2.06,"{""metric_1"": 5, ""metric_2"": 12}",False
RSK-002687,2026-07-21T19:18:54.966170,SYS-018,system,Finance,fraud,46,Low,3.4,"{""metric_1"": 1, ""metric_2"": 64}",False
RSK-002688,2026-05-28T19:18:54.966170,S-028,supplier,Support,operational,21,Moderate,2.18,"{""metric_1"": 5, ""metric_2"": 98}",False
RSK-002689,2026-07-10T19:18:54.966170,C-1865,customer,Finance,financial,67,Low,0.73,"{""metric_1"": 9, ""metric_2"": 13}",True
RSK-002690,2026-05-24T19:18:54.966170,S-041,supplier,Support,operational,57,Moderate,2.33,"{""metric_1"": 3, ""metric_2"": 93}",False
RSK-002691,2026-07-17T19:18:54.966170,C-2840,customer,Operations,financial,63,High,4.44,"{""metric_1"": 5, ""metric_2"": 64}",False
RSK-002692,2026-05-19T19:18:54.966170,S-020,supplier,Finance,operational,15,Critical,0.39,"{""metric_1"": 1, ""metric_2"": 54}",False
RSK-002693,2026-06-24T19:18:54.966170,S-003,supplier,Finance,operational,18,Critical,3.27,"{""metric_1"": 4, ""metric_2"": 62}",False
RSK-002694,2026-05-24T19:18:54.966170,SYS-039,system,Finance,cyber,83,Critical,0.67,"{""metric_1"": 1, ""metric_2"": 45}",False
RSK-002695,2026-07-03T19:18:54.966170,SYS-042,system,Support,fraud,21,High,3.07,"{""metric_1"": 6, ""metric_2"": 49}",True
RSK-002696,2026-06-06T19:18:54.966170,C-4670,customer,Support,customer,96,Moderate,2.09,"{""metric_1"": 7, ""metric_2"": 58}",False
RSK-002697,2026-07-18T19:18:54.966170,SYS-022,system,Support,fraud,61,Moderate,2.57,"{""metric_1"": 2, ""metric_2"": 40}",False
RSK-002698,2026-07-11T19:18:54.966170,S-039,supplier,Operations,operational,84,Moderate,0.85,"{""metric_1"": 5, ""metric_2"": 92}",True
RSK-002699,2026-06-16T19:18:54.966170,C-0393,customer,Operations,customer,53,Low,2.85,"{""metric_1"": 8, ""metric_2"": 91}",False
RSK-002700,2026-06-21T19:18:54.966170,C-2210,customer,Finance,financial,34,High,0.84,"{""metric_1"": 7, ""metric_2"": 41}",True
RSK-002701,2026-08-15T19:18:54.966170,C-3617,customer,Finance,customer,29,High,3.49,"{""metric_1"": 5, ""metric_2"": 28}",True
RSK-002702,2026-08-03T19:18:54.966170,C-1855,customer,Operations,financial,66,Critical,0.83,"{""metric_1"": 3, ""metric_2"": 92}",True
RSK-002703,2026-08-09T19:18:54.966170,C-0485,customer,Support,customer,43,Moderate,0.1,"{""metric_1"": 6, ""metric_2"": 27}",True
RSK-002704,2026-06-01T19:18:54.966170,SYS-041,system,Operations,fraud,68,Critical,0.12,"{""metric_1"": 7, ""metric_2"": 31}",True
RSK-002705,2026-08-09T19:18:54.966170,S-010,supplier,Operations,operational,94,High,3.93,"{""metric_1"": 3, ""metric_2"": 24}",True
RSK-002706,2026-07-08T19:18:54.966170,C-4362,customer,Operations,customer,55,Critical,0.35,"{""metric_1"": 1, ""metric_2"": 53}",True
RSK-002707,2026-07-16T19:18:54.966170,SYS-066,system,Operations,cyber,56,High,1.41,"{""metric_1"": 5, ""metric_2"": 16}",True
RSK-002708,2026-07-18T19:18:54.966170,S-011,supplier,Operations,operational,71,Critical,1.31,"{""metric_1"": 2, ""metric_2"": 67}",True
RSK-002709,2026-08-10T19:18:54.966170,C-4018,customer,Support,customer,27,High,4.22,"{""metric_1"": 3, ""metric_2"": 60}",True
RSK-002710,2026-06-02T19:18:54.966170,C-0111,customer,Operations,financial,99,Low,2.06,"{""metric_1"": 7, ""metric_2"": 30}",False
RSK-002711,2026-06-27T19:18:54.966170,SYS-015,system,Support,fraud,25,Low,1.27,"{""metric_1"": 8, ""metric_2"": 97}",False
RSK-002712,2026-06-02T19:18:54.966170,SYS-045,system,Operations,cyber,73,Moderate,2.63,"{""metric_1"": 2, ""metric_2"": 98}",False
RSK-002713,2026-07-08T19:18:54.966170,C-3285,customer,IT,financial,11,Low,1.85,"{""metric_1"": 7, ""metric_2"": 18}",False
RSK-002714,2026-07-20T19:18:54.966170,SYS-029,system,IT,fraud,29,Critical,1.22,"{""metric_1"": 5, ""metric_2"": 34}",False
RSK-002715,2026-05-25T19:18:54.966170,C-0168,customer,IT,customer,31,High,0.88,"{""metric_1"": 7, ""metric_2"": 84}",True
RSK-002716,2026-05-21T19:18:54.966170,S-020,supplier,Operations,operational,34,Moderate,4.96,"{""metric_1"": 9, ""metric_2"": 15}",True
RSK-002717,2026-07-11T19:18:54.966170,C-3258,customer,Finance,financial,75,High,4.97,"{""metric_1"": 6, ""metric_2"": 46}",True
RSK-002718,2026-08-11T19:18:54.966170,SYS-010,system,Operations,cyber,56,Low,1.85,"{""metric_1"": 3, ""metric_2"": 53}",True
RSK-002719,2026-05-16T19:18:54.966170,C-2336,customer,Finance,customer,60,Low,3.0,"{""metric_1"": 6, ""metric_2"": 78}",True
RSK-002720,2026-07-24T19:18:54.966170,C-4596,customer,Operations,customer,76,Moderate,4.82,"{""metric_1"": 6, ""metric_2"": 51}",False
RSK-002721,2026-08-14T19:18:54.966170,C-0854,customer,IT,customer,57,Critical,4.04,"{""metric_1"": 6, ""metric_2"": 34}",False
RSK-002722,2026-07-15T19:18:54.966170,S-020,supplier,Support,operational,34,High,3.7,"{""metric_1"": 9, ""metric_2"": 72}",False
RSK-002723,2026-08-04T19:18:54.966170,S-045,supplier,Operations,operational,37,High,1.02,"{""metric_1"": 8, ""metric_2"": 46}",True
RSK-002724,2026-05-24T19:18:54.966170,C-3090,customer,Operations,customer,66,Critical,3.75,"{""metric_1"": 3, ""metric_2"": 36}",True
RSK-002725,2026-05-20T19:18:54.966170,SYS-064,system,Operations,cyber,50,Critical,1.48,"{""metric_1"": 5, ""metric_2"": 84}",True
RSK-002726,2026-07-08T19:18:54.966170,SYS-085,system,Finance,fraud,73,Low,2.85,"{""metric_1"": 7, ""metric_2"": 24}",False
RSK-002727,2026-05-30T19:18:54.966170,SYS-055,system,Support,fraud,91,High,1.6,"{""metric_1"": 8, ""metric_2"": 34}",False
RSK-002728,2026-07-25T19:18:54.966170,S-047,supplier,Finance,operational,43,Moderate,3.54,"{""metric_1"": 5, ""metric_2"": 29}",False
RSK-002729,2026-06-25T19:18:54.966170,SYS-056,system,Support,fraud,12,Critical,4.82,"{""metric_1"": 4, ""metric_2"": 38}",False
RSK-002730,2026-08-14T19:18:54.966170,SYS-002,system,IT,fraud,68,High,0.36,"{""metric_1"": 7, ""metric_2"": 91}",True
RSK-002731,2026-08-04T19:18:54.966170,SYS-008,system,IT,cyber,35,Critical,2.48,"{""metric_1"": 6, ""metric_2"": 38}",False
RSK-002732,2026-07-28T19:18:54.966170,C-2423,customer,Operations,customer,16,Critical,3.57,"{""metric_1"": 4, ""metric_2"": 31}",False
RSK-002733,2026-07-28T19:18:54.966170,C-3236,customer,Operations,financial,11,High,1.31,"{""metric_1"": 5, ""metric_2"": 59}",True
RSK-002734,2026-06-27T19:18:54.966170,S-029,supplier,IT,operational,33,High,0.23,"{""metric_1"": 1, ""metric_2"": 39}",False
RSK-002735,2026-06-05T19:18:54.966170,C-3583,customer,Finance,financial,93,Moderate,2.93,"{""metric_1"": 2, ""metric_2"": 65}",True
RSK-002736,2026-08-12T19:18:54.966170,C-2492,customer,Operations,customer,86,High,0.84,"{""metric_1"": 8, ""metric_2"": 79}",True
RSK-002737,2026-06-29T19:18:54.966170,S-015,supplier,Support,operational,43,Moderate,3.01,"{""metric_1"": 7, ""metric_2"": 91}",False
RSK-002738,2026-06-26T19:18:54.966170,C-0018,customer,Operations,financial,52,Low,0.38,"{""metric_1"": 8, ""metric_2"": 60}",False
RSK-002739,2026-05-16T19:18:54.966170,C-0721,customer,Operations,customer,57,Moderate,2.89,"{""metric_1"": 5, ""metric_2"": 21}",False
RSK-002740,2026-05-30T19:18:54.966170,SYS-094,system,Finance,cyber,33,Critical,4.65,"{""metric_1"": 8, ""metric_2"": 59}",True
RSK-002741,2026-06-10T19:18:54.966170,S-001,supplier,Operations,operational,22,Critical,4.85,"{""metric_1"": 8, ""metric_2"": 81}",False
RSK-002742,2026-06-21T19:18:54.966170,S-012,supplier,Finance,operational,90,Low,1.22,"{""metric_1"": 9, ""metric_2"": 41}",False
RSK-002743,2026-08-15T19:18:54.966170,C-4634,customer,IT,financial,70,High,1.04,"{""metric_1"": 5, ""metric_2"": 81}",True
RSK-002744,2026-07-10T19:18:54.966170,C-0993,customer,Support,customer,72,Critical,1.48,"{""metric_1"": 6, ""metric_2"": 79}",True
RSK-002745,2026-06-10T19:18:54.966170,S-024,supplier,IT,operational,71,High,3.41,"{""metric_1"": 9, ""metric_2"": 85}",False
RSK-002746,2026-05-21T19:18:54.966170,C-0208,customer,Operations,customer,75,Low,2.57,"{""metric_1"": 8, ""metric_2"": 84}",False
RSK-002747,2026-06-21T19:18:54.966170,SYS-093,system,IT,fraud,86,Critical,1.51,"{""metric_1"": 8, ""metric_2"": 33}",False
RSK-002748,2026-07-29T19:18:54.966170,SYS-072,system,Finance,fraud,50,Critical,4.56,"{""metric_1"": 7, ""metric_2"": 41}",True
RSK-002749,2026-06-19T19:18:54.966170,SYS-049,system,Operations,cyber,52,Critical,2.43,"{""metric_1"": 3, ""metric_2"": 83}",False
RSK-002750,2026-07-17T19:18:54.966170,SYS-004,system,Finance,cyber,54,Low,0.81,"{""metric_1"": 3, ""metric_2"": 57}",False
RSK-002751,2026-07-23T19:18:54.966170,C-1555,customer,IT,customer,64,High,3.06,"{""metric_1"": 1, ""metric_2"": 98}",False
RSK-002752,2026-06-06T19:18:54.966170,SYS-069,system,Finance,cyber,23,Moderate,1.6,"{""metric_1"": 3, ""metric_2"": 98}",False
RSK-002753,2026-05-14T19:18:54.966170,SYS-034,system,IT,cyber,34,Critical,4.04,"{""metric_1"": 9, ""metric_2"": 69}",True
RSK-002754,2026-05-14T19:18:54.966170,S-010,supplier,Operations,operational,98,Low,2.36,"{""metric_1"": 7, ""metric_2"": 50}",True
RSK-002755,2026-06-15T19:18:54.966170,S-001,supplier,Operations,operational,43,Moderate,3.07,"{""metric_1"": 4, ""metric_2"": 22}",True
RSK-002756,2026-07-11T19:18:54.966170,C-0723,customer,Operations,customer,61,Moderate,3.02,"{""metric_1"": 6, ""metric_2"": 47}",True
RSK-002757,2026-07-22T19:18:54.966170,S-014,supplier,IT,operational,89,Low,0.74,"{""metric_1"": 5, ""metric_2"": 33}",False
RSK-002758,2026-07-27T19:18:54.966170,C-4751,customer,Operations,financial,42,Critical,4.32,"{""metric_1"": 6, ""metric_2"": 56}",True
RSK-002759,2026-06-05T19:18:54.966170,C-2799,customer,IT,customer,48,High,1.52,"{""metric_1"": 1, ""metric_2"": 47}",False
RSK-002760,2026-07-25T19:18:54.966170,SYS-029,system,Finance,cyber,26,High,0.46,"{""metric_1"": 1, ""metric_2"": 40}",True
RSK-002761,2026-07-27T19:18:54.966170,C-1648,customer,IT,financial,38,High,4.3,"{""metric_1"": 1, ""metric_2"": 71}",False
RSK-002762,2026-08-17T19:18:54.966170,S-031,supplier,Operations,operational,94,Low,4.41,"{""metric_1"": 3, ""metric_2"": 87}",True
RSK-002763,2026-08-05T19:18:54.966170,C-3247,customer,IT,financial,37,Low,2.5,"{""metric_1"": 8, ""metric_2"": 22}",True
RSK-002764,2026-06-01T19:18:54.966170,SYS-031,system,IT,fraud,65,Moderate,4.56,"{""metric_1"": 9, ""metric_2"": 99}",False
RSK-002765,2026-07-09T19:18:54.966170,S-001,supplier,Operations,operational,75,High,3.92,"{""metric_1"": 9, ""metric_2"": 30}",False
RSK-002766,2026-05-29T19:18:54.966170,SYS-025,system,IT,cyber,46,Critical,3.08,"{""metric_1"": 7, ""metric_2"": 61}",False
RSK-002767,2026-05-19T19:18:54.966170,C-4994,customer,Support,customer,52,Low,4.53,"{""metric_1"": 3, ""metric_2"": 18}",False
RSK-002768,2026-07-02T19:18:54.966170,SYS-004,system,Finance,cyber,10,Critical,1.18,"{""metric_1"": 7, ""metric_2"": 63}",True
RSK-002769,2026-06-17T19:18:54.966170,SYS-002,system,Operations,cyber,74,Moderate,4.77,"{""metric_1"": 6, ""metric_2"": 80}",True
RSK-002770,2026-05-25T19:18:54.966170,C-3945,customer,Finance,financial,67,High,3.49,"{""metric_1"": 3, ""metric_2"": 88}",False
RSK-002771,2026-06-20T19:18:54.966170,S-015,supplier,Finance,operational,51,Moderate,1.26,"{""metric_1"": 5, ""metric_2"": 72}",False
RSK-002772,2026-08-20T19:18:54.966170,SYS-033,system,Support,cyber,26,High,0.5,"{""metric_1"": 4, ""metric_2"": 35}",True
RSK-002773,2026-07-29T19:18:54.966170,C-4511,customer,Finance,financial,52,High,1.48,"{""metric_1"": 4, ""metric_2"": 33}",False
RSK-002774,2026-06-29T19:18:54.966170,C-2950,customer,Support,customer,26,Low,0.56,"{""metric_1"": 1, ""metric_2"": 76}",True
RSK-002775,2026-05-18T19:18:54.966170,C-1029,customer,IT,financial,38,Moderate,4.31,"{""metric_1"": 1, ""metric_2"": 87}",True
RSK-002776,2026-07-07T19:18:54.966170,C-4147,customer,Support,financial,53,Critical,3.95,"{""metric_1"": 9, ""metric_2"": 73}",False
RSK-002777,2026-08-06T19:18:54.966170,C-3508,customer,Support,customer,36,Low,3.42,"{""metric_1"": 2, ""metric_2"": 90}",True
RSK-002778,2026-06-21T19:18:54.966170,SYS-025,system,Support,cyber,36,High,3.23,"{""metric_1"": 9, ""metric_2"": 11}",False
RSK-002779,2026-07-15T19:18:54.966170,SYS-018,system,Finance,fraud,40,Critical,0.72,"{""metric_1"": 1, ""metric_2"": 20}",True
RSK-002780,2026-08-14T19:18:54.966170,C-4274,customer,Finance,customer,13,Moderate,3.1,"{""metric_1"": 4, ""metric_2"": 12}",True
RSK-002781,2026-07-25T19:18:54.966170,SYS-005,system,Operations,cyber,22,Low,0.35,"{""metric_1"": 2, ""metric_2"": 52}",True
RSK-002782,2026-07-02T19:18:54.966170,SYS-026,system,Support,fraud,17,High,4.37,"{""metric_1"": 1, ""metric_2"": 13}",False
RSK-002783,2026-07-18T19:18:54.966170,SYS-094,system,Operations,cyber,26,High,4.17,"{""metric_1"": 9, ""metric_2"": 83}",False
RSK-002784,2026-07-06T19:18:54.966170,SYS-031,system,Finance,fraud,66,Critical,4.0,"{""metric_1"": 1, ""metric_2"": 64}",False
RSK-002785,2026-07-25T19:18:54.966170,C-0467,customer,Operations,financial,57,Low,1.84,"{""metric_1"": 4, ""metric_2"": 61}",False
RSK-002786,2026-05-14T19:18:54.966170,SYS-019,system,Support,cyber,86,Moderate,4.63,"{""metric_1"": 1, ""metric_2"": 78}",True
RSK-002787,2026-06-07T19:18:54.966170,C-4203,customer,Operations,customer,23,Moderate,2.7,"{""metric_1"": 6, ""metric_2"": 89}",True
RSK-002788,2026-06-12T19:18:54.966170,C-0777,customer,Operations,customer,37,High,1.04,"{""metric_1"": 5, ""metric_2"": 65}",False
RSK-002789,2026-07-29T19:18:54.966170,SYS-052,system,Operations,fraud,37,Moderate,4.26,"{""metric_1"": 4, ""metric_2"": 16}",False
RSK-002790,2026-06-17T19:18:54.966170,SYS-042,system,Finance,fraud,40,High,1.41,"{""metric_1"": 3, ""metric_2"": 42}",False
RSK-002791,2026-05-29T19:18:54.966170,S-036,supplier,Support,operational,62,Moderate,4.6,"{""metric_1"": 3, ""metric_2"": 98}",True
RSK-002792,2026-06-30T19:18:54.966170,C-4234,customer,Operations,customer,25,Critical,0.57,"{""metric_1"": 5, ""metric_2"": 71}",False
RSK-002793,2026-07-26T19:18:54.966170,SYS-054,system,Support,fraud,15,Low,2.87,"{""metric_1"": 9, ""metric_2"": 91}",True
RSK-002794,2026-06-27T19:18:54.966170,SYS-057,system,IT,fraud,65,Low,3.7,"{""metric_1"": 6, ""metric_2"": 53}",False
RSK-002795,2026-08-12T19:18:54.966170,SYS-039,system,IT,fraud,66,High,0.16,"{""metric_1"": 5, ""metric_2"": 60}",True
RSK-002796,2026-05-18T19:18:54.966170,C-4068,customer,Support,financial,81,Critical,3.47,"{""metric_1"": 2, ""metric_2"": 93}",False
RSK-002797,2026-07-27T19:18:54.966170,C-0143,customer,Finance,customer,40,Moderate,0.18,"{""metric_1"": 9, ""metric_2"": 40}",True
RSK-002798,2026-07-13T19:18:54.966170,C-4275,customer,IT,financial,48,High,4.99,"{""metric_1"": 6, ""metric_2"": 69}",False
RSK-002799,2026-06-02T19:18:54.966170,SYS-090,system,Finance,fraud,65,Moderate,1.43,"{""metric_1"": 3, ""metric_2"": 68}",True
RSK-002800,2026-06-10T19:18:54.966170,C-4456,customer,Support,customer,50,Moderate,3.75,"{""metric_1"": 1, ""metric_2"": 62}",False
RSK-002801,2026-05-17T19:18:54.966170,SYS-087,system,Support,cyber,87,Low,0.64,"{""metric_1"": 8, ""metric_2"": 15}",False
RSK-002802,2026-08-19T19:18:54.966170,SYS-068,system,IT,cyber,53,Moderate,0.84,"{""metric_1"": 2, ""metric_2"": 98}",True
RSK-002803,2026-07-07T19:18:54.966170,C-1768,customer,Support,financial,77,Low,1.29,"{""metric_1"": 9, ""metric_2"": 56}",False
RSK-002804,2026-08-07T19:18:54.966170,C-1303,customer,Operations,customer,40,Critical,0.93,"{""metric_1"": 9, ""metric_2"": 27}",True
RSK-002805,2026-05-21T19:18:54.966170,C-4785,customer,Operations,customer,23,Critical,0.96,"{""metric_1"": 6, ""metric_2"": 68}",False
RSK-002806,2026-07-05T19:18:54.966170,S-030,supplier,Finance,operational,29,Moderate,0.2,"{""metric_1"": 3, ""metric_2"": 42}",True
RSK-002807,2026-05-24T19:18:54.966170,SYS-019,system,Support,cyber,66,Low,1.51,"{""metric_1"": 4, ""metric_2"": 90}",False
RSK-002808,2026-07-14T19:18:54.966170,SYS-051,system,IT,cyber,52,Low,3.09,"{""metric_1"": 8, ""metric_2"": 79}",False
RSK-002809,2026-07-11T19:18:54.966170,C-4168,customer,IT,financial,93,Moderate,3.24,"{""metric_1"": 2, ""metric_2"": 50}",True
RSK-002810,2026-07-30T19:18:54.966170,SYS-005,system,IT,cyber,39,Critical,2.56,"{""metric_1"": 5, ""metric_2"": 67}",False
RSK-002811,2026-07-29T19:18:54.966170,S-030,supplier,Operations,operational,99,Critical,2.11,"{""metric_1"": 1, ""metric_2"": 85}",True
RSK-002812,2026-06-12T19:18:54.966170,S-037,supplier,Support,operational,30,Critical,3.5,"{""metric_1"": 8, ""metric_2"": 75}",False
RSK-002813,2026-07-15T19:18:54.966170,SYS-018,system,Finance,cyber,74,Critical,3.12,"{""metric_1"": 4, ""metric_2"": 76}",True
RSK-002814,2026-06-13T19:18:54.966170,C-3376,customer,IT,customer,62,Critical,4.2,"{""metric_1"": 9, ""metric_2"": 61}",False
RSK-002815,2026-08-01T19:18:54.966170,SYS-010,system,Support,cyber,43,Critical,1.13,"{""metric_1"": 6, ""metric_2"": 62}",True
RSK-002816,2026-07-05T19:18:54.966170,SYS-031,system,IT,cyber,67,Low,4.84,"{""metric_1"": 8, ""metric_2"": 88}",False
RSK-002817,2026-05-21T19:18:54.966170,SYS-099,system,Support,fraud,76,High,1.69,"{""metric_1"": 2, ""metric_2"": 98}",True
RSK-002818,2026-07-16T19:18:54.966170,SYS-043,system,Support,cyber,89,Critical,2.7,"{""metric_1"": 3, ""metric_2"": 71}",False
RSK-002819,2026-08-19T19:18:54.966170,C-3525,customer,IT,customer,88,High,0.46,"{""metric_1"": 8, ""metric_2"": 76}",True
RSK-002820,2026-08-21T19:18:54.966170,S-039,supplier,Support,operational,31,Moderate,0.32,"{""metric_1"": 5, ""metric_2"": 17}",False
RSK-002821,2026-08-15T19:18:54.966170,SYS-076,system,Support,cyber,80,Moderate,3.1,"{""metric_1"": 4, ""metric_2"": 74}",True
RSK-002822,2026-08-03T19:18:54.966170,S-047,supplier,Finance,operational,89,Low,1.51,"{""metric_1"": 9, ""metric_2"": 70}",False
RSK-002823,2026-06-18T19:18:54.966170,C-1250,customer,Operations,financial,81,Low,0.3,"{""metric_1"": 5, ""metric_2"": 10}",True
RSK-002824,2026-08-20T19:18:54.966170,C-4670,customer,Support,customer,38,High,3.0,"{""metric_1"": 1, ""metric_2"": 32}",True
RSK-002825,2026-07-18T19:18:54.966170,SYS-065,system,Support,fraud,54,Low,1.13,"{""metric_1"": 7, ""metric_2"": 72}",True
RSK-002826,2026-06-30T19:18:54.966170,SYS-065,system,IT,fraud,22,Moderate,2.35,"{""metric_1"": 6, ""metric_2"": 50}",False
RSK-002827,2026-08-18T19:18:54.966170,SYS-035,system,Finance,fraud,80,Moderate,4.79,"{""metric_1"": 6, ""metric_2"": 27}",True
RSK-002828,2026-08-11T19:18:54.966170,SYS-013,system,Support,cyber,82,Critical,4.52,"{""metric_1"": 7, ""metric_2"": 23}",True
RSK-002829,2026-06-29T19:18:54.966170,SYS-083,system,Support,cyber,71,Moderate,0.97,"{""metric_1"": 6, ""metric_2"": 74}",False
RSK-002830,2026-06-16T19:18:54.966170,C-2476,customer,Support,financial,20,Low,0.19,"{""metric_1"": 7, ""metric_2"": 32}",True
RSK-002831,2026-06-24T19:18:54.966170,SYS-024,system,Operations,cyber,79,High,4.93,"{""metric_1"": 4, ""metric_2"": 94}",True
RSK-002832,2026-07-16T19:18:54.966170,C-0389,customer,IT,customer,82,Moderate,1.38,"{""metric_1"": 4, ""metric_2"": 76}",False
RSK-002833,2026-05-30T19:18:54.966170,S-016,supplier,IT,operational,92,High,2.28,"{""metric_1"": 8, ""metric_2"": 32}",True
RSK-002834,2026-08-05T19:18:54.966170,SYS-035,system,Finance,cyber,31,Critical,3.54,"{""metric_1"": 3, ""metric_2"": 93}",False
RSK-002835,2026-06-02T19:18:54.966170,C-3754,customer,Support,financial,81,Moderate,4.18,"{""metric_1"": 3, ""metric_2"": 87}",True
RSK-002836,2026-07-09T19:18:54.966170,S-040,supplier,IT,operational,81,Moderate,0.86,"{""metric_1"": 7, ""metric_2"": 61}",False
RSK-002837,2026-07-12T19:18:54.966170,S-007,supplier,Operations,operational,15,Moderate,2.38,"{""metric_1"": 8, ""metric_2"": 30}",False
RSK-002838,2026-08-19T19:18:54.966170,C-2893,customer,Operations,financial,80,Moderate,3.92,"{""metric_1"": 2, ""metric_2"": 37}",False
RSK-002839,2026-05-20T19:18:54.966170,S-007,supplier,Operations,operational,36,High,0.27,"{""metric_1"": 3, ""metric_2"": 41}",False
RSK-002840,2026-07-22T19:18:54.966170,S-025,supplier,IT,operational,94,Low,1.18,"{""metric_1"": 9, ""metric_2"": 98}",False
RSK-002841,2026-06-02T19:18:54.966170,C-3910,customer,Operations,financial,98,High,3.91,"{""metric_1"": 5, ""metric_2"": 55}",True
RSK-002842,2026-07-12T19:18:54.966170,C-2301,customer,Support,customer,59,High,4.08,"{""metric_1"": 8, ""metric_2"": 17}",False
RSK-002843,2026-07-08T19:18:54.966170,SYS-065,system,Finance,fraud,95,Moderate,3.15,"{""metric_1"": 1, ""metric_2"": 50}",True
RSK-002844,2026-05-31T19:18:54.966170,C-0281,customer,IT,customer,23,Moderate,0.91,"{""metric_1"": 4, ""metric_2"": 77}",True
RSK-002845,2026-07-29T19:18:54.966170,SYS-001,system,Support,cyber,47,Moderate,0.81,"{""metric_1"": 2, ""metric_2"": 77}",False
RSK-002846,2026-06-04T19:18:54.966170,C-2475,customer,Operations,financial,18,Moderate,0.63,"{""metric_1"": 9, ""metric_2"": 64}",False
RSK-002847,2026-05-20T19:18:54.966170,S-043,supplier,Support,operational,76,Low,4.05,"{""metric_1"": 8, ""metric_2"": 49}",False
RSK-002848,2026-05-31T19:18:54.966170,S-007,supplier,Operations,operational,17,Moderate,1.63,"{""metric_1"": 6, ""metric_2"": 58}",False
RSK-002849,2026-06-01T19:18:54.966170,SYS-086,system,Operations,fraud,11,High,4.31,"{""metric_1"": 9, ""metric_2"": 37}",False
RSK-002850,2026-06-27T19:18:54.966170,C-4744,customer,IT,customer,76,Moderate,1.36,"{""metric_1"": 2, ""metric_2"": 77}",False
RSK-002851,2026-06-19T19:18:54.966170,C-4829,customer,Support,financial,93,Low,1.12,"{""metric_1"": 9, ""metric_2"": 13}",True
RSK-002852,2026-05-24T19:18:54.966170,S-012,supplier,Support,operational,20,Low,2.66,"{""metric_1"": 9, ""metric_2"": 50}",False
RSK-002853,2026-06-26T19:18:54.966170,S-009,supplier,Operations,operational,84,Moderate,4.98,"{""metric_1"": 8, ""metric_2"": 61}",False
RSK-002854,2026-06-18T19:18:54.966170,SYS-023,system,IT,cyber,74,High,2.8,"{""metric_1"": 3, ""metric_2"": 40}",False
RSK-002855,2026-08-17T19:18:54.966170,C-1930,customer,Finance,customer,49,Moderate,1.94,"{""metric_1"": 6, ""metric_2"": 25}",True
RSK-002856,2026-07-21T19:18:54.966170,C-3972,customer,Operations,customer,76,Critical,3.52,"{""metric_1"": 5, ""metric_2"": 48}",True
RSK-002857,2026-08-01T19:18:54.966170,C-3023,customer,IT,customer,55,High,1.09,"{""metric_1"": 9, ""metric_2"": 24}",False
RSK-002858,2026-07-19T19:18:54.966170,C-4993,customer,Support,financial,40,Critical,2.67,"{""metric_1"": 7, ""metric_2"": 40}",True
RSK-002859,2026-06-05T19:18:54.966170,S-011,supplier,IT,operational,44,Moderate,2.65,"{""metric_1"": 2, ""metric_2"": 50}",False
RSK-002860,2026-06-19T19:18:54.966170,C-3621,customer,Operations,financial,29,Critical,2.07,"{""metric_1"": 2, ""metric_2"": 80}",False
RSK-002861,2026-08-07T19:18:54.966170,S-048,supplier,Finance,operational,24,High,4.41,"{""metric_1"": 9, ""metric_2"": 51}",False
RSK-002862,2026-07-23T19:18:54.966170,C-0794,customer,Support,customer,60,Critical,1.69,"{""metric_1"": 5, ""metric_2"": 46}",True
RSK-002863,2026-06-11T19:18:54.966170,SYS-038,system,Finance,fraud,66,High,4.63,"{""metric_1"": 6, ""metric_2"": 91}",False
RSK-002864,2026-06-06T19:18:54.966170,SYS-071,system,Finance,fraud,59,Critical,4.95,"{""metric_1"": 5, ""metric_2"": 30}",True
RSK-002865,2026-08-13T19:18:54.966170,S-050,supplier,Support,operational,49,Moderate,2.12,"{""metric_1"": 6, ""metric_2"": 89}",False
RSK-002866,2026-06-09T19:18:54.966170,SYS-019,system,Support,fraud,13,Moderate,3.55,"{""metric_1"": 3, ""metric_2"": 30}",True
RSK-002867,2026-07-25T19:18:54.966170,S-025,supplier,Finance,operational,64,Critical,2.9,"{""metric_1"": 3, ""metric_2"": 87}",True
RSK-002868,2026-06-06T19:18:54.966170,SYS-090,system,Support,fraud,18,High,1.32,"{""metric_1"": 1, ""metric_2"": 80}",False
RSK-002869,2026-07-24T19:18:54.966170,C-4995,customer,Support,financial,48,Critical,2.81,"{""metric_1"": 8, ""metric_2"": 62}",False
RSK-002870,2026-07-26T19:18:54.966170,S-026,supplier,Operations,operational,70,Critical,1.57,"{""metric_1"": 4, ""metric_2"": 51}",True
RSK-002871,2026-07-27T19:18:54.966170,SYS-054,system,Support,fraud,63,Moderate,1.68,"{""metric_1"": 1, ""metric_2"": 27}",True
RSK-002872,2026-07-17T19:18:54.966170,SYS-010,system,Support,fraud,83,Moderate,4.08,"{""metric_1"": 8, ""metric_2"": 56}",True
RSK-002873,2026-07-07T19:18:54.966170,S-036,supplier,Operations,operational,30,Critical,1.25,"{""metric_1"": 1, ""metric_2"": 56}",False
RSK-002874,2026-08-14T19:18:54.966170,SYS-089,system,IT,cyber,80,High,2.26,"{""metric_1"": 4, ""metric_2"": 24}",False
RSK-002875,2026-07-30T19:18:54.966170,C-0678,customer,Operations,customer,45,Critical,3.92,"{""metric_1"": 5, ""metric_2"": 29}",True
RSK-002876,2026-06-12T19:18:54.966170,S-021,supplier,IT,operational,49,Low,0.26,"{""metric_1"": 2, ""metric_2"": 53}",True
RSK-002877,2026-06-07T19:18:54.966170,C-3350,customer,Operations,customer,12,Moderate,1.75,"{""metric_1"": 3, ""metric_2"": 69}",True
RSK-002878,2026-08-06T19:18:54.966170,SYS-055,system,Operations,fraud,14,High,4.64,"{""metric_1"": 6, ""metric_2"": 65}",True
RSK-002879,2026-07-11T19:18:54.966170,S-033,supplier,Finance,operational,33,High,3.98,"{""metric_1"": 6, ""metric_2"": 48}",True
RSK-002880,2026-06-28T19:18:54.966170,C-2721,customer,Finance,financial,19,Moderate,3.04,"{""metric_1"": 8, ""metric_2"": 45}",False
RSK-002881,2026-05-27T19:18:54.966170,SYS-056,system,Support,cyber,71,Critical,0.11,"{""metric_1"": 1, ""metric_2"": 23}",True
RSK-002882,2026-07-09T19:18:54.966170,C-2173,customer,Operations,financial,82,Low,4.3,"{""metric_1"": 8, ""metric_2"": 87}",False
RSK-002883,2026-07-03T19:18:54.966170,C-3773,customer,Finance,financial,11,High,3.45,"{""metric_1"": 4, ""metric_2"": 39}",True
RSK-002884,2026-05-28T19:18:54.966170,SYS-073,system,Finance,cyber,98,Critical,4.32,"{""metric_1"": 2, ""metric_2"": 57}",True
RSK-002885,2026-06-09T19:18:54.966170,SYS-093,system,Finance,fraud,34,High,1.16,"{""metric_1"": 4, ""metric_2"": 27}",True
RSK-002886,2026-05-28T19:18:54.966170,C-1095,customer,IT,financial,43,Low,1.08,"{""metric_1"": 8, ""metric_2"": 29}",True
RSK-002887,2026-08-06T19:18:54.966170,C-3974,customer,Support,financial,85,High,0.26,"{""metric_1"": 8, ""metric_2"": 54}",True
RSK-002888,2026-06-26T19:18:54.966170,C-2263,customer,IT,financial,46,Low,4.1,"{""metric_1"": 4, ""metric_2"": 74}",True
RSK-002889,2026-08-21T19:18:54.966170,SYS-081,system,IT,cyber,19,Low,1.16,"{""metric_1"": 3, ""metric_2"": 56}",True
RSK-002890,2026-05-15T19:18:54.966170,SYS-026,system,Support,cyber,49,Moderate,2.14,"{""metric_1"": 2, ""metric_2"": 15}",False
RSK-002891,2026-07-01T19:18:54.966170,SYS-066,system,IT,fraud,96,Critical,4.38,"{""metric_1"": 6, ""metric_2"": 12}",True
RSK-002892,2026-06-07T19:18:54.966170,C-0234,customer,IT,financial,51,Moderate,3.66,"{""metric_1"": 1, ""metric_2"": 33}",False
RSK-002893,2026-06-11T19:18:54.966170,C-4973,customer,Operations,financial,59,High,3.35,"{""metric_1"": 1, ""metric_2"": 44}",True
RSK-002894,2026-05-20T19:18:54.966170,S-019,supplier,Operations,operational,16,Low,1.8,"{""metric_1"": 1, ""metric_2"": 25}",True
RSK-002895,2026-06-11T19:18:54.966170,SYS-011,system,Operations,cyber,94,Critical,0.98,"{""metric_1"": 8, ""metric_2"": 22}",True
RSK-002896,2026-06-25T19:18:54.966170,SYS-055,system,Support,fraud,83,Critical,4.94,"{""metric_1"": 9, ""metric_2"": 78}",True
RSK-002897,2026-08-12T19:18:54.966170,C-1300,customer,Operations,financial,57,Low,1.45,"{""metric_1"": 2, ""metric_2"": 92}",False
RSK-002898,2026-08-08T19:18:54.966170,C-3116,customer,Finance,customer,57,Critical,2.21,"{""metric_1"": 2, ""metric_2"": 51}",True
RSK-002899,2026-08-20T19:18:54.966170,SYS-022,system,IT,cyber,78,Moderate,4.31,"{""metric_1"": 7, ""metric_2"": 15}",True
RSK-002900,2026-07-11T19:18:54.966170,SYS-025,system,IT,fraud,31,Moderate,1.56,"{""metric_1"": 2, ""metric_2"": 20}",True
RSK-002901,2026-06-29T19:18:54.966170,SYS-076,system,Operations,cyber,87,High,0.25,"{""metric_1"": 8, ""metric_2"": 46}",True
RSK-002902,2026-08-17T19:18:54.966170,C-3923,customer,Support,customer,84,Critical,4.66,"{""metric_1"": 5, ""metric_2"": 39}",True
RSK-002903,2026-05-26T19:18:54.966170,S-047,supplier,IT,operational,80,Critical,3.06,"{""metric_1"": 8, ""metric_2"": 42}",False
RSK-002904,2026-06-19T19:18:54.966170,C-0428,customer,Operations,financial,60,High,2.17,"{""metric_1"": 1, ""metric_2"": 53}",False
RSK-002905,2026-05-22T19:18:54.966170,C-3888,customer,Finance,customer,22,Low,2.61,"{""metric_1"": 8, ""metric_2"": 16}",True
RSK-002906,2026-06-23T19:18:54.966170,S-041,supplier,Support,operational,75,Moderate,1.99,"{""metric_1"": 8, ""metric_2"": 88}",True
RSK-002907,2026-06-18T19:18:54.966170,C-0337,customer,Support,financial,64,Moderate,3.93,"{""metric_1"": 2, ""metric_2"": 91}",False
RSK-002908,2026-06-18T19:18:54.966170,SYS-028,system,Operations,cyber,44,Low,1.02,"{""metric_1"": 4, ""metric_2"": 84}",True
RSK-002909,2026-07-30T19:18:54.966170,C-1155,customer,Finance,financial,24,Critical,4.69,"{""metric_1"": 5, ""metric_2"": 36}",True
RSK-002910,2026-05-29T19:18:54.966170,C-4882,customer,IT,customer,56,Moderate,2.36,"{""metric_1"": 9, ""metric_2"": 51}",False
RSK-002911,2026-07-12T19:18:54.966170,C-3852,customer,IT,financial,22,High,3.81,"{""metric_1"": 3, ""metric_2"": 57}",False
RSK-002912,2026-07-16T19:18:54.966170,C-0002,customer,Operations,financial,82,High,1.29,"{""metric_1"": 8, ""metric_2"": 42}",False
RSK-002913,2026-07-16T19:18:54.966170,S-039,supplier,Finance,operational,77,Critical,1.05,"{""metric_1"": 8, ""metric_2"": 19}",True
RSK-002914,2026-08-20T19:18:54.966170,SYS-098,system,Support,cyber,66,High,3.25,"{""metric_1"": 9, ""metric_2"": 42}",False
RSK-002915,2026-05-21T19:18:54.966170,SYS-086,system,Support,fraud,92,Low,0.14,"{""metric_1"": 2, ""metric_2"": 90}",True
RSK-002916,2026-08-06T19:18:54.966170,SYS-051,system,Finance,cyber,35,Critical,4.74,"{""metric_1"": 6, ""metric_2"": 52}",True
RSK-002917,2026-06-13T19:18:54.966170,SYS-043,system,Support,fraud,13,Moderate,2.62,"{""metric_1"": 2, ""metric_2"": 17}",True
RSK-002918,2026-08-09T19:18:54.966170,C-1390,customer,Finance,financial,94,Low,0.75,"{""metric_1"": 1, ""metric_2"": 20}",False
RSK-002919,2026-07-12T19:18:54.966170,SYS-086,system,Operations,cyber,76,Moderate,3.88,"{""metric_1"": 3, ""metric_2"": 12}",True
RSK-002920,2026-06-25T19:18:54.966170,C-1130,customer,Operations,financial,97,Critical,1.86,"{""metric_1"": 9, ""metric_2"": 38}",False
RSK-002921,2026-05-25T19:18:54.966170,SYS-080,system,Finance,fraud,63,High,4.35,"{""metric_1"": 5, ""metric_2"": 70}",False
RSK-002922,2026-08-11T19:18:54.966170,C-3013,customer,Finance,financial,16,Critical,3.02,"{""metric_1"": 4, ""metric_2"": 70}",True
RSK-002923,2026-06-30T19:18:54.966170,S-003,supplier,IT,operational,49,Moderate,2.45,"{""metric_1"": 5, ""metric_2"": 88}",False
RSK-002924,2026-06-15T19:18:54.966170,S-038,supplier,Finance,operational,95,High,4.12,"{""metric_1"": 2, ""metric_2"": 85}",True
RSK-002925,2026-06-03T19:18:54.966170,C-0549,customer,Operations,financial,36,Critical,3.98,"{""metric_1"": 3, ""metric_2"": 88}",False
RSK-002926,2026-08-19T19:18:54.966170,SYS-090,system,IT,cyber,90,Moderate,1.68,"{""metric_1"": 3, ""metric_2"": 67}",False
RSK-002927,2026-08-08T19:18:54.966170,C-1077,customer,IT,customer,95,High,4.13,"{""metric_1"": 8, ""metric_2"": 78}",True
RSK-002928,2026-07-31T19:18:54.966170,C-2428,customer,IT,customer,57,Moderate,1.51,"{""metric_1"": 4, ""metric_2"": 44}",False
RSK-002929,2026-08-21T19:18:54.966170,S-011,supplier,Finance,operational,86,High,3.98,"{""metric_1"": 7, ""metric_2"": 18}",True
RSK-002930,2026-05-26T19:18:54.966170,S-019,supplier,IT,operational,74,Critical,1.9,"{""metric_1"": 6, ""metric_2"": 65}",False
RSK-002931,2026-07-01T19:18:54.966170,SYS-062,system,IT,fraud,21,Moderate,4.2,"{""metric_1"": 1, ""metric_2"": 71}",True
RSK-002932,2026-08-15T19:18:54.966170,C-3173,customer,Finance,financial,24,High,1.47,"{""metric_1"": 6, ""metric_2"": 99}",False
RSK-002933,2026-07-21T19:18:54.966170,C-2016,customer,IT,customer,52,High,2.18,"{""metric_1"": 7, ""metric_2"": 56}",False
RSK-002934,2026-06-09T19:18:54.966170,S-004,supplier,IT,operational,93,Low,1.35,"{""metric_1"": 7, ""metric_2"": 91}",False
RSK-002935,2026-07-27T19:18:54.966170,C-0828,customer,Operations,customer,25,Low,4.95,"{""metric_1"": 2, ""metric_2"": 19}",False
RSK-002936,2026-08-15T19:18:54.966170,SYS-043,system,Operations,cyber,56,Moderate,3.3,"{""metric_1"": 7, ""metric_2"": 74}",True
RSK-002937,2026-08-11T19:18:54.966170,SYS-061,system,Operations,cyber,79,Moderate,3.87,"{""metric_1"": 6, ""metric_2"": 16}",False
RSK-002938,2026-07-10T19:18:54.966170,C-4461,customer,Operations,customer,46,High,0.6,"{""metric_1"": 4, ""metric_2"": 39}",True
RSK-002939,2026-05-15T19:18:54.966170,S-038,supplier,Support,operational,25,Moderate,3.01,"{""metric_1"": 1, ""metric_2"": 37}",True
RSK-002940,2026-06-22T19:18:54.966170,SYS-025,system,Support,cyber,56,Moderate,1.19,"{""metric_1"": 6, ""metric_2"": 40}",True
RSK-002941,2026-07-23T19:18:54.966170,S-031,supplier,IT,operational,19,Critical,2.2,"{""metric_1"": 1, ""metric_2"": 15}",True
RSK-002942,2026-07-13T19:18:54.966170,SYS-057,system,Operations,cyber,95,Moderate,4.56,"{""metric_1"": 9, ""metric_2"": 96}",True
RSK-002943,2026-07-25T19:18:54.966170,S-017,supplier,Support,operational,44,Moderate,2.87,"{""metric_1"": 1, ""metric_2"": 22}",False
RSK-002944,2026-06-27T19:18:54.966170,SYS-061,system,Support,cyber,17,High,4.53,"{""metric_1"": 7, ""metric_2"": 38}",False
RSK-002945,2026-08-17T19:18:54.966170,SYS-012,system,Operations,cyber,75,Moderate,2.28,"{""metric_1"": 7, ""metric_2"": 84}",False
RSK-002946,2026-07-24T19:18:54.966170,SYS-024,system,Operations,fraud,95,Moderate,1.55,"{""metric_1"": 9, ""metric_2"": 96}",True
RSK-002947,2026-07-21T19:18:54.966170,SYS-046,system,Finance,fraud,43,High,2.04,"{""metric_1"": 9, ""metric_2"": 96}",False
RSK-002948,2026-08-08T19:18:54.966170,C-3581,customer,Finance,customer,71,High,3.9,"{""metric_1"": 7, ""metric_2"": 44}",False
RSK-002949,2026-08-13T19:18:54.966170,SYS-042,system,Support,fraud,20,High,3.93,"{""metric_1"": 8, ""metric_2"": 85}",True
RSK-002950,2026-07-16T19:18:54.966170,C-4096,customer,Operations,customer,90,Moderate,2.67,"{""metric_1"": 6, ""metric_2"": 67}",False
RSK-002951,2026-08-04T19:18:54.966170,C-2219,customer,IT,financial,61,Low,0.15,"{""metric_1"": 2, ""metric_2"": 39}",True
RSK-002952,2026-08-19T19:18:54.966170,C-3023,customer,IT,financial,68,High,1.59,"{""metric_1"": 6, ""metric_2"": 31}",False
RSK-002953,2026-07-11T19:18:54.966170,S-018,supplier,IT,operational,23,Critical,0.38,"{""metric_1"": 9, ""metric_2"": 48}",True
RSK-002954,2026-07-03T19:18:54.966170,C-0765,customer,IT,financial,91,Moderate,1.21,"{""metric_1"": 1, ""metric_2"": 40}",True
RSK-002955,2026-08-15T19:18:54.966170,SYS-084,system,Operations,fraud,81,Low,0.54,"{""metric_1"": 3, ""metric_2"": 96}",True
RSK-002956,2026-08-09T19:18:54.966170,C-1370,customer,Finance,customer,76,High,2.19,"{""metric_1"": 7, ""metric_2"": 52}",False
RSK-002957,2026-06-23T19:18:54.966170,C-4222,customer,Finance,customer,86,Moderate,3.03,"{""metric_1"": 5, ""metric_2"": 13}",True
RSK-002958,2026-05-27T19:18:54.966170,SYS-084,system,Support,cyber,40,Low,1.21,"{""metric_1"": 5, ""metric_2"": 96}",False
RSK-002959,2026-08-09T19:18:54.966170,C-4881,customer,Finance,financial,54,Critical,0.74,"{""metric_1"": 5, ""metric_2"": 12}",False
RSK-002960,2026-06-02T19:18:54.966170,SYS-039,system,Finance,cyber,53,Moderate,0.68,"{""metric_1"": 3, ""metric_2"": 42}",True
RSK-002961,2026-05-20T19:18:54.966170,C-4976,customer,IT,customer,81,Low,0.47,"{""metric_1"": 7, ""metric_2"": 44}",True
RSK-002962,2026-08-06T19:18:54.966170,C-0628,customer,Operations,financial,17,Moderate,4.98,"{""metric_1"": 5, ""metric_2"": 19}",True
RSK-002963,2026-06-04T19:18:54.966170,C-0046,customer,IT,customer,13,High,2.81,"{""metric_1"": 5, ""metric_2"": 47}",False
RSK-002964,2026-07-19T19:18:54.966170,S-006,supplier,Operations,operational,52,Moderate,1.42,"{""metric_1"": 6, ""metric_2"": 10}",False
RSK-002965,2026-08-11T19:18:54.966170,SYS-051,system,IT,cyber,94,Critical,4.57,"{""metric_1"": 6, ""metric_2"": 25}",True
RSK-002966,2026-05-19T19:18:54.966170,SYS-057,system,Finance,fraud,46,Moderate,3.33,"{""metric_1"": 9, ""metric_2"": 27}",False
RSK-002967,2026-06-21T19:18:54.966170,C-0769,customer,Finance,customer,85,Low,3.14,"{""metric_1"": 5, ""metric_2"": 60}",False
RSK-002968,2026-07-21T19:18:54.966170,S-016,supplier,Operations,operational,51,Low,2.4,"{""metric_1"": 1, ""metric_2"": 73}",True
RSK-002969,2026-07-22T19:18:54.966170,SYS-039,system,Finance,fraud,18,Critical,4.42,"{""metric_1"": 1, ""metric_2"": 30}",True
RSK-002970,2026-06-26T19:18:54.966170,SYS-096,system,IT,cyber,77,High,4.37,"{""metric_1"": 6, ""metric_2"": 52}",False
RSK-002971,2026-07-23T19:18:54.966170,C-2517,customer,IT,financial,31,High,3.55,"{""metric_1"": 4, ""metric_2"": 27}",True
RSK-002972,2026-06-28T19:18:54.966170,S-033,supplier,Support,operational,66,High,4.06,"{""metric_1"": 7, ""metric_2"": 37}",False
RSK-002973,2026-06-17T19:18:54.966170,SYS-006,system,Support,cyber,38,Critical,1.21,"{""metric_1"": 2, ""metric_2"": 14}",False
RSK-002974,2026-06-25T19:18:54.966170,C-2228,customer,Support,financial,62,Moderate,0.98,"{""metric_1"": 8, ""metric_2"": 52}",False
RSK-002975,2026-08-08T19:18:54.966170,SYS-015,system,Support,fraud,70,Moderate,2.62,"{""metric_1"": 9, ""metric_2"": 90}",True
RSK-002976,2026-07-16T19:18:54.966170,C-2558,customer,Operations,customer,25,High,2.98,"{""metric_1"": 9, ""metric_2"": 71}",True
RSK-002977,2026-07-05T19:18:54.966170,C-1736,customer,Support,customer,77,Critical,1.69,"{""metric_1"": 6, ""metric_2"": 67}",True
RSK-002978,2026-07-04T19:18:54.966170,SYS-084,system,Operations,cyber,18,Critical,3.95,"{""metric_1"": 4, ""metric_2"": 68}",False
RSK-002979,2026-05-22T19:18:54.966170,S-019,supplier,Support,operational,54,High,3.07,"{""metric_1"": 5, ""metric_2"": 46}",False
RSK-002980,2026-06-29T19:18:54.966170,S-048,supplier,Operations,operational,78,Low,4.73,"{""metric_1"": 4, ""metric_2"": 56}",False
RSK-002981,2026-06-05T19:18:54.966170,S-036,supplier,IT,operational,78,Moderate,1.75,"{""metric_1"": 9, ""metric_2"": 77}",False
RSK-002982,2026-06-26T19:18:54.966170,C-4105,customer,Finance,financial,78,Critical,0.68,"{""metric_1"": 2, ""metric_2"": 25}",True
RSK-002983,2026-06-11T19:18:54.966170,C-2570,customer,Operations,customer,95,Moderate,0.21,"{""metric_1"": 5, ""metric_2"": 39}",False
RSK-002984,2026-08-10T19:18:54.966170,SYS-080,system,IT,fraud,46,Low,2.11,"{""metric_1"": 9, ""metric_2"": 59}",True
RSK-002985,2026-07-27T19:18:54.966170,C-4781,customer,Support,financial,65,Low,4.44,"{""metric_1"": 9, ""metric_2"": 35}",False
RSK-002986,2026-06-17T19:18:54.966170,C-0943,customer,Support,financial,84,Moderate,1.18,"{""metric_1"": 5, ""metric_2"": 30}",True
RSK-002987,2026-07-15T19:18:54.966170,C-4765,customer,Operations,financial,13,High,4.59,"{""metric_1"": 9, ""metric_2"": 20}",False
RSK-002988,2026-05-24T19:18:54.966170,SYS-024,system,Finance,cyber,77,Moderate,3.53,"{""metric_1"": 9, ""metric_2"": 83}",True
RSK-002989,2026-07-20T19:18:54.966170,C-2027,customer,Finance,financial,15,Low,3.29,"{""metric_1"": 5, ""metric_2"": 26}",False
RSK-002990,2026-05-20T19:18:54.966170,C-3982,customer,Support,customer,11,High,0.79,"{""metric_1"": 9, ""metric_2"": 27}",True
RSK-002991,2026-06-28T19:18:54.966170,SYS-080,system,Finance,fraud,80,High,1.79,"{""metric_1"": 7, ""metric_2"": 20}",True
RSK-002992,2026-05-15T19:18:54.966170,SYS-028,system,Support,cyber,11,Moderate,0.24,"{""metric_1"": 7, ""metric_2"": 71}",True
RSK-002993,2026-06-28T19:18:54.966170,SYS-092,system,Finance,fraud,33,Moderate,2.35,"{""metric_1"": 8, ""metric_2"": 67}",True
RSK-002994,2026-06-03T19:18:54.966170,C-0736,customer,Finance,financial,10,Low,1.84,"{""metric_1"": 8, ""metric_2"": 46}",True
RSK-002995,2026-06-26T19:18:54.966170,C-0720,customer,Operations,financial,15,Low,3.35,"{""metric_1"": 3, ""metric_2"": 89}",True
RSK-002996,2026-08-10T19:18:54.966170,C-0589,customer,Support,financial,26,Low,3.11,"{""metric_1"": 1, ""metric_2"": 49}",True
RSK-002997,2026-08-13T19:18:54.966170,SYS-008,system,Support,cyber,68,Low,0.3,"{""metric_1"": 7, ""metric_2"": 12}",False
RSK-002998,2026-06-17T19:18:54.966170,SYS-060,system,Operations,cyber,68,Moderate,0.7,"{""metric_1"": 9, ""metric_2"": 89}",True
RSK-002999,2026-05-30T19:18:54.966170,C-1033,customer,Finance,financial,15,Critical,0.15,"{""metric_1"": 3, ""metric_2"": 17}",True
RSK-003000,2026-07-31T19:18:54.966170,C-2326,customer,Finance,financial,66,Critical,1.98,"{""metric_1"": 6, ""metric_2"": 25}",True
RSK-003001,2026-05-15T19:18:54.966170,C-2876,customer,Operations,financial,61,Critical,4.6,"{""metric_1"": 5, ""metric_2"": 98}",True
RSK-003002,2026-05-18T19:18:54.966170,S-001,supplier,Support,operational,82,High,3.48,"{""metric_1"": 2, ""metric_2"": 49}",False
RSK-003003,2026-07-10T19:18:54.966170,SYS-028,system,Support,fraud,32,High,1.57,"{""metric_1"": 9, ""metric_2"": 18}",True
RSK-003004,2026-07-21T19:18:54.966170,SYS-069,system,Support,fraud,97,Low,2.77,"{""metric_1"": 8, ""metric_2"": 42}",False
RSK-003005,2026-07-25T19:18:54.966170,S-028,supplier,Operations,operational,21,Moderate,0.64,"{""metric_1"": 8, ""metric_2"": 18}",True
RSK-003006,2026-06-03T19:18:54.966170,C-4024,customer,Operations,financial,84,Moderate,4.07,"{""metric_1"": 3, ""metric_2"": 17}",True
RSK-003007,2026-07-26T19:18:54.966170,S-021,supplier,Operations,operational,71,Moderate,0.78,"{""metric_1"": 1, ""metric_2"": 94}",False
RSK-003008,2026-07-05T19:18:54.966170,SYS-057,system,Operations,cyber,14,High,3.09,"{""metric_1"": 9, ""metric_2"": 59}",True
RSK-003009,2026-06-20T19:18:54.966170,C-0534,customer,Support,customer,42,Moderate,4.93,"{""metric_1"": 8, ""metric_2"": 82}",True
RSK-003010,2026-06-18T19:18:54.966170,SYS-020,system,Finance,cyber,63,Moderate,4.72,"{""metric_1"": 8, ""metric_2"": 80}",True
RSK-003011,2026-07-18T19:18:54.966170,S-035,supplier,Support,operational,69,High,0.58,"{""metric_1"": 6, ""metric_2"": 46}",True
RSK-003012,2026-08-21T19:18:54.966170,SYS-024,system,IT,cyber,31,Moderate,4.32,"{""metric_1"": 4, ""metric_2"": 89}",False
RSK-003013,2026-08-16T19:18:54.966170,S-027,supplier,IT,operational,33,Critical,0.63,"{""metric_1"": 7, ""metric_2"": 38}",False
RSK-003014,2026-05-25T19:18:54.966170,SYS-074,system,Finance,cyber,54,Low,2.24,"{""metric_1"": 1, ""metric_2"": 75}",False
RSK-003015,2026-05-30T19:18:54.966170,SYS-061,system,Support,fraud,93,High,2.1,"{""metric_1"": 2, ""metric_2"": 25}",False
RSK-003016,2026-05-18T19:18:54.966170,C-3335,customer,Support,customer,17,Moderate,4.77,"{""metric_1"": 5, ""metric_2"": 70}",False
RSK-003017,2026-07-06T19:18:54.966170,S-002,supplier,Finance,operational,34,High,2.26,"{""metric_1"": 7, ""metric_2"": 63}",False
RSK-003018,2026-06-09T19:18:54.966170,S-002,supplier,Finance,operational,71,Moderate,1.31,"{""metric_1"": 3, ""metric_2"": 86}",False
RSK-003019,2026-08-10T19:18:54.966170,SYS-019,system,IT,fraud,36,Low,0.59,"{""metric_1"": 4, ""metric_2"": 85}",True
RSK-003020,2026-08-09T19:18:54.966170,SYS-020,system,Operations,cyber,35,Low,0.38,"{""metric_1"": 7, ""metric_2"": 31}",False
RSK-003021,2026-07-11T19:18:54.966170,SYS-069,system,Finance,fraud,29,Low,0.28,"{""metric_1"": 1, ""metric_2"": 83}",False
RSK-003022,2026-06-20T19:18:54.966170,S-027,supplier,Finance,operational,73,High,2.78,"{""metric_1"": 1, ""metric_2"": 42}",False
RSK-003023,2026-08-02T19:18:54.966170,C-4797,customer,Support,customer,26,High,4.97,"{""metric_1"": 3, ""metric_2"": 61}",True
RSK-003024,2026-07-12T19:18:54.966170,S-040,supplier,Finance,operational,12,High,4.52,"{""metric_1"": 3, ""metric_2"": 55}",True
RSK-003025,2026-07-24T19:18:54.966170,C-0698,customer,Operations,financial,73,High,1.26,"{""metric_1"": 7, ""metric_2"": 64}",False
RSK-003026,2026-06-21T19:18:54.966170,C-3624,customer,Support,customer,70,High,0.99,"{""metric_1"": 7, ""metric_2"": 24}",False
RSK-003027,2026-08-09T19:18:54.966170,C-0089,customer,Operations,financial,48,Critical,2.15,"{""metric_1"": 5, ""metric_2"": 23}",True
RSK-003028,2026-05-19T19:18:54.966170,SYS-041,system,Operations,cyber,17,Critical,1.3,"{""metric_1"": 7, ""metric_2"": 95}",True
RSK-003029,2026-07-10T19:18:54.966170,SYS-003,system,Support,fraud,21,Critical,3.68,"{""metric_1"": 4, ""metric_2"": 45}",True
RSK-003030,2026-05-28T19:18:54.966170,SYS-036,system,IT,cyber,27,High,4.79,"{""metric_1"": 9, ""metric_2"": 72}",True
RSK-003031,2026-06-07T19:18:54.966170,C-3844,customer,IT,financial,86,Moderate,1.92,"{""metric_1"": 5, ""metric_2"": 24}",False
RSK-003032,2026-05-31T19:18:54.966170,S-008,supplier,Finance,operational,86,Low,2.67,"{""metric_1"": 4, ""metric_2"": 84}",False
RSK-003033,2026-06-01T19:18:54.966170,S-020,supplier,Operations,operational,95,Low,1.02,"{""metric_1"": 5, ""metric_2"": 74}",False
RSK-003034,2026-06-28T19:18:54.966170,SYS-050,system,Finance,cyber,74,Low,2.97,"{""metric_1"": 3, ""metric_2"": 30}",True
RSK-003035,2026-07-27T19:18:54.966170,SYS-010,system,Finance,cyber,41,Moderate,1.95,"{""metric_1"": 2, ""metric_2"": 50}",True
RSK-003036,2026-06-21T19:18:54.966170,SYS-031,system,IT,fraud,10,Critical,2.99,"{""metric_1"": 7, ""metric_2"": 27}",False
RSK-003037,2026-07-28T19:18:54.966170,C-4103,customer,Finance,financial,66,Moderate,2.29,"{""metric_1"": 3, ""metric_2"": 47}",True
RSK-003038,2026-06-09T19:18:54.966170,S-040,supplier,Operations,operational,16,Critical,2.28,"{""metric_1"": 5, ""metric_2"": 16}",True
RSK-003039,2026-08-04T19:18:54.966170,C-1624,customer,Support,financial,82,Low,2.04,"{""metric_1"": 8, ""metric_2"": 39}",False
RSK-003040,2026-07-27T19:18:54.966170,C-2044,customer,IT,customer,15,Low,4.22,"{""metric_1"": 4, ""metric_2"": 78}",False
RSK-003041,2026-07-29T19:18:54.966170,SYS-020,system,IT,fraud,15,Moderate,4.58,"{""metric_1"": 7, ""metric_2"": 78}",True
RSK-003042,2026-07-06T19:18:54.966170,SYS-033,system,Operations,fraud,85,High,1.39,"{""metric_1"": 1, ""metric_2"": 36}",True
RSK-003043,2026-06-17T19:18:54.966170,SYS-033,system,Finance,cyber,83,Low,0.48,"{""metric_1"": 9, ""metric_2"": 43}",False
RSK-003044,2026-06-02T19:18:54.966170,C-4075,customer,Support,financial,40,High,4.72,"{""metric_1"": 8, ""metric_2"": 75}",False
RSK-003045,2026-05-16T19:18:54.966170,SYS-068,system,Support,cyber,42,Moderate,0.38,"{""metric_1"": 8, ""metric_2"": 77}",True
RSK-003046,2026-08-01T19:18:54.966170,S-013,supplier,Support,operational,16,Low,4.23,"{""metric_1"": 5, ""metric_2"": 38}",False
RSK-003047,2026-08-12T19:18:54.966170,SYS-012,system,Operations,cyber,17,Moderate,3.21,"{""metric_1"": 9, ""metric_2"": 82}",False
RSK-003048,2026-08-15T19:18:54.966170,C-0722,customer,Finance,customer,68,High,2.31,"{""metric_1"": 9, ""metric_2"": 99}",True
RSK-003049,2026-06-24T19:18:54.966170,SYS-017,system,Finance,cyber,43,Low,0.25,"{""metric_1"": 4, ""metric_2"": 57}",True
RSK-003050,2026-07-27T19:18:54.966170,SYS-091,system,Operations,cyber,69,High,2.84,"{""metric_1"": 6, ""metric_2"": 63}",True
RSK-003051,2026-06-30T19:18:54.966170,SYS-008,system,Finance,cyber,26,High,1.59,"{""metric_1"": 4, ""metric_2"": 79}",True
RSK-003052,2026-07-09T19:18:54.966170,SYS-055,system,Support,cyber,34,Low,4.94,"{""metric_1"": 6, ""metric_2"": 10}",False
RSK-003053,2026-06-27T19:18:54.966170,SYS-035,system,Finance,cyber,88,Critical,3.66,"{""metric_1"": 6, ""metric_2"": 22}",False
RSK-003054,2026-08-10T19:18:54.966170,C-2920,customer,Operations,financial,63,Moderate,4.2,"{""metric_1"": 8, ""metric_2"": 84}",False
RSK-003055,2026-06-25T19:18:54.966170,SYS-028,system,Operations,cyber,51,Moderate,3.94,"{""metric_1"": 3, ""metric_2"": 17}",False
RSK-003056,2026-07-27T19:18:54.966170,SYS-089,system,Operations,fraud,85,High,3.37,"{""metric_1"": 3, ""metric_2"": 28}",True
RSK-003057,2026-07-19T19:18:54.966170,SYS-071,system,IT,fraud,95,Moderate,2.28,"{""metric_1"": 3, ""metric_2"": 92}",True
RSK-003058,2026-05-15T19:18:54.966170,SYS-053,system,IT,cyber,21,Moderate,1.98,"{""metric_1"": 6, ""metric_2"": 23}",True
RSK-003059,2026-07-04T19:18:54.966170,S-025,supplier,Finance,operational,52,Critical,1.12,"{""metric_1"": 8, ""metric_2"": 71}",True
RSK-003060,2026-07-23T19:18:54.966170,C-4790,customer,IT,financial,37,Critical,1.94,"{""metric_1"": 1, ""metric_2"": 80}",True
RSK-003061,2026-05-29T19:18:54.966170,S-008,supplier,Operations,operational,84,High,3.4,"{""metric_1"": 9, ""metric_2"": 65}",True
RSK-003062,2026-07-28T19:18:54.966170,SYS-090,system,IT,cyber,54,High,2.17,"{""metric_1"": 1, ""metric_2"": 57}",True
RSK-003063,2026-06-25T19:18:54.966170,S-036,supplier,IT,operational,71,Moderate,1.12,"{""metric_1"": 3, ""metric_2"": 27}",True
RSK-003064,2026-08-01T19:18:54.966170,C-1273,customer,IT,financial,95,Moderate,0.83,"{""metric_1"": 6, ""metric_2"": 22}",True
RSK-003065,2026-06-20T19:18:54.966170,SYS-026,system,Operations,fraud,19,High,1.81,"{""metric_1"": 4, ""metric_2"": 32}",False
RSK-003066,2026-08-11T19:18:54.966170,S-048,supplier,Support,operational,54,High,3.1,"{""metric_1"": 3, ""metric_2"": 18}",True
RSK-003067,2026-08-07T19:18:54.966170,C-0666,customer,Operations,customer,72,High,1.9,"{""metric_1"": 2, ""metric_2"": 68}",True
RSK-003068,2026-05-31T19:18:54.966170,SYS-034,system,IT,fraud,59,Moderate,2.92,"{""metric_1"": 6, ""metric_2"": 81}",False
RSK-003069,2026-08-20T19:18:54.966170,C-0155,customer,Support,customer,37,Critical,2.74,"{""metric_1"": 6, ""metric_2"": 23}",False
RSK-003070,2026-06-25T19:18:54.966170,SYS-051,system,Operations,cyber,37,Low,3.05,"{""metric_1"": 5, ""metric_2"": 46}",False
RSK-003071,2026-06-30T19:18:54.966170,S-038,supplier,Finance,operational,89,Moderate,3.56,"{""metric_1"": 3, ""metric_2"": 24}",True
RSK-003072,2026-07-01T19:18:54.966170,S-002,supplier,Finance,operational,33,Critical,1.43,"{""metric_1"": 4, ""metric_2"": 72}",False
RSK-003073,2026-06-01T19:18:54.966170,SYS-037,system,Support,cyber,62,High,0.3,"{""metric_1"": 5, ""metric_2"": 30}",True
RSK-003074,2026-08-04T19:18:54.966170,SYS-082,system,Operations,cyber,43,Moderate,3.82,"{""metric_1"": 1, ""metric_2"": 23}",True
RSK-003075,2026-07-07T19:18:54.966170,SYS-042,system,Support,cyber,63,Moderate,0.7,"{""metric_1"": 7, ""metric_2"": 84}",False
RSK-003076,2026-05-16T19:18:54.966170,C-2668,customer,Support,financial,17,High,1.41,"{""metric_1"": 7, ""metric_2"": 32}",True
RSK-003077,2026-07-18T19:18:54.966170,C-0562,customer,Finance,customer,30,Low,2.79,"{""metric_1"": 1, ""metric_2"": 31}",True
RSK-003078,2026-08-21T19:18:54.966170,S-035,supplier,Operations,operational,37,Critical,4.74,"{""metric_1"": 2, ""metric_2"": 80}",True
RSK-003079,2026-06-26T19:18:54.966170,S-045,supplier,Support,operational,11,Low,1.81,"{""metric_1"": 3, ""metric_2"": 52}",True
RSK-003080,2026-07-18T19:18:54.966170,S-035,supplier,Finance,operational,50,Critical,3.78,"{""metric_1"": 6, ""metric_2"": 78}",False
RSK-003081,2026-08-16T19:18:54.966170,S-006,supplier,Finance,operational,48,Moderate,0.26,"{""metric_1"": 2, ""metric_2"": 28}",False
RSK-003082,2026-06-27T19:18:54.966170,C-4772,customer,Finance,financial,87,Low,4.28,"{""metric_1"": 9, ""metric_2"": 37}",True
RSK-003083,2026-07-14T19:18:54.966170,S-035,supplier,Finance,operational,79,Low,2.17,"{""metric_1"": 2, ""metric_2"": 37}",True
RSK-003084,2026-06-14T19:18:54.966170,S-036,supplier,Finance,operational,53,Critical,1.37,"{""metric_1"": 5, ""metric_2"": 74}",False
RSK-003085,2026-07-06T19:18:54.966170,SYS-091,system,Finance,cyber,39,Moderate,1.22,"{""metric_1"": 2, ""metric_2"": 55}",True
RSK-003086,2026-06-14T19:18:54.966170,C-4608,customer,Operations,financial,20,High,0.39,"{""metric_1"": 2, ""metric_2"": 88}",True
RSK-003087,2026-05-14T19:18:54.966170,C-3628,customer,Operations,customer,25,Low,2.24,"{""metric_1"": 9, ""metric_2"": 46}",False
RSK-003088,2026-07-10T19:18:54.966170,SYS-097,system,Operations,cyber,84,Low,4.17,"{""metric_1"": 4, ""metric_2"": 25}",False
RSK-003089,2026-07-16T19:18:54.966170,SYS-013,system,IT,fraud,76,Low,2.47,"{""metric_1"": 8, ""metric_2"": 25}",True
RSK-003090,2026-07-21T19:18:54.966170,C-4103,customer,Operations,financial,99,Low,0.88,"{""metric_1"": 2, ""metric_2"": 61}",True
RSK-003091,2026-06-15T19:18:54.966170,C-1125,customer,Finance,customer,59,Critical,2.81,"{""metric_1"": 2, ""metric_2"": 76}",False
RSK-003092,2026-07-04T19:18:54.966170,SYS-002,system,Support,cyber,42,Critical,3.0,"{""metric_1"": 9, ""metric_2"": 80}",False
RSK-003093,2026-08-20T19:18:54.966170,SYS-066,system,IT,fraud,43,Moderate,1.44,"{""metric_1"": 6, ""metric_2"": 76}",True
RSK-003094,2026-06-30T19:18:54.966170,SYS-004,system,Finance,cyber,35,Moderate,3.19,"{""metric_1"": 8, ""metric_2"": 73}",True
RSK-003095,2026-05-30T19:18:54.966170,S-009,supplier,Support,operational,21,Critical,3.61,"{""metric_1"": 6, ""metric_2"": 84}",False
RSK-003096,2026-07-04T19:18:54.966170,C-1555,customer,Support,financial,61,Critical,2.4,"{""metric_1"": 9, ""metric_2"": 85}",True
RSK-003097,2026-08-03T19:18:54.966170,C-0369,customer,Support,customer,77,Critical,3.83,"{""metric_1"": 1, ""metric_2"": 63}",True
RSK-003098,2026-07-09T19:18:54.966170,C-2040,customer,Finance,financial,29,High,1.08,"{""metric_1"": 1, ""metric_2"": 74}",True
RSK-003099,2026-07-08T19:18:54.966170,SYS-086,system,IT,cyber,78,High,4.57,"{""metric_1"": 7, ""metric_2"": 98}",False
RSK-003100,2026-07-26T19:18:54.966170,C-1669,customer,IT,customer,47,Moderate,2.94,"{""metric_1"": 4, ""metric_2"": 95}",True
RSK-003101,2026-08-16T19:18:54.966170,SYS-002,system,Operations,fraud,87,Low,3.22,"{""metric_1"": 7, ""metric_2"": 23}",True
RSK-003102,2026-07-18T19:18:54.966170,SYS-051,system,IT,cyber,79,High,3.72,"{""metric_1"": 4, ""metric_2"": 52}",False
RSK-003103,2026-06-01T19:18:54.966170,C-1365,customer,Finance,customer,17,Critical,2.03,"{""metric_1"": 4, ""metric_2"": 30}",True
RSK-003104,2026-06-11T19:18:54.966170,C-4468,customer,Finance,customer,36,Low,3.37,"{""metric_1"": 9, ""metric_2"": 16}",False
RSK-003105,2026-08-11T19:18:54.966170,SYS-058,system,Operations,fraud,39,Moderate,4.13,"{""metric_1"": 4, ""metric_2"": 46}",True
RSK-003106,2026-08-02T19:18:54.966170,C-0942,customer,Operations,customer,26,Moderate,0.71,"{""metric_1"": 3, ""metric_2"": 43}",False
RSK-003107,2026-06-12T19:18:54.966170,S-026,supplier,IT,operational,71,Low,2.84,"{""metric_1"": 6, ""metric_2"": 76}",True
RSK-003108,2026-06-03T19:18:54.966170,C-1614,customer,Operations,financial,55,Moderate,3.86,"{""metric_1"": 1, ""metric_2"": 96}",True
RSK-003109,2026-06-02T19:18:54.966170,C-3844,customer,IT,financial,19,High,0.53,"{""metric_1"": 6, ""metric_2"": 98}",False
RSK-003110,2026-06-29T19:18:54.966170,SYS-055,system,Operations,cyber,68,Moderate,4.15,"{""metric_1"": 2, ""metric_2"": 12}",False
RSK-003111,2026-05-23T19:18:54.966170,SYS-057,system,Support,cyber,69,Critical,0.56,"{""metric_1"": 9, ""metric_2"": 93}",False
RSK-003112,2026-07-25T19:18:54.966170,SYS-010,system,IT,cyber,17,Low,0.72,"{""metric_1"": 3, ""metric_2"": 82}",True
RSK-003113,2026-08-18T19:18:54.966170,SYS-006,system,Finance,fraud,17,High,4.36,"{""metric_1"": 2, ""metric_2"": 24}",False
RSK-003114,2026-06-29T19:18:54.966170,C-0897,customer,Support,financial,39,Low,2.06,"{""metric_1"": 4, ""metric_2"": 47}",False
RSK-003115,2026-07-22T19:18:54.966170,SYS-070,system,IT,fraud,63,Moderate,4.65,"{""metric_1"": 3, ""metric_2"": 66}",True
RSK-003116,2026-08-19T19:18:54.966170,SYS-062,system,IT,fraud,10,Low,1.31,"{""metric_1"": 8, ""metric_2"": 89}",False
RSK-003117,2026-06-09T19:18:54.966170,SYS-031,system,Finance,fraud,10,High,3.53,"{""metric_1"": 2, ""metric_2"": 42}",True
RSK-003118,2026-06-12T19:18:54.966170,S-041,supplier,IT,operational,99,Critical,3.73,"{""metric_1"": 7, ""metric_2"": 13}",False
RSK-003119,2026-06-21T19:18:54.966170,C-4549,customer,IT,financial,10,Critical,2.87,"{""metric_1"": 7, ""metric_2"": 40}",False
RSK-003120,2026-05-20T19:18:54.966170,C-4392,customer,Operations,financial,72,High,4.5,"{""metric_1"": 9, ""metric_2"": 25}",False
RSK-003121,2026-06-10T19:18:54.966170,SYS-070,system,Finance,cyber,19,High,4.53,"{""metric_1"": 9, ""metric_2"": 21}",True
RSK-003122,2026-07-06T19:18:54.966170,SYS-085,system,Finance,fraud,52,Moderate,3.43,"{""metric_1"": 2, ""metric_2"": 45}",True
RSK-003123,2026-06-03T19:18:54.966170,C-2708,customer,IT,customer,78,Moderate,3.28,"{""metric_1"": 7, ""metric_2"": 96}",False
RSK-003124,2026-08-14T19:18:54.966170,SYS-060,system,IT,cyber,80,Critical,1.61,"{""metric_1"": 1, ""metric_2"": 18}",False
RSK-003125,2026-07-26T19:18:54.966170,C-2321,customer,Finance,financial,77,Critical,1.96,"{""metric_1"": 1, ""metric_2"": 12}",False
RSK-003126,2026-05-19T19:18:54.966170,SYS-032,system,Support,fraud,22,Moderate,1.8,"{""metric_1"": 4, ""metric_2"": 33}",False
RSK-003127,2026-06-03T19:18:54.966170,C-2579,customer,IT,customer,56,High,3.02,"{""metric_1"": 6, ""metric_2"": 33}",True
RSK-003128,2026-05-25T19:18:54.966170,C-4184,customer,IT,financial,98,Critical,4.05,"{""metric_1"": 7, ""metric_2"": 34}",False
RSK-003129,2026-08-05T19:18:54.966170,SYS-070,system,Finance,fraud,89,Moderate,1.8,"{""metric_1"": 2, ""metric_2"": 98}",False
RSK-003130,2026-08-21T19:18:54.966170,C-2003,customer,Operations,financial,56,Low,3.55,"{""metric_1"": 9, ""metric_2"": 27}",False
RSK-003131,2026-05-31T19:18:54.966170,SYS-011,system,Support,cyber,49,Moderate,1.12,"{""metric_1"": 9, ""metric_2"": 61}",False
RSK-003132,2026-06-29T19:18:54.966170,SYS-037,system,IT,fraud,42,Low,0.15,"{""metric_1"": 5, ""metric_2"": 89}",True
RSK-003133,2026-06-20T19:18:54.966170,C-3177,customer,Support,customer,89,Critical,0.99,"{""metric_1"": 3, ""metric_2"": 19}",True
RSK-003134,2026-07-01T19:18:54.966170,SYS-025,system,Finance,fraud,90,Low,0.7,"{""metric_1"": 1, ""metric_2"": 84}",False
RSK-003135,2026-08-15T19:18:54.966170,S-019,supplier,Finance,operational,38,Moderate,1.27,"{""metric_1"": 5, ""metric_2"": 30}",False
RSK-003136,2026-07-06T19:18:54.966170,SYS-099,system,IT,cyber,53,Low,4.72,"{""metric_1"": 4, ""metric_2"": 44}",False
RSK-003137,2026-07-22T19:18:54.966170,C-0348,customer,Support,financial,94,High,0.81,"{""metric_1"": 5, ""metric_2"": 70}",False
RSK-003138,2026-06-22T19:18:54.966170,S-011,supplier,Operations,operational,48,Moderate,2.92,"{""metric_1"": 1, ""metric_2"": 36}",False
RSK-003139,2026-06-24T19:18:54.966170,C-0420,customer,Support,customer,84,Critical,2.86,"{""metric_1"": 8, ""metric_2"": 68}",False
RSK-003140,2026-05-22T19:18:54.966170,S-020,supplier,Finance,operational,12,High,2.21,"{""metric_1"": 7, ""metric_2"": 37}",False
RSK-003141,2026-07-18T19:18:54.966170,C-3518,customer,Support,financial,49,Moderate,3.65,"{""metric_1"": 9, ""metric_2"": 80}",True
RSK-003142,2026-06-13T19:18:54.966170,SYS-047,system,Support,fraud,94,High,0.82,"{""metric_1"": 5, ""metric_2"": 76}",True
RSK-003143,2026-08-13T19:18:54.966170,C-1960,customer,Operations,customer,20,High,2.94,"{""metric_1"": 9, ""metric_2"": 83}",False
RSK-003144,2026-07-18T19:18:54.966170,C-4696,customer,Support,customer,24,Moderate,1.9,"{""metric_1"": 4, ""metric_2"": 14}",True
RSK-003145,2026-07-07T19:18:54.966170,SYS-024,system,Finance,cyber,48,High,0.77,"{""metric_1"": 1, ""metric_2"": 48}",False
RSK-003146,2026-08-18T19:18:54.966170,C-3070,customer,Finance,customer,59,Critical,3.56,"{""metric_1"": 3, ""metric_2"": 15}",False
RSK-003147,2026-06-20T19:18:54.966170,C-4633,customer,IT,financial,59,Low,0.72,"{""metric_1"": 3, ""metric_2"": 22}",True
RSK-003148,2026-08-03T19:18:54.966170,C-1286,customer,Operations,customer,81,Moderate,3.21,"{""metric_1"": 1, ""metric_2"": 37}",True
RSK-003149,2026-07-04T19:18:54.966170,C-0078,customer,Support,customer,94,Critical,2.7,"{""metric_1"": 1, ""metric_2"": 91}",False
RSK-003150,2026-05-15T19:18:54.966170,S-012,supplier,Finance,operational,49,Low,4.65,"{""metric_1"": 5, ""metric_2"": 50}",False
RSK-003151,2026-05-14T19:18:54.966170,C-3130,customer,IT,customer,16,Moderate,2.01,"{""metric_1"": 1, ""metric_2"": 45}",False
RSK-003152,2026-06-19T19:18:54.966170,C-2198,customer,Support,financial,90,High,1.73,"{""metric_1"": 4, ""metric_2"": 64}",True
RSK-003153,2026-06-22T19:18:54.966170,C-1832,customer,Operations,financial,84,High,4.48,"{""metric_1"": 5, ""metric_2"": 35}",True
RSK-003154,2026-08-18T19:18:54.966170,C-4085,customer,Support,customer,51,Low,3.4,"{""metric_1"": 8, ""metric_2"": 70}",True
RSK-003155,2026-06-25T19:18:54.966170,C-1945,customer,Support,financial,78,High,3.89,"{""metric_1"": 3, ""metric_2"": 81}",False
RSK-003156,2026-07-11T19:18:54.966170,SYS-061,system,Operations,cyber,76,Low,3.33,"{""metric_1"": 7, ""metric_2"": 37}",True
RSK-003157,2026-07-07T19:18:54.966170,C-4177,customer,Operations,financial,78,High,4.94,"{""metric_1"": 2, ""metric_2"": 96}",False
RSK-003158,2026-07-19T19:18:54.966170,C-1775,customer,Operations,financial,59,Moderate,2.32,"{""metric_1"": 6, ""metric_2"": 48}",False
RSK-003159,2026-08-04T19:18:54.966170,S-023,supplier,Support,operational,72,Low,3.32,"{""metric_1"": 7, ""metric_2"": 82}",True
RSK-003160,2026-07-03T19:18:54.966170,C-0688,customer,Operations,customer,44,High,3.43,"{""metric_1"": 4, ""metric_2"": 28}",False
RSK-003161,2026-08-05T19:18:54.966170,SYS-018,system,Operations,cyber,10,Critical,3.81,"{""metric_1"": 3, ""metric_2"": 62}",True
RSK-003162,2026-07-13T19:18:54.966170,SYS-077,system,Operations,cyber,99,Critical,1.7,"{""metric_1"": 6, ""metric_2"": 67}",True
RSK-003163,2026-08-04T19:18:54.966170,SYS-027,system,Finance,fraud,77,Critical,1.61,"{""metric_1"": 9, ""metric_2"": 65}",False
RSK-003164,2026-07-20T19:18:54.966170,C-2526,customer,Support,customer,88,High,2.77,"{""metric_1"": 4, ""metric_2"": 58}",False
RSK-003165,2026-05-30T19:18:54.966170,C-2273,customer,Finance,customer,39,Critical,4.24,"{""metric_1"": 2, ""metric_2"": 73}",False
RSK-003166,2026-07-05T19:18:54.966170,SYS-008,system,Operations,fraud,97,Moderate,0.79,"{""metric_1"": 7, ""metric_2"": 13}",True
RSK-003167,2026-07-17T19:18:54.966170,C-0396,customer,IT,financial,93,Low,1.84,"{""metric_1"": 2, ""metric_2"": 12}",True
RSK-003168,2026-07-08T19:18:54.966170,S-018,supplier,Operations,operational,27,High,4.57,"{""metric_1"": 8, ""metric_2"": 21}",False
RSK-003169,2026-06-18T19:18:54.966170,SYS-061,system,IT,cyber,55,Critical,1.7,"{""metric_1"": 6, ""metric_2"": 55}",True
RSK-003170,2026-05-29T19:18:54.966170,SYS-090,system,Finance,cyber,78,High,2.91,"{""metric_1"": 7, ""metric_2"": 76}",False
RSK-003171,2026-08-02T19:18:54.966170,C-3213,customer,Operations,financial,70,High,0.13,"{""metric_1"": 3, ""metric_2"": 63}",True
RSK-003172,2026-07-13T19:18:54.966170,C-3146,customer,Support,financial,11,Moderate,2.83,"{""metric_1"": 6, ""metric_2"": 87}",False
RSK-003173,2026-07-15T19:18:54.966170,C-3004,customer,Operations,customer,61,Moderate,2.5,"{""metric_1"": 4, ""metric_2"": 45}",True
RSK-003174,2026-05-25T19:18:54.966170,SYS-059,system,Operations,cyber,58,Moderate,2.29,"{""metric_1"": 4, ""metric_2"": 19}",False
RSK-003175,2026-06-15T19:18:54.966170,S-002,supplier,Support,operational,58,Critical,2.62,"{""metric_1"": 7, ""metric_2"": 86}",True
RSK-003176,2026-05-25T19:18:54.966170,C-4458,customer,IT,customer,45,High,2.63,"{""metric_1"": 2, ""metric_2"": 36}",False
RSK-003177,2026-06-02T19:18:54.966170,C-1098,customer,Operations,financial,29,High,4.23,"{""metric_1"": 5, ""metric_2"": 11}",False
RSK-003178,2026-05-20T19:18:54.966170,C-4329,customer,Operations,financial,58,Low,2.0,"{""metric_1"": 4, ""metric_2"": 37}",True
RSK-003179,2026-05-29T19:18:54.966170,S-029,supplier,IT,operational,29,Low,0.4,"{""metric_1"": 5, ""metric_2"": 66}",True
RSK-003180,2026-06-19T19:18:54.966170,SYS-042,system,Operations,fraud,68,High,4.38,"{""metric_1"": 5, ""metric_2"": 41}",True
RSK-003181,2026-06-06T19:18:54.966170,SYS-094,system,Finance,fraud,29,Critical,3.31,"{""metric_1"": 3, ""metric_2"": 63}",False
RSK-003182,2026-08-20T19:18:54.966170,C-4570,customer,Support,financial,87,High,1.96,"{""metric_1"": 9, ""metric_2"": 87}",True
RSK-003183,2026-07-14T19:18:54.966170,C-0275,customer,IT,financial,86,Moderate,3.9,"{""metric_1"": 3, ""metric_2"": 55}",False
RSK-003184,2026-06-09T19:18:54.966170,SYS-011,system,Operations,fraud,57,Low,1.54,"{""metric_1"": 6, ""metric_2"": 58}",True
RSK-003185,2026-07-01T19:18:54.966170,S-036,supplier,Finance,operational,88,Critical,3.47,"{""metric_1"": 6, ""metric_2"": 46}",True
RSK-003186,2026-08-14T19:18:54.966170,SYS-087,system,IT,fraud,21,Critical,1.24,"{""metric_1"": 3, ""metric_2"": 17}",True
RSK-003187,2026-05-31T19:18:54.966170,C-0268,customer,Finance,customer,48,Low,3.22,"{""metric_1"": 2, ""metric_2"": 69}",False
RSK-003188,2026-06-19T19:18:54.966170,SYS-020,system,Support,cyber,33,Low,3.63,"{""metric_1"": 4, ""metric_2"": 15}",True
RSK-003189,2026-07-24T19:18:54.966170,C-3306,customer,IT,customer,37,Moderate,1.17,"{""metric_1"": 7, ""metric_2"": 87}",True
RSK-003190,2026-07-04T19:18:54.966170,SYS-003,system,Finance,cyber,24,Moderate,2.56,"{""metric_1"": 7, ""metric_2"": 62}",False
RSK-003191,2026-06-30T19:18:54.966170,C-1868,customer,Operations,financial,97,Low,3.32,"{""metric_1"": 9, ""metric_2"": 94}",True
RSK-003192,2026-05-21T19:18:54.966170,S-024,supplier,IT,operational,92,High,0.91,"{""metric_1"": 5, ""metric_2"": 52}",True
RSK-003193,2026-07-17T19:18:54.966170,C-3520,customer,IT,financial,14,Low,1.87,"{""metric_1"": 6, ""metric_2"": 14}",True
RSK-003194,2026-07-21T19:18:54.966170,C-3435,customer,IT,financial,26,Low,2.1,"{""metric_1"": 8, ""metric_2"": 52}",True
RSK-003195,2026-05-15T19:18:54.966170,S-002,supplier,IT,operational,66,High,4.31,"{""metric_1"": 3, ""metric_2"": 71}",True
RSK-003196,2026-06-02T19:18:54.966170,C-3187,customer,Finance,customer,62,Low,4.54,"{""metric_1"": 7, ""metric_2"": 23}",True
RSK-003197,2026-06-15T19:18:54.966170,SYS-073,system,Operations,fraud,63,High,4.84,"{""metric_1"": 3, ""metric_2"": 42}",False
RSK-003198,2026-08-08T19:18:54.966170,SYS-021,system,Operations,fraud,94,Critical,0.64,"{""metric_1"": 8, ""metric_2"": 64}",True
RSK-003199,2026-08-05T19:18:54.966170,C-3620,customer,IT,financial,36,Low,0.28,"{""metric_1"": 8, ""metric_2"": 23}",False
RSK-003200,2026-05-23T19:18:54.966170,S-039,supplier,IT,operational,56,Moderate,3.9,"{""metric_1"": 2, ""metric_2"": 43}",False
RSK-003201,2026-07-18T19:18:54.966170,C-4855,customer,Finance,customer,10,Critical,2.78,"{""metric_1"": 4, ""metric_2"": 82}",True
RSK-003202,2026-06-25T19:18:54.966170,C-2096,customer,Support,customer,80,Critical,2.4,"{""metric_1"": 3, ""metric_2"": 79}",True
RSK-003203,2026-05-29T19:18:54.966170,C-1151,customer,Operations,customer,42,Low,0.79,"{""metric_1"": 5, ""metric_2"": 36}",False
RSK-003204,2026-06-21T19:18:54.966170,SYS-038,system,Support,cyber,58,Moderate,4.13,"{""metric_1"": 8, ""metric_2"": 54}",True
RSK-003205,2026-05-30T19:18:54.966170,C-2223,customer,IT,customer,48,Low,4.01,"{""metric_1"": 6, ""metric_2"": 66}",False
RSK-003206,2026-06-19T19:18:54.966170,SYS-035,system,Operations,cyber,46,Critical,2.05,"{""metric_1"": 2, ""metric_2"": 13}",True
RSK-003207,2026-07-10T19:18:54.966170,C-2490,customer,Support,customer,87,Low,1.24,"{""metric_1"": 5, ""metric_2"": 63}",True
RSK-003208,2026-05-29T19:18:54.966170,S-010,supplier,IT,operational,40,Low,4.34,"{""metric_1"": 4, ""metric_2"": 58}",False
RSK-003209,2026-07-31T19:18:54.966170,SYS-014,system,Operations,cyber,23,Critical,2.95,"{""metric_1"": 4, ""metric_2"": 86}",False
RSK-003210,2026-07-18T19:18:54.966170,SYS-030,system,Finance,cyber,15,Critical,3.4,"{""metric_1"": 3, ""metric_2"": 57}",True
RSK-003211,2026-05-28T19:18:54.966170,C-4797,customer,IT,customer,91,Low,0.54,"{""metric_1"": 2, ""metric_2"": 50}",True
RSK-003212,2026-08-04T19:18:54.966170,SYS-068,system,IT,cyber,74,Moderate,3.33,"{""metric_1"": 5, ""metric_2"": 67}",False
RSK-003213,2026-08-14T19:18:54.966170,SYS-020,system,IT,fraud,23,High,1.92,"{""metric_1"": 5, ""metric_2"": 38}",False
RSK-003214,2026-08-01T19:18:54.966170,SYS-016,system,Support,fraud,25,Critical,4.78,"{""metric_1"": 2, ""metric_2"": 72}",False
RSK-003215,2026-08-02T19:18:54.966170,C-1111,customer,IT,financial,18,Low,3.74,"{""metric_1"": 3, ""metric_2"": 56}",True
RSK-003216,2026-07-01T19:18:54.966170,C-0655,customer,Support,financial,85,Low,2.26,"{""metric_1"": 9, ""metric_2"": 44}",False
RSK-003217,2026-07-21T19:18:54.966170,SYS-081,system,Support,cyber,63,Moderate,1.04,"{""metric_1"": 9, ""metric_2"": 26}",False
RSK-003218,2026-06-09T19:18:54.966170,SYS-079,system,IT,cyber,76,Moderate,2.36,"{""metric_1"": 4, ""metric_2"": 82}",True
RSK-003219,2026-07-14T19:18:54.966170,C-2563,customer,Support,customer,54,Low,1.89,"{""metric_1"": 1, ""metric_2"": 33}",False
RSK-003220,2026-06-23T19:18:54.966170,SYS-010,system,Finance,cyber,85,High,4.61,"{""metric_1"": 6, ""metric_2"": 60}",True
RSK-003221,2026-08-10T19:18:54.966170,S-031,supplier,Support,operational,14,Moderate,2.86,"{""metric_1"": 8, ""metric_2"": 72}",False
RSK-003222,2026-06-21T19:18:54.966170,C-2484,customer,Support,customer,79,Moderate,1.75,"{""metric_1"": 6, ""metric_2"": 87}",True
RSK-003223,2026-06-26T19:18:54.966170,C-2276,customer,Finance,financial,48,High,3.91,"{""metric_1"": 9, ""metric_2"": 76}",False
RSK-003224,2026-08-07T19:18:54.966170,S-042,supplier,IT,operational,53,Moderate,2.67,"{""metric_1"": 6, ""metric_2"": 96}",True
RSK-003225,2026-08-13T19:18:54.966170,C-4460,customer,Operations,financial,61,High,1.77,"{""metric_1"": 9, ""metric_2"": 26}",True
RSK-003226,2026-07-13T19:18:54.966170,SYS-019,system,Operations,fraud,37,Critical,2.38,"{""metric_1"": 1, ""metric_2"": 89}",False
RSK-003227,2026-08-06T19:18:54.966170,SYS-091,system,IT,fraud,83,Low,3.77,"{""metric_1"": 2, ""metric_2"": 15}",False
RSK-003228,2026-08-17T19:18:54.966170,SYS-007,system,Finance,cyber,32,Low,4.09,"{""metric_1"": 2, ""metric_2"": 27}",True
RSK-003229,2026-06-18T19:18:54.966170,SYS-074,system,IT,fraud,62,Moderate,2.56,"{""metric_1"": 6, ""metric_2"": 43}",False
RSK-003230,2026-06-18T19:18:54.966170,C-3377,customer,Support,financial,52,Critical,0.42,"{""metric_1"": 4, ""metric_2"": 84}",True
RSK-003231,2026-08-10T19:18:54.966170,SYS-041,system,IT,cyber,34,Critical,0.39,"{""metric_1"": 7, ""metric_2"": 74}",True
RSK-003232,2026-07-28T19:18:54.966170,SYS-096,system,Finance,cyber,54,Low,4.69,"{""metric_1"": 7, ""metric_2"": 85}",False
RSK-003233,2026-06-10T19:18:54.966170,C-0587,customer,Support,customer,79,High,3.82,"{""metric_1"": 5, ""metric_2"": 34}",False
RSK-003234,2026-05-22T19:18:54.966170,C-0295,customer,Support,financial,18,High,1.94,"{""metric_1"": 1, ""metric_2"": 86}",True
RSK-003235,2026-06-16T19:18:54.966170,S-012,supplier,Finance,operational,65,Moderate,4.13,"{""metric_1"": 8, ""metric_2"": 47}",True
RSK-003236,2026-07-21T19:18:54.966170,C-0374,customer,Operations,customer,98,Low,2.85,"{""metric_1"": 9, ""metric_2"": 73}",True
RSK-003237,2026-07-07T19:18:54.966170,C-1210,customer,Finance,financial,92,High,3.92,"{""metric_1"": 8, ""metric_2"": 72}",True
RSK-003238,2026-06-09T19:18:54.966170,S-032,supplier,Operations,operational,58,Low,4.21,"{""metric_1"": 4, ""metric_2"": 17}",False
RSK-003239,2026-06-23T19:18:54.966170,SYS-095,system,IT,cyber,23,Low,0.36,"{""metric_1"": 3, ""metric_2"": 11}",True
RSK-003240,2026-08-16T19:18:54.966170,S-022,supplier,Support,operational,88,Moderate,0.74,"{""metric_1"": 5, ""metric_2"": 97}",False
RSK-003241,2026-05-26T19:18:54.966170,SYS-080,system,Support,cyber,49,Critical,3.86,"{""metric_1"": 6, ""metric_2"": 58}",False
RSK-003242,2026-08-12T19:18:54.966170,SYS-078,system,Support,fraud,69,Critical,2.04,"{""metric_1"": 6, ""metric_2"": 88}",False
RSK-003243,2026-06-27T19:18:54.966170,SYS-077,system,IT,fraud,17,Critical,4.78,"{""metric_1"": 5, ""metric_2"": 30}",False
RSK-003244,2026-08-16T19:18:54.966170,SYS-066,system,Support,fraud,60,High,2.88,"{""metric_1"": 7, ""metric_2"": 40}",True
RSK-003245,2026-07-12T19:18:54.966170,C-0208,customer,IT,customer,79,High,0.75,"{""metric_1"": 9, ""metric_2"": 36}",True
RSK-003246,2026-07-31T19:18:54.966170,SYS-096,system,Operations,cyber,69,Critical,4.03,"{""metric_1"": 8, ""metric_2"": 64}",True
RSK-003247,2026-06-20T19:18:54.966170,S-032,supplier,Finance,operational,58,Low,0.88,"{""metric_1"": 5, ""metric_2"": 43}",False
RSK-003248,2026-05-18T19:18:54.966170,C-3618,customer,Support,customer,44,Low,1.03,"{""metric_1"": 9, ""metric_2"": 92}",False
RSK-003249,2026-07-25T19:18:54.966170,SYS-093,system,Operations,cyber,44,Low,1.05,"{""metric_1"": 3, ""metric_2"": 47}",True
RSK-003250,2026-05-29T19:18:54.966170,S-022,supplier,Operations,operational,62,Critical,3.61,"{""metric_1"": 2, ""metric_2"": 21}",True
RSK-003251,2026-07-04T19:18:54.966170,SYS-051,system,Operations,fraud,21,Moderate,2.76,"{""metric_1"": 9, ""metric_2"": 85}",True
RSK-003252,2026-08-02T19:18:54.966170,C-0417,customer,Support,customer,42,High,4.58,"{""metric_1"": 7, ""metric_2"": 24}",False
RSK-003253,2026-08-11T19:18:54.966170,C-0236,customer,IT,financial,42,Low,0.47,"{""metric_1"": 7, ""metric_2"": 98}",True
RSK-003254,2026-06-22T19:18:54.966170,SYS-075,system,Operations,fraud,95,Low,2.93,"{""metric_1"": 7, ""metric_2"": 29}",True
RSK-003255,2026-05-23T19:18:54.966170,C-0829,customer,Support,financial,47,High,2.94,"{""metric_1"": 4, ""metric_2"": 30}",False
RSK-003256,2026-05-19T19:18:54.966170,S-045,supplier,Support,operational,95,Moderate,2.54,"{""metric_1"": 6, ""metric_2"": 83}",False
RSK-003257,2026-08-18T19:18:54.966170,SYS-048,system,IT,fraud,65,Moderate,0.23,"{""metric_1"": 5, ""metric_2"": 24}",True
RSK-003258,2026-05-23T19:18:54.966170,S-002,supplier,IT,operational,76,Low,3.03,"{""metric_1"": 6, ""metric_2"": 62}",False
RSK-003259,2026-06-11T19:18:54.966170,SYS-077,system,Finance,cyber,40,Moderate,0.13,"{""metric_1"": 6, ""metric_2"": 70}",True
RSK-003260,2026-05-28T19:18:54.966170,SYS-009,system,IT,cyber,89,Critical,0.63,"{""metric_1"": 4, ""metric_2"": 22}",False
RSK-003261,2026-08-10T19:18:54.966170,C-0336,customer,Support,customer,14,Critical,2.37,"{""metric_1"": 1, ""metric_2"": 35}",False
RSK-003262,2026-07-16T19:18:54.966170,C-3530,customer,Finance,customer,57,Moderate,4.78,"{""metric_1"": 7, ""metric_2"": 78}",True
RSK-003263,2026-08-18T19:18:54.966170,S-022,supplier,Operations,operational,98,High,4.22,"{""metric_1"": 8, ""metric_2"": 47}",True
RSK-003264,2026-05-26T19:18:54.966170,C-4928,customer,Finance,financial,98,Moderate,4.32,"{""metric_1"": 5, ""metric_2"": 77}",True
RSK-003265,2026-07-26T19:18:54.966170,SYS-051,system,Operations,fraud,11,Low,1.9,"{""metric_1"": 3, ""metric_2"": 35}",True
RSK-003266,2026-07-06T19:18:54.966170,S-001,supplier,Operations,operational,34,High,3.44,"{""metric_1"": 2, ""metric_2"": 62}",False
RSK-003267,2026-07-28T19:18:54.966170,SYS-066,system,Finance,cyber,27,Critical,1.38,"{""metric_1"": 5, ""metric_2"": 29}",False
RSK-003268,2026-05-14T19:18:54.966170,SYS-041,system,IT,cyber,86,Low,2.97,"{""metric_1"": 6, ""metric_2"": 15}",True
RSK-003269,2026-05-29T19:18:54.966170,C-0774,customer,Support,customer,91,Low,4.77,"{""metric_1"": 1, ""metric_2"": 85}",True
RSK-003270,2026-07-19T19:18:54.966170,SYS-077,system,Finance,cyber,26,High,4.69,"{""metric_1"": 2, ""metric_2"": 17}",False
RSK-003271,2026-08-09T19:18:54.966170,SYS-011,system,Finance,fraud,52,High,1.28,"{""metric_1"": 9, ""metric_2"": 94}",True
RSK-003272,2026-06-05T19:18:54.966170,SYS-070,system,IT,fraud,95,Low,4.93,"{""metric_1"": 7, ""metric_2"": 16}",False
RSK-003273,2026-05-28T19:18:54.966170,S-024,supplier,Finance,operational,94,Moderate,2.54,"{""metric_1"": 3, ""metric_2"": 63}",False
RSK-003274,2026-08-03T19:18:54.966170,C-2825,customer,Finance,financial,83,High,1.86,"{""metric_1"": 9, ""metric_2"": 93}",False
RSK-003275,2026-05-17T19:18:54.966170,SYS-040,system,Finance,fraud,53,Moderate,1.55,"{""metric_1"": 2, ""metric_2"": 73}",False
RSK-003276,2026-08-05T19:18:54.966170,C-4021,customer,Support,customer,87,Moderate,3.88,"{""metric_1"": 1, ""metric_2"": 79}",False
RSK-003277,2026-06-27T19:18:54.966170,C-1855,customer,Operations,customer,70,Moderate,0.47,"{""metric_1"": 4, ""metric_2"": 31}",True
RSK-003278,2026-08-06T19:18:54.966170,SYS-092,system,IT,fraud,48,High,0.77,"{""metric_1"": 4, ""metric_2"": 73}",False
RSK-003279,2026-08-09T19:18:54.966170,S-042,supplier,Finance,operational,69,Critical,3.57,"{""metric_1"": 5, ""metric_2"": 10}",False
RSK-003280,2026-07-21T19:18:54.966170,SYS-029,system,Finance,fraud,54,Critical,2.66,"{""metric_1"": 6, ""metric_2"": 76}",False
RSK-003281,2026-05-30T19:18:54.966170,SYS-055,system,Finance,cyber,78,Low,2.94,"{""metric_1"": 5, ""metric_2"": 69}",False
RSK-003282,2026-06-08T19:18:54.966170,C-1170,customer,Support,financial,82,High,0.4,"{""metric_1"": 6, ""metric_2"": 77}",False
RSK-003283,2026-05-25T19:18:54.966170,SYS-037,system,Finance,fraud,82,Critical,3.27,"{""metric_1"": 1, ""metric_2"": 83}",False
RSK-003284,2026-06-26T19:18:54.966170,C-2368,customer,IT,financial,79,Low,3.88,"{""metric_1"": 8, ""metric_2"": 12}",True
RSK-003285,2026-06-26T19:18:54.966170,C-3755,customer,Operations,financial,51,High,3.25,"{""metric_1"": 2, ""metric_2"": 97}",False
RSK-003286,2026-08-10T19:18:54.966170,SYS-030,system,Support,cyber,93,Low,1.02,"{""metric_1"": 3, ""metric_2"": 44}",True
RSK-003287,2026-07-28T19:18:54.966170,C-2974,customer,Operations,customer,23,Critical,3.06,"{""metric_1"": 4, ""metric_2"": 21}",True
RSK-003288,2026-05-25T19:18:54.966170,C-1394,customer,IT,customer,14,Low,0.36,"{""metric_1"": 5, ""metric_2"": 46}",True
RSK-003289,2026-06-03T19:18:54.966170,S-003,supplier,Support,operational,60,Low,0.99,"{""metric_1"": 7, ""metric_2"": 41}",False
RSK-003290,2026-05-20T19:18:54.966170,SYS-044,system,IT,fraud,60,High,0.27,"{""metric_1"": 8, ""metric_2"": 53}",True
RSK-003291,2026-06-14T19:18:54.966170,S-001,supplier,Operations,operational,74,Moderate,4.3,"{""metric_1"": 1, ""metric_2"": 65}",True
RSK-003292,2026-08-07T19:18:54.966170,SYS-086,system,Support,cyber,60,Moderate,3.9,"{""metric_1"": 3, ""metric_2"": 25}",False
RSK-003293,2026-06-18T19:18:54.966170,C-3146,customer,Support,financial,30,Moderate,3.38,"{""metric_1"": 1, ""metric_2"": 37}",True
RSK-003294,2026-07-04T19:18:54.966170,SYS-005,system,IT,cyber,69,Low,4.98,"{""metric_1"": 6, ""metric_2"": 76}",True
RSK-003295,2026-06-21T19:18:54.966170,C-2222,customer,Support,financial,69,Critical,3.18,"{""metric_1"": 7, ""metric_2"": 69}",False
RSK-003296,2026-06-25T19:18:54.966170,C-4971,customer,Operations,customer,50,High,1.85,"{""metric_1"": 5, ""metric_2"": 97}",True
RSK-003297,2026-07-18T19:18:54.966170,SYS-003,system,Finance,cyber,58,Low,2.7,"{""metric_1"": 2, ""metric_2"": 70}",True
RSK-003298,2026-06-04T19:18:54.966170,S-036,supplier,Operations,operational,92,Low,3.62,"{""metric_1"": 6, ""metric_2"": 95}",False
RSK-003299,2026-06-09T19:18:54.966170,SYS-076,system,Finance,cyber,83,Moderate,3.44,"{""metric_1"": 4, ""metric_2"": 33}",False
RSK-003300,2026-05-31T19:18:54.966170,SYS-054,system,Support,fraud,63,Critical,4.36,"{""metric_1"": 4, ""metric_2"": 48}",True
RSK-003301,2026-06-25T19:18:54.966170,S-005,supplier,Finance,operational,80,Low,2.84,"{""metric_1"": 5, ""metric_2"": 33}",True
RSK-003302,2026-07-06T19:18:54.966170,C-2738,customer,Support,financial,36,High,0.28,"{""metric_1"": 3, ""metric_2"": 17}",False
RSK-003303,2026-08-16T19:18:54.966170,C-4215,customer,Finance,financial,82,Moderate,4.47,"{""metric_1"": 9, ""metric_2"": 58}",True
RSK-003304,2026-06-11T19:18:54.966170,SYS-067,system,IT,fraud,58,Low,0.65,"{""metric_1"": 8, ""metric_2"": 50}",False
RSK-003305,2026-07-06T19:18:54.966170,SYS-083,system,Support,fraud,10,High,0.5,"{""metric_1"": 2, ""metric_2"": 75}",False
RSK-003306,2026-06-02T19:18:54.966170,S-009,supplier,IT,operational,57,High,1.45,"{""metric_1"": 6, ""metric_2"": 16}",True
RSK-003307,2026-08-18T19:18:54.966170,C-0416,customer,Operations,customer,18,Critical,4.71,"{""metric_1"": 6, ""metric_2"": 65}",False
RSK-003308,2026-08-19T19:18:54.966170,SYS-083,system,Support,fraud,95,Moderate,0.96,"{""metric_1"": 5, ""metric_2"": 82}",False
RSK-003309,2026-06-11T19:18:54.966170,S-024,supplier,Finance,operational,93,Moderate,2.46,"{""metric_1"": 9, ""metric_2"": 84}",True
RSK-003310,2026-06-09T19:18:54.966170,C-4939,customer,Operations,customer,51,High,3.74,"{""metric_1"": 9, ""metric_2"": 77}",True
RSK-003311,2026-07-22T19:18:54.966170,C-1576,customer,IT,customer,34,Critical,1.32,"{""metric_1"": 4, ""metric_2"": 88}",True
RSK-003312,2026-05-23T19:18:54.966170,C-2502,customer,IT,financial,22,Critical,3.07,"{""metric_1"": 5, ""metric_2"": 11}",False
RSK-003313,2026-06-15T19:18:54.966170,SYS-014,system,Finance,fraud,86,Critical,1.56,"{""metric_1"": 1, ""metric_2"": 42}",False
RSK-003314,2026-06-17T19:18:54.966170,C-0439,customer,Finance,customer,79,High,4.79,"{""metric_1"": 9, ""metric_2"": 89}",True
RSK-003315,2026-06-30T19:18:54.966170,SYS-096,system,IT,fraud,54,Low,3.32,"{""metric_1"": 3, ""metric_2"": 38}",False
RSK-003316,2026-06-22T19:18:54.966170,SYS-011,system,Support,fraud,13,Moderate,2.11,"{""metric_1"": 9, ""metric_2"": 75}",True
RSK-003317,2026-07-04T19:18:54.966170,SYS-045,system,Operations,cyber,81,Low,4.16,"{""metric_1"": 7, ""metric_2"": 28}",True
RSK-003318,2026-08-12T19:18:54.966170,SYS-054,system,Finance,fraud,39,Critical,1.06,"{""metric_1"": 8, ""metric_2"": 22}",False
RSK-003319,2026-08-12T19:18:54.966170,C-2086,customer,Finance,financial,89,Low,1.51,"{""metric_1"": 2, ""metric_2"": 15}",False
RSK-003320,2026-06-21T19:18:54.966170,C-1474,customer,Support,financial,44,Low,0.58,"{""metric_1"": 5, ""metric_2"": 78}",False
RSK-003321,2026-07-16T19:18:54.966170,C-4937,customer,IT,financial,93,High,0.67,"{""metric_1"": 9, ""metric_2"": 55}",True
RSK-003322,2026-08-18T19:18:54.966170,SYS-074,system,Operations,fraud,50,Low,2.15,"{""metric_1"": 6, ""metric_2"": 30}",True
RSK-003323,2026-05-17T19:18:54.966170,C-2089,customer,IT,financial,44,Moderate,4.98,"{""metric_1"": 5, ""metric_2"": 80}",False
RSK-003324,2026-05-16T19:18:54.966170,SYS-098,system,IT,fraud,24,Moderate,3.27,"{""metric_1"": 8, ""metric_2"": 46}",True
RSK-003325,2026-05-15T19:18:54.966170,SYS-054,system,Finance,cyber,74,Moderate,4.98,"{""metric_1"": 4, ""metric_2"": 74}",False
RSK-003326,2026-06-20T19:18:54.966170,SYS-030,system,Operations,fraud,50,High,0.61,"{""metric_1"": 4, ""metric_2"": 29}",True
RSK-003327,2026-06-19T19:18:54.966170,C-4243,customer,Support,customer,12,Low,4.5,"{""metric_1"": 3, ""metric_2"": 99}",True
RSK-003328,2026-06-16T19:18:54.966170,C-4367,customer,IT,financial,61,Low,2.76,"{""metric_1"": 3, ""metric_2"": 98}",False
RSK-003329,2026-07-03T19:18:54.966170,C-1678,customer,Finance,customer,36,Low,0.64,"{""metric_1"": 2, ""metric_2"": 39}",True
RSK-003330,2026-06-02T19:18:54.966170,SYS-018,system,Support,fraud,76,High,4.54,"{""metric_1"": 2, ""metric_2"": 87}",False
RSK-003331,2026-07-23T19:18:54.966170,C-2307,customer,Operations,customer,52,Moderate,4.17,"{""metric_1"": 2, ""metric_2"": 59}",True
RSK-003332,2026-07-31T19:18:54.966170,SYS-074,system,Support,fraud,67,Critical,2.17,"{""metric_1"": 4, ""metric_2"": 51}",True
RSK-003333,2026-08-19T19:18:54.966170,C-2385,customer,Support,customer,89,Critical,2.17,"{""metric_1"": 9, ""metric_2"": 66}",True
RSK-003334,2026-06-29T19:18:54.966170,SYS-064,system,Finance,fraud,19,Critical,2.61,"{""metric_1"": 8, ""metric_2"": 29}",True
RSK-003335,2026-08-11T19:18:54.966170,C-3931,customer,Finance,financial,69,Low,3.03,"{""metric_1"": 1, ""metric_2"": 11}",False
RSK-003336,2026-07-23T19:18:54.966170,SYS-082,system,Support,cyber,14,Low,0.58,"{""metric_1"": 4, ""metric_2"": 97}",True
RSK-003337,2026-08-03T19:18:54.966170,C-3525,customer,Finance,customer,43,Low,0.64,"{""metric_1"": 5, ""metric_2"": 69}",False
RSK-003338,2026-06-02T19:18:54.966170,SYS-068,system,IT,fraud,39,Low,0.69,"{""metric_1"": 1, ""metric_2"": 91}",True
RSK-003339,2026-07-22T19:18:54.966170,C-2559,customer,Finance,customer,21,Low,1.7,"{""metric_1"": 8, ""metric_2"": 38}",True
RSK-003340,2026-06-16T19:18:54.966170,C-1522,customer,IT,financial,65,Moderate,1.18,"{""metric_1"": 1, ""metric_2"": 42}",True
RSK-003341,2026-08-03T19:18:54.966170,S-026,supplier,Support,operational,51,Critical,1.33,"{""metric_1"": 7, ""metric_2"": 79}",False
RSK-003342,2026-05-18T19:18:54.966170,C-4644,customer,IT,financial,85,Moderate,2.68,"{""metric_1"": 7, ""metric_2"": 19}",True
RSK-003343,2026-06-30T19:18:54.966170,C-2841,customer,Operations,customer,71,High,1.99,"{""metric_1"": 2, ""metric_2"": 15}",True
RSK-003344,2026-08-16T19:18:54.966170,C-4986,customer,IT,financial,66,High,1.14,"{""metric_1"": 9, ""metric_2"": 51}",True
RSK-003345,2026-07-31T19:18:54.966170,C-3228,customer,Finance,financial,61,Low,1.58,"{""metric_1"": 6, ""metric_2"": 51}",False
RSK-003346,2026-05-31T19:18:54.966170,SYS-026,system,IT,fraud,24,Moderate,2.18,"{""metric_1"": 6, ""metric_2"": 84}",True
RSK-003347,2026-08-08T19:18:54.966170,C-1044,customer,IT,customer,52,Moderate,3.98,"{""metric_1"": 7, ""metric_2"": 16}",True
RSK-003348,2026-05-23T19:18:54.966170,C-0140,customer,Finance,customer,68,Low,3.86,"{""metric_1"": 6, ""metric_2"": 39}",False
RSK-003349,2026-07-24T19:18:54.966170,C-0793,customer,Finance,customer,58,Critical,1.41,"{""metric_1"": 9, ""metric_2"": 29}",False
RSK-003350,2026-06-25T19:18:54.966170,C-0853,customer,Operations,customer,38,Low,3.59,"{""metric_1"": 4, ""metric_2"": 42}",False
RSK-003351,2026-07-25T19:18:54.966170,C-3889,customer,Operations,customer,88,High,3.68,"{""metric_1"": 6, ""metric_2"": 62}",True
RSK-003352,2026-07-30T19:18:54.966170,C-2396,customer,Operations,financial,72,Critical,1.56,"{""metric_1"": 4, ""metric_2"": 49}",False
RSK-003353,2026-08-10T19:18:54.966170,C-2709,customer,Finance,financial,60,Low,1.95,"{""metric_1"": 2, ""metric_2"": 58}",False
RSK-003354,2026-07-20T19:18:54.966170,SYS-061,system,IT,cyber,54,Moderate,3.98,"{""metric_1"": 8, ""metric_2"": 97}",False
RSK-003355,2026-07-24T19:18:54.966170,C-4269,customer,Operations,financial,81,High,2.72,"{""metric_1"": 8, ""metric_2"": 37}",False
RSK-003356,2026-07-03T19:18:54.966170,C-2643,customer,Operations,customer,53,Moderate,3.01,"{""metric_1"": 1, ""metric_2"": 34}",False
RSK-003357,2026-05-26T19:18:54.966170,C-4789,customer,Finance,customer,30,High,4.22,"{""metric_1"": 9, ""metric_2"": 15}",True
RSK-003358,2026-06-08T19:18:54.966170,C-1419,customer,IT,financial,12,Critical,0.56,"{""metric_1"": 9, ""metric_2"": 60}",False
RSK-003359,2026-05-26T19:18:54.966170,SYS-031,system,Support,fraud,47,High,1.31,"{""metric_1"": 6, ""metric_2"": 46}",False
RSK-003360,2026-07-07T19:18:54.966170,SYS-004,system,Operations,fraud,83,Low,4.56,"{""metric_1"": 1, ""metric_2"": 11}",True
RSK-003361,2026-08-05T19:18:54.966170,SYS-080,system,Finance,cyber,59,Low,2.63,"{""metric_1"": 5, ""metric_2"": 43}",True
RSK-003362,2026-08-02T19:18:54.966170,S-040,supplier,Finance,operational,88,Critical,1.23,"{""metric_1"": 9, ""metric_2"": 45}",False
RSK-003363,2026-06-19T19:18:54.966170,C-0257,customer,Finance,customer,11,Critical,2.87,"{""metric_1"": 6, ""metric_2"": 54}",False
RSK-003364,2026-06-25T19:18:54.966170,SYS-031,system,Support,fraud,98,Critical,1.2,"{""metric_1"": 4, ""metric_2"": 91}",True
RSK-003365,2026-06-24T19:18:54.966170,C-0690,customer,Operations,financial,73,Moderate,2.49,"{""metric_1"": 9, ""metric_2"": 62}",True
RSK-003366,2026-07-22T19:18:54.966170,C-1071,customer,Support,customer,77,Moderate,3.48,"{""metric_1"": 9, ""metric_2"": 61}",True
RSK-003367,2026-07-28T19:18:54.966170,S-006,supplier,Operations,operational,67,Critical,4.88,"{""metric_1"": 2, ""metric_2"": 29}",False
RSK-003368,2026-06-02T19:18:54.966170,C-1798,customer,Support,financial,12,Low,4.33,"{""metric_1"": 6, ""metric_2"": 31}",True
RSK-003369,2026-06-01T19:18:54.966170,SYS-063,system,IT,cyber,12,High,2.98,"{""metric_1"": 1, ""metric_2"": 26}",False
RSK-003370,2026-07-24T19:18:54.966170,C-4595,customer,Finance,customer,81,High,3.22,"{""metric_1"": 3, ""metric_2"": 62}",True
RSK-003371,2026-07-07T19:18:54.966170,SYS-096,system,Operations,fraud,15,Critical,4.0,"{""metric_1"": 4, ""metric_2"": 80}",True
RSK-003372,2026-06-24T19:18:54.966170,SYS-086,system,IT,cyber,39,Critical,1.12,"{""metric_1"": 3, ""metric_2"": 22}",True
RSK-003373,2026-06-30T19:18:54.966170,C-0382,customer,IT,financial,51,Moderate,4.8,"{""metric_1"": 2, ""metric_2"": 20}",True
RSK-003374,2026-06-25T19:18:54.966170,C-0309,customer,Finance,customer,95,Low,3.66,"{""metric_1"": 4, ""metric_2"": 52}",False
RSK-003375,2026-06-17T19:18:54.966170,SYS-053,system,IT,fraud,74,High,1.85,"{""metric_1"": 1, ""metric_2"": 62}",False
RSK-003376,2026-06-27T19:18:54.966170,SYS-056,system,Finance,fraud,19,Critical,4.25,"{""metric_1"": 2, ""metric_2"": 81}",True
RSK-003377,2026-08-05T19:18:54.966170,C-4788,customer,Operations,financial,57,Low,3.09,"{""metric_1"": 7, ""metric_2"": 93}",True
RSK-003378,2026-06-21T19:18:54.966170,SYS-055,system,Support,fraud,84,Low,2.0,"{""metric_1"": 8, ""metric_2"": 70}",True
RSK-003379,2026-06-14T19:18:54.966170,S-014,supplier,IT,operational,90,Critical,1.62,"{""metric_1"": 7, ""metric_2"": 36}",False
RSK-003380,2026-05-28T19:18:54.966170,S-047,supplier,Finance,operational,99,High,2.51,"{""metric_1"": 5, ""metric_2"": 19}",False
RSK-003381,2026-08-04T19:18:54.966170,SYS-062,system,IT,cyber,43,Critical,3.03,"{""metric_1"": 7, ""metric_2"": 27}",False
RSK-003382,2026-08-09T19:18:54.966170,S-016,supplier,Support,operational,82,Moderate,1.43,"{""metric_1"": 1, ""metric_2"": 66}",False
RSK-003383,2026-08-19T19:18:54.966170,S-037,supplier,Support,operational,45,Critical,1.74,"{""metric_1"": 3, ""metric_2"": 17}",True
RSK-003384,2026-08-12T19:18:54.966170,C-0076,customer,Operations,financial,44,Critical,4.3,"{""metric_1"": 5, ""metric_2"": 80}",False
RSK-003385,2026-08-09T19:18:54.966170,S-013,supplier,Support,operational,42,Low,0.45,"{""metric_1"": 8, ""metric_2"": 65}",False
RSK-003386,2026-07-30T19:18:54.966170,S-047,supplier,Finance,operational,27,Low,4.31,"{""metric_1"": 7, ""metric_2"": 91}",False
RSK-003387,2026-05-30T19:18:54.966170,S-019,supplier,Finance,operational,24,Moderate,1.31,"{""metric_1"": 7, ""metric_2"": 49}",True
RSK-003388,2026-08-01T19:18:54.966170,C-1956,customer,Support,customer,64,Moderate,3.5,"{""metric_1"": 7, ""metric_2"": 18}",False
RSK-003389,2026-05-30T19:18:54.966170,SYS-078,system,Finance,cyber,83,Moderate,0.14,"{""metric_1"": 2, ""metric_2"": 40}",False
RSK-003390,2026-08-10T19:18:54.966170,C-0599,customer,Operations,customer,15,High,3.35,"{""metric_1"": 4, ""metric_2"": 53}",True
RSK-003391,2026-06-26T19:18:54.966170,S-020,supplier,Finance,operational,67,Critical,0.33,"{""metric_1"": 5, ""metric_2"": 72}",True
RSK-003392,2026-06-02T19:18:54.966170,C-3948,customer,IT,customer,12,Moderate,2.0,"{""metric_1"": 2, ""metric_2"": 77}",False
RSK-003393,2026-06-25T19:18:54.966170,SYS-022,system,Finance,fraud,49,Moderate,1.15,"{""metric_1"": 6, ""metric_2"": 55}",False
RSK-003394,2026-05-25T19:18:54.966170,C-2235,customer,Finance,customer,63,High,1.23,"{""metric_1"": 1, ""metric_2"": 47}",False
RSK-003395,2026-06-03T19:18:54.966170,S-020,supplier,Support,operational,21,Moderate,3.45,"{""metric_1"": 8, ""metric_2"": 92}",False
RSK-003396,2026-06-12T19:18:54.966170,SYS-065,system,Support,cyber,74,Low,3.67,"{""metric_1"": 3, ""metric_2"": 77}",False
RSK-003397,2026-07-23T19:18:54.966170,SYS-062,system,Support,cyber,51,Critical,4.79,"{""metric_1"": 5, ""metric_2"": 71}",False
RSK-003398,2026-07-28T19:18:54.966170,S-018,supplier,IT,operational,76,Low,2.83,"{""metric_1"": 6, ""metric_2"": 23}",True
RSK-003399,2026-08-19T19:18:54.966170,S-007,supplier,Operations,operational,95,Critical,1.33,"{""metric_1"": 9, ""metric_2"": 21}",True
RSK-003400,2026-08-20T19:18:54.966170,C-1620,customer,Finance,customer,69,High,2.16,"{""metric_1"": 9, ""metric_2"": 74}",True
RSK-003401,2026-05-27T19:18:54.966170,C-1199,customer,Operations,customer,64,Low,2.53,"{""metric_1"": 8, ""metric_2"": 44}",False
RSK-003402,2026-06-12T19:18:54.966170,SYS-069,system,IT,fraud,56,Critical,2.93,"{""metric_1"": 4, ""metric_2"": 89}",False
RSK-003403,2026-06-30T19:18:54.966170,S-033,supplier,Support,operational,88,Low,2.02,"{""metric_1"": 4, ""metric_2"": 42}",True
RSK-003404,2026-07-27T19:18:54.966170,SYS-055,system,Operations,fraud,64,Low,4.95,"{""metric_1"": 4, ""metric_2"": 56}",False
RSK-003405,2026-07-30T19:18:54.966170,SYS-061,system,Support,cyber,47,Moderate,2.8,"{""metric_1"": 7, ""metric_2"": 28}",True
RSK-003406,2026-05-28T19:18:54.966170,SYS-031,system,Operations,fraud,90,Low,2.5,"{""metric_1"": 2, ""metric_2"": 58}",True
RSK-003407,2026-06-04T19:18:54.966170,C-3337,customer,Support,financial,95,Critical,0.53,"{""metric_1"": 3, ""metric_2"": 45}",False
RSK-003408,2026-06-15T19:18:54.966170,SYS-025,system,Support,fraud,60,High,2.18,"{""metric_1"": 3, ""metric_2"": 37}",True
RSK-003409,2026-08-04T19:18:54.966170,C-4853,customer,IT,financial,35,Low,2.97,"{""metric_1"": 4, ""metric_2"": 50}",False
RSK-003410,2026-05-29T19:18:54.966170,SYS-005,system,Finance,fraud,75,Critical,2.72,"{""metric_1"": 6, ""metric_2"": 79}",True
RSK-003411,2026-06-16T19:18:54.966170,S-022,supplier,Support,operational,49,Moderate,3.05,"{""metric_1"": 3, ""metric_2"": 15}",False
RSK-003412,2026-07-03T19:18:54.966170,C-4885,customer,Support,customer,34,Low,2.83,"{""metric_1"": 4, ""metric_2"": 85}",True
RSK-003413,2026-08-14T19:18:54.966170,S-008,supplier,IT,operational,92,Low,0.59,"{""metric_1"": 7, ""metric_2"": 76}",True
RSK-003414,2026-06-20T19:18:54.966170,SYS-031,system,Operations,cyber,24,Critical,0.49,"{""metric_1"": 2, ""metric_2"": 31}",False
RSK-003415,2026-05-31T19:18:54.966170,SYS-068,system,Finance,fraud,71,Critical,1.42,"{""metric_1"": 8, ""metric_2"": 61}",True
RSK-003416,2026-08-05T19:18:54.966170,SYS-066,system,IT,fraud,49,High,4.86,"{""metric_1"": 4, ""metric_2"": 59}",False
RSK-003417,2026-07-14T19:18:54.966170,S-008,supplier,IT,operational,47,Moderate,0.68,"{""metric_1"": 6, ""metric_2"": 20}",True
RSK-003418,2026-06-30T19:18:54.966170,SYS-060,system,Support,fraud,95,Low,2.52,"{""metric_1"": 8, ""metric_2"": 85}",False
RSK-003419,2026-05-20T19:18:54.966170,C-3506,customer,Support,financial,24,Critical,2.99,"{""metric_1"": 3, ""metric_2"": 63}",False
RSK-003420,2026-05-22T19:18:54.966170,SYS-039,system,Operations,fraud,41,Critical,4.66,"{""metric_1"": 5, ""metric_2"": 35}",False
RSK-003421,2026-07-21T19:18:54.966170,SYS-058,system,Operations,cyber,40,Low,3.94,"{""metric_1"": 5, ""metric_2"": 63}",False
RSK-003422,2026-06-14T19:18:54.966170,SYS-007,system,Support,cyber,78,High,4.91,"{""metric_1"": 4, ""metric_2"": 28}",True
RSK-003423,2026-05-29T19:18:54.966170,SYS-030,system,Operations,fraud,87,Low,3.47,"{""metric_1"": 5, ""metric_2"": 84}",False
RSK-003424,2026-06-29T19:18:54.966170,SYS-030,system,Finance,fraud,80,Critical,0.45,"{""metric_1"": 5, ""metric_2"": 73}",True
RSK-003425,2026-06-03T19:18:54.966170,SYS-018,system,Support,cyber,71,Critical,1.32,"{""metric_1"": 2, ""metric_2"": 16}",False
RSK-003426,2026-05-16T19:18:54.966170,C-4909,customer,Support,customer,48,Moderate,1.36,"{""metric_1"": 2, ""metric_2"": 20}",True
RSK-003427,2026-08-01T19:18:54.966170,C-1493,customer,Support,financial,60,Low,4.53,"{""metric_1"": 3, ""metric_2"": 64}",True
RSK-003428,2026-08-09T19:18:54.966170,C-1734,customer,Support,financial,95,Low,0.82,"{""metric_1"": 1, ""metric_2"": 88}",True
RSK-003429,2026-08-07T19:18:54.966170,C-2727,customer,Finance,customer,49,High,3.53,"{""metric_1"": 6, ""metric_2"": 55}",False
RSK-003430,2026-07-20T19:18:54.966170,C-0360,customer,Support,financial,84,High,2.53,"{""metric_1"": 6, ""metric_2"": 48}",False
RSK-003431,2026-07-19T19:18:54.966170,C-2576,customer,Finance,customer,95,High,2.92,"{""metric_1"": 7, ""metric_2"": 54}",False
RSK-003432,2026-07-12T19:18:54.966170,C-3667,customer,Operations,customer,76,Moderate,4.45,"{""metric_1"": 1, ""metric_2"": 53}",False
RSK-003433,2026-08-12T19:18:54.966170,C-2285,customer,Support,customer,69,Low,0.67,"{""metric_1"": 8, ""metric_2"": 13}",False
RSK-003434,2026-07-12T19:18:54.966170,SYS-020,system,Operations,fraud,14,Low,4.73,"{""metric_1"": 1, ""metric_2"": 27}",False
RSK-003435,2026-05-14T19:18:54.966170,SYS-019,system,Finance,fraud,78,Low,0.86,"{""metric_1"": 9, ""metric_2"": 18}",False
RSK-003436,2026-08-05T19:18:54.966170,S-044,supplier,Support,operational,75,High,2.57,"{""metric_1"": 2, ""metric_2"": 29}",True
RSK-003437,2026-08-18T19:18:54.966170,C-1781,customer,IT,customer,71,Moderate,2.45,"{""metric_1"": 1, ""metric_2"": 62}",False
RSK-003438,2026-06-12T19:18:54.966170,SYS-090,system,Finance,fraud,35,Moderate,4.66,"{""metric_1"": 8, ""metric_2"": 49}",True
RSK-003439,2026-06-29T19:18:54.966170,C-0154,customer,Finance,customer,32,Moderate,4.18,"{""metric_1"": 6, ""metric_2"": 71}",True
RSK-003440,2026-06-05T19:18:54.966170,SYS-015,system,IT,fraud,24,High,3.58,"{""metric_1"": 1, ""metric_2"": 13}",True
RSK-003441,2026-07-15T19:18:54.966170,C-3789,customer,IT,financial,69,Low,1.32,"{""metric_1"": 7, ""metric_2"": 66}",False
RSK-003442,2026-05-27T19:18:54.966170,SYS-018,system,IT,cyber,21,Critical,2.25,"{""metric_1"": 6, ""metric_2"": 22}",True
RSK-003443,2026-08-10T19:18:54.966170,S-027,supplier,Finance,operational,59,Critical,4.24,"{""metric_1"": 3, ""metric_2"": 67}",False
RSK-003444,2026-07-10T19:18:54.966170,C-0218,customer,IT,financial,23,Moderate,0.19,"{""metric_1"": 9, ""metric_2"": 29}",False
RSK-003445,2026-07-27T19:18:54.966170,C-4570,customer,Support,financial,80,Low,2.91,"{""metric_1"": 8, ""metric_2"": 29}",False
RSK-003446,2026-08-14T19:18:54.966170,SYS-008,system,Support,fraud,79,Low,0.6,"{""metric_1"": 5, ""metric_2"": 91}",True
RSK-003447,2026-06-11T19:18:54.966170,C-1854,customer,Finance,customer,29,Moderate,0.21,"{""metric_1"": 6, ""metric_2"": 54}",False
RSK-003448,2026-07-17T19:18:54.966170,S-042,supplier,Operations,operational,49,Low,2.64,"{""metric_1"": 5, ""metric_2"": 76}",False
RSK-003449,2026-06-19T19:18:54.966170,C-4759,customer,Finance,financial,71,Moderate,1.65,"{""metric_1"": 7, ""metric_2"": 95}",True
RSK-003450,2026-05-21T19:18:54.966170,C-0741,customer,IT,customer,71,Low,2.54,"{""metric_1"": 8, ""metric_2"": 95}",False
RSK-003451,2026-07-31T19:18:54.966170,SYS-052,system,IT,fraud,27,Critical,0.32,"{""metric_1"": 4, ""metric_2"": 54}",False
RSK-003452,2026-07-29T19:18:54.966170,S-017,supplier,Operations,operational,62,High,0.23,"{""metric_1"": 3, ""metric_2"": 76}",True
RSK-003453,2026-07-02T19:18:54.966170,C-4353,customer,Support,financial,66,Critical,2.31,"{""metric_1"": 3, ""metric_2"": 95}",True
RSK-003454,2026-07-27T19:18:54.966170,C-3475,customer,Finance,customer,58,Moderate,1.25,"{""metric_1"": 7, ""metric_2"": 69}",True
RSK-003455,2026-06-16T19:18:54.966170,SYS-098,system,Finance,fraud,30,Low,3.41,"{""metric_1"": 6, ""metric_2"": 69}",True
RSK-003456,2026-05-19T19:18:54.966170,SYS-088,system,Operations,cyber,42,Moderate,4.07,"{""metric_1"": 5, ""metric_2"": 96}",False
RSK-003457,2026-06-29T19:18:54.966170,SYS-005,system,Operations,cyber,28,Critical,2.83,"{""metric_1"": 2, ""metric_2"": 56}",True
RSK-003458,2026-06-26T19:18:54.966170,S-041,supplier,Finance,operational,92,High,4.73,"{""metric_1"": 2, ""metric_2"": 98}",False
RSK-003459,2026-07-13T19:18:54.966170,S-015,supplier,Finance,operational,44,High,1.29,"{""metric_1"": 8, ""metric_2"": 18}",False
RSK-003460,2026-08-03T19:18:54.966170,SYS-091,system,Support,cyber,53,Low,2.55,"{""metric_1"": 7, ""metric_2"": 27}",False
RSK-003461,2026-07-01T19:18:54.966170,S-034,supplier,Finance,operational,54,Moderate,3.59,"{""metric_1"": 3, ""metric_2"": 79}",False
RSK-003462,2026-06-08T19:18:54.966170,C-1355,customer,Operations,customer,70,High,2.41,"{""metric_1"": 7, ""metric_2"": 39}",False
RSK-003463,2026-06-24T19:18:54.966170,SYS-070,system,Support,cyber,58,Low,3.1,"{""metric_1"": 8, ""metric_2"": 71}",True
RSK-003464,2026-08-12T19:18:54.966170,C-2095,customer,IT,customer,44,Moderate,4.63,"{""metric_1"": 1, ""metric_2"": 90}",False
RSK-003465,2026-06-07T19:18:54.966170,SYS-019,system,IT,fraud,93,Low,3.78,"{""metric_1"": 1, ""metric_2"": 36}",True
RSK-003466,2026-07-31T19:18:54.966170,SYS-084,system,Operations,fraud,87,Moderate,2.08,"{""metric_1"": 2, ""metric_2"": 96}",True
RSK-003467,2026-08-19T19:18:54.966170,SYS-091,system,Operations,cyber,83,Moderate,1.08,"{""metric_1"": 6, ""metric_2"": 85}",True
RSK-003468,2026-08-03T19:18:54.966170,C-0431,customer,Support,customer,79,Critical,2.7,"{""metric_1"": 4, ""metric_2"": 76}",True
RSK-003469,2026-05-28T19:18:54.966170,SYS-031,system,Operations,fraud,64,High,0.24,"{""metric_1"": 3, ""metric_2"": 29}",False
RSK-003470,2026-05-20T19:18:54.966170,C-4334,customer,IT,customer,20,High,1.03,"{""metric_1"": 2, ""metric_2"": 11}",True
RSK-003471,2026-05-21T19:18:54.966170,C-4177,customer,Operations,financial,82,High,1.61,"{""metric_1"": 7, ""metric_2"": 49}",True
RSK-003472,2026-07-13T19:18:54.966170,SYS-069,system,Finance,cyber,70,Critical,3.91,"{""metric_1"": 4, ""metric_2"": 56}",False
RSK-003473,2026-06-05T19:18:54.966170,C-0575,customer,Finance,customer,54,High,1.89,"{""metric_1"": 2, ""metric_2"": 37}",False
RSK-003474,2026-08-20T19:18:54.966170,SYS-094,system,IT,fraud,74,Moderate,3.47,"{""metric_1"": 5, ""metric_2"": 51}",True
RSK-003475,2026-08-15T19:18:54.966170,S-017,supplier,IT,operational,71,High,0.77,"{""metric_1"": 5, ""metric_2"": 52}",False
RSK-003476,2026-05-31T19:18:54.966170,S-002,supplier,Finance,operational,30,Moderate,3.06,"{""metric_1"": 4, ""metric_2"": 30}",True
RSK-003477,2026-07-08T19:18:54.966170,SYS-080,system,Finance,cyber,95,Critical,0.65,"{""metric_1"": 1, ""metric_2"": 99}",False
RSK-003478,2026-05-29T19:18:54.966170,SYS-013,system,IT,fraud,42,Critical,2.78,"{""metric_1"": 9, ""metric_2"": 10}",False
RSK-003479,2026-05-16T19:18:54.966170,C-3078,customer,Operations,financial,62,High,4.19,"{""metric_1"": 2, ""metric_2"": 30}",False
RSK-003480,2026-05-22T19:18:54.966170,S-021,supplier,Operations,operational,97,Low,1.99,"{""metric_1"": 7, ""metric_2"": 58}",True
RSK-003481,2026-05-16T19:18:54.966170,SYS-019,system,Operations,cyber,67,Low,1.98,"{""metric_1"": 9, ""metric_2"": 93}",False
RSK-003482,2026-08-08T19:18:54.966170,S-044,supplier,Finance,operational,21,High,0.52,"{""metric_1"": 5, ""metric_2"": 82}",True
RSK-003483,2026-06-26T19:18:54.966170,SYS-056,system,Operations,cyber,24,High,2.94,"{""metric_1"": 8, ""metric_2"": 41}",True
RSK-003484,2026-05-14T19:18:54.966170,SYS-026,system,Finance,cyber,93,Low,0.82,"{""metric_1"": 4, ""metric_2"": 64}",False
RSK-003485,2026-08-20T19:18:54.966170,SYS-037,system,Operations,fraud,46,Critical,3.14,"{""metric_1"": 2, ""metric_2"": 97}",True
RSK-003486,2026-07-17T19:18:54.966170,S-050,supplier,Finance,operational,55,Moderate,2.88,"{""metric_1"": 4, ""metric_2"": 20}",True
RSK-003487,2026-08-16T19:18:54.966170,SYS-028,system,Finance,fraud,82,Moderate,1.14,"{""metric_1"": 2, ""metric_2"": 96}",True
RSK-003488,2026-07-04T19:18:54.966170,S-019,supplier,IT,operational,73,High,3.75,"{""metric_1"": 8, ""metric_2"": 81}",True
RSK-003489,2026-06-18T19:18:54.966170,SYS-082,system,Finance,cyber,88,Low,3.48,"{""metric_1"": 1, ""metric_2"": 85}",True
RSK-003490,2026-06-21T19:18:54.966170,SYS-015,system,Finance,cyber,10,Critical,4.6,"{""metric_1"": 1, ""metric_2"": 23}",True
RSK-003491,2026-06-07T19:18:54.966170,SYS-036,system,Operations,cyber,78,High,3.49,"{""metric_1"": 9, ""metric_2"": 30}",False
RSK-003492,2026-08-08T19:18:54.966170,C-1406,customer,Finance,customer,49,Low,3.17,"{""metric_1"": 6, ""metric_2"": 11}",False
RSK-003493,2026-06-26T19:18:54.966170,S-034,supplier,IT,operational,87,High,1.6,"{""metric_1"": 1, ""metric_2"": 39}",True
RSK-003494,2026-07-05T19:18:54.966170,SYS-086,system,Operations,fraud,16,Moderate,0.54,"{""metric_1"": 7, ""metric_2"": 82}",False
RSK-003495,2026-08-01T19:18:54.966170,SYS-015,system,Support,cyber,18,Moderate,3.52,"{""metric_1"": 5, ""metric_2"": 14}",True
RSK-003496,2026-07-30T19:18:54.966170,S-018,supplier,Operations,operational,31,High,0.7,"{""metric_1"": 4, ""metric_2"": 72}",True
RSK-003497,2026-06-25T19:18:54.966170,S-003,supplier,Support,operational,12,Moderate,2.65,"{""metric_1"": 7, ""metric_2"": 82}",True
RSK-003498,2026-08-12T19:18:54.966170,C-3221,customer,IT,financial,73,Critical,0.6,"{""metric_1"": 1, ""metric_2"": 36}",True
RSK-003499,2026-06-04T19:18:54.966170,SYS-064,system,IT,cyber,35,Low,4.37,"{""metric_1"": 8, ""metric_2"": 61}",True
RSK-003500,2026-05-16T19:18:54.966170,C-2085,customer,Finance,customer,66,High,2.35,"{""metric_1"": 3, ""metric_2"": 10}",False
RSK-003501,2026-06-20T19:18:54.966170,SYS-042,system,Support,fraud,40,Low,0.72,"{""metric_1"": 1, ""metric_2"": 13}",False
RSK-003502,2026-06-19T19:18:54.966170,S-015,supplier,IT,operational,88,Low,2.23,"{""metric_1"": 3, ""metric_2"": 26}",False
RSK-003503,2026-07-24T19:18:54.966170,S-046,supplier,IT,operational,76,Moderate,2.86,"{""metric_1"": 7, ""metric_2"": 21}",True
RSK-003504,2026-06-06T19:18:54.966170,SYS-081,system,Support,fraud,95,Critical,0.55,"{""metric_1"": 6, ""metric_2"": 92}",True
RSK-003505,2026-07-05T19:18:54.966170,SYS-023,system,IT,fraud,29,High,2.38,"{""metric_1"": 9, ""metric_2"": 96}",False
RSK-003506,2026-08-03T19:18:54.966170,S-014,supplier,Operations,operational,30,Moderate,0.76,"{""metric_1"": 3, ""metric_2"": 90}",True
RSK-003507,2026-07-01T19:18:54.966170,C-3428,customer,Support,customer,73,Low,3.66,"{""metric_1"": 1, ""metric_2"": 69}",True
RSK-003508,2026-07-13T19:18:54.966170,C-2024,customer,Operations,financial,93,Moderate,3.46,"{""metric_1"": 5, ""metric_2"": 82}",False
RSK-003509,2026-05-19T19:18:54.966170,SYS-071,system,Support,fraud,77,Moderate,1.17,"{""metric_1"": 3, ""metric_2"": 60}",False
RSK-003510,2026-05-29T19:18:54.966170,S-019,supplier,IT,operational,85,Moderate,4.64,"{""metric_1"": 1, ""metric_2"": 58}",True
RSK-003511,2026-07-29T19:18:54.966170,SYS-076,system,IT,cyber,63,Low,2.37,"{""metric_1"": 4, ""metric_2"": 18}",True
RSK-003512,2026-07-25T19:18:54.966170,SYS-077,system,Operations,fraud,25,Moderate,1.73,"{""metric_1"": 3, ""metric_2"": 38}",True
RSK-003513,2026-05-27T19:18:54.966170,C-1740,customer,Finance,customer,33,Low,2.12,"{""metric_1"": 6, ""metric_2"": 62}",False
RSK-003514,2026-06-30T19:18:54.966170,SYS-016,system,Operations,fraud,71,Moderate,1.55,"{""metric_1"": 3, ""metric_2"": 45}",True
RSK-003515,2026-05-24T19:18:54.966170,S-002,supplier,Operations,operational,45,High,3.85,"{""metric_1"": 4, ""metric_2"": 51}",False
RSK-003516,2026-07-06T19:18:54.966170,SYS-044,system,Finance,cyber,17,Moderate,0.99,"{""metric_1"": 1, ""metric_2"": 21}",False
RSK-003517,2026-05-29T19:18:54.966170,SYS-099,system,IT,cyber,99,Moderate,3.65,"{""metric_1"": 4, ""metric_2"": 45}",True
RSK-003518,2026-06-29T19:18:54.966170,S-039,supplier,IT,operational,82,Moderate,1.18,"{""metric_1"": 4, ""metric_2"": 26}",True
RSK-003519,2026-05-16T19:18:54.966170,S-034,supplier,Finance,operational,70,Low,2.8,"{""metric_1"": 5, ""metric_2"": 77}",False
RSK-003520,2026-07-12T19:18:54.966170,C-4646,customer,IT,financial,90,Low,0.37,"{""metric_1"": 4, ""metric_2"": 58}",False
RSK-003521,2026-08-20T19:18:54.966170,SYS-094,system,Support,cyber,23,Critical,1.55,"{""metric_1"": 7, ""metric_2"": 42}",False
RSK-003522,2026-07-14T19:18:54.966170,C-2738,customer,Operations,customer,32,Low,4.87,"{""metric_1"": 6, ""metric_2"": 92}",False
RSK-003523,2026-06-16T19:18:54.966170,SYS-099,system,Support,fraud,55,Critical,2.52,"{""metric_1"": 5, ""metric_2"": 34}",True
RSK-003524,2026-05-20T19:18:54.966170,SYS-079,system,IT,fraud,73,High,3.17,"{""metric_1"": 3, ""metric_2"": 84}",False
RSK-003525,2026-06-23T19:18:54.966170,SYS-053,system,Finance,cyber,11,Moderate,4.39,"{""metric_1"": 2, ""metric_2"": 87}",False
RSK-003526,2026-06-01T19:18:54.966170,S-041,supplier,Finance,operational,39,Critical,1.64,"{""metric_1"": 6, ""metric_2"": 19}",False
RSK-003527,2026-08-07T19:18:54.966170,SYS-024,system,Operations,cyber,99,High,3.25,"{""metric_1"": 8, ""metric_2"": 53}",False
RSK-003528,2026-08-06T19:18:54.966170,SYS-058,system,IT,fraud,31,Moderate,1.0,"{""metric_1"": 1, ""metric_2"": 34}",True
RSK-003529,2026-05-15T19:18:54.966170,SYS-049,system,Finance,fraud,50,Moderate,3.92,"{""metric_1"": 5, ""metric_2"": 27}",False
RSK-003530,2026-07-17T19:18:54.966170,S-012,supplier,IT,operational,12,Moderate,2.38,"{""metric_1"": 8, ""metric_2"": 50}",True
RSK-003531,2026-07-09T19:18:54.966170,SYS-072,system,Operations,cyber,24,Moderate,1.26,"{""metric_1"": 1, ""metric_2"": 44}",False
RSK-003532,2026-05-24T19:18:54.966170,C-2136,customer,Finance,customer,68,Low,0.9,"{""metric_1"": 1, ""metric_2"": 34}",True
RSK-003533,2026-06-11T19:18:54.966170,SYS-077,system,IT,cyber,15,Moderate,2.28,"{""metric_1"": 2, ""metric_2"": 67}",True
RSK-003534,2026-08-16T19:18:54.966170,SYS-046,system,IT,fraud,43,Critical,3.16,"{""metric_1"": 7, ""metric_2"": 48}",True
RSK-003535,2026-06-02T19:18:54.966170,C-3227,customer,Operations,customer,88,Critical,4.77,"{""metric_1"": 9, ""metric_2"": 33}",False
RSK-003536,2026-05-18T19:18:54.966170,SYS-049,system,IT,fraud,42,Moderate,1.7,"{""metric_1"": 7, ""metric_2"": 23}",True
RSK-003537,2026-06-06T19:18:54.966170,SYS-006,system,Support,fraud,70,Moderate,0.95,"{""metric_1"": 3, ""metric_2"": 93}",True
RSK-003538,2026-06-12T19:18:54.966170,SYS-024,system,IT,cyber,66,Low,4.35,"{""metric_1"": 9, ""metric_2"": 75}",True
RSK-003539,2026-05-20T19:18:54.966170,S-038,supplier,IT,operational,29,Low,3.63,"{""metric_1"": 3, ""metric_2"": 54}",True
RSK-003540,2026-07-29T19:18:54.966170,C-0216,customer,IT,customer,68,Critical,0.48,"{""metric_1"": 9, ""metric_2"": 43}",False
RSK-003541,2026-06-15T19:18:54.966170,C-2998,customer,Support,customer,82,High,4.29,"{""metric_1"": 3, ""metric_2"": 69}",True
RSK-003542,2026-06-08T19:18:54.966170,S-039,supplier,Finance,operational,92,High,3.24,"{""metric_1"": 6, ""metric_2"": 91}",False
RSK-003543,2026-06-14T19:18:54.966170,SYS-092,system,Support,fraud,37,Critical,4.88,"{""metric_1"": 2, ""metric_2"": 80}",False
RSK-003544,2026-07-22T19:18:54.966170,C-2073,customer,Finance,customer,45,Critical,1.81,"{""metric_1"": 2, ""metric_2"": 85}",True
RSK-003545,2026-07-26T19:18:54.966170,SYS-029,system,Support,cyber,82,Low,4.62,"{""metric_1"": 4, ""metric_2"": 53}",True
RSK-003546,2026-07-08T19:18:54.966170,C-0318,customer,Support,financial,56,High,2.05,"{""metric_1"": 7, ""metric_2"": 60}",False
RSK-003547,2026-06-12T19:18:54.966170,S-017,supplier,Operations,operational,50,Low,2.73,"{""metric_1"": 6, ""metric_2"": 78}",False
RSK-003548,2026-06-25T19:18:54.966170,SYS-013,system,Support,fraud,16,Critical,1.77,"{""metric_1"": 5, ""metric_2"": 26}",False
RSK-003549,2026-07-26T19:18:54.966170,C-2707,customer,IT,financial,84,Critical,2.78,"{""metric_1"": 9, ""metric_2"": 37}",True
RSK-003550,2026-08-02T19:18:54.966170,SYS-078,system,Finance,cyber,43,High,1.22,"{""metric_1"": 7, ""metric_2"": 29}",True
RSK-003551,2026-07-03T19:18:54.966170,SYS-092,system,IT,fraud,36,Low,4.97,"{""metric_1"": 7, ""metric_2"": 40}",False
RSK-003552,2026-07-22T19:18:54.966170,S-030,supplier,IT,operational,30,High,3.4,"{""metric_1"": 2, ""metric_2"": 25}",False
RSK-003553,2026-06-15T19:18:54.966170,SYS-048,system,IT,cyber,46,Critical,4.0,"{""metric_1"": 7, ""metric_2"": 71}",True
RSK-003554,2026-07-22T19:18:54.966170,C-4955,customer,Finance,financial,38,Critical,4.73,"{""metric_1"": 5, ""metric_2"": 45}",True
RSK-003555,2026-08-20T19:18:54.966170,C-1128,customer,Finance,customer,65,High,3.77,"{""metric_1"": 5, ""metric_2"": 84}",True
RSK-003556,2026-07-14T19:18:54.966170,C-2066,customer,Finance,customer,24,Critical,0.59,"{""metric_1"": 9, ""metric_2"": 17}",True
RSK-003557,2026-07-29T19:18:54.966170,S-044,supplier,Support,operational,30,Critical,2.89,"{""metric_1"": 5, ""metric_2"": 29}",False
RSK-003558,2026-07-13T19:18:54.966170,SYS-082,system,IT,cyber,25,Critical,0.93,"{""metric_1"": 6, ""metric_2"": 12}",False
RSK-003559,2026-07-31T19:18:54.966170,C-2564,customer,IT,customer,48,High,2.4,"{""metric_1"": 6, ""metric_2"": 33}",False
RSK-003560,2026-07-23T19:18:54.966170,C-3604,customer,Operations,financial,73,High,2.24,"{""metric_1"": 8, ""metric_2"": 20}",False
RSK-003561,2026-08-01T19:18:54.966170,SYS-021,system,Finance,fraud,54,Critical,3.52,"{""metric_1"": 1, ""metric_2"": 36}",False
RSK-003562,2026-05-30T19:18:54.966170,C-1942,customer,Operations,customer,47,Critical,2.88,"{""metric_1"": 3, ""metric_2"": 14}",False
RSK-003563,2026-07-14T19:18:54.966170,S-035,supplier,Operations,operational,75,High,0.58,"{""metric_1"": 8, ""metric_2"": 42}",False
RSK-003564,2026-05-20T19:18:54.966170,S-030,supplier,Finance,operational,27,Critical,4.25,"{""metric_1"": 2, ""metric_2"": 79}",False
RSK-003565,2026-06-09T19:18:54.966170,C-3758,customer,Finance,customer,54,Moderate,2.4,"{""metric_1"": 7, ""metric_2"": 88}",True
RSK-003566,2026-05-18T19:18:54.966170,S-038,supplier,IT,operational,30,Critical,1.37,"{""metric_1"": 8, ""metric_2"": 71}",False
RSK-003567,2026-05-15T19:18:54.966170,C-4428,customer,IT,financial,70,Moderate,1.51,"{""metric_1"": 5, ""metric_2"": 90}",True
RSK-003568,2026-05-25T19:18:54.966170,C-3448,customer,Operations,customer,22,Critical,0.53,"{""metric_1"": 4, ""metric_2"": 43}",False
RSK-003569,2026-05-29T19:18:54.966170,C-3134,customer,Finance,financial,70,Moderate,4.67,"{""metric_1"": 6, ""metric_2"": 23}",True
RSK-003570,2026-06-30T19:18:54.966170,SYS-087,system,IT,fraud,98,High,4.66,"{""metric_1"": 2, ""metric_2"": 25}",False
RSK-003571,2026-07-13T19:18:54.966170,C-0581,customer,Operations,customer,35,Low,1.47,"{""metric_1"": 2, ""metric_2"": 95}",False
RSK-003572,2026-06-10T19:18:54.966170,SYS-020,system,Finance,fraud,37,Moderate,4.89,"{""metric_1"": 8, ""metric_2"": 29}",True
RSK-003573,2026-06-02T19:18:54.966170,C-1597,customer,Finance,financial,19,Critical,1.47,"{""metric_1"": 1, ""metric_2"": 34}",True
RSK-003574,2026-05-22T19:18:54.966170,SYS-085,system,Support,cyber,48,High,4.63,"{""metric_1"": 1, ""metric_2"": 17}",True
RSK-003575,2026-06-14T19:18:54.966170,SYS-049,system,Support,cyber,95,Critical,1.77,"{""metric_1"": 3, ""metric_2"": 30}",True
RSK-003576,2026-06-12T19:18:54.966170,S-014,supplier,Support,operational,27,Low,4.74,"{""metric_1"": 3, ""metric_2"": 86}",False
RSK-003577,2026-06-18T19:18:54.966170,C-0241,customer,Operations,financial,59,Moderate,3.8,"{""metric_1"": 3, ""metric_2"": 36}",True
RSK-003578,2026-05-14T19:18:54.966170,SYS-075,system,Support,fraud,78,Low,2.32,"{""metric_1"": 1, ""metric_2"": 21}",True
RSK-003579,2026-06-26T19:18:54.966170,SYS-018,system,IT,cyber,63,High,0.88,"{""metric_1"": 3, ""metric_2"": 71}",False
RSK-003580,2026-05-21T19:18:54.966170,C-4241,customer,Finance,financial,39,High,0.35,"{""metric_1"": 2, ""metric_2"": 18}",False
RSK-003581,2026-05-17T19:18:54.966170,SYS-096,system,IT,cyber,23,Moderate,2.6,"{""metric_1"": 8, ""metric_2"": 18}",False
RSK-003582,2026-05-26T19:18:54.966170,C-0900,customer,IT,customer,81,Moderate,4.64,"{""metric_1"": 1, ""metric_2"": 88}",False
RSK-003583,2026-08-21T19:18:54.966170,SYS-086,system,Operations,cyber,92,Critical,1.04,"{""metric_1"": 4, ""metric_2"": 64}",True
RSK-003584,2026-06-05T19:18:54.966170,SYS-077,system,IT,fraud,64,Low,3.7,"{""metric_1"": 1, ""metric_2"": 88}",False
RSK-003585,2026-07-17T19:18:54.966170,C-1815,customer,Support,customer,11,Low,2.06,"{""metric_1"": 8, ""metric_2"": 85}",True
RSK-003586,2026-06-01T19:18:54.966170,C-1253,customer,Finance,financial,28,Moderate,2.71,"{""metric_1"": 4, ""metric_2"": 55}",False
RSK-003587,2026-06-26T19:18:54.966170,SYS-039,system,IT,fraud,31,High,3.63,"{""metric_1"": 9, ""metric_2"": 14}",True
RSK-003588,2026-08-20T19:18:54.966170,C-4930,customer,Operations,financial,93,Moderate,3.13,"{""metric_1"": 5, ""metric_2"": 56}",True
RSK-003589,2026-08-21T19:18:54.966170,C-1623,customer,IT,customer,83,Moderate,1.33,"{""metric_1"": 5, ""metric_2"": 58}",False
RSK-003590,2026-06-18T19:18:54.966170,S-029,supplier,IT,operational,23,Low,2.76,"{""metric_1"": 2, ""metric_2"": 27}",True
RSK-003591,2026-08-14T19:18:54.966170,C-2736,customer,Operations,customer,86,Moderate,1.95,"{""metric_1"": 6, ""metric_2"": 68}",False
RSK-003592,2026-08-06T19:18:54.966170,SYS-067,system,IT,cyber,20,Low,1.37,"{""metric_1"": 6, ""metric_2"": 14}",False
RSK-003593,2026-07-05T19:18:54.966170,C-1985,customer,IT,customer,81,Low,0.42,"{""metric_1"": 9, ""metric_2"": 84}",True
RSK-003594,2026-07-15T19:18:54.966170,SYS-001,system,Operations,cyber,85,High,0.19,"{""metric_1"": 8, ""metric_2"": 39}",False
RSK-003595,2026-05-20T19:18:54.966170,SYS-090,system,Operations,cyber,36,High,3.36,"{""metric_1"": 4, ""metric_2"": 98}",True
RSK-003596,2026-08-02T19:18:54.966170,SYS-074,system,IT,cyber,93,High,4.14,"{""metric_1"": 6, ""metric_2"": 21}",True
RSK-003597,2026-06-24T19:18:54.966170,SYS-004,system,Support,fraud,76,Low,3.47,"{""metric_1"": 2, ""metric_2"": 59}",False
RSK-003598,2026-08-09T19:18:54.966170,S-008,supplier,Support,operational,15,High,1.41,"{""metric_1"": 8, ""metric_2"": 31}",False
RSK-003599,2026-08-12T19:18:54.966170,S-006,supplier,Finance,operational,38,High,2.8,"{""metric_1"": 6, ""metric_2"": 53}",True
RSK-003600,2026-08-06T19:18:54.966170,S-022,supplier,Finance,operational,32,Critical,4.47,"{""metric_1"": 9, ""metric_2"": 37}",True
RSK-003601,2026-06-14T19:18:54.966170,C-0311,customer,IT,customer,81,Critical,3.19,"{""metric_1"": 5, ""metric_2"": 83}",False
RSK-003602,2026-06-19T19:18:54.966170,C-1180,customer,IT,customer,66,Low,1.95,"{""metric_1"": 7, ""metric_2"": 62}",True
RSK-003603,2026-05-19T19:18:54.966170,S-006,supplier,Finance,operational,16,Low,2.14,"{""metric_1"": 1, ""metric_2"": 40}",True
RSK-003604,2026-06-06T19:18:54.966170,S-038,supplier,Finance,operational,32,High,2.19,"{""metric_1"": 8, ""metric_2"": 66}",True
RSK-003605,2026-05-18T19:18:54.966170,SYS-056,system,Finance,fraud,55,High,3.48,"{""metric_1"": 8, ""metric_2"": 71}",False
RSK-003606,2026-07-09T19:18:54.966170,S-039,supplier,Finance,operational,31,Low,2.73,"{""metric_1"": 7, ""metric_2"": 91}",False
RSK-003607,2026-07-16T19:18:54.966170,SYS-040,system,IT,fraud,87,Moderate,0.25,"{""metric_1"": 4, ""metric_2"": 93}",False
RSK-003608,2026-06-28T19:18:54.966170,S-003,supplier,IT,operational,22,Low,1.77,"{""metric_1"": 1, ""metric_2"": 50}",True
RSK-003609,2026-07-25T19:18:54.966170,C-2055,customer,Operations,customer,26,High,3.02,"{""metric_1"": 4, ""metric_2"": 41}",False
RSK-003610,2026-08-15T19:18:54.966170,SYS-027,system,Finance,fraud,12,Low,3.89,"{""metric_1"": 8, ""metric_2"": 51}",False
RSK-003611,2026-07-17T19:18:54.966170,S-050,supplier,Finance,operational,50,Low,4.81,"{""metric_1"": 5, ""metric_2"": 25}",False
RSK-003612,2026-05-28T19:18:54.966170,SYS-015,system,Support,cyber,58,High,1.5,"{""metric_1"": 8, ""metric_2"": 26}",True
RSK-003613,2026-06-09T19:18:54.966170,SYS-025,system,Operations,cyber,71,Low,1.36,"{""metric_1"": 3, ""metric_2"": 69}",True
RSK-003614,2026-07-31T19:18:54.966170,C-1746,customer,Operations,financial,73,Moderate,2.84,"{""metric_1"": 2, ""metric_2"": 53}",True
RSK-003615,2026-06-07T19:18:54.966170,S-028,supplier,Operations,operational,13,High,0.55,"{""metric_1"": 3, ""metric_2"": 37}",True
RSK-003616,2026-06-25T19:18:54.966170,S-006,supplier,Operations,operational,14,Moderate,3.59,"{""metric_1"": 4, ""metric_2"": 63}",False
RSK-003617,2026-05-17T19:18:54.966170,S-010,supplier,Finance,operational,84,Moderate,1.7,"{""metric_1"": 8, ""metric_2"": 36}",True
RSK-003618,2026-07-29T19:18:54.966170,SYS-021,system,Support,fraud,14,Critical,4.53,"{""metric_1"": 6, ""metric_2"": 11}",False
RSK-003619,2026-08-08T19:18:54.966170,SYS-084,system,IT,fraud,43,Moderate,3.34,"{""metric_1"": 1, ""metric_2"": 11}",False
RSK-003620,2026-07-30T19:18:54.966170,C-4591,customer,Operations,customer,86,Moderate,0.9,"{""metric_1"": 1, ""metric_2"": 64}",False
RSK-003621,2026-05-23T19:18:54.966170,SYS-085,system,IT,cyber,40,Moderate,1.4,"{""metric_1"": 6, ""metric_2"": 76}",True
RSK-003622,2026-07-10T19:18:54.966170,C-1122,customer,Support,financial,81,Critical,4.56,"{""metric_1"": 5, ""metric_2"": 67}",True
RSK-003623,2026-05-21T19:18:54.966170,SYS-028,system,Operations,cyber,38,Moderate,2.83,"{""metric_1"": 7, ""metric_2"": 28}",False
RSK-003624,2026-05-25T19:18:54.966170,C-3140,customer,Support,customer,54,Moderate,1.2,"{""metric_1"": 1, ""metric_2"": 46}",True
RSK-003625,2026-06-09T19:18:54.966170,C-4514,customer,IT,customer,36,Low,3.99,"{""metric_1"": 3, ""metric_2"": 33}",False
RSK-003626,2026-08-02T19:18:54.966170,C-2636,customer,Support,customer,21,Low,3.69,"{""metric_1"": 3, ""metric_2"": 25}",False
RSK-003627,2026-06-28T19:18:54.966170,SYS-012,system,IT,fraud,15,High,2.52,"{""metric_1"": 8, ""metric_2"": 26}",False
RSK-003628,2026-08-09T19:18:54.966170,C-3190,customer,Support,customer,49,Low,2.42,"{""metric_1"": 3, ""metric_2"": 52}",False
RSK-003629,2026-06-07T19:18:54.966170,S-042,supplier,Support,operational,85,Moderate,4.05,"{""metric_1"": 1, ""metric_2"": 92}",False
RSK-003630,2026-06-13T19:18:54.966170,C-0977,customer,Operations,financial,92,High,1.02,"{""metric_1"": 1, ""metric_2"": 88}",False
RSK-003631,2026-08-21T19:18:54.966170,C-1884,customer,Finance,financial,70,Critical,4.24,"{""metric_1"": 2, ""metric_2"": 67}",True
RSK-003632,2026-07-13T19:18:54.966170,SYS-048,system,Finance,fraud,52,High,3.1,"{""metric_1"": 4, ""metric_2"": 53}",False
RSK-003633,2026-07-09T19:18:54.966170,C-0638,customer,Operations,financial,64,Low,3.22,"{""metric_1"": 9, ""metric_2"": 35}",True
RSK-003634,2026-07-27T19:18:54.966170,C-0860,customer,Support,customer,40,High,2.2,"{""metric_1"": 2, ""metric_2"": 14}",False
RSK-003635,2026-05-25T19:18:54.966170,C-2384,customer,Finance,financial,36,High,3.93,"{""metric_1"": 8, ""metric_2"": 62}",True
RSK-003636,2026-08-12T19:18:54.966170,SYS-020,system,Finance,cyber,57,High,2.39,"{""metric_1"": 1, ""metric_2"": 74}",False
RSK-003637,2026-05-29T19:18:54.966170,S-048,supplier,Support,operational,59,Critical,4.83,"{""metric_1"": 3, ""metric_2"": 86}",False
RSK-003638,2026-08-02T19:18:54.966170,C-1542,customer,IT,customer,10,Low,1.99,"{""metric_1"": 4, ""metric_2"": 31}",True
RSK-003639,2026-08-11T19:18:54.966170,S-008,supplier,Finance,operational,59,Critical,4.98,"{""metric_1"": 9, ""metric_2"": 61}",False
RSK-003640,2026-05-15T19:18:54.966170,S-030,supplier,Finance,operational,27,Low,3.76,"{""metric_1"": 9, ""metric_2"": 10}",True
RSK-003641,2026-06-20T19:18:54.966170,S-043,supplier,IT,operational,16,Moderate,1.6,"{""metric_1"": 1, ""metric_2"": 65}",False
RSK-003642,2026-08-02T19:18:54.966170,C-4629,customer,Operations,financial,89,Low,0.34,"{""metric_1"": 2, ""metric_2"": 51}",False
RSK-003643,2026-05-29T19:18:54.966170,SYS-017,system,Support,cyber,61,Critical,0.43,"{""metric_1"": 3, ""metric_2"": 85}",False
RSK-003644,2026-08-13T19:18:54.966170,SYS-051,system,Support,cyber,55,Low,4.13,"{""metric_1"": 6, ""metric_2"": 57}",False
RSK-003645,2026-06-07T19:18:54.966170,SYS-059,system,Operations,cyber,27,Low,2.88,"{""metric_1"": 5, ""metric_2"": 41}",False
RSK-003646,2026-08-01T19:18:54.966170,SYS-050,system,Finance,cyber,16,Moderate,4.06,"{""metric_1"": 2, ""metric_2"": 65}",True
RSK-003647,2026-06-08T19:18:54.966170,SYS-075,system,IT,fraud,17,Moderate,4.19,"{""metric_1"": 9, ""metric_2"": 91}",False
RSK-003648,2026-07-08T19:18:54.966170,S-002,supplier,Support,operational,50,Moderate,3.21,"{""metric_1"": 8, ""metric_2"": 37}",False
RSK-003649,2026-06-06T19:18:54.966170,C-4830,customer,Finance,customer,95,Low,2.14,"{""metric_1"": 8, ""metric_2"": 85}",True
RSK-003650,2026-06-14T19:18:54.966170,SYS-051,system,Operations,fraud,85,Critical,4.57,"{""metric_1"": 1, ""metric_2"": 31}",False
RSK-003651,2026-06-13T19:18:54.966170,SYS-027,system,Finance,cyber,97,Moderate,1.07,"{""metric_1"": 5, ""metric_2"": 26}",True
RSK-003652,2026-05-21T19:18:54.966170,SYS-063,system,Support,fraud,80,Low,0.77,"{""metric_1"": 5, ""metric_2"": 55}",True
RSK-003653,2026-06-21T19:18:54.966170,C-2026,customer,Support,customer,93,High,4.31,"{""metric_1"": 2, ""metric_2"": 31}",False
RSK-003654,2026-06-13T19:18:54.966170,SYS-098,system,Support,cyber,79,Low,3.76,"{""metric_1"": 7, ""metric_2"": 58}",True
RSK-003655,2026-08-13T19:18:54.966170,C-1181,customer,Operations,financial,43,Moderate,4.55,"{""metric_1"": 4, ""metric_2"": 15}",True
RSK-003656,2026-07-04T19:18:54.966170,SYS-072,system,Finance,cyber,26,Critical,0.55,"{""metric_1"": 8, ""metric_2"": 41}",False
RSK-003657,2026-05-15T19:18:54.966170,C-1122,customer,IT,financial,52,Moderate,4.56,"{""metric_1"": 4, ""metric_2"": 49}",True
RSK-003658,2026-08-11T19:18:54.966170,SYS-095,system,Support,cyber,17,High,1.37,"{""metric_1"": 8, ""metric_2"": 13}",True
RSK-003659,2026-05-15T19:18:54.966170,SYS-049,system,Finance,cyber,35,High,1.47,"{""metric_1"": 6, ""metric_2"": 28}",False
RSK-003660,2026-06-07T19:18:54.966170,C-0224,customer,Operations,financial,90,High,3.65,"{""metric_1"": 1, ""metric_2"": 87}",False
RSK-003661,2026-07-23T19:18:54.966170,S-011,supplier,Finance,operational,98,High,0.88,"{""metric_1"": 1, ""metric_2"": 27}",False
RSK-003662,2026-06-16T19:18:54.966170,C-0351,customer,Operations,customer,32,Critical,1.83,"{""metric_1"": 8, ""metric_2"": 86}",False
RSK-003663,2026-07-27T19:18:54.966170,C-3760,customer,IT,customer,36,Low,1.24,"{""metric_1"": 4, ""metric_2"": 10}",False
RSK-003664,2026-06-24T19:18:54.966170,SYS-048,system,Support,cyber,56,Moderate,4.25,"{""metric_1"": 4, ""metric_2"": 93}",False
RSK-003665,2026-06-08T19:18:54.966170,SYS-031,system,Operations,fraud,96,Low,3.54,"{""metric_1"": 9, ""metric_2"": 94}",False
RSK-003666,2026-06-03T19:18:54.966170,S-020,supplier,IT,operational,60,High,4.72,"{""metric_1"": 5, ""metric_2"": 49}",False
RSK-003667,2026-07-15T19:18:54.966170,SYS-098,system,Operations,fraud,66,Critical,3.33,"{""metric_1"": 5, ""metric_2"": 78}",True
RSK-003668,2026-06-22T19:18:54.966170,SYS-048,system,Operations,cyber,10,Low,1.14,"{""metric_1"": 1, ""metric_2"": 17}",True
RSK-003669,2026-05-29T19:18:54.966170,C-2760,customer,Finance,customer,94,High,4.58,"{""metric_1"": 5, ""metric_2"": 17}",False
RSK-003670,2026-05-27T19:18:54.966170,C-2802,customer,Operations,financial,39,Low,2.67,"{""metric_1"": 3, ""metric_2"": 17}",False
RSK-003671,2026-07-14T19:18:54.966170,SYS-039,system,Operations,cyber,13,High,3.77,"{""metric_1"": 9, ""metric_2"": 97}",True
RSK-003672,2026-05-18T19:18:54.966170,C-4525,customer,Support,financial,36,Moderate,2.7,"{""metric_1"": 5, ""metric_2"": 52}",True
RSK-003673,2026-05-27T19:18:54.966170,S-003,supplier,Operations,operational,86,Moderate,2.98,"{""metric_1"": 1, ""metric_2"": 92}",True
RSK-003674,2026-06-27T19:18:54.966170,SYS-090,system,Support,cyber,31,Moderate,1.43,"{""metric_1"": 5, ""metric_2"": 53}",True
RSK-003675,2026-08-02T19:18:54.966170,SYS-074,system,Operations,fraud,20,Low,0.16,"{""metric_1"": 1, ""metric_2"": 84}",False
RSK-003676,2026-07-19T19:18:54.966170,C-4550,customer,Support,financial,22,Critical,0.9,"{""metric_1"": 7, ""metric_2"": 69}",True
RSK-003677,2026-08-08T19:18:54.966170,SYS-047,system,Operations,cyber,17,Low,3.2,"{""metric_1"": 5, ""metric_2"": 51}",True
RSK-003678,2026-07-17T19:18:54.966170,S-009,supplier,IT,operational,73,Critical,2.44,"{""metric_1"": 7, ""metric_2"": 19}",True
RSK-003679,2026-08-17T19:18:54.966170,SYS-025,system,IT,cyber,74,Critical,2.41,"{""metric_1"": 6, ""metric_2"": 80}",False
RSK-003680,2026-06-14T19:18:54.966170,SYS-078,system,Finance,cyber,39,Low,0.34,"{""metric_1"": 1, ""metric_2"": 51}",False
RSK-003681,2026-07-10T19:18:54.966170,SYS-003,system,IT,fraud,85,Low,3.73,"{""metric_1"": 2, ""metric_2"": 25}",True
RSK-003682,2026-07-09T19:18:54.966170,SYS-075,system,Support,cyber,54,Low,1.87,"{""metric_1"": 4, ""metric_2"": 54}",False
RSK-003683,2026-05-25T19:18:54.966170,S-041,supplier,Operations,operational,40,Low,0.9,"{""metric_1"": 7, ""metric_2"": 93}",False
RSK-003684,2026-06-10T19:18:54.966170,C-0397,customer,IT,financial,88,Critical,2.25,"{""metric_1"": 1, ""metric_2"": 72}",True
RSK-003685,2026-08-06T19:18:54.966170,C-2332,customer,Operations,financial,15,Critical,3.31,"{""metric_1"": 4, ""metric_2"": 20}",True
RSK-003686,2026-05-18T19:18:54.966170,C-4358,customer,Operations,customer,93,Moderate,4.96,"{""metric_1"": 1, ""metric_2"": 28}",True
RSK-003687,2026-05-20T19:18:54.966170,C-1650,customer,IT,customer,43,Moderate,1.09,"{""metric_1"": 6, ""metric_2"": 18}",True
RSK-003688,2026-07-08T19:18:54.966170,SYS-075,system,Operations,cyber,15,Critical,4.97,"{""metric_1"": 7, ""metric_2"": 69}",False
RSK-003689,2026-06-15T19:18:54.966170,SYS-074,system,Support,fraud,32,Low,0.56,"{""metric_1"": 5, ""metric_2"": 23}",True
RSK-003690,2026-08-14T19:18:54.966170,SYS-046,system,Finance,cyber,98,Low,1.34,"{""metric_1"": 8, ""metric_2"": 97}",False
RSK-003691,2026-06-29T19:18:54.966170,C-2708,customer,Operations,financial,72,Low,3.99,"{""metric_1"": 8, ""metric_2"": 45}",True
RSK-003692,2026-07-01T19:18:54.966170,C-3712,customer,Operations,customer,53,Moderate,1.34,"{""metric_1"": 3, ""metric_2"": 36}",True
RSK-003693,2026-07-12T19:18:54.966170,S-017,supplier,IT,operational,58,Critical,2.73,"{""metric_1"": 2, ""metric_2"": 44}",True
RSK-003694,2026-07-04T19:18:54.966170,C-0754,customer,IT,customer,66,High,4.97,"{""metric_1"": 7, ""metric_2"": 18}",True
RSK-003695,2026-08-17T19:18:54.966170,SYS-015,system,Finance,cyber,65,Low,1.95,"{""metric_1"": 2, ""metric_2"": 31}",False
RSK-003696,2026-08-14T19:18:54.966170,C-1399,customer,Support,financial,79,Low,2.33,"{""metric_1"": 2, ""metric_2"": 60}",False
RSK-003697,2026-07-24T19:18:54.966170,SYS-066,system,IT,fraud,24,Critical,4.65,"{""metric_1"": 6, ""metric_2"": 17}",False
RSK-003698,2026-07-17T19:18:54.966170,C-1696,customer,Finance,financial,68,Moderate,2.65,"{""metric_1"": 2, ""metric_2"": 84}",False
RSK-003699,2026-08-07T19:18:54.966170,SYS-039,system,Operations,fraud,29,Critical,4.91,"{""metric_1"": 2, ""metric_2"": 17}",True
RSK-003700,2026-08-02T19:18:54.966170,SYS-007,system,Support,fraud,12,Critical,3.88,"{""metric_1"": 8, ""metric_2"": 77}",True
RSK-003701,2026-05-30T19:18:54.966170,SYS-032,system,IT,fraud,17,Critical,0.34,"{""metric_1"": 8, ""metric_2"": 25}",False
RSK-003702,2026-07-19T19:18:54.966170,S-028,supplier,Operations,operational,51,Moderate,3.11,"{""metric_1"": 1, ""metric_2"": 63}",False
RSK-003703,2026-05-15T19:18:54.966170,C-2850,customer,IT,customer,74,Critical,1.68,"{""metric_1"": 3, ""metric_2"": 15}",True
RSK-003704,2026-07-29T19:18:54.966170,C-2489,customer,IT,financial,37,Critical,2.86,"{""metric_1"": 4, ""metric_2"": 26}",True
RSK-003705,2026-05-15T19:18:54.966170,SYS-083,system,IT,fraud,35,Low,2.65,"{""metric_1"": 4, ""metric_2"": 76}",True
RSK-003706,2026-07-18T19:18:54.966170,C-3400,customer,Finance,financial,57,Moderate,1.55,"{""metric_1"": 1, ""metric_2"": 80}",False
RSK-003707,2026-08-06T19:18:54.966170,S-026,supplier,Support,operational,79,Moderate,1.68,"{""metric_1"": 1, ""metric_2"": 13}",False
RSK-003708,2026-07-19T19:18:54.966170,C-0244,customer,Support,financial,25,Critical,1.14,"{""metric_1"": 3, ""metric_2"": 85}",False
RSK-003709,2026-07-29T19:18:54.966170,SYS-038,system,Support,fraud,46,Moderate,1.25,"{""metric_1"": 8, ""metric_2"": 99}",True
RSK-003710,2026-08-03T19:18:54.966170,SYS-087,system,Finance,cyber,82,Low,2.63,"{""metric_1"": 5, ""metric_2"": 56}",True
RSK-003711,2026-08-07T19:18:54.966170,S-030,supplier,IT,operational,83,Moderate,3.07,"{""metric_1"": 1, ""metric_2"": 20}",True
RSK-003712,2026-07-25T19:18:54.966170,C-3206,customer,IT,financial,61,Critical,4.31,"{""metric_1"": 5, ""metric_2"": 92}",False
RSK-003713,2026-08-21T19:18:54.966170,C-1300,customer,IT,financial,33,Low,0.97,"{""metric_1"": 1, ""metric_2"": 70}",False
RSK-003714,2026-07-01T19:18:54.966170,SYS-009,system,Support,fraud,68,Low,0.59,"{""metric_1"": 5, ""metric_2"": 28}",False
RSK-003715,2026-05-15T19:18:54.966170,SYS-062,system,IT,fraud,42,Critical,2.79,"{""metric_1"": 1, ""metric_2"": 35}",True
RSK-003716,2026-08-20T19:18:54.966170,C-2045,customer,Support,financial,39,Low,2.23,"{""metric_1"": 4, ""metric_2"": 10}",True
RSK-003717,2026-07-20T19:18:54.966170,SYS-027,system,IT,fraud,98,Low,2.17,"{""metric_1"": 8, ""metric_2"": 18}",False
RSK-003718,2026-05-20T19:18:54.966170,C-3229,customer,IT,customer,48,Critical,0.69,"{""metric_1"": 7, ""metric_2"": 69}",False
RSK-003719,2026-07-24T19:18:54.966170,SYS-079,system,Operations,cyber,27,Moderate,0.2,"{""metric_1"": 4, ""metric_2"": 71}",False
RSK-003720,2026-06-17T19:18:54.966170,S-048,supplier,Support,operational,76,Critical,2.96,"{""metric_1"": 2, ""metric_2"": 25}",True
RSK-003721,2026-08-04T19:18:54.966170,C-3219,customer,Finance,financial,26,High,0.19,"{""metric_1"": 1, ""metric_2"": 60}",True
RSK-003722,2026-08-21T19:18:54.966170,SYS-005,system,Support,cyber,45,High,3.65,"{""metric_1"": 7, ""metric_2"": 46}",False
RSK-003723,2026-05-28T19:18:54.966170,SYS-055,system,Operations,fraud,45,Moderate,3.92,"{""metric_1"": 9, ""metric_2"": 28}",False
RSK-003724,2026-07-26T19:18:54.966170,SYS-085,system,IT,cyber,17,Critical,3.13,"{""metric_1"": 5, ""metric_2"": 84}",False
RSK-003725,2026-05-24T19:18:54.966170,C-3139,customer,Support,financial,99,Moderate,0.6,"{""metric_1"": 2, ""metric_2"": 84}",True
RSK-003726,2026-08-08T19:18:54.966170,C-1646,customer,Finance,customer,18,Moderate,2.99,"{""metric_1"": 1, ""metric_2"": 55}",False
RSK-003727,2026-06-08T19:18:54.966170,C-1413,customer,Support,customer,36,Critical,0.71,"{""metric_1"": 7, ""metric_2"": 75}",False
RSK-003728,2026-06-15T19:18:54.966170,SYS-046,system,Operations,fraud,78,High,1.49,"{""metric_1"": 9, ""metric_2"": 70}",False
RSK-003729,2026-07-04T19:18:54.966170,SYS-096,system,IT,cyber,65,High,3.13,"{""metric_1"": 3, ""metric_2"": 21}",False
RSK-003730,2026-07-01T19:18:54.966170,C-1510,customer,IT,customer,19,Low,4.0,"{""metric_1"": 7, ""metric_2"": 88}",False
RSK-003731,2026-07-29T19:18:54.966170,SYS-086,system,Support,cyber,78,Moderate,4.69,"{""metric_1"": 9, ""metric_2"": 20}",True
RSK-003732,2026-07-12T19:18:54.966170,C-1674,customer,Support,financial,97,Low,4.24,"{""metric_1"": 4, ""metric_2"": 13}",False
RSK-003733,2026-06-04T19:18:54.966170,S-028,supplier,IT,operational,33,Critical,1.97,"{""metric_1"": 3, ""metric_2"": 78}",True
RSK-003734,2026-06-03T19:18:54.966170,C-3055,customer,Support,customer,55,High,2.52,"{""metric_1"": 5, ""metric_2"": 48}",False
RSK-003735,2026-07-12T19:18:54.966170,C-0021,customer,Support,financial,51,Low,0.51,"{""metric_1"": 5, ""metric_2"": 17}",False
RSK-003736,2026-08-17T19:18:54.966170,C-1817,customer,Operations,customer,62,Moderate,0.19,"{""metric_1"": 5, ""metric_2"": 39}",True
RSK-003737,2026-06-27T19:18:54.966170,SYS-054,system,Operations,cyber,47,Moderate,2.26,"{""metric_1"": 5, ""metric_2"": 74}",False
RSK-003738,2026-05-31T19:18:54.966170,SYS-039,system,Operations,cyber,86,High,1.81,"{""metric_1"": 5, ""metric_2"": 22}",True
RSK-003739,2026-07-21T19:18:54.966170,SYS-065,system,IT,cyber,49,Moderate,3.43,"{""metric_1"": 9, ""metric_2"": 56}",False
RSK-003740,2026-05-20T19:18:54.966170,C-2062,customer,Finance,customer,42,High,3.78,"{""metric_1"": 9, ""metric_2"": 49}",True
RSK-003741,2026-06-11T19:18:54.966170,C-1493,customer,Operations,customer,98,Low,0.56,"{""metric_1"": 7, ""metric_2"": 43}",True
RSK-003742,2026-05-26T19:18:54.966170,C-1330,customer,Support,customer,10,Critical,1.51,"{""metric_1"": 3, ""metric_2"": 12}",False
RSK-003743,2026-05-30T19:18:54.966170,SYS-004,system,Operations,fraud,68,Moderate,3.96,"{""metric_1"": 5, ""metric_2"": 68}",True
RSK-003744,2026-05-14T19:18:54.966170,S-035,supplier,Operations,operational,82,High,4.55,"{""metric_1"": 7, ""metric_2"": 13}",False
RSK-003745,2026-07-30T19:18:54.966170,C-0250,customer,IT,customer,79,Moderate,2.94,"{""metric_1"": 9, ""metric_2"": 86}",False
RSK-003746,2026-06-04T19:18:54.966170,C-3095,customer,Finance,financial,42,High,0.57,"{""metric_1"": 9, ""metric_2"": 49}",True
RSK-003747,2026-07-05T19:18:54.966170,C-1908,customer,Support,financial,46,Low,4.83,"{""metric_1"": 1, ""metric_2"": 53}",True
RSK-003748,2026-05-29T19:18:54.966170,SYS-097,system,Operations,cyber,42,Critical,4.74,"{""metric_1"": 3, ""metric_2"": 81}",True
RSK-003749,2026-06-24T19:18:54.966170,C-0526,customer,IT,customer,32,High,3.97,"{""metric_1"": 3, ""metric_2"": 84}",False
RSK-003750,2026-06-20T19:18:54.966170,SYS-005,system,Operations,fraud,49,Critical,3.37,"{""metric_1"": 6, ""metric_2"": 63}",False
RSK-003751,2026-05-15T19:18:54.966170,S-027,supplier,Operations,operational,51,Moderate,1.92,"{""metric_1"": 2, ""metric_2"": 78}",True
RSK-003752,2026-08-20T19:18:54.966170,SYS-081,system,Support,fraud,34,High,3.81,"{""metric_1"": 4, ""metric_2"": 31}",True
RSK-003753,2026-06-02T19:18:54.966170,SYS-078,system,IT,fraud,34,Moderate,0.83,"{""metric_1"": 1, ""metric_2"": 41}",False
RSK-003754,2026-05-27T19:18:54.966170,C-2388,customer,Operations,financial,78,Low,0.25,"{""metric_1"": 6, ""metric_2"": 85}",True
RSK-003755,2026-08-19T19:18:54.966170,SYS-053,system,Finance,fraud,98,Critical,2.58,"{""metric_1"": 2, ""metric_2"": 14}",False
RSK-003756,2026-08-01T19:18:54.966170,SYS-070,system,Support,fraud,64,Low,0.53,"{""metric_1"": 5, ""metric_2"": 40}",True
RSK-003757,2026-06-16T19:18:54.966170,SYS-007,system,Operations,cyber,28,High,3.92,"{""metric_1"": 1, ""metric_2"": 94}",True
RSK-003758,2026-06-21T19:18:54.966170,C-2533,customer,Support,customer,78,Moderate,4.23,"{""metric_1"": 4, ""metric_2"": 38}",False
RSK-003759,2026-08-08T19:18:54.966170,SYS-093,system,Operations,fraud,63,High,2.45,"{""metric_1"": 5, ""metric_2"": 47}",True
RSK-003760,2026-06-25T19:18:54.966170,SYS-014,system,Support,fraud,76,Low,0.14,"{""metric_1"": 7, ""metric_2"": 22}",False
RSK-003761,2026-06-20T19:18:54.966170,C-0629,customer,IT,financial,86,Critical,2.2,"{""metric_1"": 9, ""metric_2"": 48}",True
RSK-003762,2026-08-10T19:18:54.966170,SYS-029,system,Support,fraud,84,Low,4.0,"{""metric_1"": 8, ""metric_2"": 51}",False
RSK-003763,2026-06-07T19:18:54.966170,C-2817,customer,Support,customer,34,Low,2.97,"{""metric_1"": 7, ""metric_2"": 15}",True
RSK-003764,2026-05-16T19:18:54.966170,C-4808,customer,Support,financial,24,Critical,1.53,"{""metric_1"": 5, ""metric_2"": 30}",False
RSK-003765,2026-07-10T19:18:54.966170,S-042,supplier,Operations,operational,40,Low,4.75,"{""metric_1"": 9, ""metric_2"": 49}",False
RSK-003766,2026-07-04T19:18:54.966170,SYS-049,system,Operations,fraud,31,Low,1.71,"{""metric_1"": 2, ""metric_2"": 62}",False
RSK-003767,2026-07-29T19:18:54.966170,SYS-039,system,Support,fraud,95,Critical,0.41,"{""metric_1"": 2, ""metric_2"": 31}",True
RSK-003768,2026-06-18T19:18:54.966170,SYS-051,system,Finance,cyber,81,Critical,1.15,"{""metric_1"": 5, ""metric_2"": 67}",True
RSK-003769,2026-06-29T19:18:54.966170,C-1740,customer,Support,financial,82,High,0.48,"{""metric_1"": 3, ""metric_2"": 92}",False
RSK-003770,2026-05-21T19:18:54.966170,SYS-065,system,IT,cyber,51,High,4.31,"{""metric_1"": 3, ""metric_2"": 73}",False
RSK-003771,2026-06-05T19:18:54.966170,C-0173,customer,IT,customer,14,Moderate,3.03,"{""metric_1"": 9, ""metric_2"": 35}",True
RSK-003772,2026-07-05T19:18:54.966170,C-3928,customer,Operations,customer,14,Critical,3.29,"{""metric_1"": 4, ""metric_2"": 63}",True
RSK-003773,2026-05-15T19:18:54.966170,SYS-017,system,Support,cyber,34,Moderate,4.4,"{""metric_1"": 3, ""metric_2"": 94}",True
RSK-003774,2026-07-18T19:18:54.966170,C-1811,customer,Operations,financial,74,Low,1.5,"{""metric_1"": 9, ""metric_2"": 84}",False
RSK-003775,2026-08-11T19:18:54.966170,C-3924,customer,Support,financial,38,Critical,1.3,"{""metric_1"": 9, ""metric_2"": 32}",True
RSK-003776,2026-06-03T19:18:54.966170,C-0449,customer,Finance,customer,88,Critical,3.27,"{""metric_1"": 9, ""metric_2"": 48}",False
RSK-003777,2026-06-28T19:18:54.966170,C-2320,customer,IT,customer,98,High,3.97,"{""metric_1"": 5, ""metric_2"": 68}",False
RSK-003778,2026-06-21T19:18:54.966170,C-1090,customer,Finance,financial,28,Moderate,1.19,"{""metric_1"": 3, ""metric_2"": 53}",False
RSK-003779,2026-06-30T19:18:54.966170,C-1888,customer,Support,customer,62,High,4.81,"{""metric_1"": 3, ""metric_2"": 60}",False
RSK-003780,2026-07-27T19:18:54.966170,SYS-080,system,Operations,fraud,48,Moderate,0.59,"{""metric_1"": 3, ""metric_2"": 50}",False
RSK-003781,2026-08-09T19:18:54.966170,S-024,supplier,Operations,operational,72,High,1.67,"{""metric_1"": 3, ""metric_2"": 40}",True
RSK-003782,2026-06-04T19:18:54.966170,C-2575,customer,Operations,customer,14,Critical,1.98,"{""metric_1"": 1, ""metric_2"": 31}",False
RSK-003783,2026-07-17T19:18:54.966170,C-4650,customer,Support,financial,84,Moderate,4.25,"{""metric_1"": 5, ""metric_2"": 34}",False
RSK-003784,2026-05-30T19:18:54.966170,C-3919,customer,Operations,financial,90,Critical,1.75,"{""metric_1"": 8, ""metric_2"": 22}",False
RSK-003785,2026-06-04T19:18:54.966170,C-2782,customer,Finance,customer,32,Low,3.29,"{""metric_1"": 2, ""metric_2"": 97}",True
RSK-003786,2026-06-02T19:18:54.966170,C-4152,customer,Finance,financial,82,Critical,1.59,"{""metric_1"": 7, ""metric_2"": 89}",False
RSK-003787,2026-07-24T19:18:54.966170,SYS-027,system,Operations,cyber,50,Low,3.12,"{""metric_1"": 5, ""metric_2"": 75}",True
RSK-003788,2026-06-12T19:18:54.966170,C-0600,customer,IT,financial,88,Low,1.78,"{""metric_1"": 5, ""metric_2"": 30}",True
RSK-003789,2026-08-06T19:18:54.966170,C-1966,customer,Support,customer,76,Critical,3.08,"{""metric_1"": 6, ""metric_2"": 37}",False
RSK-003790,2026-05-30T19:18:54.966170,SYS-015,system,Finance,fraud,91,Moderate,1.75,"{""metric_1"": 6, ""metric_2"": 43}",True
RSK-003791,2026-06-22T19:18:54.966170,SYS-060,system,Support,cyber,54,High,0.46,"{""metric_1"": 4, ""metric_2"": 52}",False
RSK-003792,2026-06-01T19:18:54.966170,C-0114,customer,Finance,customer,25,Moderate,2.89,"{""metric_1"": 9, ""metric_2"": 62}",False
RSK-003793,2026-06-08T19:18:54.966170,SYS-009,system,Support,fraud,29,Low,3.34,"{""metric_1"": 7, ""metric_2"": 75}",True
RSK-003794,2026-08-05T19:18:54.966170,C-0623,customer,Operations,financial,33,Low,4.1,"{""metric_1"": 6, ""metric_2"": 33}",False
RSK-003795,2026-08-09T19:18:54.966170,SYS-034,system,IT,fraud,60,High,0.24,"{""metric_1"": 2, ""metric_2"": 62}",True
RSK-003796,2026-06-16T19:18:54.966170,SYS-060,system,Finance,cyber,30,High,1.1,"{""metric_1"": 6, ""metric_2"": 74}",True
RSK-003797,2026-06-27T19:18:54.966170,SYS-068,system,Finance,fraud,37,Moderate,1.93,"{""metric_1"": 3, ""metric_2"": 48}",True
RSK-003798,2026-07-22T19:18:54.966170,S-027,supplier,Finance,operational,26,Low,4.46,"{""metric_1"": 3, ""metric_2"": 76}",True
RSK-003799,2026-06-25T19:18:54.966170,SYS-061,system,IT,cyber,14,Low,3.7,"{""metric_1"": 8, ""metric_2"": 53}",True
RSK-003800,2026-06-24T19:18:54.966170,SYS-063,system,Support,cyber,41,Critical,1.66,"{""metric_1"": 8, ""metric_2"": 30}",True
RSK-003801,2026-06-15T19:18:54.966170,SYS-082,system,Finance,cyber,89,Low,4.68,"{""metric_1"": 6, ""metric_2"": 85}",True
RSK-003802,2026-06-28T19:18:54.966170,C-0350,customer,IT,financial,66,Low,0.3,"{""metric_1"": 3, ""metric_2"": 10}",False
RSK-003803,2026-08-11T19:18:54.966170,SYS-048,system,Support,fraud,66,Moderate,0.29,"{""metric_1"": 4, ""metric_2"": 99}",True
RSK-003804,2026-06-10T19:18:54.966170,SYS-006,system,Support,cyber,57,Low,3.44,"{""metric_1"": 7, ""metric_2"": 46}",True
RSK-003805,2026-07-23T19:18:54.966170,C-1714,customer,Support,financial,65,Moderate,2.56,"{""metric_1"": 2, ""metric_2"": 46}",False
RSK-003806,2026-05-22T19:18:54.966170,C-3699,customer,Operations,customer,60,Moderate,3.71,"{""metric_1"": 5, ""metric_2"": 55}",True
RSK-003807,2026-07-26T19:18:54.966170,S-015,supplier,Support,operational,46,Low,3.62,"{""metric_1"": 4, ""metric_2"": 36}",False
RSK-003808,2026-05-22T19:18:54.966170,C-4265,customer,Operations,customer,91,High,3.79,"{""metric_1"": 9, ""metric_2"": 41}",False
RSK-003809,2026-07-30T19:18:54.966170,S-044,supplier,Support,operational,12,Moderate,0.55,"{""metric_1"": 7, ""metric_2"": 64}",False
RSK-003810,2026-05-21T19:18:54.966170,SYS-040,system,IT,cyber,88,High,0.9,"{""metric_1"": 4, ""metric_2"": 84}",False
RSK-003811,2026-05-21T19:18:54.966170,SYS-058,system,Operations,cyber,54,Moderate,0.62,"{""metric_1"": 8, ""metric_2"": 31}",False
RSK-003812,2026-06-12T19:18:54.966170,S-019,supplier,Operations,operational,35,High,0.12,"{""metric_1"": 5, ""metric_2"": 95}",True
RSK-003813,2026-06-30T19:18:54.966170,C-2808,customer,Support,financial,67,Moderate,0.17,"{""metric_1"": 2, ""metric_2"": 55}",True
RSK-003814,2026-06-26T19:18:54.966170,C-4351,customer,Finance,financial,15,Critical,1.43,"{""metric_1"": 7, ""metric_2"": 53}",True
RSK-003815,2026-05-24T19:18:54.966170,C-0567,customer,Operations,customer,81,Moderate,3.72,"{""metric_1"": 6, ""metric_2"": 42}",False
RSK-003816,2026-05-24T19:18:54.966170,C-2194,customer,Support,financial,79,Moderate,3.06,"{""metric_1"": 5, ""metric_2"": 90}",True
RSK-003817,2026-05-20T19:18:54.966170,SYS-058,system,Finance,cyber,82,High,4.75,"{""metric_1"": 8, ""metric_2"": 66}",False
RSK-003818,2026-06-10T19:18:54.966170,S-048,supplier,Operations,operational,54,Low,3.56,"{""metric_1"": 1, ""metric_2"": 26}",True
RSK-003819,2026-08-06T19:18:54.966170,C-3110,customer,Finance,financial,81,High,3.42,"{""metric_1"": 7, ""metric_2"": 44}",True
RSK-003820,2026-07-17T19:18:54.966170,C-2377,customer,IT,financial,60,Low,3.98,"{""metric_1"": 1, ""metric_2"": 24}",False
RSK-003821,2026-08-01T19:18:54.966170,S-021,supplier,IT,operational,46,Low,3.93,"{""metric_1"": 3, ""metric_2"": 27}",True
RSK-003822,2026-08-06T19:18:54.966170,C-0546,customer,Support,financial,68,Moderate,4.24,"{""metric_1"": 5, ""metric_2"": 43}",True
RSK-003823,2026-08-18T19:18:54.966170,C-2558,customer,IT,financial,13,Critical,4.96,"{""metric_1"": 2, ""metric_2"": 87}",False
RSK-003824,2026-07-03T19:18:54.966170,C-2910,customer,IT,customer,20,Low,1.64,"{""metric_1"": 3, ""metric_2"": 44}",True
RSK-003825,2026-05-20T19:18:54.966170,C-1016,customer,IT,customer,71,Low,1.18,"{""metric_1"": 2, ""metric_2"": 46}",True
RSK-003826,2026-06-17T19:18:54.966170,SYS-011,system,Support,cyber,87,Critical,1.6,"{""metric_1"": 4, ""metric_2"": 37}",False
RSK-003827,2026-06-24T19:18:54.966170,C-2190,customer,IT,customer,69,Moderate,3.39,"{""metric_1"": 6, ""metric_2"": 28}",True
RSK-003828,2026-05-25T19:18:54.966170,S-031,supplier,Finance,operational,31,Low,1.56,"{""metric_1"": 2, ""metric_2"": 16}",True
RSK-003829,2026-06-19T19:18:54.966170,C-1420,customer,Operations,customer,17,Low,1.03,"{""metric_1"": 1, ""metric_2"": 48}",True
RSK-003830,2026-06-01T19:18:54.966170,C-1221,customer,IT,customer,17,Low,2.46,"{""metric_1"": 4, ""metric_2"": 46}",True
RSK-003831,2026-08-06T19:18:54.966170,S-034,supplier,Operations,operational,34,Moderate,1.2,"{""metric_1"": 8, ""metric_2"": 25}",False
RSK-003832,2026-07-12T19:18:54.966170,SYS-038,system,Operations,fraud,91,Moderate,4.01,"{""metric_1"": 3, ""metric_2"": 17}",True
RSK-003833,2026-05-22T19:18:54.966170,SYS-038,system,Operations,fraud,61,High,4.57,"{""metric_1"": 8, ""metric_2"": 38}",False
RSK-003834,2026-08-19T19:18:54.966170,C-1673,customer,Finance,customer,53,Low,0.48,"{""metric_1"": 6, ""metric_2"": 68}",True
RSK-003835,2026-06-13T19:18:54.966170,C-0655,customer,Support,customer,59,Moderate,2.08,"{""metric_1"": 5, ""metric_2"": 57}",True
RSK-003836,2026-06-05T19:18:54.966170,C-2237,customer,Finance,customer,37,Low,0.75,"{""metric_1"": 6, ""metric_2"": 20}",False
RSK-003837,2026-07-25T19:18:54.966170,S-018,supplier,Finance,operational,66,Low,2.85,"{""metric_1"": 7, ""metric_2"": 61}",True
RSK-003838,2026-06-02T19:18:54.966170,SYS-069,system,Finance,fraud,84,High,0.53,"{""metric_1"": 3, ""metric_2"": 45}",True
RSK-003839,2026-06-01T19:18:54.966170,SYS-046,system,Operations,cyber,69,Low,1.37,"{""metric_1"": 8, ""metric_2"": 95}",False
RSK-003840,2026-05-19T19:18:54.966170,C-4004,customer,IT,customer,59,Critical,2.89,"{""metric_1"": 4, ""metric_2"": 34}",False
RSK-003841,2026-06-26T19:18:54.966170,C-4939,customer,Finance,financial,91,High,4.19,"{""metric_1"": 7, ""metric_2"": 70}",True
RSK-003842,2026-07-15T19:18:54.966170,S-050,supplier,Finance,operational,71,Moderate,3.87,"{""metric_1"": 3, ""metric_2"": 82}",True
RSK-003843,2026-05-27T19:18:54.966170,C-1677,customer,IT,financial,37,Low,2.17,"{""metric_1"": 3, ""metric_2"": 73}",False
RSK-003844,2026-05-26T19:18:54.966170,C-2667,customer,IT,customer,61,High,4.93,"{""metric_1"": 5, ""metric_2"": 45}",True
RSK-003845,2026-06-01T19:18:54.966170,SYS-051,system,Operations,fraud,26,Moderate,4.75,"{""metric_1"": 8, ""metric_2"": 71}",True
RSK-003846,2026-08-20T19:18:54.966170,C-0093,customer,IT,financial,88,Low,4.47,"{""metric_1"": 8, ""metric_2"": 73}",False
RSK-003847,2026-08-05T19:18:54.966170,SYS-081,system,Operations,cyber,27,Low,4.32,"{""metric_1"": 5, ""metric_2"": 97}",True
RSK-003848,2026-08-02T19:18:54.966170,SYS-035,system,Support,cyber,52,Low,3.47,"{""metric_1"": 9, ""metric_2"": 82}",True
RSK-003849,2026-08-14T19:18:54.966170,S-027,supplier,Operations,operational,97,Low,4.97,"{""metric_1"": 5, ""metric_2"": 41}",True
RSK-003850,2026-07-08T19:18:54.966170,C-1655,customer,Support,customer,29,High,3.38,"{""metric_1"": 9, ""metric_2"": 52}",False
RSK-003851,2026-06-08T19:18:54.966170,S-039,supplier,Finance,operational,38,High,0.22,"{""metric_1"": 2, ""metric_2"": 72}",True
RSK-003852,2026-08-03T19:18:54.966170,SYS-077,system,Support,fraud,49,High,2.39,"{""metric_1"": 3, ""metric_2"": 32}",False
RSK-003853,2026-07-31T19:18:54.966170,C-4957,customer,Finance,financial,51,Critical,0.48,"{""metric_1"": 4, ""metric_2"": 96}",True
RSK-003854,2026-08-02T19:18:54.966170,C-4871,customer,Support,financial,23,Moderate,2.92,"{""metric_1"": 4, ""metric_2"": 24}",True
RSK-003855,2026-05-17T19:18:54.966170,S-017,supplier,IT,operational,93,Low,1.89,"{""metric_1"": 3, ""metric_2"": 47}",True
RSK-003856,2026-05-29T19:18:54.966170,C-1901,customer,Operations,financial,63,Critical,0.56,"{""metric_1"": 4, ""metric_2"": 49}",True
RSK-003857,2026-07-27T19:18:54.966170,C-4116,customer,Operations,customer,79,Moderate,3.04,"{""metric_1"": 8, ""metric_2"": 34}",False
RSK-003858,2026-07-30T19:18:54.966170,C-3447,customer,IT,customer,20,Moderate,4.05,"{""metric_1"": 8, ""metric_2"": 62}",True
RSK-003859,2026-06-11T19:18:54.966170,SYS-079,system,IT,cyber,19,Critical,4.42,"{""metric_1"": 8, ""metric_2"": 62}",True
RSK-003860,2026-07-02T19:18:54.966170,SYS-023,system,IT,cyber,71,Critical,4.34,"{""metric_1"": 1, ""metric_2"": 33}",False
RSK-003861,2026-05-14T19:18:54.966170,C-2773,customer,IT,customer,26,Moderate,3.75,"{""metric_1"": 3, ""metric_2"": 10}",True
RSK-003862,2026-08-02T19:18:54.966170,SYS-017,system,Support,fraud,21,Low,3.59,"{""metric_1"": 2, ""metric_2"": 50}",True
RSK-003863,2026-07-03T19:18:54.966170,C-1292,customer,Operations,customer,82,High,2.24,"{""metric_1"": 3, ""metric_2"": 34}",False
RSK-003864,2026-06-30T19:18:54.966170,SYS-073,system,IT,fraud,64,Low,3.72,"{""metric_1"": 2, ""metric_2"": 57}",True
RSK-003865,2026-05-16T19:18:54.966170,C-0671,customer,Operations,customer,87,Low,0.43,"{""metric_1"": 7, ""metric_2"": 94}",True
RSK-003866,2026-07-14T19:18:54.966170,S-037,supplier,Finance,operational,54,Moderate,4.23,"{""metric_1"": 3, ""metric_2"": 18}",True
RSK-003867,2026-06-09T19:18:54.966170,C-0281,customer,Operations,customer,33,Low,1.65,"{""metric_1"": 4, ""metric_2"": 18}",False
RSK-003868,2026-07-02T19:18:54.966170,S-019,supplier,Operations,operational,82,High,2.08,"{""metric_1"": 7, ""metric_2"": 72}",False
RSK-003869,2026-05-16T19:18:54.966170,S-050,supplier,Operations,operational,65,Moderate,3.74,"{""metric_1"": 1, ""metric_2"": 85}",False
RSK-003870,2026-06-15T19:18:54.966170,C-1587,customer,Finance,financial,70,Critical,2.29,"{""metric_1"": 7, ""metric_2"": 95}",False
RSK-003871,2026-06-08T19:18:54.966170,C-1192,customer,IT,financial,41,Low,1.09,"{""metric_1"": 4, ""metric_2"": 89}",False
RSK-003872,2026-07-04T19:18:54.966170,SYS-054,system,IT,fraud,14,Critical,3.59,"{""metric_1"": 5, ""metric_2"": 48}",False
RSK-003873,2026-07-10T19:18:54.966170,C-2942,customer,Support,customer,43,Critical,1.51,"{""metric_1"": 3, ""metric_2"": 81}",True
RSK-003874,2026-08-21T19:18:54.966170,SYS-094,system,Finance,cyber,48,Moderate,2.74,"{""metric_1"": 3, ""metric_2"": 61}",True
RSK-003875,2026-07-23T19:18:54.966170,C-4547,customer,Operations,financial,76,Moderate,4.33,"{""metric_1"": 3, ""metric_2"": 63}",True
RSK-003876,2026-08-17T19:18:54.966170,S-002,supplier,IT,operational,24,Critical,1.15,"{""metric_1"": 6, ""metric_2"": 66}",True
RSK-003877,2026-07-18T19:18:54.966170,S-002,supplier,Operations,operational,31,Critical,2.27,"{""metric_1"": 4, ""metric_2"": 73}",True
RSK-003878,2026-05-31T19:18:54.966170,SYS-062,system,IT,cyber,67,High,0.12,"{""metric_1"": 5, ""metric_2"": 23}",True
RSK-003879,2026-07-10T19:18:54.966170,SYS-096,system,Finance,cyber,66,Moderate,4.86,"{""metric_1"": 3, ""metric_2"": 59}",False
RSK-003880,2026-06-16T19:18:54.966170,C-1170,customer,Operations,financial,35,Moderate,4.67,"{""metric_1"": 8, ""metric_2"": 93}",False
RSK-003881,2026-05-14T19:18:54.966170,C-2454,customer,Support,financial,54,High,2.57,"{""metric_1"": 1, ""metric_2"": 58}",True
RSK-003882,2026-08-16T19:18:54.966170,SYS-093,system,Support,fraud,14,Critical,4.44,"{""metric_1"": 4, ""metric_2"": 26}",True
RSK-003883,2026-05-31T19:18:54.966170,C-4616,customer,Finance,customer,68,Low,4.69,"{""metric_1"": 4, ""metric_2"": 71}",False
RSK-003884,2026-06-15T19:18:54.966170,SYS-094,system,IT,fraud,99,Moderate,0.19,"{""metric_1"": 8, ""metric_2"": 50}",True
RSK-003885,2026-05-30T19:18:54.966170,C-0967,customer,Operations,financial,34,High,4.48,"{""metric_1"": 9, ""metric_2"": 34}",False
RSK-003886,2026-06-10T19:18:54.966170,S-019,supplier,Operations,operational,70,Moderate,2.36,"{""metric_1"": 5, ""metric_2"": 27}",False
RSK-003887,2026-06-28T19:18:54.966170,C-1746,customer,Support,customer,79,Low,2.92,"{""metric_1"": 6, ""metric_2"": 57}",False
RSK-003888,2026-06-23T19:18:54.966170,S-023,supplier,Operations,operational,88,Moderate,0.35,"{""metric_1"": 7, ""metric_2"": 47}",True
RSK-003889,2026-08-11T19:18:54.966170,C-0936,customer,Operations,customer,74,Critical,1.43,"{""metric_1"": 4, ""metric_2"": 40}",True
RSK-003890,2026-07-02T19:18:54.966170,C-2302,customer,Support,customer,17,Critical,2.56,"{""metric_1"": 4, ""metric_2"": 79}",False
RSK-003891,2026-06-21T19:18:54.966170,SYS-084,system,Support,fraud,93,Critical,1.64,"{""metric_1"": 2, ""metric_2"": 28}",True
RSK-003892,2026-06-25T19:18:54.966170,SYS-066,system,Support,fraud,55,High,1.83,"{""metric_1"": 8, ""metric_2"": 60}",True
RSK-003893,2026-08-20T19:18:54.966170,C-3739,customer,Support,customer,91,Low,0.42,"{""metric_1"": 9, ""metric_2"": 27}",False
RSK-003894,2026-06-08T19:18:54.966170,SYS-063,system,IT,fraud,68,High,4.73,"{""metric_1"": 7, ""metric_2"": 19}",False
RSK-003895,2026-08-17T19:18:54.966170,S-015,supplier,Finance,operational,35,Low,0.59,"{""metric_1"": 7, ""metric_2"": 86}",True
RSK-003896,2026-05-30T19:18:54.966170,S-023,supplier,Finance,operational,94,Critical,2.48,"{""metric_1"": 8, ""metric_2"": 76}",True
RSK-003897,2026-06-19T19:18:54.966170,SYS-013,system,Operations,cyber,28,High,0.82,"{""metric_1"": 9, ""metric_2"": 72}",False
RSK-003898,2026-05-28T19:18:54.966170,S-034,supplier,Operations,operational,47,High,2.86,"{""metric_1"": 4, ""metric_2"": 23}",False
RSK-003899,2026-05-14T19:18:54.966170,SYS-089,system,Operations,cyber,55,Moderate,3.01,"{""metric_1"": 9, ""metric_2"": 79}",True
RSK-003900,2026-08-06T19:18:54.966170,SYS-078,system,Finance,fraud,32,Critical,4.75,"{""metric_1"": 7, ""metric_2"": 81}",True
RSK-003901,2026-05-29T19:18:54.966170,C-4410,customer,Support,customer,13,High,4.38,"{""metric_1"": 7, ""metric_2"": 17}",False
RSK-003902,2026-06-15T19:18:54.966170,SYS-092,system,Support,fraud,83,Critical,4.08,"{""metric_1"": 2, ""metric_2"": 81}",True
RSK-003903,2026-06-13T19:18:54.966170,C-0271,customer,IT,customer,17,High,1.43,"{""metric_1"": 3, ""metric_2"": 19}",True
RSK-003904,2026-08-07T19:18:54.966170,SYS-072,system,Support,fraud,40,Moderate,4.29,"{""metric_1"": 8, ""metric_2"": 53}",False
RSK-003905,2026-07-23T19:18:54.966170,S-039,supplier,IT,operational,89,Moderate,3.4,"{""metric_1"": 5, ""metric_2"": 57}",True
RSK-003906,2026-05-14T19:18:54.966170,C-0862,customer,IT,financial,95,Critical,0.12,"{""metric_1"": 7, ""metric_2"": 80}",False
RSK-003907,2026-06-20T19:18:54.966170,C-4394,customer,IT,customer,21,High,1.0,"{""metric_1"": 5, ""metric_2"": 90}",False
RSK-003908,2026-06-23T19:18:54.966170,C-0859,customer,Operations,customer,79,High,2.41,"{""metric_1"": 6, ""metric_2"": 75}",False
RSK-003909,2026-06-04T19:18:54.966170,C-3483,customer,Operations,customer,74,Low,3.03,"{""metric_1"": 1, ""metric_2"": 33}",False
RSK-003910,2026-08-03T19:18:54.966170,C-3001,customer,Operations,financial,93,Critical,4.61,"{""metric_1"": 5, ""metric_2"": 61}",False
RSK-003911,2026-05-16T19:18:54.966170,C-3135,customer,IT,customer,44,Low,2.16,"{""metric_1"": 5, ""metric_2"": 33}",True
RSK-003912,2026-07-29T19:18:54.966170,C-1032,customer,Finance,financial,28,High,4.59,"{""metric_1"": 4, ""metric_2"": 67}",True
RSK-003913,2026-08-18T19:18:54.966170,SYS-086,system,Operations,fraud,54,Critical,4.19,"{""metric_1"": 3, ""metric_2"": 61}",False
RSK-003914,2026-06-24T19:18:54.966170,S-030,supplier,Finance,operational,93,High,3.52,"{""metric_1"": 4, ""metric_2"": 42}",False
RSK-003915,2026-06-12T19:18:54.966170,C-3901,customer,Support,customer,92,Low,2.61,"{""metric_1"": 7, ""metric_2"": 23}",True
RSK-003916,2026-07-13T19:18:54.966170,SYS-083,system,Finance,cyber,11,Moderate,1.18,"{""metric_1"": 7, ""metric_2"": 62}",True
RSK-003917,2026-06-23T19:18:54.966170,C-0692,customer,Finance,financial,55,Moderate,2.95,"{""metric_1"": 7, ""metric_2"": 33}",False
RSK-003918,2026-07-09T19:18:54.966170,C-0050,customer,Finance,customer,58,Moderate,3.07,"{""metric_1"": 9, ""metric_2"": 41}",True
RSK-003919,2026-08-14T19:18:54.966170,C-1451,customer,Operations,financial,97,Moderate,2.09,"{""metric_1"": 7, ""metric_2"": 68}",True
RSK-003920,2026-08-07T19:18:54.966170,SYS-003,system,IT,fraud,31,Moderate,2.04,"{""metric_1"": 9, ""metric_2"": 51}",False
RSK-003921,2026-07-18T19:18:54.966170,C-1860,customer,Support,customer,11,Moderate,2.56,"{""metric_1"": 5, ""metric_2"": 75}",True
RSK-003922,2026-05-25T19:18:54.966170,SYS-087,system,Operations,cyber,47,Moderate,2.26,"{""metric_1"": 1, ""metric_2"": 29}",True
RSK-003923,2026-08-12T19:18:54.966170,C-2302,customer,IT,customer,67,Critical,1.44,"{""metric_1"": 3, ""metric_2"": 11}",True
RSK-003924,2026-07-19T19:18:54.966170,S-018,supplier,IT,operational,62,Low,3.29,"{""metric_1"": 9, ""metric_2"": 55}",False
RSK-003925,2026-06-07T19:18:54.966170,C-2465,customer,IT,customer,66,Critical,3.01,"{""metric_1"": 3, ""metric_2"": 41}",True
RSK-003926,2026-07-23T19:18:54.966170,SYS-024,system,Support,cyber,64,Low,2.74,"{""metric_1"": 5, ""metric_2"": 22}",False
RSK-003927,2026-08-20T19:18:54.966170,SYS-050,system,IT,fraud,46,Low,0.58,"{""metric_1"": 8, ""metric_2"": 16}",True
RSK-003928,2026-06-26T19:18:54.966170,SYS-003,system,Support,cyber,14,Low,1.1,"{""metric_1"": 2, ""metric_2"": 46}",False
RSK-003929,2026-08-05T19:18:54.966170,SYS-079,system,Support,cyber,71,Moderate,0.43,"{""metric_1"": 3, ""metric_2"": 41}",False
RSK-003930,2026-07-18T19:18:54.966170,SYS-030,system,Operations,cyber,60,Low,2.77,"{""metric_1"": 9, ""metric_2"": 73}",False
RSK-003931,2026-06-15T19:18:54.966170,S-037,supplier,Finance,operational,77,High,4.81,"{""metric_1"": 8, ""metric_2"": 89}",False
RSK-003932,2026-06-29T19:18:54.966170,C-3844,customer,Finance,customer,84,Moderate,0.57,"{""metric_1"": 8, ""metric_2"": 45}",True
RSK-003933,2026-08-17T19:18:54.966170,C-4258,customer,Support,customer,42,Low,0.79,"{""metric_1"": 4, ""metric_2"": 49}",True
RSK-003934,2026-08-01T19:18:54.966170,C-1903,customer,Finance,financial,23,Moderate,2.05,"{""metric_1"": 1, ""metric_2"": 89}",True
RSK-003935,2026-08-09T19:18:54.966170,C-2981,customer,Operations,financial,93,Low,0.36,"{""metric_1"": 1, ""metric_2"": 46}",True
RSK-003936,2026-08-18T19:18:54.966170,SYS-003,system,Operations,fraud,10,High,4.33,"{""metric_1"": 4, ""metric_2"": 53}",True
RSK-003937,2026-06-13T19:18:54.966170,S-027,supplier,Finance,operational,92,Critical,2.09,"{""metric_1"": 2, ""metric_2"": 46}",True
RSK-003938,2026-08-15T19:18:54.966170,C-3559,customer,Support,customer,51,Low,1.58,"{""metric_1"": 8, ""metric_2"": 23}",True
RSK-003939,2026-08-03T19:18:54.966170,SYS-076,system,Operations,cyber,99,Moderate,3.46,"{""metric_1"": 3, ""metric_2"": 37}",True
RSK-003940,2026-06-23T19:18:54.966170,C-0104,customer,Support,customer,97,Low,3.77,"{""metric_1"": 2, ""metric_2"": 10}",False
RSK-003941,2026-07-04T19:18:54.966170,SYS-017,system,Finance,cyber,47,Moderate,3.62,"{""metric_1"": 8, ""metric_2"": 73}",True
RSK-003942,2026-07-05T19:18:54.966170,SYS-016,system,Support,fraud,75,High,0.94,"{""metric_1"": 7, ""metric_2"": 25}",True
RSK-003943,2026-05-31T19:18:54.966170,SYS-045,system,Operations,fraud,64,Low,0.36,"{""metric_1"": 4, ""metric_2"": 86}",False
RSK-003944,2026-08-06T19:18:54.966170,SYS-018,system,Finance,cyber,75,Critical,4.01,"{""metric_1"": 8, ""metric_2"": 10}",True
RSK-003945,2026-07-08T19:18:54.966170,C-3960,customer,IT,financial,41,Moderate,4.77,"{""metric_1"": 1, ""metric_2"": 82}",False
RSK-003946,2026-08-11T19:18:54.966170,SYS-029,system,IT,cyber,20,Critical,3.86,"{""metric_1"": 8, ""metric_2"": 14}",False
RSK-003947,2026-06-30T19:18:54.966170,C-0547,customer,Support,customer,41,Critical,0.68,"{""metric_1"": 3, ""metric_2"": 96}",False
RSK-003948,2026-07-26T19:18:54.966170,S-024,supplier,Support,operational,82,Low,4.56,"{""metric_1"": 5, ""metric_2"": 63}",True
RSK-003949,2026-06-20T19:18:54.966170,SYS-051,system,Operations,fraud,94,Low,1.41,"{""metric_1"": 4, ""metric_2"": 64}",False
RSK-003950,2026-08-17T19:18:54.966170,SYS-069,system,Support,fraud,16,Low,4.35,"{""metric_1"": 4, ""metric_2"": 95}",True
RSK-003951,2026-06-15T19:18:54.966170,SYS-095,system,Support,cyber,97,Moderate,3.8,"{""metric_1"": 3, ""metric_2"": 79}",True
RSK-003952,2026-07-08T19:18:54.966170,S-026,supplier,Finance,operational,11,High,3.13,"{""metric_1"": 8, ""metric_2"": 22}",False
RSK-003953,2026-07-03T19:18:54.966170,S-012,supplier,Support,operational,36,Low,2.99,"{""metric_1"": 3, ""metric_2"": 85}",False
RSK-003954,2026-08-10T19:18:54.966170,C-0186,customer,Finance,customer,62,Low,3.84,"{""metric_1"": 8, ""metric_2"": 83}",True
RSK-003955,2026-05-26T19:18:54.966170,C-3607,customer,IT,financial,98,High,2.04,"{""metric_1"": 6, ""metric_2"": 55}",True
RSK-003956,2026-07-01T19:18:54.966170,SYS-021,system,IT,cyber,18,High,3.79,"{""metric_1"": 5, ""metric_2"": 13}",True
RSK-003957,2026-08-01T19:18:54.966170,C-3036,customer,Support,customer,36,Moderate,1.37,"{""metric_1"": 3, ""metric_2"": 64}",False
RSK-003958,2026-06-01T19:18:54.966170,C-3621,customer,Support,financial,11,Low,1.37,"{""metric_1"": 4, ""metric_2"": 63}",False
RSK-003959,2026-05-23T19:18:54.966170,SYS-088,system,IT,fraud,14,Moderate,0.12,"{""metric_1"": 7, ""metric_2"": 65}",True
RSK-003960,2026-07-05T19:18:54.966170,SYS-002,system,IT,cyber,56,High,3.64,"{""metric_1"": 5, ""metric_2"": 15}",True
RSK-003961,2026-06-12T19:18:54.966170,C-0593,customer,Finance,financial,78,Moderate,2.84,"{""metric_1"": 2, ""metric_2"": 90}",False
RSK-003962,2026-06-29T19:18:54.966170,SYS-013,system,Operations,fraud,92,High,3.2,"{""metric_1"": 4, ""metric_2"": 95}",False
RSK-003963,2026-07-02T19:18:54.966170,SYS-010,system,Operations,cyber,53,Low,3.24,"{""metric_1"": 7, ""metric_2"": 10}",True
RSK-003964,2026-08-21T19:18:54.966170,SYS-086,system,Operations,fraud,29,High,2.95,"{""metric_1"": 9, ""metric_2"": 16}",True
RSK-003965,2026-08-08T19:18:54.966170,C-0970,customer,IT,customer,57,High,4.07,"{""metric_1"": 3, ""metric_2"": 92}",True
RSK-003966,2026-08-06T19:18:54.966170,SYS-091,system,Finance,fraud,46,Low,1.55,"{""metric_1"": 5, ""metric_2"": 76}",True
RSK-003967,2026-08-07T19:18:54.966170,SYS-077,system,IT,cyber,63,Critical,3.51,"{""metric_1"": 2, ""metric_2"": 41}",False
RSK-003968,2026-06-26T19:18:54.966170,SYS-099,system,Finance,cyber,60,Low,0.57,"{""metric_1"": 9, ""metric_2"": 53}",True
RSK-003969,2026-07-27T19:18:54.966170,SYS-053,system,Operations,cyber,52,High,3.87,"{""metric_1"": 5, ""metric_2"": 84}",True
RSK-003970,2026-05-23T19:18:54.966170,S-040,supplier,IT,operational,65,Low,3.22,"{""metric_1"": 7, ""metric_2"": 44}",False
RSK-003971,2026-06-14T19:18:54.966170,C-0577,customer,Finance,customer,65,Low,2.18,"{""metric_1"": 5, ""metric_2"": 87}",True
RSK-003972,2026-06-11T19:18:54.966170,S-013,supplier,Finance,operational,21,Critical,1.16,"{""metric_1"": 9, ""metric_2"": 73}",True
RSK-003973,2026-08-07T19:18:54.966170,C-0531,customer,Support,financial,80,High,3.47,"{""metric_1"": 4, ""metric_2"": 75}",False
RSK-003974,2026-08-11T19:18:54.966170,SYS-095,system,Operations,cyber,13,High,2.71,"{""metric_1"": 9, ""metric_2"": 47}",True
RSK-003975,2026-05-25T19:18:54.966170,C-1280,customer,Support,customer,10,Critical,4.98,"{""metric_1"": 1, ""metric_2"": 23}",True
RSK-003976,2026-07-26T19:18:54.966170,C-1046,customer,IT,customer,49,Low,0.52,"{""metric_1"": 8, ""metric_2"": 39}",False
RSK-003977,2026-05-27T19:18:54.966170,C-1997,customer,Operations,financial,32,Critical,0.75,"{""metric_1"": 9, ""metric_2"": 59}",False
RSK-003978,2026-08-08T19:18:54.966170,C-4030,customer,Operations,financial,58,Moderate,4.28,"{""metric_1"": 9, ""metric_2"": 41}",True
RSK-003979,2026-07-01T19:18:54.966170,C-0918,customer,Finance,financial,91,Low,4.86,"{""metric_1"": 1, ""metric_2"": 75}",True
RSK-003980,2026-05-19T19:18:54.966170,S-032,supplier,IT,operational,17,High,2.92,"{""metric_1"": 4, ""metric_2"": 79}",True
RSK-003981,2026-05-24T19:18:54.966170,S-018,supplier,Support,operational,88,Low,4.28,"{""metric_1"": 7, ""metric_2"": 91}",False
RSK-003982,2026-06-22T19:18:54.966170,SYS-084,system,Operations,fraud,74,Low,1.5,"{""metric_1"": 9, ""metric_2"": 72}",True
RSK-003983,2026-05-19T19:18:54.966170,C-0901,customer,IT,financial,88,Moderate,1.17,"{""metric_1"": 9, ""metric_2"": 56}",True
RSK-003984,2026-06-13T19:18:54.966170,SYS-041,system,IT,fraud,74,Moderate,4.73,"{""metric_1"": 5, ""metric_2"": 51}",False
RSK-003985,2026-08-16T19:18:54.966170,C-4818,customer,Operations,customer,65,Critical,3.87,"{""metric_1"": 6, ""metric_2"": 51}",False
RSK-003986,2026-07-08T19:18:54.966170,SYS-032,system,IT,cyber,99,High,1.03,"{""metric_1"": 7, ""metric_2"": 75}",False
RSK-003987,2026-06-23T19:18:54.966170,C-3820,customer,Operations,financial,87,Critical,3.82,"{""metric_1"": 9, ""metric_2"": 35}",False
RSK-003988,2026-05-22T19:18:54.966170,C-4273,customer,Finance,financial,52,High,0.74,"{""metric_1"": 1, ""metric_2"": 79}",False
RSK-003989,2026-06-06T19:18:54.966170,SYS-061,system,IT,fraud,57,High,3.73,"{""metric_1"": 9, ""metric_2"": 70}",True
RSK-003990,2026-06-06T19:18:54.966170,SYS-076,system,Operations,cyber,39,Low,1.07,"{""metric_1"": 6, ""metric_2"": 47}",False
RSK-003991,2026-05-30T19:18:54.966170,C-1594,customer,Finance,financial,23,Critical,4.78,"{""metric_1"": 4, ""metric_2"": 94}",True
RSK-003992,2026-06-12T19:18:54.966170,S-028,supplier,Support,operational,39,Critical,2.51,"{""metric_1"": 6, ""metric_2"": 14}",True
RSK-003993,2026-05-25T19:18:54.966170,SYS-046,system,Finance,cyber,74,Critical,1.03,"{""metric_1"": 1, ""metric_2"": 32}",False
RSK-003994,2026-08-10T19:18:54.966170,C-1309,customer,Finance,customer,37,Low,3.7,"{""metric_1"": 7, ""metric_2"": 28}",False
RSK-003995,2026-06-14T19:18:54.966170,SYS-060,system,IT,cyber,37,Low,2.37,"{""metric_1"": 3, ""metric_2"": 95}",True
RSK-003996,2026-07-15T19:18:54.966170,SYS-008,system,IT,cyber,15,Moderate,1.05,"{""metric_1"": 1, ""metric_2"": 36}",False
RSK-003997,2026-06-21T19:18:54.966170,SYS-084,system,Support,fraud,20,Moderate,0.17,"{""metric_1"": 9, ""metric_2"": 51}",False
RSK-003998,2026-06-23T19:18:54.966170,C-4337,customer,IT,customer,70,High,4.4,"{""metric_1"": 5, ""metric_2"": 85}",True
RSK-003999,2026-06-30T19:18:54.966170,C-3453,customer,Finance,customer,49,Low,3.93,"{""metric_1"": 9, ""metric_2"": 43}",True
RSK-004000,2026-06-06T19:18:54.966170,C-4198,customer,Operations,financial,71,High,1.98,"{""metric_1"": 6, ""metric_2"": 51}",False
RSK-004001,2026-07-26T19:18:54.966170,SYS-082,system,IT,cyber,62,Critical,0.37,"{""metric_1"": 1, ""metric_2"": 55}",True
RSK-004002,2026-06-25T19:18:54.966170,S-037,supplier,Operations,operational,76,High,1.63,"{""metric_1"": 8, ""metric_2"": 48}",True
RSK-004003,2026-08-13T19:18:54.966170,C-0789,customer,Support,customer,82,High,1.5,"{""metric_1"": 9, ""metric_2"": 74}",True
RSK-004004,2026-06-01T19:18:54.966170,SYS-070,system,IT,cyber,27,Low,0.52,"{""metric_1"": 3, ""metric_2"": 88}",True
RSK-004005,2026-05-27T19:18:54.966170,C-0472,customer,IT,financial,46,Critical,2.94,"{""metric_1"": 4, ""metric_2"": 53}",False
RSK-004006,2026-07-30T19:18:54.966170,C-1644,customer,Operations,customer,34,Moderate,2.46,"{""metric_1"": 8, ""metric_2"": 60}",True
RSK-004007,2026-06-04T19:18:54.966170,SYS-017,system,Support,cyber,67,High,4.11,"{""metric_1"": 3, ""metric_2"": 91}",False
RSK-004008,2026-06-03T19:18:54.966170,C-1949,customer,IT,customer,99,Low,1.1,"{""metric_1"": 5, ""metric_2"": 78}",True
RSK-004009,2026-07-24T19:18:54.966170,C-0279,customer,Support,customer,27,Critical,2.1,"{""metric_1"": 3, ""metric_2"": 31}",False
RSK-004010,2026-08-13T19:18:54.966170,C-0114,customer,Operations,financial,51,Low,2.88,"{""metric_1"": 1, ""metric_2"": 72}",False
RSK-004011,2026-06-21T19:18:54.966170,C-2930,customer,IT,financial,26,Low,0.48,"{""metric_1"": 9, ""metric_2"": 97}",True
RSK-004012,2026-05-28T19:18:54.966170,SYS-051,system,Support,fraud,75,Low,0.68,"{""metric_1"": 2, ""metric_2"": 56}",False
RSK-004013,2026-08-16T19:18:54.966170,SYS-072,system,Finance,fraud,29,Moderate,4.28,"{""metric_1"": 7, ""metric_2"": 91}",False
RSK-004014,2026-08-07T19:18:54.966170,S-014,supplier,Finance,operational,93,High,0.55,"{""metric_1"": 1, ""metric_2"": 50}",True
RSK-004015,2026-05-26T19:18:54.966170,S-004,supplier,Operations,operational,50,Critical,0.86,"{""metric_1"": 9, ""metric_2"": 37}",False
RSK-004016,2026-06-05T19:18:54.966170,SYS-031,system,Support,cyber,37,Critical,2.7,"{""metric_1"": 7, ""metric_2"": 91}",True
RSK-004017,2026-07-09T19:18:54.966170,C-3783,customer,IT,financial,35,Critical,3.02,"{""metric_1"": 6, ""metric_2"": 94}",True
RSK-004018,2026-06-30T19:18:54.966170,C-3607,customer,Support,customer,20,High,4.53,"{""metric_1"": 8, ""metric_2"": 14}",False
RSK-004019,2026-08-03T19:18:54.966170,C-4745,customer,Operations,customer,91,High,1.43,"{""metric_1"": 6, ""metric_2"": 82}",False
RSK-004020,2026-08-02T19:18:54.966170,SYS-049,system,Finance,fraud,39,Low,4.16,"{""metric_1"": 6, ""metric_2"": 64}",True
RSK-004021,2026-07-14T19:18:54.966170,SYS-038,system,IT,cyber,64,Critical,1.77,"{""metric_1"": 6, ""metric_2"": 97}",True
RSK-004022,2026-07-15T19:18:54.966170,S-030,supplier,Operations,operational,65,Low,3.71,"{""metric_1"": 7, ""metric_2"": 70}",False
RSK-004023,2026-05-29T19:18:54.966170,SYS-065,system,Support,cyber,98,Low,3.83,"{""metric_1"": 5, ""metric_2"": 32}",True
RSK-004024,2026-07-19T19:18:54.966170,S-007,supplier,Operations,operational,80,High,2.42,"{""metric_1"": 7, ""metric_2"": 76}",False
RSK-004025,2026-07-20T19:18:54.966170,C-0917,customer,Support,customer,44,Critical,0.48,"{""metric_1"": 4, ""metric_2"": 82}",False
RSK-004026,2026-08-11T19:18:54.966170,C-4045,customer,Operations,financial,86,High,2.16,"{""metric_1"": 9, ""metric_2"": 24}",False
RSK-004027,2026-06-26T19:18:54.966170,SYS-058,system,Operations,cyber,72,Critical,0.41,"{""metric_1"": 6, ""metric_2"": 74}",False
RSK-004028,2026-08-19T19:18:54.966170,SYS-084,system,Support,fraud,28,Low,0.25,"{""metric_1"": 5, ""metric_2"": 76}",True
RSK-004029,2026-07-27T19:18:54.966170,C-0270,customer,Finance,financial,73,Critical,4.22,"{""metric_1"": 5, ""metric_2"": 36}",False
RSK-004030,2026-06-03T19:18:54.966170,SYS-093,system,Operations,fraud,38,Low,0.34,"{""metric_1"": 8, ""metric_2"": 61}",True
RSK-004031,2026-05-20T19:18:54.966170,C-2805,customer,IT,financial,19,High,0.17,"{""metric_1"": 2, ""metric_2"": 97}",True
RSK-004032,2026-06-03T19:18:54.966170,SYS-055,system,Finance,fraud,45,High,0.62,"{""metric_1"": 1, ""metric_2"": 79}",True
RSK-004033,2026-08-04T19:18:54.966170,C-0074,customer,Finance,customer,87,Critical,2.15,"{""metric_1"": 6, ""metric_2"": 62}",False
RSK-004034,2026-07-23T19:18:54.966170,S-045,supplier,Finance,operational,55,High,2.02,"{""metric_1"": 9, ""metric_2"": 14}",False
RSK-004035,2026-08-08T19:18:54.966170,SYS-014,system,Finance,fraud,42,Low,3.99,"{""metric_1"": 6, ""metric_2"": 90}",False
RSK-004036,2026-07-20T19:18:54.966170,SYS-040,system,Support,cyber,41,Low,1.12,"{""metric_1"": 6, ""metric_2"": 66}",True
RSK-004037,2026-08-06T19:18:54.966170,C-2981,customer,IT,customer,52,Moderate,1.35,"{""metric_1"": 6, ""metric_2"": 79}",True
RSK-004038,2026-05-22T19:18:54.966170,SYS-015,system,Operations,cyber,79,Moderate,2.71,"{""metric_1"": 7, ""metric_2"": 13}",True
RSK-004039,2026-08-20T19:18:54.966170,C-3460,customer,Finance,customer,53,Moderate,3.9,"{""metric_1"": 3, ""metric_2"": 63}",True
RSK-004040,2026-06-26T19:18:54.966170,C-1326,customer,IT,customer,74,Low,4.17,"{""metric_1"": 8, ""metric_2"": 54}",True
RSK-004041,2026-07-23T19:18:54.966170,C-0067,customer,IT,customer,48,Low,0.57,"{""metric_1"": 6, ""metric_2"": 31}",False
RSK-004042,2026-08-13T19:18:54.966170,SYS-023,system,Finance,cyber,93,High,1.5,"{""metric_1"": 7, ""metric_2"": 82}",False
RSK-004043,2026-06-14T19:18:54.966170,S-005,supplier,IT,operational,53,Moderate,1.72,"{""metric_1"": 7, ""metric_2"": 36}",True
RSK-004044,2026-06-28T19:18:54.966170,SYS-017,system,Operations,cyber,63,Low,4.97,"{""metric_1"": 3, ""metric_2"": 42}",True
RSK-004045,2026-08-21T19:18:54.966170,C-0540,customer,IT,customer,90,Low,0.72,"{""metric_1"": 1, ""metric_2"": 71}",True
RSK-004046,2026-06-20T19:18:54.966170,C-0681,customer,IT,customer,54,Moderate,1.78,"{""metric_1"": 5, ""metric_2"": 52}",True
RSK-004047,2026-07-15T19:18:54.966170,SYS-070,system,Operations,fraud,37,Low,3.44,"{""metric_1"": 1, ""metric_2"": 82}",True
RSK-004048,2026-05-14T19:18:54.966170,SYS-016,system,Support,fraud,78,High,3.41,"{""metric_1"": 4, ""metric_2"": 51}",True
RSK-004049,2026-08-12T19:18:54.966170,SYS-058,system,IT,cyber,83,High,0.45,"{""metric_1"": 6, ""metric_2"": 63}",True
RSK-004050,2026-07-11T19:18:54.966170,S-037,supplier,IT,operational,10,Moderate,3.16,"{""metric_1"": 8, ""metric_2"": 22}",True
RSK-004051,2026-08-20T19:18:54.966170,SYS-087,system,Support,fraud,18,High,0.8,"{""metric_1"": 3, ""metric_2"": 57}",True
RSK-004052,2026-05-26T19:18:54.966170,C-1354,customer,Operations,customer,19,High,4.72,"{""metric_1"": 1, ""metric_2"": 20}",True
RSK-004053,2026-08-15T19:18:54.966170,SYS-080,system,IT,cyber,76,Critical,4.88,"{""metric_1"": 5, ""metric_2"": 96}",True
RSK-004054,2026-06-20T19:18:54.966170,C-2089,customer,IT,financial,52,High,1.31,"{""metric_1"": 6, ""metric_2"": 27}",True
RSK-004055,2026-07-16T19:18:54.966170,SYS-083,system,Support,cyber,33,High,3.99,"{""metric_1"": 9, ""metric_2"": 41}",False
RSK-004056,2026-07-23T19:18:54.966170,SYS-007,system,Support,cyber,41,Moderate,4.38,"{""metric_1"": 4, ""metric_2"": 13}",False
RSK-004057,2026-07-23T19:18:54.966170,C-3064,customer,IT,customer,75,High,4.89,"{""metric_1"": 5, ""metric_2"": 17}",False
RSK-004058,2026-05-24T19:18:54.966170,C-1244,customer,IT,financial,94,Critical,1.04,"{""metric_1"": 2, ""metric_2"": 81}",True
RSK-004059,2026-05-26T19:18:54.966170,SYS-050,system,Support,fraud,76,Critical,2.95,"{""metric_1"": 3, ""metric_2"": 14}",True
RSK-004060,2026-08-06T19:18:54.966170,C-0085,customer,Finance,financial,79,Critical,2.57,"{""metric_1"": 9, ""metric_2"": 16}",True
RSK-004061,2026-06-14T19:18:54.966170,SYS-036,system,Support,cyber,98,Low,1.74,"{""metric_1"": 6, ""metric_2"": 26}",True
RSK-004062,2026-08-04T19:18:54.966170,SYS-092,system,Finance,cyber,11,Moderate,0.8,"{""metric_1"": 9, ""metric_2"": 82}",False
RSK-004063,2026-05-28T19:18:54.966170,S-019,supplier,Finance,operational,62,High,1.51,"{""metric_1"": 9, ""metric_2"": 38}",False
RSK-004064,2026-06-04T19:18:54.966170,SYS-099,system,Finance,fraud,71,Moderate,1.32,"{""metric_1"": 7, ""metric_2"": 88}",True
RSK-004065,2026-07-28T19:18:54.966170,C-2129,customer,Finance,customer,37,High,4.18,"{""metric_1"": 2, ""metric_2"": 90}",True
RSK-004066,2026-06-28T19:18:54.966170,SYS-039,system,Support,cyber,75,High,2.03,"{""metric_1"": 6, ""metric_2"": 96}",True
RSK-004067,2026-07-14T19:18:54.966170,C-4079,customer,Support,financial,76,Critical,4.64,"{""metric_1"": 8, ""metric_2"": 48}",True
RSK-004068,2026-05-15T19:18:54.966170,SYS-065,system,Operations,fraud,40,High,1.91,"{""metric_1"": 1, ""metric_2"": 91}",True
RSK-004069,2026-06-30T19:18:54.966170,SYS-067,system,IT,fraud,67,Moderate,1.66,"{""metric_1"": 6, ""metric_2"": 82}",False
RSK-004070,2026-06-28T19:18:54.966170,S-033,supplier,Finance,operational,73,Critical,0.19,"{""metric_1"": 2, ""metric_2"": 50}",False
RSK-004071,2026-07-15T19:18:54.966170,SYS-007,system,Operations,cyber,59,Critical,1.99,"{""metric_1"": 1, ""metric_2"": 54}",False
RSK-004072,2026-05-28T19:18:54.966170,SYS-082,system,IT,fraud,45,Moderate,2.2,"{""metric_1"": 4, ""metric_2"": 80}",True
RSK-004073,2026-07-06T19:18:54.966170,SYS-089,system,Finance,fraud,49,High,4.77,"{""metric_1"": 4, ""metric_2"": 71}",True
RSK-004074,2026-05-31T19:18:54.966170,S-042,supplier,Finance,operational,74,Low,1.9,"{""metric_1"": 5, ""metric_2"": 18}",True
RSK-004075,2026-07-03T19:18:54.966170,S-030,supplier,IT,operational,23,Critical,0.62,"{""metric_1"": 4, ""metric_2"": 67}",True
RSK-004076,2026-08-10T19:18:54.966170,S-030,supplier,IT,operational,67,Moderate,4.15,"{""metric_1"": 8, ""metric_2"": 12}",False
RSK-004077,2026-08-10T19:18:54.966170,C-0302,customer,IT,customer,29,Moderate,3.66,"{""metric_1"": 6, ""metric_2"": 89}",True
RSK-004078,2026-06-29T19:18:54.966170,SYS-033,system,Operations,fraud,64,Critical,3.6,"{""metric_1"": 9, ""metric_2"": 67}",False
RSK-004079,2026-05-24T19:18:54.966170,SYS-010,system,Support,fraud,40,Critical,1.65,"{""metric_1"": 3, ""metric_2"": 38}",True
RSK-004080,2026-07-11T19:18:54.966170,C-1899,customer,Support,financial,95,High,2.91,"{""metric_1"": 3, ""metric_2"": 47}",False
RSK-004081,2026-07-23T19:18:54.966170,S-027,supplier,Operations,operational,46,Moderate,0.74,"{""metric_1"": 1, ""metric_2"": 38}",False
RSK-004082,2026-06-08T19:18:54.966170,C-3781,customer,Support,financial,38,Moderate,2.07,"{""metric_1"": 6, ""metric_2"": 84}",False
RSK-004083,2026-08-19T19:18:54.966170,C-0683,customer,IT,financial,45,Moderate,0.65,"{""metric_1"": 6, ""metric_2"": 18}",True
RSK-004084,2026-07-10T19:18:54.966170,SYS-038,system,IT,fraud,78,High,4.68,"{""metric_1"": 4, ""metric_2"": 98}",False
RSK-004085,2026-08-05T19:18:54.966170,SYS-075,system,Support,fraud,97,Critical,1.19,"{""metric_1"": 8, ""metric_2"": 79}",True
RSK-004086,2026-08-19T19:18:54.966170,SYS-091,system,Finance,fraud,26,High,0.99,"{""metric_1"": 4, ""metric_2"": 98}",False
RSK-004087,2026-07-23T19:18:54.966170,C-4621,customer,Operations,customer,52,Critical,4.28,"{""metric_1"": 6, ""metric_2"": 48}",True
RSK-004088,2026-08-14T19:18:54.966170,C-0222,customer,Finance,customer,27,High,1.62,"{""metric_1"": 4, ""metric_2"": 25}",True
RSK-004089,2026-06-09T19:18:54.966170,S-016,supplier,Support,operational,50,Low,2.52,"{""metric_1"": 7, ""metric_2"": 27}",False
RSK-004090,2026-07-27T19:18:54.966170,C-1426,customer,IT,customer,99,Moderate,1.68,"{""metric_1"": 6, ""metric_2"": 52}",False
RSK-004091,2026-07-08T19:18:54.966170,SYS-073,system,Finance,cyber,41,Critical,1.49,"{""metric_1"": 3, ""metric_2"": 41}",True
RSK-004092,2026-08-06T19:18:54.966170,SYS-086,system,IT,fraud,28,Critical,0.96,"{""metric_1"": 5, ""metric_2"": 78}",False
RSK-004093,2026-06-14T19:18:54.966170,SYS-045,system,Support,fraud,86,Critical,2.68,"{""metric_1"": 2, ""metric_2"": 91}",True
RSK-004094,2026-08-18T19:18:54.966170,C-2224,customer,Operations,financial,64,Critical,2.02,"{""metric_1"": 6, ""metric_2"": 41}",False
RSK-004095,2026-06-29T19:18:54.966170,SYS-032,system,IT,fraud,54,Critical,4.19,"{""metric_1"": 5, ""metric_2"": 39}",False
RSK-004096,2026-08-19T19:18:54.966170,SYS-004,system,Finance,cyber,97,Critical,1.36,"{""metric_1"": 1, ""metric_2"": 32}",True
RSK-004097,2026-08-02T19:18:54.966170,C-1130,customer,Operations,customer,37,Low,3.35,"{""metric_1"": 8, ""metric_2"": 10}",False
RSK-004098,2026-06-09T19:18:54.966170,SYS-032,system,Operations,fraud,17,Moderate,3.33,"{""metric_1"": 6, ""metric_2"": 72}",True
RSK-004099,2026-08-06T19:18:54.966170,SYS-056,system,IT,fraud,63,High,1.56,"{""metric_1"": 9, ""metric_2"": 37}",False
RSK-004100,2026-06-17T19:18:54.966170,S-028,supplier,Operations,operational,42,Critical,2.84,"{""metric_1"": 3, ""metric_2"": 50}",True
RSK-004101,2026-07-12T19:18:54.966170,C-0613,customer,Support,financial,53,High,2.05,"{""metric_1"": 8, ""metric_2"": 84}",False
RSK-004102,2026-05-23T19:18:54.966170,C-0981,customer,Operations,financial,69,Low,2.34,"{""metric_1"": 9, ""metric_2"": 63}",False
RSK-004103,2026-05-23T19:18:54.966170,S-012,supplier,Finance,operational,24,Moderate,3.33,"{""metric_1"": 3, ""metric_2"": 55}",False
RSK-004104,2026-06-02T19:18:54.966170,SYS-089,system,Operations,fraud,75,Moderate,1.1,"{""metric_1"": 4, ""metric_2"": 93}",False
RSK-004105,2026-08-05T19:18:54.966170,SYS-054,system,IT,fraud,64,Moderate,0.49,"{""metric_1"": 3, ""metric_2"": 20}",True
RSK-004106,2026-08-19T19:18:54.966170,C-3683,customer,Support,customer,86,Low,3.18,"{""metric_1"": 5, ""metric_2"": 30}",True
RSK-004107,2026-07-15T19:18:54.966170,SYS-069,system,Support,fraud,19,Low,0.3,"{""metric_1"": 8, ""metric_2"": 74}",False
RSK-004108,2026-06-17T19:18:54.966170,SYS-064,system,IT,fraud,44,Moderate,1.66,"{""metric_1"": 6, ""metric_2"": 46}",True
RSK-004109,2026-06-03T19:18:54.966170,C-1824,customer,IT,financial,62,High,4.55,"{""metric_1"": 1, ""metric_2"": 21}",True
RSK-004110,2026-06-08T19:18:54.966170,C-3288,customer,Finance,financial,34,Low,2.6,"{""metric_1"": 6, ""metric_2"": 53}",False
RSK-004111,2026-06-10T19:18:54.966170,C-1023,customer,Finance,financial,36,Critical,0.76,"{""metric_1"": 3, ""metric_2"": 53}",True
RSK-004112,2026-08-13T19:18:54.966170,S-002,supplier,Support,operational,83,Low,2.29,"{""metric_1"": 3, ""metric_2"": 15}",False
RSK-004113,2026-08-11T19:18:54.966170,C-2535,customer,Operations,financial,86,Critical,0.28,"{""metric_1"": 1, ""metric_2"": 13}",True
RSK-004114,2026-08-16T19:18:54.966170,S-034,supplier,Finance,operational,55,Moderate,0.67,"{""metric_1"": 3, ""metric_2"": 28}",False
RSK-004115,2026-07-26T19:18:54.966170,C-0867,customer,IT,financial,72,High,4.39,"{""metric_1"": 8, ""metric_2"": 65}",False
RSK-004116,2026-07-03T19:18:54.966170,SYS-019,system,IT,fraud,98,Low,2.32,"{""metric_1"": 7, ""metric_2"": 87}",False
RSK-004117,2026-05-28T19:18:54.966170,S-003,supplier,Finance,operational,41,Low,4.16,"{""metric_1"": 2, ""metric_2"": 19}",True
RSK-004118,2026-07-27T19:18:54.966170,SYS-049,system,Support,fraud,63,Critical,1.26,"{""metric_1"": 4, ""metric_2"": 16}",True
RSK-004119,2026-07-23T19:18:54.966170,S-020,supplier,Operations,operational,77,Low,0.94,"{""metric_1"": 9, ""metric_2"": 49}",True
RSK-004120,2026-06-06T19:18:54.966170,SYS-031,system,IT,fraud,33,Moderate,2.38,"{""metric_1"": 1, ""metric_2"": 86}",False
RSK-004121,2026-06-22T19:18:54.966170,SYS-081,system,Support,cyber,21,Low,4.41,"{""metric_1"": 8, ""metric_2"": 49}",False
RSK-004122,2026-06-27T19:18:54.966170,S-037,supplier,Finance,operational,77,High,0.77,"{""metric_1"": 9, ""metric_2"": 78}",True
RSK-004123,2026-07-29T19:18:54.966170,SYS-080,system,Finance,fraud,68,Moderate,3.12,"{""metric_1"": 2, ""metric_2"": 64}",False
RSK-004124,2026-06-06T19:18:54.966170,SYS-015,system,IT,cyber,17,High,4.4,"{""metric_1"": 4, ""metric_2"": 88}",False
RSK-004125,2026-07-26T19:18:54.966170,S-016,supplier,Finance,operational,79,Critical,3.18,"{""metric_1"": 3, ""metric_2"": 12}",False
RSK-004126,2026-06-26T19:18:54.966170,SYS-097,system,Operations,cyber,83,Critical,3.35,"{""metric_1"": 8, ""metric_2"": 37}",True
RSK-004127,2026-08-09T19:18:54.966170,SYS-012,system,Operations,fraud,59,Moderate,2.21,"{""metric_1"": 2, ""metric_2"": 10}",True
RSK-004128,2026-05-14T19:18:54.966170,SYS-020,system,Finance,cyber,17,Moderate,3.11,"{""metric_1"": 4, ""metric_2"": 18}",True
RSK-004129,2026-06-26T19:18:54.966170,SYS-020,system,Finance,fraud,22,Moderate,1.08,"{""metric_1"": 1, ""metric_2"": 94}",True
RSK-004130,2026-06-04T19:18:54.966170,S-038,supplier,Finance,operational,39,Moderate,4.19,"{""metric_1"": 9, ""metric_2"": 69}",True
RSK-004131,2026-08-16T19:18:54.966170,C-4322,customer,Finance,financial,70,Moderate,4.06,"{""metric_1"": 4, ""metric_2"": 46}",False
RSK-004132,2026-06-29T19:18:54.966170,C-0881,customer,Operations,financial,29,Moderate,3.8,"{""metric_1"": 6, ""metric_2"": 68}",False
RSK-004133,2026-07-14T19:18:54.966170,C-4659,customer,Support,financial,50,Moderate,0.47,"{""metric_1"": 2, ""metric_2"": 48}",False
RSK-004134,2026-08-18T19:18:54.966170,C-0617,customer,Operations,financial,16,Moderate,1.47,"{""metric_1"": 3, ""metric_2"": 54}",False
RSK-004135,2026-06-21T19:18:54.966170,SYS-087,system,Finance,fraud,78,High,0.7,"{""metric_1"": 3, ""metric_2"": 84}",False
RSK-004136,2026-07-04T19:18:54.966170,SYS-084,system,IT,fraud,70,Critical,2.84,"{""metric_1"": 3, ""metric_2"": 76}",False
RSK-004137,2026-08-03T19:18:54.966170,SYS-004,system,IT,fraud,24,Low,2.81,"{""metric_1"": 8, ""metric_2"": 28}",False
RSK-004138,2026-08-09T19:18:54.966170,C-3001,customer,Support,customer,46,Moderate,4.1,"{""metric_1"": 9, ""metric_2"": 81}",False
RSK-004139,2026-07-02T19:18:54.966170,C-2658,customer,Support,financial,16,Low,1.2,"{""metric_1"": 4, ""metric_2"": 91}",False
RSK-004140,2026-07-09T19:18:54.966170,SYS-077,system,Support,cyber,76,Moderate,2.09,"{""metric_1"": 3, ""metric_2"": 64}",False
RSK-004141,2026-07-23T19:18:54.966170,SYS-055,system,Support,cyber,57,High,4.01,"{""metric_1"": 9, ""metric_2"": 72}",False
RSK-004142,2026-05-22T19:18:54.966170,C-4491,customer,Operations,customer,39,High,0.92,"{""metric_1"": 1, ""metric_2"": 34}",False
RSK-004143,2026-06-21T19:18:54.966170,SYS-086,system,Finance,cyber,78,Low,4.83,"{""metric_1"": 5, ""metric_2"": 37}",True
RSK-004144,2026-06-24T19:18:54.966170,S-035,supplier,Support,operational,57,High,2.63,"{""metric_1"": 4, ""metric_2"": 89}",True
RSK-004145,2026-06-23T19:18:54.966170,C-4646,customer,Finance,financial,92,High,4.19,"{""metric_1"": 9, ""metric_2"": 17}",False
RSK-004146,2026-08-10T19:18:54.966170,C-2397,customer,Support,financial,50,Moderate,3.03,"{""metric_1"": 7, ""metric_2"": 23}",False
RSK-004147,2026-07-28T19:18:54.966170,SYS-009,system,Finance,fraud,89,Critical,3.77,"{""metric_1"": 6, ""metric_2"": 67}",True
RSK-004148,2026-07-24T19:18:54.966170,S-009,supplier,IT,operational,41,High,4.2,"{""metric_1"": 6, ""metric_2"": 75}",True
RSK-004149,2026-06-16T19:18:54.966170,SYS-016,system,Finance,fraud,51,Low,0.22,"{""metric_1"": 4, ""metric_2"": 96}",False
RSK-004150,2026-08-08T19:18:54.966170,C-1555,customer,Finance,customer,26,Low,2.41,"{""metric_1"": 2, ""metric_2"": 63}",False
RSK-004151,2026-07-26T19:18:54.966170,C-1282,customer,Finance,financial,91,Critical,2.96,"{""metric_1"": 5, ""metric_2"": 43}",True
RSK-004152,2026-07-14T19:18:54.966170,C-3860,customer,IT,financial,73,Low,1.12,"{""metric_1"": 2, ""metric_2"": 82}",False
RSK-004153,2026-08-03T19:18:54.966170,SYS-078,system,IT,fraud,61,Moderate,0.14,"{""metric_1"": 8, ""metric_2"": 27}",True
RSK-004154,2026-08-11T19:18:54.966170,SYS-019,system,IT,fraud,45,Moderate,1.1,"{""metric_1"": 3, ""metric_2"": 14}",False
RSK-004155,2026-07-12T19:18:54.966170,S-022,supplier,IT,operational,18,High,0.49,"{""metric_1"": 4, ""metric_2"": 62}",True
RSK-004156,2026-07-08T19:18:54.966170,C-2859,customer,Finance,customer,98,Low,0.1,"{""metric_1"": 4, ""metric_2"": 90}",False
RSK-004157,2026-06-17T19:18:54.966170,C-1761,customer,Finance,financial,13,Low,3.45,"{""metric_1"": 2, ""metric_2"": 99}",True
RSK-004158,2026-06-09T19:18:54.966170,S-046,supplier,IT,operational,10,Moderate,3.73,"{""metric_1"": 1, ""metric_2"": 70}",False
RSK-004159,2026-06-02T19:18:54.966170,C-2523,customer,Finance,customer,25,Low,4.13,"{""metric_1"": 2, ""metric_2"": 44}",False
RSK-004160,2026-07-12T19:18:54.966170,C-3339,customer,Support,financial,80,High,3.13,"{""metric_1"": 9, ""metric_2"": 50}",False
RSK-004161,2026-08-20T19:18:54.966170,C-2182,customer,Finance,financial,46,Low,1.78,"{""metric_1"": 5, ""metric_2"": 61}",False
RSK-004162,2026-07-15T19:18:54.966170,SYS-065,system,Operations,cyber,64,Critical,3.89,"{""metric_1"": 3, ""metric_2"": 85}",False
RSK-004163,2026-06-15T19:18:54.966170,S-019,supplier,IT,operational,43,Moderate,3.16,"{""metric_1"": 2, ""metric_2"": 82}",False
RSK-004164,2026-07-24T19:18:54.966170,SYS-068,system,Support,fraud,46,High,4.87,"{""metric_1"": 5, ""metric_2"": 65}",True
RSK-004165,2026-06-12T19:18:54.966170,C-1897,customer,IT,customer,10,High,3.66,"{""metric_1"": 1, ""metric_2"": 13}",False
RSK-004166,2026-08-07T19:18:54.966170,C-1097,customer,Support,financial,65,Low,0.62,"{""metric_1"": 3, ""metric_2"": 24}",False
RSK-004167,2026-05-31T19:18:54.966170,S-044,supplier,IT,operational,97,Moderate,2.04,"{""metric_1"": 1, ""metric_2"": 97}",True
RSK-004168,2026-07-11T19:18:54.966170,S-012,supplier,Operations,operational,99,Moderate,1.54,"{""metric_1"": 2, ""metric_2"": 96}",True
RSK-004169,2026-05-16T19:18:54.966170,C-3263,customer,IT,financial,35,Low,4.9,"{""metric_1"": 6, ""metric_2"": 12}",False
RSK-004170,2026-06-22T19:18:54.966170,C-4509,customer,Finance,customer,45,High,0.73,"{""metric_1"": 2, ""metric_2"": 17}",True
RSK-004171,2026-07-27T19:18:54.966170,SYS-039,system,IT,cyber,53,High,3.48,"{""metric_1"": 6, ""metric_2"": 32}",True
RSK-004172,2026-06-17T19:18:54.966170,S-046,supplier,Support,operational,79,Low,3.41,"{""metric_1"": 2, ""metric_2"": 52}",False
RSK-004173,2026-07-22T19:18:54.966170,C-3567,customer,Support,financial,15,High,0.93,"{""metric_1"": 6, ""metric_2"": 20}",True
RSK-004174,2026-06-01T19:18:54.966170,SYS-010,system,Operations,cyber,64,Critical,3.18,"{""metric_1"": 7, ""metric_2"": 59}",False
RSK-004175,2026-08-11T19:18:54.966170,SYS-048,system,IT,fraud,49,Moderate,0.43,"{""metric_1"": 2, ""metric_2"": 98}",False
RSK-004176,2026-07-01T19:18:54.966170,SYS-064,system,Support,fraud,27,Moderate,1.49,"{""metric_1"": 7, ""metric_2"": 26}",True
RSK-004177,2026-08-04T19:18:54.966170,C-3840,customer,Support,financial,41,Low,4.55,"{""metric_1"": 2, ""metric_2"": 27}",False
RSK-004178,2026-07-03T19:18:54.966170,SYS-059,system,Finance,cyber,18,Critical,3.81,"{""metric_1"": 7, ""metric_2"": 70}",False
RSK-004179,2026-06-11T19:18:54.966170,SYS-077,system,IT,cyber,31,High,2.58,"{""metric_1"": 2, ""metric_2"": 15}",False
RSK-004180,2026-06-30T19:18:54.966170,S-040,supplier,Support,operational,82,Moderate,0.47,"{""metric_1"": 9, ""metric_2"": 17}",True
RSK-004181,2026-07-01T19:18:54.966170,SYS-056,system,Support,fraud,28,Low,2.85,"{""metric_1"": 1, ""metric_2"": 13}",True
RSK-004182,2026-06-30T19:18:54.966170,SYS-051,system,IT,cyber,64,Critical,4.12,"{""metric_1"": 8, ""metric_2"": 15}",True
RSK-004183,2026-06-23T19:18:54.966170,C-1144,customer,IT,financial,65,Low,4.34,"{""metric_1"": 6, ""metric_2"": 36}",False
RSK-004184,2026-05-20T19:18:54.966170,SYS-062,system,Finance,fraud,44,Low,0.73,"{""metric_1"": 1, ""metric_2"": 61}",True
RSK-004185,2026-08-18T19:18:54.966170,C-2945,customer,IT,customer,87,High,4.62,"{""metric_1"": 1, ""metric_2"": 68}",False
RSK-004186,2026-08-18T19:18:54.966170,C-4723,customer,IT,financial,28,Low,1.78,"{""metric_1"": 9, ""metric_2"": 60}",True
RSK-004187,2026-08-05T19:18:54.966170,SYS-044,system,Operations,cyber,85,High,4.8,"{""metric_1"": 1, ""metric_2"": 91}",True
RSK-004188,2026-05-28T19:18:54.966170,SYS-057,system,IT,cyber,18,Critical,4.67,"{""metric_1"": 6, ""metric_2"": 71}",False
RSK-004189,2026-08-10T19:18:54.966170,SYS-053,system,IT,cyber,42,High,2.15,"{""metric_1"": 1, ""metric_2"": 93}",False
RSK-004190,2026-06-03T19:18:54.966170,C-1953,customer,Operations,financial,12,Moderate,4.75,"{""metric_1"": 5, ""metric_2"": 71}",True
RSK-004191,2026-07-30T19:18:54.966170,C-1855,customer,Support,customer,95,Critical,1.29,"{""metric_1"": 4, ""metric_2"": 11}",True
RSK-004192,2026-07-21T19:18:54.966170,C-2269,customer,Support,financial,12,High,3.13,"{""metric_1"": 7, ""metric_2"": 32}",True
RSK-004193,2026-05-31T19:18:54.966170,SYS-049,system,Finance,cyber,88,Low,4.36,"{""metric_1"": 9, ""metric_2"": 27}",False
RSK-004194,2026-08-07T19:18:54.966170,C-1116,customer,IT,financial,62,High,3.08,"{""metric_1"": 8, ""metric_2"": 38}",True
RSK-004195,2026-07-31T19:18:54.966170,C-1573,customer,Support,financial,63,Moderate,4.05,"{""metric_1"": 9, ""metric_2"": 60}",False
RSK-004196,2026-06-04T19:18:54.966170,S-026,supplier,Operations,operational,37,Critical,0.56,"{""metric_1"": 2, ""metric_2"": 59}",False
RSK-004197,2026-05-23T19:18:54.966170,SYS-038,system,Finance,fraud,77,Critical,2.87,"{""metric_1"": 2, ""metric_2"": 46}",True
RSK-004198,2026-06-06T19:18:54.966170,C-0715,customer,Operations,customer,27,Critical,2.5,"{""metric_1"": 9, ""metric_2"": 45}",True
RSK-004199,2026-05-31T19:18:54.966170,SYS-006,system,Operations,cyber,98,Moderate,4.55,"{""metric_1"": 2, ""metric_2"": 31}",True
RSK-004200,2026-07-25T19:18:54.966170,SYS-004,system,Operations,fraud,95,High,0.98,"{""metric_1"": 7, ""metric_2"": 56}",True
RSK-004201,2026-07-30T19:18:54.966170,SYS-006,system,Support,cyber,23,Low,1.88,"{""metric_1"": 5, ""metric_2"": 78}",False
RSK-004202,2026-07-24T19:18:54.966170,SYS-080,system,Finance,cyber,57,Critical,1.77,"{""metric_1"": 7, ""metric_2"": 35}",True
RSK-004203,2026-08-06T19:18:54.966170,C-4035,customer,Support,customer,10,High,4.55,"{""metric_1"": 2, ""metric_2"": 52}",True
RSK-004204,2026-08-19T19:18:54.966170,SYS-059,system,Support,fraud,33,High,0.72,"{""metric_1"": 3, ""metric_2"": 67}",True
RSK-004205,2026-06-03T19:18:54.966170,SYS-023,system,Finance,cyber,76,Critical,4.65,"{""metric_1"": 8, ""metric_2"": 56}",True
RSK-004206,2026-06-13T19:18:54.966170,C-1905,customer,Support,customer,57,High,1.74,"{""metric_1"": 3, ""metric_2"": 76}",True
RSK-004207,2026-07-07T19:18:54.966170,C-4078,customer,Support,customer,20,Moderate,2.46,"{""metric_1"": 3, ""metric_2"": 10}",False
RSK-004208,2026-05-22T19:18:54.966170,SYS-046,system,IT,fraud,66,Low,4.35,"{""metric_1"": 6, ""metric_2"": 55}",False
RSK-004209,2026-08-19T19:18:54.966170,S-002,supplier,Support,operational,19,Critical,3.21,"{""metric_1"": 3, ""metric_2"": 92}",True
RSK-004210,2026-06-09T19:18:54.966170,SYS-028,system,Finance,cyber,86,Moderate,4.32,"{""metric_1"": 2, ""metric_2"": 29}",False
RSK-004211,2026-06-15T19:18:54.966170,SYS-064,system,IT,cyber,91,Low,0.46,"{""metric_1"": 9, ""metric_2"": 95}",False
RSK-004212,2026-08-09T19:18:54.966170,C-4319,customer,Support,financial,31,Low,0.72,"{""metric_1"": 6, ""metric_2"": 50}",True
RSK-004213,2026-06-23T19:18:54.966170,SYS-025,system,IT,fraud,89,Moderate,2.62,"{""metric_1"": 2, ""metric_2"": 60}",True
RSK-004214,2026-05-31T19:18:54.966170,C-3685,customer,Operations,financial,32,High,3.09,"{""metric_1"": 9, ""metric_2"": 32}",True
RSK-004215,2026-06-03T19:18:54.966170,S-048,supplier,Operations,operational,22,Critical,2.69,"{""metric_1"": 1, ""metric_2"": 75}",True
RSK-004216,2026-07-25T19:18:54.966170,SYS-021,system,IT,cyber,46,Moderate,0.17,"{""metric_1"": 4, ""metric_2"": 84}",True
RSK-004217,2026-07-07T19:18:54.966170,C-3075,customer,Finance,financial,22,Moderate,1.53,"{""metric_1"": 9, ""metric_2"": 98}",False
RSK-004218,2026-07-27T19:18:54.966170,SYS-096,system,IT,fraud,51,High,0.67,"{""metric_1"": 5, ""metric_2"": 90}",True
RSK-004219,2026-08-01T19:18:54.966170,S-047,supplier,Operations,operational,86,Low,3.3,"{""metric_1"": 7, ""metric_2"": 80}",True
RSK-004220,2026-08-15T19:18:54.966170,C-3812,customer,Operations,financial,27,Moderate,4.07,"{""metric_1"": 5, ""metric_2"": 80}",True
RSK-004221,2026-06-28T19:18:54.966170,C-2281,customer,IT,financial,19,High,3.56,"{""metric_1"": 9, ""metric_2"": 85}",True
RSK-004222,2026-05-16T19:18:54.966170,S-020,supplier,Finance,operational,64,Critical,1.23,"{""metric_1"": 7, ""metric_2"": 66}",False
RSK-004223,2026-07-14T19:18:54.966170,C-0314,customer,Operations,financial,51,Low,2.54,"{""metric_1"": 6, ""metric_2"": 20}",False
RSK-004224,2026-07-05T19:18:54.966170,S-044,supplier,Finance,operational,66,High,2.23,"{""metric_1"": 8, ""metric_2"": 30}",False
RSK-004225,2026-05-22T19:18:54.966170,SYS-023,system,Finance,fraud,66,Critical,1.38,"{""metric_1"": 3, ""metric_2"": 16}",True
RSK-004226,2026-07-28T19:18:54.966170,C-3864,customer,Finance,customer,92,Moderate,3.91,"{""metric_1"": 2, ""metric_2"": 59}",True
RSK-004227,2026-07-30T19:18:54.966170,C-2095,customer,Operations,customer,79,Low,0.25,"{""metric_1"": 2, ""metric_2"": 99}",False
RSK-004228,2026-07-11T19:18:54.966170,C-2736,customer,Operations,financial,60,High,0.42,"{""metric_1"": 8, ""metric_2"": 29}",False
RSK-004229,2026-07-24T19:18:54.966170,S-044,supplier,Support,operational,54,Critical,3.6,"{""metric_1"": 8, ""metric_2"": 40}",True
RSK-004230,2026-07-01T19:18:54.966170,C-4936,customer,Operations,financial,95,High,3.46,"{""metric_1"": 9, ""metric_2"": 20}",True
RSK-004231,2026-08-08T19:18:54.966170,SYS-065,system,Finance,fraud,77,High,2.27,"{""metric_1"": 2, ""metric_2"": 27}",True
RSK-004232,2026-05-21T19:18:54.966170,SYS-075,system,Support,fraud,99,High,1.66,"{""metric_1"": 1, ""metric_2"": 89}",True
RSK-004233,2026-07-20T19:18:54.966170,S-048,supplier,Operations,operational,64,Critical,4.78,"{""metric_1"": 1, ""metric_2"": 78}",True
RSK-004234,2026-07-12T19:18:54.966170,C-3539,customer,Operations,customer,51,High,3.03,"{""metric_1"": 8, ""metric_2"": 32}",False
RSK-004235,2026-08-20T19:18:54.966170,C-4215,customer,Operations,financial,55,Moderate,0.5,"{""metric_1"": 8, ""metric_2"": 44}",False
RSK-004236,2026-05-22T19:18:54.966170,S-028,supplier,IT,operational,66,High,4.25,"{""metric_1"": 4, ""metric_2"": 80}",True
RSK-004237,2026-07-16T19:18:54.966170,S-022,supplier,Support,operational,31,Moderate,0.41,"{""metric_1"": 2, ""metric_2"": 67}",False
RSK-004238,2026-08-02T19:18:54.966170,SYS-004,system,Finance,cyber,89,Moderate,2.68,"{""metric_1"": 5, ""metric_2"": 48}",True
RSK-004239,2026-07-14T19:18:54.966170,C-4457,customer,Operations,customer,74,Critical,3.13,"{""metric_1"": 5, ""metric_2"": 71}",False
RSK-004240,2026-08-11T19:18:54.966170,SYS-034,system,Operations,fraud,98,Moderate,3.53,"{""metric_1"": 9, ""metric_2"": 12}",True
RSK-004241,2026-08-07T19:18:54.966170,SYS-058,system,IT,cyber,44,Moderate,0.96,"{""metric_1"": 6, ""metric_2"": 78}",True
RSK-004242,2026-06-07T19:18:54.966170,SYS-051,system,Support,cyber,53,Moderate,2.06,"{""metric_1"": 2, ""metric_2"": 99}",True
RSK-004243,2026-06-15T19:18:54.966170,S-009,supplier,Finance,operational,27,High,0.89,"{""metric_1"": 1, ""metric_2"": 19}",False
RSK-004244,2026-07-21T19:18:54.966170,C-0872,customer,IT,financial,68,Low,2.72,"{""metric_1"": 7, ""metric_2"": 45}",False
RSK-004245,2026-06-29T19:18:54.966170,SYS-039,system,Support,cyber,37,High,3.54,"{""metric_1"": 3, ""metric_2"": 49}",False
RSK-004246,2026-07-21T19:18:54.966170,C-1001,customer,Operations,customer,42,Moderate,1.88,"{""metric_1"": 1, ""metric_2"": 58}",False
RSK-004247,2026-07-23T19:18:54.966170,SYS-035,system,IT,fraud,42,Low,1.52,"{""metric_1"": 9, ""metric_2"": 42}",False
RSK-004248,2026-06-24T19:18:54.966170,SYS-070,system,Operations,cyber,54,Critical,0.64,"{""metric_1"": 1, ""metric_2"": 64}",False
RSK-004249,2026-06-07T19:18:54.966170,S-042,supplier,Operations,operational,69,Critical,3.93,"{""metric_1"": 5, ""metric_2"": 76}",False
RSK-004250,2026-07-22T19:18:54.966170,C-2208,customer,Support,financial,37,High,0.42,"{""metric_1"": 8, ""metric_2"": 41}",False
RSK-004251,2026-07-02T19:18:54.966170,SYS-098,system,Support,fraud,42,Critical,2.83,"{""metric_1"": 3, ""metric_2"": 75}",True
RSK-004252,2026-07-19T19:18:54.966170,C-0197,customer,Operations,financial,55,High,1.4,"{""metric_1"": 1, ""metric_2"": 96}",True
RSK-004253,2026-07-13T19:18:54.966170,SYS-093,system,Support,cyber,80,Low,1.27,"{""metric_1"": 8, ""metric_2"": 74}",False
RSK-004254,2026-06-05T19:18:54.966170,SYS-078,system,Support,cyber,27,Critical,2.2,"{""metric_1"": 5, ""metric_2"": 76}",True
RSK-004255,2026-06-28T19:18:54.966170,S-039,supplier,Finance,operational,18,Low,2.52,"{""metric_1"": 2, ""metric_2"": 10}",True
RSK-004256,2026-07-20T19:18:54.966170,C-3697,customer,Support,financial,54,Moderate,1.04,"{""metric_1"": 9, ""metric_2"": 20}",False
RSK-004257,2026-07-08T19:18:54.966170,SYS-068,system,Finance,cyber,61,Low,4.31,"{""metric_1"": 1, ""metric_2"": 74}",False
RSK-004258,2026-08-21T19:18:54.966170,SYS-033,system,Support,fraud,15,Moderate,1.42,"{""metric_1"": 4, ""metric_2"": 63}",False
RSK-004259,2026-06-19T19:18:54.966170,SYS-081,system,IT,fraud,59,High,3.39,"{""metric_1"": 8, ""metric_2"": 82}",False
RSK-004260,2026-07-26T19:18:54.966170,C-1327,customer,Operations,financial,57,Low,1.27,"{""metric_1"": 7, ""metric_2"": 96}",False
RSK-004261,2026-07-10T19:18:54.966170,C-2434,customer,Finance,customer,78,Moderate,3.31,"{""metric_1"": 7, ""metric_2"": 70}",False
RSK-004262,2026-08-12T19:18:54.966170,C-4453,customer,Finance,financial,55,High,4.86,"{""metric_1"": 7, ""metric_2"": 35}",False
RSK-004263,2026-05-24T19:18:54.966170,S-030,supplier,Support,operational,74,Critical,2.94,"{""metric_1"": 3, ""metric_2"": 66}",True
RSK-004264,2026-06-19T19:18:54.966170,SYS-025,system,Support,fraud,17,Low,0.48,"{""metric_1"": 1, ""metric_2"": 22}",False
RSK-004265,2026-07-08T19:18:54.966170,SYS-019,system,IT,cyber,96,High,0.9,"{""metric_1"": 8, ""metric_2"": 58}",True
RSK-004266,2026-05-16T19:18:54.966170,SYS-079,system,Finance,fraud,17,Low,5.0,"{""metric_1"": 2, ""metric_2"": 33}",False
RSK-004267,2026-06-13T19:18:54.966170,C-4787,customer,Finance,financial,46,Moderate,3.38,"{""metric_1"": 5, ""metric_2"": 74}",True
RSK-004268,2026-06-14T19:18:54.966170,S-009,supplier,Support,operational,11,Critical,1.34,"{""metric_1"": 7, ""metric_2"": 89}",False
RSK-004269,2026-08-04T19:18:54.966170,C-0348,customer,IT,financial,30,High,0.13,"{""metric_1"": 3, ""metric_2"": 67}",False
RSK-004270,2026-06-27T19:18:54.966170,SYS-094,system,Operations,cyber,21,Moderate,2.41,"{""metric_1"": 5, ""metric_2"": 73}",True
RSK-004271,2026-06-21T19:18:54.966170,C-1111,customer,Finance,customer,51,High,3.44,"{""metric_1"": 7, ""metric_2"": 44}",True
RSK-004272,2026-05-28T19:18:54.966170,C-0602,customer,IT,customer,20,Moderate,1.85,"{""metric_1"": 2, ""metric_2"": 16}",True
RSK-004273,2026-06-22T19:18:54.966170,SYS-010,system,Support,fraud,35,Critical,0.88,"{""metric_1"": 7, ""metric_2"": 88}",True
RSK-004274,2026-08-01T19:18:54.966170,SYS-089,system,Finance,cyber,45,Critical,3.25,"{""metric_1"": 6, ""metric_2"": 87}",False
RSK-004275,2026-06-09T19:18:54.966170,SYS-028,system,Finance,cyber,49,Critical,4.34,"{""metric_1"": 2, ""metric_2"": 22}",True
RSK-004276,2026-05-23T19:18:54.966170,S-045,supplier,Operations,operational,53,High,1.01,"{""metric_1"": 6, ""metric_2"": 60}",False
RSK-004277,2026-08-14T19:18:54.966170,C-0213,customer,Support,financial,95,Low,4.67,"{""metric_1"": 3, ""metric_2"": 90}",False
RSK-004278,2026-05-30T19:18:54.966170,SYS-085,system,IT,cyber,28,High,1.64,"{""metric_1"": 2, ""metric_2"": 62}",False
RSK-004279,2026-07-14T19:18:54.966170,S-034,supplier,Support,operational,93,Moderate,0.38,"{""metric_1"": 9, ""metric_2"": 78}",False
RSK-004280,2026-06-07T19:18:54.966170,C-2466,customer,Support,customer,55,Critical,0.97,"{""metric_1"": 2, ""metric_2"": 91}",False
RSK-004281,2026-05-19T19:18:54.966170,SYS-041,system,Operations,cyber,56,Critical,2.98,"{""metric_1"": 1, ""metric_2"": 45}",True
RSK-004282,2026-07-11T19:18:54.966170,SYS-038,system,IT,cyber,25,Critical,1.88,"{""metric_1"": 7, ""metric_2"": 86}",False
RSK-004283,2026-05-25T19:18:54.966170,C-3696,customer,Support,financial,41,Moderate,2.62,"{""metric_1"": 4, ""metric_2"": 57}",False
RSK-004284,2026-08-21T19:18:54.966170,S-020,supplier,Operations,operational,68,High,0.96,"{""metric_1"": 6, ""metric_2"": 61}",True
RSK-004285,2026-05-30T19:18:54.966170,C-0997,customer,Operations,financial,23,Low,4.59,"{""metric_1"": 8, ""metric_2"": 78}",False
RSK-004286,2026-05-28T19:18:54.966170,C-3281,customer,Support,financial,52,Moderate,0.42,"{""metric_1"": 3, ""metric_2"": 98}",False
RSK-004287,2026-08-21T19:18:54.966170,SYS-039,system,Support,fraud,53,Critical,0.91,"{""metric_1"": 7, ""metric_2"": 41}",False
RSK-004288,2026-08-07T19:18:54.966170,S-013,supplier,Support,operational,43,Moderate,3.7,"{""metric_1"": 7, ""metric_2"": 83}",True
RSK-004289,2026-07-14T19:18:54.966170,S-050,supplier,Finance,operational,84,Critical,4.86,"{""metric_1"": 3, ""metric_2"": 22}",False
RSK-004290,2026-07-08T19:18:54.966170,S-040,supplier,IT,operational,36,High,2.39,"{""metric_1"": 5, ""metric_2"": 60}",False
RSK-004291,2026-06-17T19:18:54.966170,S-049,supplier,Operations,operational,26,Critical,1.05,"{""metric_1"": 9, ""metric_2"": 68}",False
RSK-004292,2026-07-17T19:18:54.966170,SYS-070,system,Finance,cyber,45,Low,0.86,"{""metric_1"": 2, ""metric_2"": 26}",True
RSK-004293,2026-06-14T19:18:54.966170,C-0741,customer,Finance,customer,19,Critical,0.98,"{""metric_1"": 8, ""metric_2"": 69}",True
RSK-004294,2026-07-08T19:18:54.966170,C-0544,customer,Support,financial,94,Low,2.91,"{""metric_1"": 1, ""metric_2"": 49}",False
RSK-004295,2026-07-20T19:18:54.966170,SYS-035,system,Support,fraud,28,Critical,4.41,"{""metric_1"": 9, ""metric_2"": 28}",True
RSK-004296,2026-05-17T19:18:54.966170,S-034,supplier,Finance,operational,34,High,4.9,"{""metric_1"": 4, ""metric_2"": 92}",False
RSK-004297,2026-07-08T19:18:54.966170,C-4278,customer,Support,financial,55,Moderate,0.23,"{""metric_1"": 7, ""metric_2"": 92}",True
RSK-004298,2026-08-14T19:18:54.966170,SYS-096,system,Finance,cyber,96,Critical,4.53,"{""metric_1"": 8, ""metric_2"": 77}",False
RSK-004299,2026-07-21T19:18:54.966170,C-3001,customer,IT,financial,32,Moderate,4.32,"{""metric_1"": 8, ""metric_2"": 86}",False
RSK-004300,2026-06-01T19:18:54.966170,S-036,supplier,Support,operational,78,High,0.67,"{""metric_1"": 6, ""metric_2"": 49}",True
RSK-004301,2026-08-20T19:18:54.966170,S-003,supplier,Operations,operational,22,Moderate,1.3,"{""metric_1"": 5, ""metric_2"": 82}",False
RSK-004302,2026-07-08T19:18:54.966170,C-0707,customer,IT,financial,88,Low,3.09,"{""metric_1"": 2, ""metric_2"": 49}",True
RSK-004303,2026-07-07T19:18:54.966170,SYS-008,system,IT,fraud,24,Moderate,1.33,"{""metric_1"": 4, ""metric_2"": 33}",True
RSK-004304,2026-06-01T19:18:54.966170,C-3663,customer,IT,financial,34,Moderate,4.59,"{""metric_1"": 4, ""metric_2"": 60}",True
RSK-004305,2026-06-12T19:18:54.966170,SYS-048,system,IT,fraud,15,Moderate,2.87,"{""metric_1"": 3, ""metric_2"": 70}",True
RSK-004306,2026-06-12T19:18:54.966170,SYS-060,system,Finance,fraud,64,Low,2.01,"{""metric_1"": 3, ""metric_2"": 95}",False
RSK-004307,2026-05-17T19:18:54.966170,S-050,supplier,Support,operational,19,High,3.46,"{""metric_1"": 9, ""metric_2"": 10}",False
RSK-004308,2026-06-11T19:18:54.966170,C-0508,customer,IT,financial,19,High,3.24,"{""metric_1"": 5, ""metric_2"": 10}",False
RSK-004309,2026-08-20T19:18:54.966170,S-013,supplier,Operations,operational,74,Low,0.54,"{""metric_1"": 7, ""metric_2"": 26}",False
RSK-004310,2026-08-16T19:18:54.966170,SYS-007,system,Support,fraud,83,High,2.98,"{""metric_1"": 3, ""metric_2"": 70}",False
RSK-004311,2026-06-20T19:18:54.966170,SYS-023,system,Support,cyber,52,Low,3.18,"{""metric_1"": 9, ""metric_2"": 81}",True
RSK-004312,2026-06-19T19:18:54.966170,SYS-069,system,Support,fraud,20,Moderate,2.08,"{""metric_1"": 1, ""metric_2"": 71}",False
RSK-004313,2026-07-05T19:18:54.966170,SYS-096,system,IT,fraud,84,Critical,1.08,"{""metric_1"": 3, ""metric_2"": 43}",True
RSK-004314,2026-08-14T19:18:54.966170,C-3831,customer,IT,financial,55,Critical,4.56,"{""metric_1"": 7, ""metric_2"": 19}",True
RSK-004315,2026-08-17T19:18:54.966170,C-2744,customer,Finance,customer,42,Low,4.81,"{""metric_1"": 7, ""metric_2"": 29}",False
RSK-004316,2026-07-25T19:18:54.966170,C-4187,customer,IT,customer,61,High,3.93,"{""metric_1"": 5, ""metric_2"": 28}",False
RSK-004317,2026-05-15T19:18:54.966170,SYS-051,system,Support,cyber,33,Critical,1.64,"{""metric_1"": 1, ""metric_2"": 91}",False
RSK-004318,2026-07-18T19:18:54.966170,C-3237,customer,Operations,customer,65,High,0.85,"{""metric_1"": 1, ""metric_2"": 98}",True
RSK-004319,2026-05-23T19:18:54.966170,SYS-072,system,IT,fraud,16,Low,2.99,"{""metric_1"": 8, ""metric_2"": 20}",True
RSK-004320,2026-07-21T19:18:54.966170,SYS-044,system,IT,cyber,96,Low,1.45,"{""metric_1"": 3, ""metric_2"": 78}",True
RSK-004321,2026-06-16T19:18:54.966170,SYS-075,system,Operations,cyber,33,High,2.37,"{""metric_1"": 8, ""metric_2"": 90}",True
RSK-004322,2026-05-22T19:18:54.966170,C-2024,customer,Operations,financial,31,Moderate,0.2,"{""metric_1"": 6, ""metric_2"": 27}",False
RSK-004323,2026-06-26T19:18:54.966170,SYS-081,system,Support,fraud,64,Low,1.69,"{""metric_1"": 4, ""metric_2"": 25}",True
RSK-004324,2026-07-07T19:18:54.966170,SYS-002,system,Support,fraud,72,Critical,0.88,"{""metric_1"": 7, ""metric_2"": 89}",False
RSK-004325,2026-08-02T19:18:54.966170,C-0760,customer,Operations,customer,11,High,4.21,"{""metric_1"": 8, ""metric_2"": 60}",False
RSK-004326,2026-06-03T19:18:54.966170,SYS-041,system,Operations,fraud,36,Low,4.81,"{""metric_1"": 8, ""metric_2"": 58}",True
RSK-004327,2026-07-01T19:18:54.966170,SYS-025,system,Support,cyber,54,Moderate,0.28,"{""metric_1"": 5, ""metric_2"": 58}",False
RSK-004328,2026-06-06T19:18:54.966170,C-4400,customer,Finance,financial,31,Moderate,0.49,"{""metric_1"": 8, ""metric_2"": 18}",False
RSK-004329,2026-07-16T19:18:54.966170,C-2651,customer,IT,financial,26,High,4.23,"{""metric_1"": 7, ""metric_2"": 26}",True
RSK-004330,2026-06-16T19:18:54.966170,C-0120,customer,Finance,financial,85,Low,3.89,"{""metric_1"": 4, ""metric_2"": 77}",False
RSK-004331,2026-08-14T19:18:54.966170,SYS-037,system,IT,fraud,84,Moderate,3.11,"{""metric_1"": 8, ""metric_2"": 12}",True
RSK-004332,2026-07-23T19:18:54.966170,SYS-034,system,IT,fraud,32,Critical,1.95,"{""metric_1"": 9, ""metric_2"": 28}",False
RSK-004333,2026-06-16T19:18:54.966170,SYS-057,system,Support,cyber,52,Moderate,1.34,"{""metric_1"": 7, ""metric_2"": 74}",False
RSK-004334,2026-07-19T19:18:54.966170,S-047,supplier,Operations,operational,54,High,0.67,"{""metric_1"": 6, ""metric_2"": 39}",True
RSK-004335,2026-07-19T19:18:54.966170,SYS-010,system,IT,cyber,20,High,4.38,"{""metric_1"": 3, ""metric_2"": 51}",True
RSK-004336,2026-06-01T19:18:54.966170,C-0710,customer,Finance,customer,17,Moderate,3.19,"{""metric_1"": 4, ""metric_2"": 59}",True
RSK-004337,2026-05-22T19:18:54.966170,SYS-099,system,Operations,cyber,37,Low,3.52,"{""metric_1"": 2, ""metric_2"": 53}",False
RSK-004338,2026-07-03T19:18:54.966170,C-4154,customer,Support,customer,50,Critical,2.3,"{""metric_1"": 5, ""metric_2"": 20}",True
RSK-004339,2026-07-11T19:18:54.966170,SYS-070,system,Operations,cyber,12,High,1.84,"{""metric_1"": 6, ""metric_2"": 11}",False
RSK-004340,2026-05-31T19:18:54.966170,SYS-071,system,Operations,cyber,74,High,4.0,"{""metric_1"": 2, ""metric_2"": 10}",True
RSK-004341,2026-05-26T19:18:54.966170,S-020,supplier,Finance,operational,20,Moderate,3.52,"{""metric_1"": 8, ""metric_2"": 77}",True
RSK-004342,2026-06-14T19:18:54.966170,S-020,supplier,Operations,operational,97,Critical,1.99,"{""metric_1"": 4, ""metric_2"": 76}",True
RSK-004343,2026-06-17T19:18:54.966170,S-031,supplier,IT,operational,10,Critical,3.46,"{""metric_1"": 4, ""metric_2"": 21}",False
RSK-004344,2026-05-15T19:18:54.966170,C-3400,customer,IT,customer,86,Moderate,1.45,"{""metric_1"": 1, ""metric_2"": 87}",True
RSK-004345,2026-07-22T19:18:54.966170,SYS-080,system,Finance,fraud,26,High,3.05,"{""metric_1"": 8, ""metric_2"": 52}",False
RSK-004346,2026-07-11T19:18:54.966170,SYS-083,system,IT,fraud,24,High,3.78,"{""metric_1"": 9, ""metric_2"": 57}",True
RSK-004347,2026-06-15T19:18:54.966170,S-043,supplier,Operations,operational,88,Moderate,1.77,"{""metric_1"": 4, ""metric_2"": 48}",True
RSK-004348,2026-07-30T19:18:54.966170,SYS-057,system,Support,cyber,88,Low,3.64,"{""metric_1"": 4, ""metric_2"": 94}",False
RSK-004349,2026-08-04T19:18:54.966170,C-1237,customer,Support,customer,83,Critical,0.32,"{""metric_1"": 6, ""metric_2"": 85}",False
RSK-004350,2026-06-02T19:18:54.966170,S-038,supplier,Support,operational,87,High,4.43,"{""metric_1"": 2, ""metric_2"": 24}",True
RSK-004351,2026-06-04T19:18:54.966170,SYS-072,system,Finance,cyber,25,Low,4.37,"{""metric_1"": 6, ""metric_2"": 30}",True
RSK-004352,2026-07-26T19:18:54.966170,S-039,supplier,Operations,operational,43,Critical,0.85,"{""metric_1"": 1, ""metric_2"": 12}",False
RSK-004353,2026-06-08T19:18:54.966170,SYS-075,system,Finance,cyber,93,High,2.76,"{""metric_1"": 6, ""metric_2"": 84}",False
RSK-004354,2026-07-27T19:18:54.966170,SYS-047,system,IT,cyber,55,Moderate,0.48,"{""metric_1"": 4, ""metric_2"": 91}",False
RSK-004355,2026-08-03T19:18:54.966170,S-022,supplier,Operations,operational,44,Critical,4.46,"{""metric_1"": 3, ""metric_2"": 85}",True
RSK-004356,2026-07-11T19:18:54.966170,SYS-077,system,Finance,cyber,57,Moderate,2.08,"{""metric_1"": 1, ""metric_2"": 47}",True
RSK-004357,2026-06-10T19:18:54.966170,C-2113,customer,Operations,financial,47,High,0.86,"{""metric_1"": 9, ""metric_2"": 39}",True
RSK-004358,2026-08-15T19:18:54.966170,C-3652,customer,IT,customer,54,Critical,1.91,"{""metric_1"": 9, ""metric_2"": 26}",True
RSK-004359,2026-06-07T19:18:54.966170,SYS-031,system,Finance,fraud,41,High,1.08,"{""metric_1"": 5, ""metric_2"": 60}",False
RSK-004360,2026-05-22T19:18:54.966170,SYS-016,system,IT,fraud,78,Low,4.96,"{""metric_1"": 3, ""metric_2"": 13}",True
RSK-004361,2026-05-25T19:18:54.966170,SYS-015,system,Finance,cyber,82,Critical,3.93,"{""metric_1"": 8, ""metric_2"": 71}",False
RSK-004362,2026-07-05T19:18:54.966170,SYS-097,system,IT,fraud,12,Critical,2.07,"{""metric_1"": 8, ""metric_2"": 23}",False
RSK-004363,2026-07-25T19:18:54.966170,SYS-037,system,Support,cyber,34,High,4.31,"{""metric_1"": 7, ""metric_2"": 82}",True
RSK-004364,2026-05-18T19:18:54.966170,C-0259,customer,Finance,financial,60,High,3.34,"{""metric_1"": 3, ""metric_2"": 45}",False
RSK-004365,2026-08-13T19:18:54.966170,C-0254,customer,Support,financial,80,Critical,1.05,"{""metric_1"": 5, ""metric_2"": 57}",False
RSK-004366,2026-05-16T19:18:54.966170,S-048,supplier,Finance,operational,18,Low,0.39,"{""metric_1"": 1, ""metric_2"": 99}",True
RSK-004367,2026-07-15T19:18:54.966170,C-1763,customer,Support,financial,53,Low,2.56,"{""metric_1"": 4, ""metric_2"": 58}",False
RSK-004368,2026-06-28T19:18:54.966170,SYS-066,system,Finance,cyber,75,Moderate,4.86,"{""metric_1"": 6, ""metric_2"": 54}",False
RSK-004369,2026-07-25T19:18:54.966170,C-0324,customer,Operations,financial,68,Low,0.58,"{""metric_1"": 6, ""metric_2"": 81}",True
RSK-004370,2026-08-16T19:18:54.966170,S-013,supplier,Support,operational,18,High,4.81,"{""metric_1"": 3, ""metric_2"": 41}",False
RSK-004371,2026-06-04T19:18:54.966170,SYS-098,system,Support,fraud,32,Low,4.34,"{""metric_1"": 2, ""metric_2"": 26}",False
RSK-004372,2026-08-08T19:18:54.966170,S-019,supplier,Finance,operational,76,Low,4.22,"{""metric_1"": 2, ""metric_2"": 25}",False
RSK-004373,2026-06-10T19:18:54.966170,SYS-059,system,IT,fraud,63,Low,3.41,"{""metric_1"": 9, ""metric_2"": 50}",False
RSK-004374,2026-08-01T19:18:54.966170,SYS-080,system,Finance,fraud,70,Low,2.77,"{""metric_1"": 5, ""metric_2"": 88}",False
RSK-004375,2026-06-22T19:18:54.966170,SYS-021,system,Finance,fraud,25,Moderate,1.22,"{""metric_1"": 8, ""metric_2"": 96}",True
RSK-004376,2026-08-19T19:18:54.966170,S-002,supplier,Support,operational,45,Critical,4.44,"{""metric_1"": 7, ""metric_2"": 37}",True
RSK-004377,2026-06-14T19:18:54.966170,C-0374,customer,Support,financial,47,Critical,4.35,"{""metric_1"": 2, ""metric_2"": 37}",True
RSK-004378,2026-05-26T19:18:54.966170,S-049,supplier,Finance,operational,36,Critical,3.42,"{""metric_1"": 2, ""metric_2"": 99}",True
RSK-004379,2026-06-19T19:18:54.966170,C-4786,customer,Operations,financial,93,Moderate,3.68,"{""metric_1"": 9, ""metric_2"": 16}",True
RSK-004380,2026-07-11T19:18:54.966170,SYS-026,system,Support,cyber,47,High,1.02,"{""metric_1"": 1, ""metric_2"": 18}",False
RSK-004381,2026-08-04T19:18:54.966170,SYS-091,system,Finance,cyber,39,Moderate,0.71,"{""metric_1"": 7, ""metric_2"": 52}",False
RSK-004382,2026-07-29T19:18:54.966170,SYS-006,system,Finance,cyber,45,Low,1.15,"{""metric_1"": 5, ""metric_2"": 36}",True
RSK-004383,2026-05-26T19:18:54.966170,SYS-041,system,Finance,cyber,47,Critical,0.29,"{""metric_1"": 5, ""metric_2"": 13}",True
RSK-004384,2026-05-23T19:18:54.966170,SYS-010,system,Operations,cyber,29,Moderate,2.02,"{""metric_1"": 3, ""metric_2"": 99}",True
RSK-004385,2026-07-13T19:18:54.966170,SYS-047,system,Support,fraud,39,Critical,2.97,"{""metric_1"": 7, ""metric_2"": 48}",True
RSK-004386,2026-05-29T19:18:54.966170,SYS-065,system,IT,fraud,34,Moderate,1.68,"{""metric_1"": 1, ""metric_2"": 20}",True
RSK-004387,2026-07-24T19:18:54.966170,SYS-066,system,Operations,cyber,99,High,1.28,"{""metric_1"": 3, ""metric_2"": 86}",True
RSK-004388,2026-08-11T19:18:54.966170,C-0918,customer,Operations,financial,97,Moderate,3.51,"{""metric_1"": 1, ""metric_2"": 74}",False
RSK-004389,2026-08-06T19:18:54.966170,C-1336,customer,IT,customer,94,Low,0.2,"{""metric_1"": 5, ""metric_2"": 69}",True
RSK-004390,2026-06-15T19:18:54.966170,S-045,supplier,IT,operational,42,Critical,1.61,"{""metric_1"": 2, ""metric_2"": 46}",True
RSK-004391,2026-06-07T19:18:54.966170,SYS-020,system,Operations,fraud,43,Moderate,4.36,"{""metric_1"": 1, ""metric_2"": 58}",False
RSK-004392,2026-06-25T19:18:54.966170,S-033,supplier,Operations,operational,64,Critical,4.75,"{""metric_1"": 9, ""metric_2"": 52}",False
RSK-004393,2026-07-08T19:18:54.966170,C-2083,customer,Finance,customer,84,Moderate,0.88,"{""metric_1"": 2, ""metric_2"": 44}",True
RSK-004394,2026-07-16T19:18:54.966170,S-035,supplier,IT,operational,63,Critical,2.66,"{""metric_1"": 1, ""metric_2"": 30}",False
RSK-004395,2026-08-02T19:18:54.966170,SYS-064,system,IT,fraud,15,Low,2.33,"{""metric_1"": 3, ""metric_2"": 70}",False
RSK-004396,2026-06-22T19:18:54.966170,SYS-032,system,IT,cyber,48,Low,4.09,"{""metric_1"": 7, ""metric_2"": 26}",True
RSK-004397,2026-07-15T19:18:54.966170,C-3583,customer,Support,customer,68,High,2.36,"{""metric_1"": 8, ""metric_2"": 75}",True
RSK-004398,2026-07-03T19:18:54.966170,C-1498,customer,Operations,customer,78,High,4.74,"{""metric_1"": 8, ""metric_2"": 46}",False
RSK-004399,2026-06-01T19:18:54.966170,C-0407,customer,Finance,customer,97,Critical,1.92,"{""metric_1"": 8, ""metric_2"": 35}",True
RSK-004400,2026-07-25T19:18:54.966170,SYS-050,system,Operations,fraud,95,Moderate,4.75,"{""metric_1"": 8, ""metric_2"": 69}",True
RSK-004401,2026-06-22T19:18:54.966170,SYS-052,system,IT,fraud,63,Critical,2.5,"{""metric_1"": 2, ""metric_2"": 61}",True
RSK-004402,2026-07-25T19:18:54.966170,SYS-032,system,IT,fraud,56,Critical,1.8,"{""metric_1"": 5, ""metric_2"": 46}",False
RSK-004403,2026-07-16T19:18:54.966170,SYS-046,system,Finance,cyber,71,Moderate,3.5,"{""metric_1"": 4, ""metric_2"": 12}",False
RSK-004404,2026-05-22T19:18:54.966170,C-1235,customer,IT,financial,27,Moderate,4.13,"{""metric_1"": 6, ""metric_2"": 77}",False
RSK-004405,2026-07-13T19:18:54.966170,S-044,supplier,Support,operational,83,High,1.9,"{""metric_1"": 5, ""metric_2"": 31}",True
RSK-004406,2026-07-03T19:18:54.966170,C-1474,customer,IT,financial,92,Critical,0.36,"{""metric_1"": 5, ""metric_2"": 29}",True
RSK-004407,2026-06-08T19:18:54.966170,SYS-042,system,Operations,cyber,50,Moderate,3.01,"{""metric_1"": 5, ""metric_2"": 76}",False
RSK-004408,2026-08-09T19:18:54.966170,C-4182,customer,IT,customer,67,Low,2.75,"{""metric_1"": 2, ""metric_2"": 26}",False
RSK-004409,2026-06-06T19:18:54.966170,C-1142,customer,Support,customer,68,Critical,4.88,"{""metric_1"": 3, ""metric_2"": 74}",True
RSK-004410,2026-06-03T19:18:54.966170,C-1193,customer,Finance,customer,42,High,4.59,"{""metric_1"": 4, ""metric_2"": 66}",False
RSK-004411,2026-05-30T19:18:54.966170,SYS-055,system,Operations,cyber,50,Low,1.65,"{""metric_1"": 6, ""metric_2"": 38}",True
RSK-004412,2026-06-26T19:18:54.966170,C-4101,customer,Support,customer,90,High,3.12,"{""metric_1"": 4, ""metric_2"": 37}",False
RSK-004413,2026-05-30T19:18:54.966170,C-4497,customer,Finance,financial,25,Critical,3.45,"{""metric_1"": 6, ""metric_2"": 35}",False
RSK-004414,2026-08-11T19:18:54.966170,S-033,supplier,Finance,operational,12,High,1.23,"{""metric_1"": 1, ""metric_2"": 39}",False
RSK-004415,2026-06-07T19:18:54.966170,S-006,supplier,IT,operational,73,Critical,1.37,"{""metric_1"": 7, ""metric_2"": 66}",False
RSK-004416,2026-07-22T19:18:54.966170,C-0188,customer,Support,customer,89,Low,4.67,"{""metric_1"": 4, ""metric_2"": 88}",True
RSK-004417,2026-06-05T19:18:54.966170,C-4013,customer,Operations,customer,25,Low,2.23,"{""metric_1"": 6, ""metric_2"": 50}",False
RSK-004418,2026-06-22T19:18:54.966170,SYS-077,system,Operations,fraud,76,Moderate,4.0,"{""metric_1"": 9, ""metric_2"": 84}",False
RSK-004419,2026-06-10T19:18:54.966170,S-013,supplier,Operations,operational,66,High,0.97,"{""metric_1"": 8, ""metric_2"": 40}",False
RSK-004420,2026-08-06T19:18:54.966170,C-2531,customer,Operations,customer,81,Moderate,4.8,"{""metric_1"": 7, ""metric_2"": 69}",False
RSK-004421,2026-08-02T19:18:54.966170,SYS-055,system,Finance,fraud,70,Moderate,0.71,"{""metric_1"": 6, ""metric_2"": 90}",True
RSK-004422,2026-05-28T19:18:54.966170,SYS-086,system,Operations,fraud,94,Moderate,2.65,"{""metric_1"": 1, ""metric_2"": 55}",True
RSK-004423,2026-06-15T19:18:54.966170,SYS-072,system,Operations,fraud,86,High,3.96,"{""metric_1"": 5, ""metric_2"": 71}",False
RSK-004424,2026-07-08T19:18:54.966170,SYS-032,system,Finance,cyber,57,Moderate,2.64,"{""metric_1"": 5, ""metric_2"": 72}",False
RSK-004425,2026-08-03T19:18:54.966170,C-3379,customer,Operations,customer,63,High,0.75,"{""metric_1"": 7, ""metric_2"": 45}",False
RSK-004426,2026-07-10T19:18:54.966170,S-038,supplier,Finance,operational,83,Low,2.53,"{""metric_1"": 3, ""metric_2"": 13}",True
RSK-004427,2026-07-11T19:18:54.966170,C-4587,customer,Support,customer,86,Low,1.32,"{""metric_1"": 8, ""metric_2"": 57}",True
RSK-004428,2026-08-03T19:18:54.966170,S-012,supplier,Finance,operational,39,High,1.12,"{""metric_1"": 6, ""metric_2"": 83}",False
RSK-004429,2026-05-27T19:18:54.966170,SYS-069,system,Operations,cyber,39,Low,0.71,"{""metric_1"": 5, ""metric_2"": 17}",False
RSK-004430,2026-08-11T19:18:54.966170,SYS-071,system,IT,cyber,45,High,2.14,"{""metric_1"": 2, ""metric_2"": 86}",False
RSK-004431,2026-08-12T19:18:54.966170,C-1042,customer,IT,customer,49,Critical,0.66,"{""metric_1"": 1, ""metric_2"": 94}",True
RSK-004432,2026-06-25T19:18:54.966170,SYS-020,system,Finance,fraud,22,High,3.73,"{""metric_1"": 7, ""metric_2"": 81}",True
RSK-004433,2026-08-17T19:18:54.966170,SYS-011,system,Operations,cyber,17,High,1.52,"{""metric_1"": 9, ""metric_2"": 68}",True
RSK-004434,2026-06-13T19:18:54.966170,SYS-079,system,Support,cyber,19,High,1.52,"{""metric_1"": 5, ""metric_2"": 36}",True
RSK-004435,2026-08-13T19:18:54.966170,C-4530,customer,Finance,financial,74,High,1.35,"{""metric_1"": 1, ""metric_2"": 10}",False
RSK-004436,2026-07-02T19:18:54.966170,C-4593,customer,Operations,financial,60,Moderate,1.41,"{""metric_1"": 6, ""metric_2"": 51}",False
RSK-004437,2026-07-26T19:18:54.966170,SYS-072,system,Operations,fraud,85,Low,3.62,"{""metric_1"": 5, ""metric_2"": 23}",False
RSK-004438,2026-07-03T19:18:54.966170,C-3472,customer,IT,customer,43,Moderate,4.23,"{""metric_1"": 3, ""metric_2"": 78}",True
RSK-004439,2026-07-04T19:18:54.966170,C-1110,customer,Operations,financial,53,Moderate,4.29,"{""metric_1"": 8, ""metric_2"": 50}",True
RSK-004440,2026-06-25T19:18:54.966170,SYS-049,system,Operations,cyber,21,High,3.17,"{""metric_1"": 8, ""metric_2"": 58}",True
RSK-004441,2026-05-29T19:18:54.966170,C-4593,customer,Finance,financial,78,Low,2.09,"{""metric_1"": 2, ""metric_2"": 78}",False
RSK-004442,2026-05-31T19:18:54.966170,SYS-036,system,IT,fraud,83,Low,4.48,"{""metric_1"": 9, ""metric_2"": 61}",False
RSK-004443,2026-08-08T19:18:54.966170,C-2607,customer,Support,customer,32,Moderate,0.8,"{""metric_1"": 8, ""metric_2"": 88}",True
RSK-004444,2026-07-19T19:18:54.966170,C-0973,customer,Operations,financial,47,Low,4.58,"{""metric_1"": 1, ""metric_2"": 11}",True
RSK-004445,2026-05-17T19:18:54.966170,SYS-026,system,Finance,cyber,90,Critical,0.57,"{""metric_1"": 9, ""metric_2"": 88}",True
RSK-004446,2026-08-13T19:18:54.966170,SYS-081,system,Finance,cyber,21,Moderate,4.18,"{""metric_1"": 6, ""metric_2"": 22}",False
RSK-004447,2026-06-09T19:18:54.966170,C-1582,customer,Operations,customer,47,Critical,1.81,"{""metric_1"": 6, ""metric_2"": 83}",False
RSK-004448,2026-07-27T19:18:54.966170,SYS-037,system,Support,cyber,84,Moderate,2.32,"{""metric_1"": 9, ""metric_2"": 72}",False
RSK-004449,2026-07-10T19:18:54.966170,S-037,supplier,IT,operational,19,Low,0.18,"{""metric_1"": 4, ""metric_2"": 25}",False
RSK-004450,2026-06-14T19:18:54.966170,SYS-070,system,Finance,cyber,82,High,4.27,"{""metric_1"": 7, ""metric_2"": 80}",True
RSK-004451,2026-06-21T19:18:54.966170,SYS-014,system,IT,cyber,46,High,4.17,"{""metric_1"": 2, ""metric_2"": 12}",True
RSK-004452,2026-06-04T19:18:54.966170,SYS-025,system,IT,fraud,41,Moderate,4.84,"{""metric_1"": 7, ""metric_2"": 38}",False
RSK-004453,2026-07-07T19:18:54.966170,C-2866,customer,IT,financial,63,Critical,3.79,"{""metric_1"": 7, ""metric_2"": 76}",False
RSK-004454,2026-05-14T19:18:54.966170,C-0800,customer,IT,customer,24,Low,1.2,"{""metric_1"": 3, ""metric_2"": 65}",False
RSK-004455,2026-05-26T19:18:54.966170,C-2635,customer,IT,customer,46,Critical,4.61,"{""metric_1"": 2, ""metric_2"": 41}",True
RSK-004456,2026-08-04T19:18:54.966170,C-4764,customer,Finance,financial,33,Moderate,0.16,"{""metric_1"": 3, ""metric_2"": 86}",True
RSK-004457,2026-08-03T19:18:54.966170,SYS-064,system,IT,cyber,72,Low,3.9,"{""metric_1"": 4, ""metric_2"": 67}",True
RSK-004458,2026-08-06T19:18:54.966170,C-4027,customer,Operations,customer,27,Moderate,3.13,"{""metric_1"": 2, ""metric_2"": 51}",True
RSK-004459,2026-08-10T19:18:54.966170,C-2516,customer,Support,financial,73,Critical,4.6,"{""metric_1"": 3, ""metric_2"": 93}",True
RSK-004460,2026-07-12T19:18:54.966170,SYS-081,system,Operations,fraud,44,High,1.4,"{""metric_1"": 1, ""metric_2"": 63}",False
RSK-004461,2026-07-30T19:18:54.966170,SYS-097,system,Operations,cyber,92,High,2.97,"{""metric_1"": 3, ""metric_2"": 11}",False
RSK-004462,2026-08-19T19:18:54.966170,C-0935,customer,Support,customer,92,High,0.31,"{""metric_1"": 6, ""metric_2"": 91}",True
RSK-004463,2026-08-02T19:18:54.966170,S-034,supplier,Support,operational,93,High,4.41,"{""metric_1"": 1, ""metric_2"": 49}",False
RSK-004464,2026-07-07T19:18:54.966170,S-002,supplier,Operations,operational,92,Moderate,4.87,"{""metric_1"": 9, ""metric_2"": 60}",True
RSK-004465,2026-08-16T19:18:54.966170,S-042,supplier,Support,operational,19,Low,3.8,"{""metric_1"": 6, ""metric_2"": 28}",True
RSK-004466,2026-06-12T19:18:54.966170,S-020,supplier,Finance,operational,62,Low,4.41,"{""metric_1"": 2, ""metric_2"": 97}",False
RSK-004467,2026-07-20T19:18:54.966170,C-3867,customer,Operations,financial,17,High,4.7,"{""metric_1"": 4, ""metric_2"": 14}",False
RSK-004468,2026-05-19T19:18:54.966170,C-1347,customer,IT,financial,30,Critical,1.97,"{""metric_1"": 4, ""metric_2"": 63}",True
RSK-004469,2026-08-13T19:18:54.966170,C-2599,customer,IT,financial,59,Critical,1.07,"{""metric_1"": 8, ""metric_2"": 87}",True
RSK-004470,2026-05-19T19:18:54.966170,C-2135,customer,Support,financial,53,Low,0.4,"{""metric_1"": 2, ""metric_2"": 20}",False
RSK-004471,2026-05-22T19:18:54.966170,SYS-008,system,Finance,cyber,26,Moderate,1.94,"{""metric_1"": 5, ""metric_2"": 96}",False
RSK-004472,2026-08-21T19:18:54.966170,SYS-072,system,Finance,cyber,28,Low,4.27,"{""metric_1"": 9, ""metric_2"": 10}",False
RSK-004473,2026-06-06T19:18:54.966170,SYS-068,system,Operations,fraud,37,High,1.13,"{""metric_1"": 1, ""metric_2"": 99}",True
RSK-004474,2026-05-24T19:18:54.966170,C-1680,customer,IT,customer,33,Low,3.81,"{""metric_1"": 2, ""metric_2"": 15}",False
RSK-004475,2026-07-22T19:18:54.966170,SYS-009,system,Operations,fraud,77,Low,3.31,"{""metric_1"": 6, ""metric_2"": 35}",False
RSK-004476,2026-07-26T19:18:54.966170,SYS-052,system,Support,fraud,41,High,2.86,"{""metric_1"": 9, ""metric_2"": 70}",False
RSK-004477,2026-06-14T19:18:54.966170,C-1542,customer,Operations,customer,78,Moderate,2.05,"{""metric_1"": 7, ""metric_2"": 50}",True
RSK-004478,2026-07-28T19:18:54.966170,C-1061,customer,IT,financial,55,Moderate,3.1,"{""metric_1"": 6, ""metric_2"": 32}",False
RSK-004479,2026-06-20T19:18:54.966170,C-3222,customer,Operations,customer,66,High,2.82,"{""metric_1"": 1, ""metric_2"": 19}",True
RSK-004480,2026-07-12T19:18:54.966170,C-2879,customer,Support,customer,79,High,2.22,"{""metric_1"": 3, ""metric_2"": 88}",False
RSK-004481,2026-06-04T19:18:54.966170,S-028,supplier,IT,operational,66,Critical,2.94,"{""metric_1"": 4, ""metric_2"": 91}",False
RSK-004482,2026-08-14T19:18:54.966170,C-2449,customer,Finance,financial,39,Moderate,1.82,"{""metric_1"": 1, ""metric_2"": 84}",True
RSK-004483,2026-06-27T19:18:54.966170,S-006,supplier,Support,operational,77,Moderate,0.63,"{""metric_1"": 4, ""metric_2"": 36}",False
RSK-004484,2026-07-07T19:18:54.966170,C-1406,customer,Support,financial,75,High,2.61,"{""metric_1"": 6, ""metric_2"": 25}",False
RSK-004485,2026-06-28T19:18:54.966170,C-4537,customer,IT,financial,68,High,0.99,"{""metric_1"": 2, ""metric_2"": 38}",True
RSK-004486,2026-07-13T19:18:54.966170,SYS-020,system,Support,fraud,70,Low,2.83,"{""metric_1"": 5, ""metric_2"": 79}",False
RSK-004487,2026-05-14T19:18:54.966170,S-016,supplier,Operations,operational,97,Critical,4.85,"{""metric_1"": 5, ""metric_2"": 59}",True
RSK-004488,2026-06-23T19:18:54.966170,S-038,supplier,Support,operational,80,Moderate,3.43,"{""metric_1"": 8, ""metric_2"": 30}",False
RSK-004489,2026-08-03T19:18:54.966170,SYS-095,system,IT,cyber,72,Low,3.22,"{""metric_1"": 1, ""metric_2"": 61}",True
RSK-004490,2026-05-19T19:18:54.966170,S-020,supplier,Operations,operational,79,High,3.66,"{""metric_1"": 9, ""metric_2"": 68}",False
RSK-004491,2026-06-11T19:18:54.966170,S-031,supplier,Operations,operational,79,Critical,3.31,"{""metric_1"": 4, ""metric_2"": 18}",True
RSK-004492,2026-05-27T19:18:54.966170,SYS-038,system,Finance,fraud,49,High,4.36,"{""metric_1"": 4, ""metric_2"": 84}",True
RSK-004493,2026-07-31T19:18:54.966170,S-023,supplier,IT,operational,88,Critical,0.61,"{""metric_1"": 9, ""metric_2"": 52}",False
RSK-004494,2026-06-03T19:18:54.966170,SYS-063,system,Finance,cyber,80,Moderate,1.15,"{""metric_1"": 9, ""metric_2"": 45}",False
RSK-004495,2026-08-02T19:18:54.966170,C-4533,customer,Operations,financial,79,High,3.73,"{""metric_1"": 4, ""metric_2"": 53}",True
RSK-004496,2026-08-02T19:18:54.966170,SYS-021,system,Operations,cyber,15,Low,4.08,"{""metric_1"": 7, ""metric_2"": 88}",True
RSK-004497,2026-06-05T19:18:54.966170,C-2551,customer,Finance,financial,10,High,2.94,"{""metric_1"": 7, ""metric_2"": 35}",False
RSK-004498,2026-06-09T19:18:54.966170,S-047,supplier,IT,operational,53,Critical,0.37,"{""metric_1"": 3, ""metric_2"": 15}",True
RSK-004499,2026-05-23T19:18:54.966170,C-1575,customer,Support,financial,23,Moderate,5.0,"{""metric_1"": 6, ""metric_2"": 56}",False
RSK-004500,2026-07-23T19:18:54.966170,S-005,supplier,Operations,operational,94,High,4.73,"{""metric_1"": 6, ""metric_2"": 11}",False
RSK-004501,2026-05-23T19:18:54.966170,SYS-093,system,IT,fraud,88,Critical,4.85,"{""metric_1"": 6, ""metric_2"": 12}",False
RSK-004502,2026-08-18T19:18:54.966170,C-1908,customer,IT,financial,83,Moderate,2.81,"{""metric_1"": 5, ""metric_2"": 13}",False
RSK-004503,2026-06-18T19:18:54.966170,S-018,supplier,Support,operational,34,Low,4.51,"{""metric_1"": 4, ""metric_2"": 30}",True
RSK-004504,2026-08-19T19:18:54.966170,C-0376,customer,Support,customer,31,Critical,4.52,"{""metric_1"": 4, ""metric_2"": 94}",True
RSK-004505,2026-05-21T19:18:54.966170,SYS-081,system,Operations,cyber,41,Moderate,1.34,"{""metric_1"": 6, ""metric_2"": 82}",True
RSK-004506,2026-05-29T19:18:54.966170,C-4591,customer,Support,customer,13,Moderate,2.94,"{""metric_1"": 8, ""metric_2"": 53}",False
RSK-004507,2026-06-30T19:18:54.966170,SYS-029,system,Finance,fraud,40,Low,3.37,"{""metric_1"": 2, ""metric_2"": 25}",True
RSK-004508,2026-07-16T19:18:54.966170,SYS-088,system,Support,fraud,58,Moderate,4.72,"{""metric_1"": 1, ""metric_2"": 92}",False
RSK-004509,2026-05-20T19:18:54.966170,S-029,supplier,Support,operational,99,Low,2.64,"{""metric_1"": 6, ""metric_2"": 70}",False
RSK-004510,2026-08-02T19:18:54.966170,C-4260,customer,Operations,financial,63,Moderate,1.38,"{""metric_1"": 4, ""metric_2"": 67}",False
RSK-004511,2026-05-18T19:18:54.966170,S-022,supplier,Support,operational,59,Moderate,4.02,"{""metric_1"": 2, ""metric_2"": 82}",False
RSK-004512,2026-05-29T19:18:54.966170,S-035,supplier,Support,operational,36,Critical,2.61,"{""metric_1"": 7, ""metric_2"": 32}",True
RSK-004513,2026-06-01T19:18:54.966170,C-1643,customer,Support,financial,43,High,3.92,"{""metric_1"": 8, ""metric_2"": 46}",True
RSK-004514,2026-06-16T19:18:54.966170,C-3877,customer,IT,financial,57,Low,2.57,"{""metric_1"": 2, ""metric_2"": 66}",False
RSK-004515,2026-08-13T19:18:54.966170,SYS-089,system,Support,fraud,91,Critical,0.56,"{""metric_1"": 2, ""metric_2"": 43}",True
RSK-004516,2026-08-04T19:18:54.966170,C-0061,customer,Operations,financial,45,Moderate,4.1,"{""metric_1"": 9, ""metric_2"": 83}",False
RSK-004517,2026-05-22T19:18:54.966170,C-0158,customer,Finance,financial,21,High,1.14,"{""metric_1"": 1, ""metric_2"": 30}",False
RSK-004518,2026-06-03T19:18:54.966170,C-1924,customer,Support,financial,64,Critical,0.24,"{""metric_1"": 6, ""metric_2"": 40}",False
RSK-004519,2026-05-29T19:18:54.966170,C-0616,customer,IT,customer,90,Low,3.32,"{""metric_1"": 2, ""metric_2"": 55}",False
RSK-004520,2026-08-11T19:18:54.966170,SYS-005,system,Finance,fraud,77,Low,4.55,"{""metric_1"": 7, ""metric_2"": 22}",True
RSK-004521,2026-06-04T19:18:54.966170,SYS-058,system,Support,cyber,81,Critical,2.22,"{""metric_1"": 7, ""metric_2"": 77}",False
RSK-004522,2026-08-20T19:18:54.966170,C-0194,customer,Operations,financial,60,Moderate,0.75,"{""metric_1"": 2, ""metric_2"": 71}",True
RSK-004523,2026-08-04T19:18:54.966170,S-013,supplier,IT,operational,16,Critical,4.09,"{""metric_1"": 8, ""metric_2"": 97}",True
RSK-004524,2026-07-25T19:18:54.966170,C-1945,customer,Finance,financial,77,Moderate,1.63,"{""metric_1"": 9, ""metric_2"": 12}",False
RSK-004525,2026-08-08T19:18:54.966170,C-2089,customer,Operations,customer,78,Low,0.84,"{""metric_1"": 6, ""metric_2"": 92}",True
RSK-004526,2026-06-24T19:18:54.966170,SYS-096,system,Support,fraud,25,Critical,4.31,"{""metric_1"": 9, ""metric_2"": 91}",False
RSK-004527,2026-07-16T19:18:54.966170,SYS-076,system,IT,cyber,93,Moderate,3.45,"{""metric_1"": 9, ""metric_2"": 55}",False
RSK-004528,2026-06-16T19:18:54.966170,SYS-039,system,IT,cyber,27,Low,4.39,"{""metric_1"": 5, ""metric_2"": 16}",True
RSK-004529,2026-07-04T19:18:54.966170,C-3639,customer,Support,customer,29,Critical,1.24,"{""metric_1"": 5, ""metric_2"": 10}",True
RSK-004530,2026-05-16T19:18:54.966170,C-4184,customer,Support,financial,13,High,3.82,"{""metric_1"": 6, ""metric_2"": 25}",False
RSK-004531,2026-05-25T19:18:54.966170,S-016,supplier,IT,operational,10,Critical,3.21,"{""metric_1"": 4, ""metric_2"": 99}",True
RSK-004532,2026-08-21T19:18:54.966170,S-027,supplier,IT,operational,41,Critical,2.62,"{""metric_1"": 1, ""metric_2"": 97}",False
RSK-004533,2026-06-03T19:18:54.966170,SYS-068,system,Support,fraud,16,Critical,3.12,"{""metric_1"": 4, ""metric_2"": 51}",True
RSK-004534,2026-05-31T19:18:54.966170,SYS-080,system,Finance,cyber,40,Low,2.26,"{""metric_1"": 4, ""metric_2"": 85}",False
RSK-004535,2026-07-10T19:18:54.966170,SYS-030,system,IT,cyber,19,Moderate,3.4,"{""metric_1"": 6, ""metric_2"": 59}",False
RSK-004536,2026-07-04T19:18:54.966170,C-3990,customer,Finance,customer,10,Low,1.15,"{""metric_1"": 9, ""metric_2"": 26}",True
RSK-004537,2026-05-24T19:18:54.966170,C-4008,customer,Finance,customer,25,Critical,1.13,"{""metric_1"": 7, ""metric_2"": 18}",True
RSK-004538,2026-05-28T19:18:54.966170,C-0094,customer,Support,customer,15,Moderate,3.57,"{""metric_1"": 1, ""metric_2"": 21}",True
RSK-004539,2026-06-08T19:18:54.966170,C-4133,customer,Support,financial,62,High,3.23,"{""metric_1"": 8, ""metric_2"": 91}",False
RSK-004540,2026-05-14T19:18:54.966170,SYS-075,system,IT,fraud,15,High,4.16,"{""metric_1"": 1, ""metric_2"": 26}",False
RSK-004541,2026-07-06T19:18:54.966170,SYS-027,system,Support,fraud,48,Moderate,4.23,"{""metric_1"": 4, ""metric_2"": 60}",False
RSK-004542,2026-08-09T19:18:54.966170,SYS-083,system,Operations,cyber,38,Low,1.63,"{""metric_1"": 5, ""metric_2"": 54}",False
RSK-004543,2026-05-30T19:18:54.966170,SYS-006,system,IT,cyber,84,High,4.45,"{""metric_1"": 6, ""metric_2"": 38}",False
RSK-004544,2026-05-23T19:18:54.966170,SYS-051,system,IT,fraud,71,Critical,3.2,"{""metric_1"": 6, ""metric_2"": 70}",False
RSK-004545,2026-06-08T19:18:54.966170,C-3332,customer,Finance,customer,56,High,0.85,"{""metric_1"": 1, ""metric_2"": 93}",False
RSK-004546,2026-05-23T19:18:54.966170,C-2185,customer,IT,financial,60,Critical,4.44,"{""metric_1"": 9, ""metric_2"": 11}",False
RSK-004547,2026-06-26T19:18:54.966170,S-013,supplier,Operations,operational,83,Moderate,4.19,"{""metric_1"": 4, ""metric_2"": 68}",False
RSK-004548,2026-07-28T19:18:54.966170,SYS-029,system,Finance,cyber,30,High,2.91,"{""metric_1"": 6, ""metric_2"": 19}",True
RSK-004549,2026-05-17T19:18:54.966170,C-1854,customer,IT,customer,30,Moderate,4.61,"{""metric_1"": 4, ""metric_2"": 14}",False
RSK-004550,2026-07-10T19:18:54.966170,SYS-046,system,Operations,cyber,59,High,3.3,"{""metric_1"": 7, ""metric_2"": 31}",True
RSK-004551,2026-08-10T19:18:54.966170,SYS-050,system,Support,fraud,89,Moderate,3.74,"{""metric_1"": 3, ""metric_2"": 42}",True
RSK-004552,2026-05-30T19:18:54.966170,SYS-058,system,Operations,cyber,70,Moderate,4.91,"{""metric_1"": 1, ""metric_2"": 95}",False
RSK-004553,2026-05-14T19:18:54.966170,S-022,supplier,IT,operational,25,Moderate,2.57,"{""metric_1"": 6, ""metric_2"": 21}",False
RSK-004554,2026-05-16T19:18:54.966170,C-4097,customer,Operations,financial,26,Critical,1.82,"{""metric_1"": 2, ""metric_2"": 93}",True
RSK-004555,2026-06-29T19:18:54.966170,S-003,supplier,Operations,operational,93,Critical,1.47,"{""metric_1"": 2, ""metric_2"": 16}",False
RSK-004556,2026-06-01T19:18:54.966170,SYS-025,system,Operations,fraud,20,Moderate,3.37,"{""metric_1"": 2, ""metric_2"": 48}",True
RSK-004557,2026-08-07T19:18:54.966170,C-0020,customer,IT,customer,51,Moderate,3.1,"{""metric_1"": 6, ""metric_2"": 93}",False
RSK-004558,2026-06-15T19:18:54.966170,C-4536,customer,Support,financial,42,Low,3.16,"{""metric_1"": 7, ""metric_2"": 66}",True
RSK-004559,2026-06-02T19:18:54.966170,SYS-050,system,Operations,cyber,10,Low,3.56,"{""metric_1"": 1, ""metric_2"": 90}",True
RSK-004560,2026-05-15T19:18:54.966170,C-4717,customer,Support,financial,69,Moderate,1.02,"{""metric_1"": 4, ""metric_2"": 58}",True
RSK-004561,2026-08-20T19:18:54.966170,S-038,supplier,Operations,operational,10,High,2.88,"{""metric_1"": 5, ""metric_2"": 40}",False
RSK-004562,2026-06-30T19:18:54.966170,S-031,supplier,Finance,operational,42,Moderate,1.62,"{""metric_1"": 9, ""metric_2"": 20}",True
RSK-004563,2026-08-07T19:18:54.966170,SYS-068,system,IT,cyber,56,Critical,2.71,"{""metric_1"": 8, ""metric_2"": 99}",False
RSK-004564,2026-08-03T19:18:54.966170,S-009,supplier,IT,operational,70,Moderate,2.11,"{""metric_1"": 7, ""metric_2"": 38}",True
RSK-004565,2026-06-23T19:18:54.966170,C-2251,customer,Operations,customer,21,Low,4.42,"{""metric_1"": 2, ""metric_2"": 30}",True
RSK-004566,2026-07-08T19:18:54.966170,SYS-048,system,Operations,cyber,52,Low,4.58,"{""metric_1"": 6, ""metric_2"": 59}",True
RSK-004567,2026-06-28T19:18:54.966170,C-1502,customer,Finance,customer,46,Low,2.6,"{""metric_1"": 6, ""metric_2"": 96}",False
RSK-004568,2026-07-21T19:18:54.966170,SYS-091,system,IT,fraud,48,Moderate,4.23,"{""metric_1"": 7, ""metric_2"": 25}",False
RSK-004569,2026-07-05T19:18:54.966170,S-034,supplier,IT,operational,52,Low,1.19,"{""metric_1"": 2, ""metric_2"": 18}",False
RSK-004570,2026-06-23T19:18:54.966170,C-2708,customer,Support,customer,72,Low,4.99,"{""metric_1"": 9, ""metric_2"": 21}",False
RSK-004571,2026-05-20T19:18:54.966170,C-2937,customer,Operations,customer,38,Critical,3.88,"{""metric_1"": 5, ""metric_2"": 18}",True
RSK-004572,2026-06-11T19:18:54.966170,SYS-043,system,Operations,fraud,56,Critical,4.11,"{""metric_1"": 3, ""metric_2"": 90}",True
RSK-004573,2026-05-30T19:18:54.966170,SYS-065,system,IT,cyber,14,Moderate,3.95,"{""metric_1"": 6, ""metric_2"": 98}",False
RSK-004574,2026-08-15T19:18:54.966170,S-014,supplier,Operations,operational,63,Critical,3.24,"{""metric_1"": 9, ""metric_2"": 71}",True
RSK-004575,2026-07-29T19:18:54.966170,C-4360,customer,IT,customer,80,High,4.8,"{""metric_1"": 9, ""metric_2"": 30}",True
RSK-004576,2026-07-30T19:18:54.966170,SYS-031,system,Operations,fraud,73,Critical,2.82,"{""metric_1"": 1, ""metric_2"": 47}",True
RSK-004577,2026-06-05T19:18:54.966170,C-3973,customer,Operations,customer,10,High,1.41,"{""metric_1"": 7, ""metric_2"": 42}",False
RSK-004578,2026-08-10T19:18:54.966170,SYS-055,system,IT,fraud,22,Low,2.42,"{""metric_1"": 5, ""metric_2"": 74}",False
RSK-004579,2026-06-25T19:18:54.966170,SYS-066,system,Finance,fraud,58,High,1.5,"{""metric_1"": 2, ""metric_2"": 84}",False
RSK-004580,2026-05-19T19:18:54.966170,C-0631,customer,Support,customer,54,Moderate,4.96,"{""metric_1"": 3, ""metric_2"": 39}",True
RSK-004581,2026-06-05T19:18:54.966170,S-043,supplier,Finance,operational,70,Low,1.19,"{""metric_1"": 1, ""metric_2"": 59}",False
RSK-004582,2026-08-04T19:18:54.966170,C-0836,customer,Operations,customer,29,Critical,2.69,"{""metric_1"": 4, ""metric_2"": 74}",True
RSK-004583,2026-08-19T19:18:54.966170,S-050,supplier,Support,operational,47,Moderate,3.88,"{""metric_1"": 2, ""metric_2"": 75}",False
RSK-004584,2026-06-18T19:18:54.966170,SYS-092,system,Support,fraud,65,Low,3.26,"{""metric_1"": 8, ""metric_2"": 65}",True
RSK-004585,2026-08-09T19:18:54.966170,SYS-054,system,IT,cyber,45,Low,0.98,"{""metric_1"": 8, ""metric_2"": 59}",False
RSK-004586,2026-06-28T19:18:54.966170,C-0859,customer,Operations,customer,97,Critical,0.65,"{""metric_1"": 4, ""metric_2"": 20}",False
RSK-004587,2026-08-13T19:18:54.966170,SYS-071,system,IT,fraud,75,High,1.43,"{""metric_1"": 1, ""metric_2"": 22}",False
RSK-004588,2026-06-04T19:18:54.966170,S-027,supplier,Operations,operational,85,Moderate,2.47,"{""metric_1"": 8, ""metric_2"": 15}",False
RSK-004589,2026-06-22T19:18:54.966170,S-027,supplier,IT,operational,41,Critical,4.11,"{""metric_1"": 1, ""metric_2"": 94}",True
RSK-004590,2026-06-22T19:18:54.966170,S-005,supplier,Operations,operational,26,Critical,0.84,"{""metric_1"": 9, ""metric_2"": 56}",False
RSK-004591,2026-07-10T19:18:54.966170,SYS-090,system,Operations,cyber,72,Low,1.76,"{""metric_1"": 6, ""metric_2"": 70}",False
RSK-004592,2026-06-12T19:18:54.966170,SYS-049,system,IT,cyber,76,Moderate,4.31,"{""metric_1"": 3, ""metric_2"": 43}",False
RSK-004593,2026-05-27T19:18:54.966170,S-025,supplier,Operations,operational,30,Critical,1.37,"{""metric_1"": 8, ""metric_2"": 64}",True
RSK-004594,2026-05-23T19:18:54.966170,S-032,supplier,Operations,operational,56,High,2.58,"{""metric_1"": 5, ""metric_2"": 87}",True
RSK-004595,2026-07-01T19:18:54.966170,SYS-081,system,Finance,fraud,25,Low,2.05,"{""metric_1"": 9, ""metric_2"": 64}",False
RSK-004596,2026-05-20T19:18:54.966170,SYS-019,system,Operations,fraud,76,Critical,4.65,"{""metric_1"": 7, ""metric_2"": 99}",True
RSK-004597,2026-06-25T19:18:54.966170,C-0638,customer,Support,financial,54,Moderate,4.58,"{""metric_1"": 8, ""metric_2"": 19}",True
RSK-004598,2026-07-17T19:18:54.966170,S-042,supplier,Support,operational,72,Low,3.25,"{""metric_1"": 9, ""metric_2"": 60}",False
RSK-004599,2026-07-27T19:18:54.966170,C-3497,customer,IT,customer,96,Critical,4.73,"{""metric_1"": 4, ""metric_2"": 59}",True
RSK-004600,2026-05-16T19:18:54.966170,C-3367,customer,Finance,customer,21,Low,1.04,"{""metric_1"": 3, ""metric_2"": 89}",True
RSK-004601,2026-07-02T19:18:54.966170,S-007,supplier,Support,operational,75,High,3.04,"{""metric_1"": 6, ""metric_2"": 28}",False
RSK-004602,2026-05-31T19:18:54.966170,SYS-072,system,Operations,cyber,75,Low,1.06,"{""metric_1"": 6, ""metric_2"": 52}",False
RSK-004603,2026-06-13T19:18:54.966170,C-2280,customer,IT,customer,91,Moderate,2.01,"{""metric_1"": 2, ""metric_2"": 67}",False
RSK-004604,2026-07-23T19:18:54.966170,C-2263,customer,Finance,customer,68,Low,4.73,"{""metric_1"": 2, ""metric_2"": 34}",True
RSK-004605,2026-07-05T19:18:54.966170,C-4098,customer,Operations,financial,91,Low,2.34,"{""metric_1"": 1, ""metric_2"": 63}",True
RSK-004606,2026-06-12T19:18:54.966170,C-4309,customer,Operations,financial,37,Critical,0.78,"{""metric_1"": 4, ""metric_2"": 69}",False
RSK-004607,2026-08-08T19:18:54.966170,S-023,supplier,Operations,operational,91,Critical,3.95,"{""metric_1"": 3, ""metric_2"": 43}",False
RSK-004608,2026-05-31T19:18:54.966170,S-006,supplier,Finance,operational,81,Critical,3.96,"{""metric_1"": 3, ""metric_2"": 89}",False
RSK-004609,2026-07-01T19:18:54.966170,SYS-065,system,Support,fraud,95,High,3.56,"{""metric_1"": 6, ""metric_2"": 77}",True
RSK-004610,2026-06-11T19:18:54.966170,C-2277,customer,Finance,customer,58,Low,2.13,"{""metric_1"": 7, ""metric_2"": 96}",False
RSK-004611,2026-07-02T19:18:54.966170,S-014,supplier,IT,operational,63,Critical,2.94,"{""metric_1"": 9, ""metric_2"": 50}",True
RSK-004612,2026-07-26T19:18:54.966170,SYS-083,system,Support,cyber,83,High,4.01,"{""metric_1"": 6, ""metric_2"": 88}",False
RSK-004613,2026-08-05T19:18:54.966170,SYS-046,system,IT,cyber,20,High,3.07,"{""metric_1"": 1, ""metric_2"": 52}",False
RSK-004614,2026-08-20T19:18:54.966170,C-3162,customer,IT,customer,36,High,0.44,"{""metric_1"": 3, ""metric_2"": 38}",True
RSK-004615,2026-07-18T19:18:54.966170,C-2170,customer,Support,customer,80,Low,4.74,"{""metric_1"": 4, ""metric_2"": 37}",True
RSK-004616,2026-06-28T19:18:54.966170,C-0232,customer,Operations,financial,88,High,2.62,"{""metric_1"": 3, ""metric_2"": 55}",False
RSK-004617,2026-08-16T19:18:54.966170,C-2544,customer,IT,financial,67,Moderate,1.32,"{""metric_1"": 1, ""metric_2"": 77}",True
RSK-004618,2026-08-09T19:18:54.966170,S-014,supplier,Support,operational,31,High,0.12,"{""metric_1"": 3, ""metric_2"": 81}",False
RSK-004619,2026-07-20T19:18:54.966170,SYS-063,system,Finance,cyber,50,Low,2.06,"{""metric_1"": 4, ""metric_2"": 87}",True
RSK-004620,2026-05-18T19:18:54.966170,C-0528,customer,Finance,customer,85,Low,0.58,"{""metric_1"": 5, ""metric_2"": 43}",False
RSK-004621,2026-06-03T19:18:54.966170,C-1005,customer,Support,financial,40,Low,0.84,"{""metric_1"": 5, ""metric_2"": 47}",False
RSK-004622,2026-07-03T19:18:54.966170,C-4857,customer,IT,customer,60,High,1.65,"{""metric_1"": 9, ""metric_2"": 58}",True
RSK-004623,2026-07-21T19:18:54.966170,S-011,supplier,Operations,operational,12,Moderate,0.2,"{""metric_1"": 6, ""metric_2"": 26}",False
RSK-004624,2026-08-10T19:18:54.966170,C-2124,customer,Support,financial,16,Critical,4.64,"{""metric_1"": 2, ""metric_2"": 69}",True
RSK-004625,2026-08-15T19:18:54.966170,SYS-050,system,Finance,cyber,36,Critical,2.0,"{""metric_1"": 6, ""metric_2"": 89}",True
RSK-004626,2026-07-20T19:18:54.966170,C-1927,customer,Operations,financial,98,Moderate,1.24,"{""metric_1"": 1, ""metric_2"": 30}",True
RSK-004627,2026-07-28T19:18:54.966170,C-2685,customer,IT,financial,15,Low,1.52,"{""metric_1"": 4, ""metric_2"": 13}",False
RSK-004628,2026-06-24T19:18:54.966170,S-027,supplier,IT,operational,92,Moderate,2.15,"{""metric_1"": 9, ""metric_2"": 58}",True
RSK-004629,2026-05-16T19:18:54.966170,C-2479,customer,Finance,financial,49,Critical,2.65,"{""metric_1"": 6, ""metric_2"": 41}",True
RSK-004630,2026-08-14T19:18:54.966170,C-0322,customer,Support,financial,36,Moderate,4.55,"{""metric_1"": 5, ""metric_2"": 28}",True
RSK-004631,2026-06-13T19:18:54.966170,SYS-016,system,IT,cyber,82,Critical,1.97,"{""metric_1"": 5, ""metric_2"": 64}",False
RSK-004632,2026-07-25T19:18:54.966170,SYS-071,system,Finance,fraud,27,Low,4.14,"{""metric_1"": 6, ""metric_2"": 82}",True
RSK-004633,2026-07-17T19:18:54.966170,C-0136,customer,Support,customer,61,Critical,3.36,"{""metric_1"": 9, ""metric_2"": 30}",False
RSK-004634,2026-07-09T19:18:54.966170,SYS-090,system,Finance,cyber,17,Moderate,2.45,"{""metric_1"": 6, ""metric_2"": 74}",False
RSK-004635,2026-05-15T19:18:54.966170,C-4893,customer,IT,financial,15,Critical,0.25,"{""metric_1"": 5, ""metric_2"": 66}",True
RSK-004636,2026-06-08T19:18:54.966170,SYS-018,system,Finance,fraud,82,Low,3.27,"{""metric_1"": 5, ""metric_2"": 87}",True
RSK-004637,2026-06-23T19:18:54.966170,SYS-040,system,Operations,fraud,94,Critical,1.14,"{""metric_1"": 2, ""metric_2"": 95}",True
RSK-004638,2026-06-07T19:18:54.966170,SYS-073,system,Finance,cyber,71,Critical,3.07,"{""metric_1"": 9, ""metric_2"": 75}",True
RSK-004639,2026-05-25T19:18:54.966170,S-013,supplier,Operations,operational,49,Low,2.71,"{""metric_1"": 5, ""metric_2"": 75}",False
RSK-004640,2026-08-15T19:18:54.966170,SYS-020,system,IT,cyber,78,Low,1.25,"{""metric_1"": 9, ""metric_2"": 87}",True
RSK-004641,2026-08-20T19:18:54.966170,SYS-021,system,Finance,fraud,39,Critical,4.51,"{""metric_1"": 1, ""metric_2"": 72}",True
RSK-004642,2026-08-15T19:18:54.966170,C-3116,customer,Support,financial,56,Moderate,1.43,"{""metric_1"": 6, ""metric_2"": 62}",True
RSK-004643,2026-08-13T19:18:54.966170,C-0319,customer,Operations,customer,60,Moderate,4.21,"{""metric_1"": 6, ""metric_2"": 21}",False
RSK-004644,2026-05-23T19:18:54.966170,C-1595,customer,Finance,customer,86,Low,0.91,"{""metric_1"": 4, ""metric_2"": 49}",False
RSK-004645,2026-06-17T19:18:54.966170,SYS-004,system,IT,fraud,51,Moderate,2.2,"{""metric_1"": 7, ""metric_2"": 75}",True
RSK-004646,2026-06-12T19:18:54.966170,SYS-026,system,Operations,cyber,52,Critical,0.7,"{""metric_1"": 6, ""metric_2"": 30}",False
RSK-004647,2026-05-18T19:18:54.966170,C-4291,customer,IT,financial,34,Critical,2.29,"{""metric_1"": 4, ""metric_2"": 17}",True
RSK-004648,2026-06-18T19:18:54.966170,S-033,supplier,Support,operational,25,Critical,2.61,"{""metric_1"": 8, ""metric_2"": 33}",False
RSK-004649,2026-06-29T19:18:54.966170,SYS-075,system,Operations,cyber,63,Low,2.12,"{""metric_1"": 9, ""metric_2"": 33}",False
RSK-004650,2026-07-16T19:18:54.966170,SYS-093,system,Operations,cyber,86,High,3.84,"{""metric_1"": 8, ""metric_2"": 29}",False
RSK-004651,2026-06-02T19:18:54.966170,C-0233,customer,Support,customer,50,Moderate,1.76,"{""metric_1"": 1, ""metric_2"": 20}",False
RSK-004652,2026-07-19T19:18:54.966170,C-4436,customer,Finance,customer,18,Low,2.74,"{""metric_1"": 1, ""metric_2"": 46}",True
RSK-004653,2026-05-27T19:18:54.966170,C-3852,customer,Operations,financial,12,High,2.02,"{""metric_1"": 5, ""metric_2"": 18}",False
RSK-004654,2026-07-28T19:18:54.966170,SYS-007,system,Support,fraud,52,Moderate,0.6,"{""metric_1"": 4, ""metric_2"": 42}",True
RSK-004655,2026-05-26T19:18:54.966170,C-1438,customer,Operations,customer,36,Critical,0.25,"{""metric_1"": 7, ""metric_2"": 54}",False
RSK-004656,2026-07-17T19:18:54.966170,SYS-007,system,Operations,cyber,55,Moderate,4.77,"{""metric_1"": 6, ""metric_2"": 20}",False
RSK-004657,2026-06-18T19:18:54.966170,C-3645,customer,Operations,financial,41,Low,1.04,"{""metric_1"": 7, ""metric_2"": 70}",False
RSK-004658,2026-06-15T19:18:54.966170,S-015,supplier,IT,operational,55,Critical,0.75,"{""metric_1"": 7, ""metric_2"": 97}",True
RSK-004659,2026-08-12T19:18:54.966170,SYS-019,system,Operations,fraud,43,Moderate,4.77,"{""metric_1"": 3, ""metric_2"": 48}",True
RSK-004660,2026-06-23T19:18:54.966170,SYS-016,system,Finance,cyber,80,Critical,1.71,"{""metric_1"": 1, ""metric_2"": 21}",True
RSK-004661,2026-05-17T19:18:54.966170,C-2951,customer,IT,financial,25,Moderate,1.03,"{""metric_1"": 5, ""metric_2"": 31}",False
RSK-004662,2026-06-03T19:18:54.966170,S-031,supplier,Finance,operational,35,Critical,4.72,"{""metric_1"": 3, ""metric_2"": 26}",True
RSK-004663,2026-06-26T19:18:54.966170,SYS-063,system,Operations,fraud,22,Critical,4.9,"{""metric_1"": 2, ""metric_2"": 99}",False
RSK-004664,2026-07-20T19:18:54.966170,C-2496,customer,IT,customer,46,High,2.0,"{""metric_1"": 1, ""metric_2"": 94}",False
RSK-004665,2026-05-30T19:18:54.966170,C-0749,customer,Operations,financial,18,Critical,2.53,"{""metric_1"": 2, ""metric_2"": 12}",True
RSK-004666,2026-07-08T19:18:54.966170,S-015,supplier,Support,operational,58,High,0.1,"{""metric_1"": 4, ""metric_2"": 63}",False
RSK-004667,2026-08-02T19:18:54.966170,C-4671,customer,IT,financial,61,Low,4.39,"{""metric_1"": 2, ""metric_2"": 19}",True
RSK-004668,2026-05-24T19:18:54.966170,C-4243,customer,Support,financial,98,High,4.8,"{""metric_1"": 6, ""metric_2"": 48}",True
RSK-004669,2026-08-15T19:18:54.966170,C-4244,customer,Operations,financial,82,Low,4.37,"{""metric_1"": 7, ""metric_2"": 95}",True
RSK-004670,2026-08-06T19:18:54.966170,SYS-053,system,Operations,fraud,71,Moderate,3.5,"{""metric_1"": 7, ""metric_2"": 27}",True
RSK-004671,2026-08-17T19:18:54.966170,C-0078,customer,Support,customer,70,Low,2.7,"{""metric_1"": 1, ""metric_2"": 65}",True
RSK-004672,2026-06-15T19:18:54.966170,SYS-057,system,Operations,cyber,88,Low,1.77,"{""metric_1"": 9, ""metric_2"": 30}",False
RSK-004673,2026-05-20T19:18:54.966170,SYS-074,system,Support,cyber,38,High,3.31,"{""metric_1"": 2, ""metric_2"": 93}",True
RSK-004674,2026-08-04T19:18:54.966170,C-3259,customer,IT,financial,66,High,1.34,"{""metric_1"": 8, ""metric_2"": 71}",False
RSK-004675,2026-07-24T19:18:54.966170,S-015,supplier,Operations,operational,44,Critical,0.69,"{""metric_1"": 7, ""metric_2"": 59}",True
RSK-004676,2026-05-25T19:18:54.966170,C-2424,customer,Finance,financial,41,Critical,3.01,"{""metric_1"": 1, ""metric_2"": 90}",True
RSK-004677,2026-06-12T19:18:54.966170,S-041,supplier,Support,operational,49,Critical,0.49,"{""metric_1"": 5, ""metric_2"": 21}",False
RSK-004678,2026-07-03T19:18:54.966170,SYS-087,system,Operations,fraud,29,Critical,1.76,"{""metric_1"": 4, ""metric_2"": 38}",True
RSK-004679,2026-06-29T19:18:54.966170,C-3503,customer,Operations,financial,44,Low,4.18,"{""metric_1"": 3, ""metric_2"": 93}",True
RSK-004680,2026-08-01T19:18:54.966170,C-3289,customer,Support,financial,55,Moderate,4.92,"{""metric_1"": 6, ""metric_2"": 49}",True
RSK-004681,2026-07-11T19:18:54.966170,SYS-085,system,Support,fraud,86,Low,4.01,"{""metric_1"": 7, ""metric_2"": 11}",False
RSK-004682,2026-06-09T19:18:54.966170,SYS-097,system,Finance,fraud,63,Low,1.75,"{""metric_1"": 3, ""metric_2"": 33}",True
RSK-004683,2026-08-14T19:18:54.966170,SYS-085,system,Operations,cyber,70,Moderate,3.78,"{""metric_1"": 4, ""metric_2"": 32}",False
RSK-004684,2026-08-14T19:18:54.966170,SYS-056,system,Support,fraud,57,Low,4.84,"{""metric_1"": 1, ""metric_2"": 85}",True
RSK-004685,2026-07-14T19:18:54.966170,C-2161,customer,Finance,customer,14,Critical,3.42,"{""metric_1"": 9, ""metric_2"": 20}",True
RSK-004686,2026-05-27T19:18:54.966170,C-4400,customer,Finance,financial,44,Low,2.74,"{""metric_1"": 5, ""metric_2"": 42}",False
RSK-004687,2026-08-09T19:18:54.966170,C-1259,customer,Support,customer,38,High,1.22,"{""metric_1"": 5, ""metric_2"": 38}",True
RSK-004688,2026-08-19T19:18:54.966170,SYS-061,system,IT,cyber,79,Moderate,0.31,"{""metric_1"": 4, ""metric_2"": 29}",False
RSK-004689,2026-07-08T19:18:54.966170,SYS-038,system,IT,fraud,49,High,0.19,"{""metric_1"": 8, ""metric_2"": 47}",False
RSK-004690,2026-08-03T19:18:54.966170,C-1381,customer,IT,financial,13,Moderate,1.07,"{""metric_1"": 4, ""metric_2"": 38}",False
RSK-004691,2026-06-11T19:18:54.966170,S-018,supplier,Operations,operational,99,High,1.63,"{""metric_1"": 6, ""metric_2"": 87}",False
RSK-004692,2026-05-30T19:18:54.966170,S-042,supplier,IT,operational,47,High,0.83,"{""metric_1"": 8, ""metric_2"": 98}",True
RSK-004693,2026-05-22T19:18:54.966170,C-3148,customer,Finance,customer,31,Critical,0.35,"{""metric_1"": 1, ""metric_2"": 29}",False
RSK-004694,2026-07-15T19:18:54.966170,C-4492,customer,IT,customer,66,High,3.13,"{""metric_1"": 8, ""metric_2"": 18}",False
RSK-004695,2026-08-08T19:18:54.966170,SYS-048,system,Support,cyber,38,High,4.35,"{""metric_1"": 7, ""metric_2"": 84}",False
RSK-004696,2026-07-12T19:18:54.966170,S-043,supplier,Operations,operational,30,Low,2.41,"{""metric_1"": 9, ""metric_2"": 68}",True
RSK-004697,2026-07-25T19:18:54.966170,S-034,supplier,Operations,operational,95,Critical,2.74,"{""metric_1"": 8, ""metric_2"": 80}",True
RSK-004698,2026-08-12T19:18:54.966170,C-1331,customer,IT,financial,88,Low,3.5,"{""metric_1"": 1, ""metric_2"": 36}",False
RSK-004699,2026-08-11T19:18:54.966170,C-4629,customer,Operations,customer,96,High,1.71,"{""metric_1"": 6, ""metric_2"": 37}",False
RSK-004700,2026-06-15T19:18:54.966170,SYS-086,system,Support,fraud,94,Low,4.87,"{""metric_1"": 6, ""metric_2"": 21}",False
RSK-004701,2026-06-15T19:18:54.966170,S-049,supplier,IT,operational,56,High,2.79,"{""metric_1"": 1, ""metric_2"": 94}",False
RSK-004702,2026-07-06T19:18:54.966170,C-1402,customer,Support,financial,71,Low,3.61,"{""metric_1"": 5, ""metric_2"": 70}",False
RSK-004703,2026-06-16T19:18:54.966170,SYS-059,system,Operations,cyber,18,Low,1.78,"{""metric_1"": 7, ""metric_2"": 68}",True
RSK-004704,2026-08-04T19:18:54.966170,S-005,supplier,Finance,operational,61,High,3.07,"{""metric_1"": 5, ""metric_2"": 86}",False
RSK-004705,2026-07-27T19:18:54.966170,C-3456,customer,Support,financial,57,Critical,1.29,"{""metric_1"": 8, ""metric_2"": 34}",False
RSK-004706,2026-05-27T19:18:54.966170,S-034,supplier,Finance,operational,36,High,1.95,"{""metric_1"": 3, ""metric_2"": 30}",True
RSK-004707,2026-06-02T19:18:54.966170,C-1673,customer,Support,financial,51,Critical,0.17,"{""metric_1"": 4, ""metric_2"": 93}",False
RSK-004708,2026-06-07T19:18:54.966170,S-019,supplier,Support,operational,17,Moderate,2.23,"{""metric_1"": 8, ""metric_2"": 84}",True
RSK-004709,2026-07-12T19:18:54.966170,C-2790,customer,Operations,customer,20,Low,2.46,"{""metric_1"": 6, ""metric_2"": 46}",False
RSK-004710,2026-08-21T19:18:54.966170,S-047,supplier,Support,operational,25,Critical,1.53,"{""metric_1"": 8, ""metric_2"": 42}",False
RSK-004711,2026-05-15T19:18:54.966170,C-4854,customer,IT,customer,42,Critical,0.8,"{""metric_1"": 8, ""metric_2"": 26}",False
RSK-004712,2026-08-01T19:18:54.966170,SYS-080,system,Finance,cyber,45,Low,3.69,"{""metric_1"": 7, ""metric_2"": 16}",False
RSK-004713,2026-07-04T19:18:54.966170,S-006,supplier,Finance,operational,23,High,3.91,"{""metric_1"": 3, ""metric_2"": 84}",True
RSK-004714,2026-07-17T19:18:54.966170,S-020,supplier,Finance,operational,24,Moderate,4.54,"{""metric_1"": 6, ""metric_2"": 51}",True
RSK-004715,2026-07-19T19:18:54.966170,SYS-095,system,Support,fraud,21,Low,2.45,"{""metric_1"": 4, ""metric_2"": 22}",False
RSK-004716,2026-07-11T19:18:54.966170,SYS-028,system,Support,fraud,86,Critical,4.67,"{""metric_1"": 4, ""metric_2"": 26}",True
RSK-004717,2026-07-10T19:18:54.966170,SYS-093,system,IT,fraud,54,Moderate,2.31,"{""metric_1"": 1, ""metric_2"": 92}",False
RSK-004718,2026-07-17T19:18:54.966170,S-019,supplier,IT,operational,94,Low,1.87,"{""metric_1"": 6, ""metric_2"": 40}",True
RSK-004719,2026-06-27T19:18:54.966170,SYS-057,system,Support,cyber,66,Critical,1.15,"{""metric_1"": 7, ""metric_2"": 85}",True
RSK-004720,2026-06-30T19:18:54.966170,C-3445,customer,Support,customer,82,Low,3.33,"{""metric_1"": 2, ""metric_2"": 25}",True
RSK-004721,2026-07-30T19:18:54.966170,SYS-043,system,Operations,fraud,49,Critical,0.25,"{""metric_1"": 3, ""metric_2"": 29}",True
RSK-004722,2026-08-10T19:18:54.966170,SYS-009,system,Finance,cyber,97,Low,4.7,"{""metric_1"": 6, ""metric_2"": 42}",False
RSK-004723,2026-06-10T19:18:54.966170,S-026,supplier,IT,operational,73,Moderate,0.42,"{""metric_1"": 1, ""metric_2"": 51}",False
RSK-004724,2026-05-25T19:18:54.966170,SYS-020,system,Operations,cyber,83,Low,3.14,"{""metric_1"": 6, ""metric_2"": 45}",True
RSK-004725,2026-06-20T19:18:54.966170,SYS-088,system,Finance,fraud,54,Moderate,3.48,"{""metric_1"": 7, ""metric_2"": 41}",True
RSK-004726,2026-05-26T19:18:54.966170,SYS-094,system,Operations,cyber,54,High,0.73,"{""metric_1"": 2, ""metric_2"": 55}",False
RSK-004727,2026-07-15T19:18:54.966170,C-1261,customer,Operations,customer,71,Moderate,3.04,"{""metric_1"": 5, ""metric_2"": 28}",True
RSK-004728,2026-06-01T19:18:54.966170,SYS-079,system,Operations,fraud,19,Low,1.95,"{""metric_1"": 9, ""metric_2"": 25}",False
RSK-004729,2026-06-05T19:18:54.966170,C-0872,customer,Support,customer,56,Critical,2.06,"{""metric_1"": 7, ""metric_2"": 72}",False
RSK-004730,2026-08-19T19:18:54.966170,SYS-047,system,IT,fraud,23,Critical,4.31,"{""metric_1"": 5, ""metric_2"": 34}",True
RSK-004731,2026-07-28T19:18:54.966170,C-1371,customer,Support,financial,19,Critical,4.4,"{""metric_1"": 3, ""metric_2"": 66}",True
RSK-004732,2026-06-25T19:18:54.966170,C-2291,customer,Operations,financial,44,Low,2.75,"{""metric_1"": 3, ""metric_2"": 77}",False
RSK-004733,2026-08-13T19:18:54.966170,C-0088,customer,Finance,financial,64,Low,3.7,"{""metric_1"": 5, ""metric_2"": 80}",True
RSK-004734,2026-06-10T19:18:54.966170,S-039,supplier,Finance,operational,79,High,0.27,"{""metric_1"": 7, ""metric_2"": 50}",True
RSK-004735,2026-06-06T19:18:54.966170,C-3504,customer,Support,financial,89,Low,3.62,"{""metric_1"": 8, ""metric_2"": 94}",False
RSK-004736,2026-05-24T19:18:54.966170,S-042,supplier,Operations,operational,29,Moderate,2.6,"{""metric_1"": 5, ""metric_2"": 24}",True
RSK-004737,2026-07-10T19:18:54.966170,C-3374,customer,IT,financial,87,High,0.41,"{""metric_1"": 7, ""metric_2"": 13}",True
RSK-004738,2026-06-25T19:18:54.966170,C-1080,customer,Finance,financial,13,Critical,0.43,"{""metric_1"": 4, ""metric_2"": 77}",True
RSK-004739,2026-07-24T19:18:54.966170,C-2202,customer,IT,financial,88,Moderate,0.9,"{""metric_1"": 7, ""metric_2"": 48}",True
RSK-004740,2026-06-03T19:18:54.966170,SYS-052,system,IT,fraud,60,Low,1.41,"{""metric_1"": 4, ""metric_2"": 92}",True
RSK-004741,2026-07-27T19:18:54.966170,C-0704,customer,Support,customer,70,Moderate,4.93,"{""metric_1"": 3, ""metric_2"": 95}",False
RSK-004742,2026-07-21T19:18:54.966170,C-4817,customer,IT,financial,54,Moderate,0.22,"{""metric_1"": 1, ""metric_2"": 40}",True
RSK-004743,2026-07-22T19:18:54.966170,C-1357,customer,Operations,financial,60,Moderate,1.19,"{""metric_1"": 3, ""metric_2"": 79}",True
RSK-004744,2026-08-19T19:18:54.966170,C-2639,customer,Finance,financial,87,Low,4.39,"{""metric_1"": 6, ""metric_2"": 90}",False
RSK-004745,2026-06-27T19:18:54.966170,C-4290,customer,Finance,customer,65,Moderate,3.64,"{""metric_1"": 6, ""metric_2"": 98}",False
RSK-004746,2026-07-11T19:18:54.966170,SYS-068,system,IT,cyber,40,Low,4.92,"{""metric_1"": 4, ""metric_2"": 37}",True
RSK-004747,2026-07-29T19:18:54.966170,C-0330,customer,IT,financial,44,Moderate,1.25,"{""metric_1"": 4, ""metric_2"": 96}",False
RSK-004748,2026-07-28T19:18:54.966170,C-1320,customer,Operations,customer,90,Low,0.18,"{""metric_1"": 4, ""metric_2"": 26}",True
RSK-004749,2026-07-25T19:18:54.966170,C-3993,customer,Finance,customer,92,Moderate,4.37,"{""metric_1"": 2, ""metric_2"": 57}",False
RSK-004750,2026-06-23T19:18:54.966170,C-0700,customer,Operations,financial,27,Moderate,3.39,"{""metric_1"": 2, ""metric_2"": 36}",False
RSK-004751,2026-07-05T19:18:54.966170,SYS-014,system,Operations,cyber,51,Critical,1.53,"{""metric_1"": 3, ""metric_2"": 32}",True
RSK-004752,2026-07-13T19:18:54.966170,C-2450,customer,Finance,customer,33,High,2.26,"{""metric_1"": 4, ""metric_2"": 86}",True
RSK-004753,2026-06-03T19:18:54.966170,C-4682,customer,Finance,financial,47,Critical,0.74,"{""metric_1"": 3, ""metric_2"": 59}",False
RSK-004754,2026-08-17T19:18:54.966170,C-1784,customer,Finance,customer,41,High,1.68,"{""metric_1"": 7, ""metric_2"": 76}",False
RSK-004755,2026-06-02T19:18:54.966170,SYS-018,system,Support,fraud,47,High,1.31,"{""metric_1"": 8, ""metric_2"": 38}",True
RSK-004756,2026-07-31T19:18:54.966170,SYS-084,system,IT,cyber,67,High,4.99,"{""metric_1"": 2, ""metric_2"": 67}",False
RSK-004757,2026-07-08T19:18:54.966170,S-043,supplier,Support,operational,27,High,1.01,"{""metric_1"": 6, ""metric_2"": 71}",True
RSK-004758,2026-05-14T19:18:54.966170,C-1681,customer,Operations,customer,54,Critical,4.08,"{""metric_1"": 8, ""metric_2"": 50}",False
RSK-004759,2026-05-30T19:18:54.966170,C-2184,customer,Support,financial,76,High,3.84,"{""metric_1"": 5, ""metric_2"": 46}",False
RSK-004760,2026-06-29T19:18:54.966170,C-2893,customer,Operations,financial,80,Low,3.94,"{""metric_1"": 9, ""metric_2"": 24}",True
RSK-004761,2026-06-22T19:18:54.966170,C-4987,customer,Support,customer,28,Low,0.74,"{""metric_1"": 1, ""metric_2"": 24}",True
RSK-004762,2026-07-08T19:18:54.966170,S-035,supplier,IT,operational,24,Low,4.7,"{""metric_1"": 4, ""metric_2"": 30}",False
RSK-004763,2026-07-08T19:18:54.966170,SYS-041,system,Operations,cyber,62,Moderate,0.7,"{""metric_1"": 8, ""metric_2"": 29}",False
RSK-004764,2026-07-16T19:18:54.966170,SYS-015,system,Finance,fraud,75,Moderate,4.52,"{""metric_1"": 1, ""metric_2"": 60}",True
RSK-004765,2026-06-24T19:18:54.966170,S-006,supplier,Operations,operational,28,Moderate,0.66,"{""metric_1"": 1, ""metric_2"": 72}",True
RSK-004766,2026-06-11T19:18:54.966170,C-2412,customer,Support,customer,30,High,1.79,"{""metric_1"": 8, ""metric_2"": 68}",False
RSK-004767,2026-07-03T19:18:54.966170,C-0183,customer,Support,customer,61,Low,2.99,"{""metric_1"": 6, ""metric_2"": 94}",True
RSK-004768,2026-06-29T19:18:54.966170,C-4722,customer,IT,financial,92,Critical,1.71,"{""metric_1"": 7, ""metric_2"": 81}",True
RSK-004769,2026-06-06T19:18:54.966170,C-1934,customer,IT,customer,72,High,4.67,"{""metric_1"": 2, ""metric_2"": 13}",False
RSK-004770,2026-05-31T19:18:54.966170,C-4272,customer,Support,financial,70,High,3.38,"{""metric_1"": 2, ""metric_2"": 68}",True
RSK-004771,2026-07-31T19:18:54.966170,SYS-064,system,Operations,fraud,15,High,2.5,"{""metric_1"": 1, ""metric_2"": 58}",False
RSK-004772,2026-07-29T19:18:54.966170,S-040,supplier,IT,operational,71,Critical,1.14,"{""metric_1"": 7, ""metric_2"": 52}",False
RSK-004773,2026-07-13T19:18:54.966170,SYS-073,system,Support,cyber,22,High,0.84,"{""metric_1"": 9, ""metric_2"": 88}",False
RSK-004774,2026-07-15T19:18:54.966170,SYS-088,system,Operations,cyber,30,Low,0.85,"{""metric_1"": 1, ""metric_2"": 66}",True
RSK-004775,2026-07-30T19:18:54.966170,C-0188,customer,Finance,customer,73,Critical,1.39,"{""metric_1"": 4, ""metric_2"": 82}",False
RSK-004776,2026-05-23T19:18:54.966170,SYS-048,system,Support,cyber,82,Low,1.56,"{""metric_1"": 4, ""metric_2"": 77}",True
RSK-004777,2026-06-18T19:18:54.966170,S-024,supplier,IT,operational,82,Critical,4.89,"{""metric_1"": 6, ""metric_2"": 67}",False
RSK-004778,2026-07-04T19:18:54.966170,C-2465,customer,Support,financial,36,Moderate,0.83,"{""metric_1"": 5, ""metric_2"": 30}",True
RSK-004779,2026-08-02T19:18:54.966170,SYS-031,system,Finance,cyber,86,Moderate,3.9,"{""metric_1"": 5, ""metric_2"": 21}",True
RSK-004780,2026-06-06T19:18:54.966170,SYS-061,system,Finance,cyber,70,High,0.32,"{""metric_1"": 4, ""metric_2"": 34}",False
RSK-004781,2026-05-16T19:18:54.966170,C-0288,customer,IT,financial,51,Low,3.53,"{""metric_1"": 8, ""metric_2"": 10}",False
RSK-004782,2026-07-09T19:18:54.966170,C-2067,customer,IT,financial,10,Low,0.27,"{""metric_1"": 8, ""metric_2"": 10}",True
RSK-004783,2026-08-09T19:18:54.966170,SYS-034,system,Support,cyber,66,Critical,2.61,"{""metric_1"": 4, ""metric_2"": 35}",True
RSK-004784,2026-08-15T19:18:54.966170,C-2332,customer,Finance,financial,13,Critical,3.36,"{""metric_1"": 6, ""metric_2"": 62}",False
RSK-004785,2026-05-25T19:18:54.966170,S-040,supplier,Support,operational,18,Low,0.33,"{""metric_1"": 9, ""metric_2"": 77}",False
RSK-004786,2026-06-26T19:18:54.966170,C-3496,customer,IT,financial,19,High,3.93,"{""metric_1"": 5, ""metric_2"": 63}",False
RSK-004787,2026-06-27T19:18:54.966170,SYS-028,system,Support,fraud,44,Moderate,1.16,"{""metric_1"": 8, ""metric_2"": 81}",False
RSK-004788,2026-05-22T19:18:54.966170,C-2784,customer,Operations,financial,11,Low,2.1,"{""metric_1"": 3, ""metric_2"": 20}",False
RSK-004789,2026-06-12T19:18:54.966170,S-018,supplier,Finance,operational,91,Critical,4.65,"{""metric_1"": 7, ""metric_2"": 97}",True
RSK-004790,2026-06-28T19:18:54.966170,S-002,supplier,IT,operational,42,Critical,0.56,"{""metric_1"": 3, ""metric_2"": 95}",False
RSK-004791,2026-05-29T19:18:54.966170,SYS-061,system,Finance,fraud,44,High,1.07,"{""metric_1"": 2, ""metric_2"": 73}",True
RSK-004792,2026-07-11T19:18:54.966170,SYS-061,system,Finance,fraud,70,Critical,3.48,"{""metric_1"": 9, ""metric_2"": 61}",False
RSK-004793,2026-06-27T19:18:54.966170,C-4369,customer,IT,customer,20,Critical,4.08,"{""metric_1"": 7, ""metric_2"": 46}",True
RSK-004794,2026-06-03T19:18:54.966170,C-4001,customer,Support,customer,96,Low,3.47,"{""metric_1"": 6, ""metric_2"": 32}",False
RSK-004795,2026-07-23T19:18:54.966170,SYS-030,system,Operations,cyber,52,High,3.39,"{""metric_1"": 1, ""metric_2"": 48}",False
RSK-004796,2026-07-31T19:18:54.966170,SYS-066,system,Operations,cyber,25,Moderate,4.58,"{""metric_1"": 6, ""metric_2"": 51}",True
RSK-004797,2026-06-26T19:18:54.966170,S-023,supplier,Operations,operational,28,Low,3.3,"{""metric_1"": 4, ""metric_2"": 28}",True
RSK-004798,2026-06-02T19:18:54.966170,S-003,supplier,Support,operational,34,Moderate,0.91,"{""metric_1"": 3, ""metric_2"": 19}",False
RSK-004799,2026-08-15T19:18:54.966170,C-1898,customer,Support,customer,53,Critical,0.38,"{""metric_1"": 1, ""metric_2"": 93}",False
RSK-004800,2026-06-27T19:18:54.966170,C-3494,customer,Support,financial,14,Low,4.89,"{""metric_1"": 8, ""metric_2"": 50}",True
RSK-004801,2026-08-01T19:18:54.966170,SYS-046,system,Support,cyber,21,Low,4.66,"{""metric_1"": 6, ""metric_2"": 51}",True
RSK-004802,2026-07-31T19:18:54.966170,S-033,supplier,Finance,operational,34,High,1.64,"{""metric_1"": 9, ""metric_2"": 95}",False
RSK-004803,2026-07-23T19:18:54.966170,SYS-049,system,Support,cyber,73,Moderate,0.14,"{""metric_1"": 4, ""metric_2"": 10}",False
RSK-004804,2026-07-16T19:18:54.966170,SYS-058,system,IT,cyber,15,Critical,1.47,"{""metric_1"": 7, ""metric_2"": 69}",True
RSK-004805,2026-08-03T19:18:54.966170,C-1053,customer,IT,customer,67,Critical,4.55,"{""metric_1"": 1, ""metric_2"": 69}",True
RSK-004806,2026-07-11T19:18:54.966170,SYS-046,system,IT,fraud,50,High,2.85,"{""metric_1"": 4, ""metric_2"": 77}",True
RSK-004807,2026-05-22T19:18:54.966170,C-4259,customer,Finance,customer,40,Moderate,1.14,"{""metric_1"": 9, ""metric_2"": 41}",False
RSK-004808,2026-05-15T19:18:54.966170,S-019,supplier,IT,operational,99,High,0.21,"{""metric_1"": 7, ""metric_2"": 54}",False
RSK-004809,2026-08-11T19:18:54.966170,S-020,supplier,IT,operational,21,Low,3.28,"{""metric_1"": 2, ""metric_2"": 15}",True
RSK-004810,2026-07-28T19:18:54.966170,C-1200,customer,Finance,customer,34,Critical,4.03,"{""metric_1"": 6, ""metric_2"": 77}",False
RSK-004811,2026-05-20T19:18:54.966170,C-2766,customer,Support,financial,24,Moderate,1.19,"{""metric_1"": 2, ""metric_2"": 87}",True
RSK-004812,2026-06-04T19:18:54.966170,SYS-011,system,Support,fraud,70,Critical,2.0,"{""metric_1"": 4, ""metric_2"": 95}",True
RSK-004813,2026-06-09T19:18:54.966170,SYS-014,system,Finance,fraud,11,Critical,4.82,"{""metric_1"": 8, ""metric_2"": 46}",False
RSK-004814,2026-08-01T19:18:54.966170,SYS-013,system,IT,fraud,24,Moderate,2.86,"{""metric_1"": 5, ""metric_2"": 28}",False
RSK-004815,2026-06-07T19:18:54.966170,C-4960,customer,Operations,financial,25,High,0.13,"{""metric_1"": 6, ""metric_2"": 54}",True
RSK-004816,2026-05-14T19:18:54.966170,SYS-063,system,Operations,fraud,91,High,2.18,"{""metric_1"": 5, ""metric_2"": 82}",True
RSK-004817,2026-08-06T19:18:54.966170,SYS-096,system,Finance,cyber,35,Critical,2.68,"{""metric_1"": 8, ""metric_2"": 57}",True
RSK-004818,2026-07-01T19:18:54.966170,SYS-051,system,IT,fraud,47,Critical,2.67,"{""metric_1"": 7, ""metric_2"": 42}",True
RSK-004819,2026-07-08T19:18:54.966170,C-3583,customer,Support,customer,78,High,2.52,"{""metric_1"": 3, ""metric_2"": 12}",False
RSK-004820,2026-07-30T19:18:54.966170,SYS-016,system,IT,cyber,58,Critical,4.18,"{""metric_1"": 7, ""metric_2"": 18}",True
RSK-004821,2026-07-17T19:18:54.966170,C-3387,customer,Finance,financial,12,High,0.81,"{""metric_1"": 2, ""metric_2"": 11}",False
RSK-004822,2026-05-29T19:18:54.966170,S-004,supplier,Operations,operational,80,Low,1.52,"{""metric_1"": 4, ""metric_2"": 94}",True
RSK-004823,2026-07-14T19:18:54.966170,C-0283,customer,IT,financial,55,Moderate,1.97,"{""metric_1"": 4, ""metric_2"": 40}",True
RSK-004824,2026-06-25T19:18:54.966170,SYS-063,system,Support,fraud,25,Moderate,1.94,"{""metric_1"": 8, ""metric_2"": 31}",True
RSK-004825,2026-06-14T19:18:54.966170,C-1238,customer,IT,financial,13,Critical,1.95,"{""metric_1"": 6, ""metric_2"": 46}",True
RSK-004826,2026-06-19T19:18:54.966170,S-025,supplier,Finance,operational,25,Moderate,4.44,"{""metric_1"": 3, ""metric_2"": 33}",False
RSK-004827,2026-06-24T19:18:54.966170,C-2289,customer,IT,financial,30,Moderate,3.75,"{""metric_1"": 4, ""metric_2"": 18}",True
RSK-004828,2026-08-21T19:18:54.966170,S-039,supplier,Finance,operational,63,Critical,3.26,"{""metric_1"": 8, ""metric_2"": 36}",True
RSK-004829,2026-05-22T19:18:54.966170,S-046,supplier,Finance,operational,36,Low,4.44,"{""metric_1"": 3, ""metric_2"": 55}",True
RSK-004830,2026-07-06T19:18:54.966170,SYS-041,system,Finance,fraud,69,Critical,1.66,"{""metric_1"": 1, ""metric_2"": 11}",False
RSK-004831,2026-07-26T19:18:54.966170,C-4340,customer,Operations,financial,26,Low,4.57,"{""metric_1"": 6, ""metric_2"": 56}",True
RSK-004832,2026-06-30T19:18:54.966170,S-043,supplier,Operations,operational,75,Critical,0.18,"{""metric_1"": 9, ""metric_2"": 80}",False
RSK-004833,2026-08-16T19:18:54.966170,SYS-019,system,IT,cyber,48,High,4.03,"{""metric_1"": 1, ""metric_2"": 62}",False
RSK-004834,2026-06-12T19:18:54.966170,SYS-072,system,Operations,fraud,91,Critical,0.12,"{""metric_1"": 8, ""metric_2"": 67}",False
RSK-004835,2026-06-04T19:18:54.966170,C-4858,customer,Finance,financial,28,Low,2.77,"{""metric_1"": 8, ""metric_2"": 71}",False
RSK-004836,2026-06-09T19:18:54.966170,SYS-095,system,Support,fraud,35,Low,0.24,"{""metric_1"": 7, ""metric_2"": 11}",False
RSK-004837,2026-07-14T19:18:54.966170,C-2216,customer,Operations,customer,63,Moderate,2.48,"{""metric_1"": 6, ""metric_2"": 63}",True
RSK-004838,2026-08-07T19:18:54.966170,SYS-033,system,Support,cyber,16,High,2.89,"{""metric_1"": 8, ""metric_2"": 96}",False
RSK-004839,2026-08-07T19:18:54.966170,SYS-002,system,IT,fraud,86,Low,2.62,"{""metric_1"": 9, ""metric_2"": 50}",False
RSK-004840,2026-07-27T19:18:54.966170,SYS-090,system,Support,cyber,95,Moderate,1.1,"{""metric_1"": 8, ""metric_2"": 79}",True
RSK-004841,2026-06-28T19:18:54.966170,S-044,supplier,Finance,operational,69,Moderate,0.86,"{""metric_1"": 7, ""metric_2"": 46}",False
RSK-004842,2026-05-17T19:18:54.966170,S-034,supplier,Support,operational,98,Moderate,1.8,"{""metric_1"": 3, ""metric_2"": 75}",False
RSK-004843,2026-08-16T19:18:54.966170,S-044,supplier,Operations,operational,95,Low,4.52,"{""metric_1"": 8, ""metric_2"": 40}",False
RSK-004844,2026-05-23T19:18:54.966170,SYS-045,system,Operations,cyber,17,High,3.59,"{""metric_1"": 3, ""metric_2"": 45}",False
RSK-004845,2026-05-29T19:18:54.966170,C-0176,customer,Finance,financial,83,Critical,4.46,"{""metric_1"": 4, ""metric_2"": 74}",True
RSK-004846,2026-06-02T19:18:54.966170,SYS-024,system,Finance,cyber,69,Critical,4.23,"{""metric_1"": 1, ""metric_2"": 90}",True
RSK-004847,2026-07-08T19:18:54.966170,S-050,supplier,Operations,operational,78,High,2.06,"{""metric_1"": 7, ""metric_2"": 64}",True
RSK-004848,2026-08-19T19:18:54.966170,C-4911,customer,Operations,customer,31,Critical,0.7,"{""metric_1"": 5, ""metric_2"": 98}",True
RSK-004849,2026-07-11T19:18:54.966170,SYS-067,system,Finance,fraud,67,Low,1.05,"{""metric_1"": 4, ""metric_2"": 18}",True
RSK-004850,2026-05-19T19:18:54.966170,S-034,supplier,Support,operational,83,Moderate,4.88,"{""metric_1"": 6, ""metric_2"": 10}",False
RSK-004851,2026-06-20T19:18:54.966170,SYS-028,system,Operations,fraud,68,Critical,3.59,"{""metric_1"": 9, ""metric_2"": 72}",False
RSK-004852,2026-08-03T19:18:54.966170,C-3876,customer,Finance,customer,17,Low,3.92,"{""metric_1"": 1, ""metric_2"": 25}",False
RSK-004853,2026-08-17T19:18:54.966170,C-2586,customer,Finance,customer,64,Low,3.13,"{""metric_1"": 3, ""metric_2"": 15}",False
RSK-004854,2026-08-16T19:18:54.966170,C-1604,customer,Operations,customer,53,Low,1.67,"{""metric_1"": 8, ""metric_2"": 71}",True
RSK-004855,2026-08-10T19:18:54.966170,S-006,supplier,Finance,operational,16,Moderate,2.05,"{""metric_1"": 3, ""metric_2"": 63}",True
RSK-004856,2026-05-19T19:18:54.966170,C-4213,customer,Operations,financial,34,Critical,4.39,"{""metric_1"": 6, ""metric_2"": 82}",False
RSK-004857,2026-06-15T19:18:54.966170,S-035,supplier,Finance,operational,19,Critical,1.55,"{""metric_1"": 4, ""metric_2"": 78}",False
RSK-004858,2026-06-16T19:18:54.966170,C-0194,customer,Support,financial,66,High,4.56,"{""metric_1"": 5, ""metric_2"": 10}",True
RSK-004859,2026-07-27T19:18:54.966170,C-3083,customer,IT,customer,98,High,0.63,"{""metric_1"": 6, ""metric_2"": 77}",False
RSK-004860,2026-07-04T19:18:54.966170,SYS-028,system,Finance,cyber,79,High,0.45,"{""metric_1"": 7, ""metric_2"": 97}",True
RSK-004861,2026-07-31T19:18:54.966170,S-035,supplier,Support,operational,21,High,4.65,"{""metric_1"": 9, ""metric_2"": 89}",False
RSK-004862,2026-07-01T19:18:54.966170,C-2666,customer,IT,financial,70,High,2.55,"{""metric_1"": 6, ""metric_2"": 98}",False
RSK-004863,2026-06-08T19:18:54.966170,S-035,supplier,Finance,operational,44,Critical,3.05,"{""metric_1"": 4, ""metric_2"": 85}",False
RSK-004864,2026-08-20T19:18:54.966170,C-0163,customer,IT,customer,71,Critical,4.78,"{""metric_1"": 6, ""metric_2"": 20}",True
RSK-004865,2026-05-29T19:18:54.966170,C-0099,customer,IT,financial,97,Moderate,3.64,"{""metric_1"": 5, ""metric_2"": 80}",False
RSK-004866,2026-06-15T19:18:54.966170,SYS-069,system,Support,fraud,38,Low,1.59,"{""metric_1"": 7, ""metric_2"": 51}",False
RSK-004867,2026-05-14T19:18:54.966170,C-3829,customer,Finance,financial,37,Low,2.13,"{""metric_1"": 5, ""metric_2"": 83}",True
RSK-004868,2026-08-20T19:18:54.966170,S-032,supplier,Operations,operational,93,High,1.47,"{""metric_1"": 8, ""metric_2"": 20}",False
RSK-004869,2026-08-14T19:18:54.966170,S-003,supplier,IT,operational,31,High,0.4,"{""metric_1"": 1, ""metric_2"": 81}",False
RSK-004870,2026-05-16T19:18:54.966170,SYS-052,system,IT,cyber,15,Low,2.26,"{""metric_1"": 5, ""metric_2"": 95}",True
RSK-004871,2026-05-15T19:18:54.966170,SYS-010,system,IT,fraud,76,High,1.71,"{""metric_1"": 6, ""metric_2"": 42}",False
RSK-004872,2026-06-17T19:18:54.966170,SYS-041,system,Finance,fraud,99,Critical,0.23,"{""metric_1"": 8, ""metric_2"": 39}",True
RSK-004873,2026-08-16T19:18:54.966170,C-0827,customer,Operations,financial,68,Critical,2.05,"{""metric_1"": 8, ""metric_2"": 29}",False
RSK-004874,2026-05-19T19:18:54.966170,C-0225,customer,Operations,financial,55,Low,1.62,"{""metric_1"": 4, ""metric_2"": 94}",False
RSK-004875,2026-06-04T19:18:54.966170,S-024,supplier,Operations,operational,65,Moderate,2.74,"{""metric_1"": 1, ""metric_2"": 24}",True
RSK-004876,2026-05-28T19:18:54.966170,C-4933,customer,Operations,customer,83,Critical,3.01,"{""metric_1"": 8, ""metric_2"": 98}",True
RSK-004877,2026-08-21T19:18:54.966170,S-033,supplier,Support,operational,73,Critical,1.94,"{""metric_1"": 8, ""metric_2"": 19}",False
RSK-004878,2026-08-18T19:18:54.966170,SYS-071,system,Finance,fraud,41,Low,3.38,"{""metric_1"": 7, ""metric_2"": 18}",False
RSK-004879,2026-06-19T19:18:54.966170,SYS-081,system,Finance,cyber,25,Critical,3.53,"{""metric_1"": 4, ""metric_2"": 89}",False
RSK-004880,2026-07-05T19:18:54.966170,SYS-036,system,Operations,fraud,13,Critical,0.17,"{""metric_1"": 4, ""metric_2"": 84}",True
RSK-004881,2026-07-16T19:18:54.966170,SYS-080,system,Support,fraud,49,High,2.12,"{""metric_1"": 2, ""metric_2"": 44}",True
RSK-004882,2026-06-14T19:18:54.966170,SYS-013,system,Operations,cyber,78,Low,3.22,"{""metric_1"": 4, ""metric_2"": 75}",False
RSK-004883,2026-08-03T19:18:54.966170,SYS-052,system,Support,fraud,97,High,3.83,"{""metric_1"": 3, ""metric_2"": 79}",True
RSK-004884,2026-07-19T19:18:54.966170,C-0768,customer,Operations,customer,49,High,2.42,"{""metric_1"": 4, ""metric_2"": 51}",True
RSK-004885,2026-08-03T19:18:54.966170,SYS-013,system,Finance,fraud,97,Moderate,3.03,"{""metric_1"": 1, ""metric_2"": 54}",False
RSK-004886,2026-05-22T19:18:54.966170,SYS-005,system,Finance,cyber,76,Moderate,4.99,"{""metric_1"": 2, ""metric_2"": 58}",False
RSK-004887,2026-05-18T19:18:54.966170,SYS-054,system,Operations,fraud,86,High,1.35,"{""metric_1"": 2, ""metric_2"": 61}",True
RSK-004888,2026-06-01T19:18:54.966170,S-031,supplier,Finance,operational,68,Low,2.58,"{""metric_1"": 2, ""metric_2"": 12}",True
RSK-004889,2026-07-20T19:18:54.966170,S-010,supplier,Support,operational,27,Low,0.28,"{""metric_1"": 9, ""metric_2"": 48}",True
RSK-004890,2026-05-17T19:18:54.966170,SYS-060,system,Finance,cyber,26,Low,2.53,"{""metric_1"": 1, ""metric_2"": 86}",False
RSK-004891,2026-07-13T19:18:54.966170,C-1091,customer,Finance,financial,55,Critical,2.2,"{""metric_1"": 5, ""metric_2"": 96}",True
RSK-004892,2026-08-14T19:18:54.966170,C-2249,customer,Finance,customer,10,Moderate,4.8,"{""metric_1"": 6, ""metric_2"": 68}",True
RSK-004893,2026-07-28T19:18:54.966170,C-4126,customer,Finance,customer,88,Moderate,1.8,"{""metric_1"": 1, ""metric_2"": 13}",False
RSK-004894,2026-07-18T19:18:54.966170,C-2210,customer,Operations,financial,62,High,0.4,"{""metric_1"": 4, ""metric_2"": 22}",True
RSK-004895,2026-06-09T19:18:54.966170,S-007,supplier,IT,operational,28,Critical,2.81,"{""metric_1"": 2, ""metric_2"": 73}",True
RSK-004896,2026-07-02T19:18:54.966170,C-1733,customer,Operations,financial,73,High,3.32,"{""metric_1"": 9, ""metric_2"": 90}",False
RSK-004897,2026-08-21T19:18:54.966170,SYS-096,system,IT,cyber,84,Low,1.47,"{""metric_1"": 1, ""metric_2"": 36}",False
RSK-004898,2026-07-31T19:18:54.966170,SYS-006,system,IT,cyber,22,Moderate,4.05,"{""metric_1"": 9, ""metric_2"": 93}",True
RSK-004899,2026-08-11T19:18:54.966170,SYS-084,system,IT,fraud,71,Critical,1.54,"{""metric_1"": 2, ""metric_2"": 18}",True
RSK-004900,2026-05-24T19:18:54.966170,SYS-086,system,Operations,fraud,32,High,2.11,"{""metric_1"": 5, ""metric_2"": 69}",False
RSK-004901,2026-08-14T19:18:54.966170,SYS-098,system,Finance,cyber,43,Low,0.24,"{""metric_1"": 9, ""metric_2"": 35}",False
RSK-004902,2026-08-09T19:18:54.966170,SYS-050,system,Support,fraud,15,Low,4.45,"{""metric_1"": 7, ""metric_2"": 37}",True
RSK-004903,2026-07-29T19:18:54.966170,SYS-033,system,IT,fraud,46,Critical,3.79,"{""metric_1"": 4, ""metric_2"": 92}",True
RSK-004904,2026-07-14T19:18:54.966170,SYS-086,system,Support,fraud,50,High,2.49,"{""metric_1"": 3, ""metric_2"": 92}",True
RSK-004905,2026-06-19T19:18:54.966170,C-1356,customer,IT,financial,17,High,2.76,"{""metric_1"": 7, ""metric_2"": 78}",False
RSK-004906,2026-06-10T19:18:54.966170,SYS-062,system,Support,fraud,23,Low,0.66,"{""metric_1"": 9, ""metric_2"": 22}",True
RSK-004907,2026-07-09T19:18:54.966170,SYS-009,system,IT,cyber,37,Moderate,0.93,"{""metric_1"": 8, ""metric_2"": 71}",True
RSK-004908,2026-06-12T19:18:54.966170,C-3614,customer,Support,customer,87,Critical,3.88,"{""metric_1"": 6, ""metric_2"": 38}",True
RSK-004909,2026-07-03T19:18:54.966170,S-011,supplier,Operations,operational,17,Moderate,3.96,"{""metric_1"": 4, ""metric_2"": 46}",False
RSK-004910,2026-06-27T19:18:54.966170,C-1884,customer,Finance,financial,36,Critical,2.51,"{""metric_1"": 8, ""metric_2"": 77}",True
RSK-004911,2026-07-28T19:18:54.966170,SYS-002,system,Operations,cyber,47,Low,2.8,"{""metric_1"": 1, ""metric_2"": 94}",False
RSK-004912,2026-08-21T19:18:54.966170,SYS-084,system,Finance,fraud,45,Moderate,4.55,"{""metric_1"": 7, ""metric_2"": 36}",False
RSK-004913,2026-06-30T19:18:54.966170,C-1491,customer,Support,financial,71,Moderate,3.58,"{""metric_1"": 7, ""metric_2"": 29}",False
RSK-004914,2026-06-29T19:18:54.966170,C-2051,customer,Support,financial,90,Moderate,1.85,"{""metric_1"": 9, ""metric_2"": 86}",True
RSK-004915,2026-07-09T19:18:54.966170,SYS-014,system,IT,fraud,42,Critical,2.42,"{""metric_1"": 9, ""metric_2"": 38}",True
RSK-004916,2026-08-20T19:18:54.966170,SYS-066,system,IT,cyber,19,Low,2.86,"{""metric_1"": 4, ""metric_2"": 37}",False
RSK-004917,2026-06-28T19:18:54.966170,SYS-042,system,Operations,cyber,69,Low,2.74,"{""metric_1"": 4, ""metric_2"": 27}",True
RSK-004918,2026-06-03T19:18:54.966170,C-3349,customer,Operations,financial,31,Moderate,4.85,"{""metric_1"": 1, ""metric_2"": 65}",False
RSK-004919,2026-08-05T19:18:54.966170,C-2195,customer,Finance,financial,15,Low,3.11,"{""metric_1"": 4, ""metric_2"": 87}",True
RSK-004920,2026-08-07T19:18:54.966170,C-3149,customer,Operations,customer,57,High,0.53,"{""metric_1"": 5, ""metric_2"": 55}",True
RSK-004921,2026-08-19T19:18:54.966170,C-3804,customer,Finance,financial,91,High,1.33,"{""metric_1"": 2, ""metric_2"": 84}",True
RSK-004922,2026-07-07T19:18:54.966170,SYS-096,system,IT,cyber,26,Critical,0.13,"{""metric_1"": 3, ""metric_2"": 65}",False
RSK-004923,2026-07-30T19:18:54.966170,C-1978,customer,IT,financial,74,High,2.79,"{""metric_1"": 9, ""metric_2"": 23}",False
RSK-004924,2026-08-06T19:18:54.966170,SYS-059,system,Finance,cyber,86,Low,1.32,"{""metric_1"": 3, ""metric_2"": 96}",True
RSK-004925,2026-07-25T19:18:54.966170,S-016,supplier,Operations,operational,98,Moderate,1.31,"{""metric_1"": 5, ""metric_2"": 76}",True
RSK-004926,2026-05-23T19:18:54.966170,C-1376,customer,IT,financial,82,High,1.39,"{""metric_1"": 9, ""metric_2"": 38}",True
RSK-004927,2026-06-07T19:18:54.966170,S-050,supplier,IT,operational,87,High,3.6,"{""metric_1"": 2, ""metric_2"": 91}",True
RSK-004928,2026-06-01T19:18:54.966170,C-1002,customer,Operations,customer,63,Low,2.26,"{""metric_1"": 6, ""metric_2"": 54}",False
RSK-004929,2026-07-07T19:18:54.966170,SYS-029,system,Support,fraud,40,Moderate,4.13,"{""metric_1"": 7, ""metric_2"": 91}",False
RSK-004930,2026-05-24T19:18:54.966170,S-035,supplier,Finance,operational,96,Critical,0.65,"{""metric_1"": 1, ""metric_2"": 77}",True
RSK-004931,2026-05-27T19:18:54.966170,C-0034,customer,Support,customer,34,Moderate,3.11,"{""metric_1"": 4, ""metric_2"": 99}",False
RSK-004932,2026-06-24T19:18:54.966170,C-3944,customer,Finance,customer,44,Low,1.97,"{""metric_1"": 1, ""metric_2"": 95}",False
RSK-004933,2026-07-16T19:18:54.966170,SYS-026,system,Operations,cyber,96,Moderate,0.24,"{""metric_1"": 8, ""metric_2"": 10}",False
RSK-004934,2026-07-08T19:18:54.966170,SYS-086,system,Finance,fraud,50,Low,4.65,"{""metric_1"": 4, ""metric_2"": 95}",True
RSK-004935,2026-05-16T19:18:54.966170,SYS-004,system,IT,fraud,49,Low,3.18,"{""metric_1"": 4, ""metric_2"": 48}",False
RSK-004936,2026-07-21T19:18:54.966170,SYS-080,system,Operations,fraud,89,Moderate,1.63,"{""metric_1"": 1, ""metric_2"": 79}",False
RSK-004937,2026-06-17T19:18:54.966170,SYS-072,system,IT,cyber,57,High,1.27,"{""metric_1"": 9, ""metric_2"": 70}",True
RSK-004938,2026-07-20T19:18:54.966170,S-015,supplier,Operations,operational,87,Moderate,2.48,"{""metric_1"": 6, ""metric_2"": 79}",False
RSK-004939,2026-05-18T19:18:54.966170,S-003,supplier,IT,operational,44,Low,3.16,"{""metric_1"": 7, ""metric_2"": 92}",False
RSK-004940,2026-06-06T19:18:54.966170,C-1252,customer,IT,customer,32,Moderate,3.8,"{""metric_1"": 8, ""metric_2"": 30}",False
RSK-004941,2026-07-02T19:18:54.966170,C-1491,customer,Finance,financial,18,High,2.11,"{""metric_1"": 2, ""metric_2"": 89}",True
RSK-004942,2026-07-04T19:18:54.966170,C-4508,customer,Operations,customer,71,Critical,0.84,"{""metric_1"": 5, ""metric_2"": 76}",False
RSK-004943,2026-05-29T19:18:54.966170,C-3297,customer,Support,customer,50,Critical,1.37,"{""metric_1"": 7, ""metric_2"": 37}",False
RSK-004944,2026-06-05T19:18:54.966170,S-038,supplier,Finance,operational,90,High,0.46,"{""metric_1"": 4, ""metric_2"": 39}",False
RSK-004945,2026-05-28T19:18:54.966170,C-1928,customer,Finance,customer,86,Low,0.6,"{""metric_1"": 1, ""metric_2"": 71}",False
RSK-004946,2026-06-26T19:18:54.966170,SYS-060,system,IT,fraud,68,Critical,0.78,"{""metric_1"": 3, ""metric_2"": 30}",False
RSK-004947,2026-07-04T19:18:54.966170,C-2712,customer,Operations,financial,93,Moderate,0.5,"{""metric_1"": 3, ""metric_2"": 48}",True
RSK-004948,2026-07-27T19:18:54.966170,SYS-069,system,Finance,fraud,59,Moderate,1.72,"{""metric_1"": 8, ""metric_2"": 30}",False
RSK-004949,2026-07-05T19:18:54.966170,SYS-099,system,Operations,fraud,55,Moderate,2.73,"{""metric_1"": 9, ""metric_2"": 74}",True
RSK-004950,2026-07-18T19:18:54.966170,SYS-053,system,Operations,cyber,56,High,2.31,"{""metric_1"": 1, ""metric_2"": 41}",True
RSK-004951,2026-06-25T19:18:54.966170,S-005,supplier,Support,operational,26,Critical,1.26,"{""metric_1"": 1, ""metric_2"": 60}",False
RSK-004952,2026-07-21T19:18:54.966170,S-044,supplier,Support,operational,57,High,3.94,"{""metric_1"": 9, ""metric_2"": 31}",False
RSK-004953,2026-08-15T19:18:54.966170,SYS-072,system,Finance,cyber,18,Low,4.21,"{""metric_1"": 8, ""metric_2"": 56}",False
RSK-004954,2026-07-12T19:18:54.966170,C-4530,customer,Operations,financial,96,Low,2.55,"{""metric_1"": 8, ""metric_2"": 83}",True
RSK-004955,2026-06-20T19:18:54.966170,S-037,supplier,IT,operational,72,Low,0.88,"{""metric_1"": 1, ""metric_2"": 61}",True
RSK-004956,2026-06-22T19:18:54.966170,C-4408,customer,Finance,customer,26,Low,4.55,"{""metric_1"": 7, ""metric_2"": 11}",False
RSK-004957,2026-06-03T19:18:54.966170,SYS-061,system,Operations,fraud,66,Moderate,3.34,"{""metric_1"": 3, ""metric_2"": 39}",True
RSK-004958,2026-06-07T19:18:54.966170,C-1542,customer,IT,customer,33,High,2.77,"{""metric_1"": 7, ""metric_2"": 93}",True
RSK-004959,2026-08-21T19:18:54.966170,C-1709,customer,Finance,customer,53,Low,1.42,"{""metric_1"": 4, ""metric_2"": 82}",False
RSK-004960,2026-07-25T19:18:54.966170,C-2779,customer,Finance,customer,86,Moderate,1.12,"{""metric_1"": 2, ""metric_2"": 14}",False
RSK-004961,2026-05-26T19:18:54.966170,C-1559,customer,Finance,customer,91,Critical,2.45,"{""metric_1"": 2, ""metric_2"": 59}",False
RSK-004962,2026-08-08T19:18:54.966170,C-1503,customer,Operations,customer,67,Moderate,0.89,"{""metric_1"": 2, ""metric_2"": 94}",True
RSK-004963,2026-06-09T19:18:54.966170,C-0663,customer,Finance,financial,49,High,4.32,"{""metric_1"": 2, ""metric_2"": 59}",True
RSK-004964,2026-05-27T19:18:54.966170,C-2976,customer,Finance,customer,47,Moderate,1.78,"{""metric_1"": 1, ""metric_2"": 76}",True
RSK-004965,2026-06-10T19:18:54.966170,C-2831,customer,Support,customer,27,High,2.8,"{""metric_1"": 8, ""metric_2"": 34}",True
RSK-004966,2026-05-18T19:18:54.966170,C-2489,customer,Finance,customer,39,Low,2.85,"{""metric_1"": 8, ""metric_2"": 24}",False
RSK-004967,2026-07-25T19:18:54.966170,C-0532,customer,IT,customer,77,Moderate,0.86,"{""metric_1"": 8, ""metric_2"": 22}",False
RSK-004968,2026-08-16T19:18:54.966170,SYS-084,system,Finance,cyber,54,Critical,1.2,"{""metric_1"": 9, ""metric_2"": 37}",False
RSK-004969,2026-07-30T19:18:54.966170,SYS-010,system,Support,cyber,27,Low,4.03,"{""metric_1"": 6, ""metric_2"": 63}",True
RSK-004970,2026-07-31T19:18:54.966170,SYS-078,system,IT,fraud,84,Low,4.48,"{""metric_1"": 5, ""metric_2"": 57}",True
RSK-004971,2026-07-28T19:18:54.966170,C-2617,customer,Finance,customer,31,Critical,0.31,"{""metric_1"": 9, ""metric_2"": 53}",False
RSK-004972,2026-08-18T19:18:54.966170,C-3543,customer,Finance,financial,54,High,0.49,"{""metric_1"": 2, ""metric_2"": 14}",False
RSK-004973,2026-05-31T19:18:54.966170,S-034,supplier,Finance,operational,91,High,0.92,"{""metric_1"": 8, ""metric_2"": 95}",True
RSK-004974,2026-06-26T19:18:54.966170,C-4831,customer,Finance,financial,99,Moderate,0.34,"{""metric_1"": 8, ""metric_2"": 47}",False
RSK-004975,2026-07-31T19:18:54.966170,SYS-085,system,Support,cyber,83,Low,2.44,"{""metric_1"": 9, ""metric_2"": 72}",False
RSK-004976,2026-06-22T19:18:54.966170,SYS-073,system,Finance,cyber,77,High,3.62,"{""metric_1"": 9, ""metric_2"": 39}",True
RSK-004977,2026-06-06T19:18:54.966170,SYS-011,system,Finance,cyber,49,Moderate,4.64,"{""metric_1"": 5, ""metric_2"": 53}",False
RSK-004978,2026-06-28T19:18:54.966170,C-3929,customer,Support,customer,78,Low,1.02,"{""metric_1"": 8, ""metric_2"": 56}",False
RSK-004979,2026-05-29T19:18:54.966170,SYS-063,system,Finance,fraud,44,Moderate,3.85,"{""metric_1"": 5, ""metric_2"": 93}",False
RSK-004980,2026-06-11T19:18:54.966170,C-3983,customer,Operations,customer,93,Moderate,4.15,"{""metric_1"": 7, ""metric_2"": 75}",False
RSK-004981,2026-07-09T19:18:54.966170,S-004,supplier,Operations,operational,96,High,2.17,"{""metric_1"": 4, ""metric_2"": 92}",False
RSK-004982,2026-07-31T19:18:54.966170,C-0608,customer,IT,financial,54,Low,0.58,"{""metric_1"": 2, ""metric_2"": 35}",True
RSK-004983,2026-06-22T19:18:54.966170,C-3691,customer,IT,customer,39,Critical,4.33,"{""metric_1"": 4, ""metric_2"": 60}",False
RSK-004984,2026-07-16T19:18:54.966170,C-2855,customer,Finance,financial,53,High,1.76,"{""metric_1"": 6, ""metric_2"": 60}",True
RSK-004985,2026-07-18T19:18:54.966170,SYS-048,system,IT,cyber,27,Low,2.21,"{""metric_1"": 8, ""metric_2"": 76}",False
RSK-004986,2026-07-02T19:18:54.966170,C-4677,customer,Finance,customer,11,High,0.3,"{""metric_1"": 2, ""metric_2"": 56}",False
RSK-004987,2026-08-12T19:18:54.966170,C-0609,customer,IT,customer,65,Critical,2.98,"{""metric_1"": 6, ""metric_2"": 67}",True
RSK-004988,2026-07-06T19:18:54.966170,C-2871,customer,Finance,customer,29,High,3.2,"{""metric_1"": 6, ""metric_2"": 62}",False
RSK-004989,2026-06-12T19:18:54.966170,C-4415,customer,IT,customer,99,Moderate,1.64,"{""metric_1"": 8, ""metric_2"": 47}",False
RSK-004990,2026-06-04T19:18:54.966170,S-018,supplier,Operations,operational,82,Low,2.15,"{""metric_1"": 5, ""metric_2"": 57}",True
RSK-004991,2026-07-15T19:18:54.966170,SYS-065,system,IT,cyber,33,High,0.4,"{""metric_1"": 2, ""metric_2"": 67}",True
RSK-004992,2026-06-29T19:18:54.966170,S-012,supplier,Finance,operational,53,High,4.76,"{""metric_1"": 1, ""metric_2"": 91}",False
RSK-004993,2026-08-11T19:18:54.966170,SYS-075,system,Operations,cyber,94,Critical,2.08,"{""metric_1"": 1, ""metric_2"": 67}",False
RSK-004994,2026-06-15T19:18:54.966170,SYS-046,system,Operations,cyber,59,High,4.53,"{""metric_1"": 5, ""metric_2"": 73}",False
RSK-004995,2026-07-15T19:18:54.966170,C-3006,customer,Finance,customer,86,High,4.87,"{""metric_1"": 4, ""metric_2"": 97}",False
RSK-004996,2026-05-25T19:18:54.966170,C-4209,customer,Operations,financial,55,Moderate,2.89,"{""metric_1"": 9, ""metric_2"": 19}",True
RSK-004997,2026-07-12T19:18:54.966170,SYS-037,system,IT,cyber,46,High,0.86,"{""metric_1"": 2, ""metric_2"": 95}",True
RSK-004998,2026-05-17T19:18:54.966170,S-024,supplier,Finance,operational,29,High,4.05,"{""metric_1"": 5, ""metric_2"": 71}",False
RSK-004999,2026-08-20T19:18:54.966170,SYS-059,system,Support,fraud,46,Critical,2.66,"{""metric_1"": 9, ""metric_2"": 34}",True
