inventory_id,product_id,supplier_id,date,stock_level,daily_demand,reorder_point,lead_time_days,days_of_coverage
INV-000001,P-001,S-002,2026-05-14,450,52,156,13,8.67
INV-000002,P-002,S-025,2026-05-14,464,101,303,7,4.6
INV-000003,P-003,S-039,2026-05-14,465,128,384,12,3.64
INV-000004,P-004,S-022,2026-05-14,586,86,258,6,6.82
INV-000005,P-005,S-045,2026-05-14,494,89,267,6,5.56
INV-000006,P-006,S-050,2026-05-14,480,109,327,14,4.4
INV-000007,P-007,S-015,2026-05-14,519,98,294,8,5.3
INV-000008,P-008,S-015,2026-05-14,470,131,393,8,3.59
INV-000009,P-009,S-025,2026-05-14,451,127,381,7,3.55
INV-000010,P-010,S-050,2026-05-14,485,131,393,14,3.71
INV-000011,P-011,S-022,2026-05-14,441,102,306,6,4.32
INV-000012,P-012,S-012,2026-05-14,498,126,378,10,3.96
INV-000013,P-013,S-041,2026-05-14,462,94,282,6,4.92
INV-000014,P-014,S-022,2026-05-14,444,78,234,6,5.7
INV-000015,P-015,S-044,2026-05-14,392,113,339,4,3.47
INV-000016,P-016,S-038,2026-05-14,406,123,369,15,3.31
INV-000017,P-017,S-017,2026-05-14,469,125,375,14,3.75
INV-000018,P-018,S-028,2026-05-14,432,154,462,3,2.81
INV-000019,P-019,S-048,2026-05-14,500,84,252,13,5.96
INV-000020,P-020,S-005,2026-05-14,462,105,315,7,4.41
INV-000021,P-021,S-047,2026-05-14,508,79,237,12,6.44
INV-000022,P-022,S-035,2026-05-14,455,97,291,11,4.69
INV-000023,P-023,S-031,2026-05-14,518,89,267,9,5.83
INV-000024,P-024,S-018,2026-05-14,367,104,312,9,3.53
INV-000025,P-025,S-009,2026-05-14,432,91,273,12,4.76
INV-000026,P-026,S-023,2026-05-14,343,81,243,12,4.24
INV-000027,P-027,S-041,2026-05-14,473,90,270,6,5.26
INV-000028,P-028,S-004,2026-05-14,490,134,402,5,3.66
INV-000029,P-029,S-048,2026-05-14,416,68,204,13,6.13
INV-000030,P-030,S-025,2026-05-14,454,95,285,7,4.78
INV-000031,P-031,S-014,2026-05-14,472,106,318,8,4.46
INV-000032,P-032,S-001,2026-05-14,413,112,336,9,3.69
INV-000033,P-033,S-029,2026-05-14,366,85,255,10,4.31
INV-000034,P-034,S-034,2026-05-14,431,130,390,3,3.32
INV-000035,P-035,S-040,2026-05-14,484,82,246,5,5.91
INV-000036,P-036,S-045,2026-05-14,423,71,213,6,5.96
INV-000037,P-037,S-042,2026-05-14,475,97,291,14,4.9
INV-000038,P-038,S-033,2026-05-14,430,85,255,5,5.06
INV-000039,P-039,S-001,2026-05-14,453,71,213,9,6.39
INV-000040,P-040,S-046,2026-05-14,568,78,234,6,7.29
INV-000041,P-041,S-007,2026-05-14,471,66,198,3,7.14
INV-000042,P-042,S-005,2026-05-14,540,108,324,7,5.0
INV-000043,P-043,S-001,2026-05-14,441,106,318,9,4.16
INV-000044,P-044,S-035,2026-05-14,524,92,276,11,5.7
INV-000045,P-045,S-045,2026-05-14,435,103,309,6,4.23
INV-000046,P-046,S-030,2026-05-14,476,105,315,7,4.54
INV-000047,P-047,S-008,2026-05-14,455,93,279,15,4.9
INV-000048,P-048,S-048,2026-05-14,479,61,183,13,7.86
INV-000049,P-049,S-044,2026-05-14,369,69,207,4,5.35
INV-000050,P-050,S-016,2026-05-14,477,81,243,8,5.89
INV-000051,P-001,S-029,2026-05-15,370,108,324,10,3.43
INV-000052,P-002,S-020,2026-05-15,445,89,267,10,5.0
INV-000053,P-003,S-042,2026-05-15,393,95,285,14,4.14
INV-000054,P-004,S-017,2026-05-15,508,72,216,14,7.06
INV-000055,P-005,S-044,2026-05-15,492,122,366,4,4.03
INV-000056,P-006,S-025,2026-05-15,472,120,360,7,3.93
INV-000057,P-007,S-047,2026-05-15,510,107,321,12,4.77
INV-000058,P-008,S-043,2026-05-15,389,115,345,9,3.38
INV-000059,P-009,S-016,2026-05-15,500,105,315,8,4.76
INV-000060,P-010,S-013,2026-05-15,432,81,243,4,5.34
INV-000061,P-011,S-012,2026-05-15,448,120,360,10,3.73
INV-000062,P-012,S-027,2026-05-15,496,96,288,3,5.17
INV-000063,P-013,S-035,2026-05-15,427,83,249,11,5.15
INV-000064,P-014,S-038,2026-05-15,453,77,231,15,5.89
INV-000065,P-015,S-026,2026-05-15,517,76,228,15,6.81
INV-000066,P-016,S-046,2026-05-15,544,111,333,6,4.91
INV-000067,P-017,S-026,2026-05-15,485,82,246,15,5.92
INV-000068,P-018,S-031,2026-05-15,457,91,273,9,5.03
INV-000069,P-019,S-015,2026-05-15,448,112,336,8,4.0
INV-000070,P-020,S-048,2026-05-15,444,63,189,13,7.06
INV-000071,P-021,S-042,2026-05-15,448,88,264,14,5.1
INV-000072,P-022,S-042,2026-05-15,503,105,315,14,4.79
INV-000073,P-023,S-005,2026-05-15,495,90,270,7,5.5
INV-000074,P-024,S-004,2026-05-15,340,117,351,5,2.91
INV-000075,P-025,S-020,2026-05-15,534,118,354,10,4.53
INV-000076,P-026,S-032,2026-05-15,501,116,348,13,4.32
INV-000077,P-027,S-019,2026-05-15,447,111,333,10,4.03
INV-000078,P-028,S-019,2026-05-15,386,112,336,10,3.45
INV-000079,P-029,S-029,2026-05-15,390,76,228,10,5.14
INV-000080,P-030,S-021,2026-05-15,499,107,321,12,4.67
INV-000081,P-031,S-010,2026-05-15,444,61,183,5,7.29
INV-000082,P-032,S-045,2026-05-15,418,109,327,6,3.84
INV-000083,P-033,S-042,2026-05-15,441,90,270,14,4.9
INV-000084,P-034,S-028,2026-05-15,459,104,312,3,4.42
INV-000085,P-035,S-018,2026-05-15,535,113,339,9,4.74
INV-000086,P-036,S-039,2026-05-15,444,97,291,12,4.58
INV-000087,P-037,S-040,2026-05-15,407,76,228,5,5.36
INV-000088,P-038,S-050,2026-05-15,510,97,291,14,5.26
INV-000089,P-039,S-032,2026-05-15,499,89,267,13,5.61
INV-000090,P-040,S-033,2026-05-15,437,47,141,5,9.3
INV-000091,P-041,S-013,2026-05-15,458,149,447,4,3.08
INV-000092,P-042,S-045,2026-05-15,585,46,138,6,12.73
INV-000093,P-043,S-025,2026-05-15,466,93,279,7,5.02
INV-000094,P-044,S-045,2026-05-15,508,136,408,6,3.74
INV-000095,P-045,S-033,2026-05-15,521,84,252,5,6.21
INV-000096,P-046,S-021,2026-05-15,459,89,267,12,5.16
INV-000097,P-047,S-037,2026-05-15,486,69,207,8,7.05
INV-000098,P-048,S-023,2026-05-15,514,78,234,12,6.6
INV-000099,P-049,S-043,2026-05-15,567,98,294,9,5.79
INV-000100,P-050,S-012,2026-05-15,489,106,318,10,4.62
INV-000101,P-001,S-050,2026-05-16,512,112,336,14,4.57
INV-000102,P-002,S-044,2026-05-16,498,137,411,4,3.64
INV-000103,P-003,S-034,2026-05-16,469,102,306,3,4.6
INV-000104,P-004,S-029,2026-05-16,473,100,300,10,4.74
INV-000105,P-005,S-028,2026-05-16,549,70,210,3,7.85
INV-000106,P-006,S-001,2026-05-16,512,102,306,9,5.02
INV-000107,P-007,S-015,2026-05-16,424,108,324,8,3.93
INV-000108,P-008,S-038,2026-05-16,488,96,288,15,5.09
INV-000109,P-009,S-009,2026-05-16,452,99,297,12,4.57
INV-000110,P-010,S-037,2026-05-16,475,128,384,8,3.72
INV-000111,P-011,S-038,2026-05-16,527,68,204,15,7.75
INV-000112,P-012,S-004,2026-05-16,502,86,258,5,5.84
INV-000113,P-013,S-010,2026-05-16,470,103,309,5,4.56
INV-000114,P-014,S-004,2026-05-16,484,91,273,5,5.32
INV-000115,P-015,S-031,2026-05-16,533,101,303,9,5.28
INV-000116,P-016,S-007,2026-05-16,516,102,306,3,5.06
INV-000117,P-017,S-010,2026-05-16,484,98,294,5,4.94
INV-000118,P-018,S-045,2026-05-16,474,121,363,6,3.92
INV-000119,P-019,S-027,2026-05-16,516,81,243,3,6.38
INV-000120,P-020,S-044,2026-05-16,393,98,294,4,4.01
INV-000121,P-021,S-003,2026-05-16,479,113,339,10,4.25
INV-000122,P-022,S-001,2026-05-16,448,116,348,9,3.87
INV-000123,P-023,S-039,2026-05-16,436,85,255,12,5.14
INV-000124,P-024,S-011,2026-05-16,503,94,282,15,5.36
INV-000125,P-025,S-047,2026-05-16,509,105,315,12,4.85
INV-000126,P-026,S-027,2026-05-16,454,108,324,3,4.2
INV-000127,P-027,S-014,2026-05-16,490,70,210,8,7.01
INV-000128,P-028,S-011,2026-05-16,476,76,228,15,6.27
INV-000129,P-029,S-035,2026-05-16,471,103,309,11,4.57
INV-000130,P-030,S-018,2026-05-16,485,107,321,9,4.53
INV-000131,P-031,S-021,2026-05-16,460,104,312,12,4.43
INV-000132,P-032,S-030,2026-05-16,433,74,222,7,5.86
INV-000133,P-033,S-042,2026-05-16,544,73,219,14,7.45
INV-000134,P-034,S-015,2026-05-16,465,108,324,8,4.31
INV-000135,P-035,S-010,2026-05-16,465,60,180,5,7.76
INV-000136,P-036,S-008,2026-05-16,466,87,261,15,5.36
INV-000137,P-037,S-009,2026-05-16,405,123,369,12,3.3
INV-000138,P-038,S-028,2026-05-16,541,106,318,3,5.11
INV-000139,P-039,S-037,2026-05-16,549,94,282,8,5.85
INV-000140,P-040,S-015,2026-05-16,368,128,384,8,2.88
INV-000141,P-041,S-049,2026-05-16,583,102,306,13,5.72
INV-000142,P-042,S-032,2026-05-16,560,111,333,13,5.05
INV-000143,P-043,S-043,2026-05-16,493,102,306,9,4.84
INV-000144,P-044,S-025,2026-05-16,398,115,345,7,3.47
INV-000145,P-045,S-023,2026-05-16,444,129,387,12,3.45
INV-000146,P-046,S-020,2026-05-16,430,147,441,10,2.93
INV-000147,P-047,S-009,2026-05-16,455,108,324,12,4.21
INV-000148,P-048,S-011,2026-05-16,433,85,255,15,5.1
INV-000149,P-049,S-019,2026-05-16,464,130,390,10,3.57
INV-000150,P-050,S-017,2026-05-16,506,98,294,14,5.16
INV-000151,P-001,S-042,2026-05-17,390,91,273,14,4.29
INV-000152,P-002,S-044,2026-05-17,482,79,237,4,6.1
INV-000153,P-003,S-011,2026-05-17,365,128,384,15,2.86
INV-000154,P-004,S-014,2026-05-17,313,96,288,8,3.26
INV-000155,P-005,S-017,2026-05-17,527,125,375,14,4.22
INV-000156,P-006,S-021,2026-05-17,415,89,267,12,4.67
INV-000157,P-007,S-038,2026-05-17,369,121,363,15,3.05
INV-000158,P-008,S-020,2026-05-17,417,121,363,10,3.45
INV-000159,P-009,S-042,2026-05-17,399,110,330,14,3.63
INV-000160,P-010,S-045,2026-05-17,443,124,372,6,3.58
INV-000161,P-011,S-017,2026-05-17,554,106,318,14,5.23
INV-000162,P-012,S-048,2026-05-17,489,95,285,13,5.15
INV-000163,P-013,S-014,2026-05-17,472,111,333,8,4.26
INV-000164,P-014,S-044,2026-05-17,446,84,252,4,5.32
INV-000165,P-015,S-032,2026-05-17,396,85,255,13,4.66
INV-000166,P-016,S-037,2026-05-17,390,141,423,8,2.77
INV-000167,P-017,S-050,2026-05-17,460,109,327,14,4.23
INV-000168,P-018,S-024,2026-05-17,485,66,198,10,7.36
INV-000169,P-019,S-014,2026-05-17,445,59,177,8,7.56
INV-000170,P-020,S-004,2026-05-17,460,116,348,5,3.97
INV-000171,P-021,S-022,2026-05-17,443,107,321,6,4.15
INV-000172,P-022,S-031,2026-05-17,430,103,309,9,4.18
INV-000173,P-023,S-026,2026-05-17,393,98,294,15,4.01
INV-000174,P-024,S-050,2026-05-17,453,88,264,14,5.16
INV-000175,P-025,S-034,2026-05-17,450,123,369,3,3.66
INV-000176,P-026,S-007,2026-05-17,408,108,324,3,3.78
INV-000177,P-027,S-005,2026-05-17,566,112,336,7,5.06
INV-000178,P-028,S-033,2026-05-17,399,106,318,5,3.77
INV-000179,P-029,S-049,2026-05-17,551,120,360,13,4.6
INV-000180,P-030,S-002,2026-05-17,472,56,168,13,8.43
INV-000181,P-031,S-015,2026-05-17,357,139,417,8,2.57
INV-000182,P-032,S-049,2026-05-17,507,91,273,13,5.58
INV-000183,P-033,S-006,2026-05-17,444,88,264,12,5.06
INV-000184,P-034,S-023,2026-05-17,317,125,375,12,2.54
INV-000185,P-035,S-048,2026-05-17,544,123,369,13,4.42
INV-000186,P-036,S-037,2026-05-17,435,111,333,8,3.93
INV-000187,P-037,S-046,2026-05-17,377,89,267,6,4.24
INV-000188,P-038,S-007,2026-05-17,394,81,243,3,4.87
INV-000189,P-039,S-029,2026-05-17,453,128,384,10,3.55
INV-000190,P-040,S-031,2026-05-17,456,34,102,9,13.43
INV-000191,P-041,S-011,2026-05-17,413,131,393,15,3.16
INV-000192,P-042,S-016,2026-05-17,455,87,261,8,5.23
INV-000193,P-043,S-033,2026-05-17,428,87,261,5,4.92
INV-000194,P-044,S-014,2026-05-17,546,81,243,8,6.74
INV-000195,P-045,S-018,2026-05-17,456,102,306,9,4.47
INV-000196,P-046,S-020,2026-05-17,411,109,327,10,3.78
INV-000197,P-047,S-038,2026-05-17,529,108,324,15,4.9
INV-000198,P-048,S-028,2026-05-17,465,79,237,3,5.89
INV-000199,P-049,S-050,2026-05-17,397,95,285,14,4.18
INV-000200,P-050,S-044,2026-05-17,422,83,249,4,5.09
INV-000201,P-001,S-042,2026-05-18,403,101,303,14,3.99
INV-000202,P-002,S-036,2026-05-18,467,104,312,10,4.49
INV-000203,P-003,S-034,2026-05-18,480,96,288,3,5.0
INV-000204,P-004,S-034,2026-05-18,422,70,210,3,6.04
INV-000205,P-005,S-001,2026-05-18,368,120,360,9,3.07
INV-000206,P-006,S-022,2026-05-18,557,69,207,6,8.07
INV-000207,P-007,S-006,2026-05-18,449,115,345,12,3.91
INV-000208,P-008,S-021,2026-05-18,393,99,297,12,3.98
INV-000209,P-009,S-010,2026-05-18,467,68,204,5,6.88
INV-000210,P-010,S-018,2026-05-18,419,67,201,9,6.27
INV-000211,P-011,S-031,2026-05-18,447,112,336,9,3.99
INV-000212,P-012,S-005,2026-05-18,481,95,285,7,5.07
INV-000213,P-013,S-028,2026-05-18,512,91,273,3,5.64
INV-000214,P-014,S-018,2026-05-18,502,107,321,9,4.7
INV-000215,P-015,S-011,2026-05-18,417,60,180,15,6.96
INV-000216,P-016,S-028,2026-05-18,431,95,285,3,4.54
INV-000217,P-017,S-024,2026-05-18,432,113,339,10,3.83
INV-000218,P-018,S-027,2026-05-18,477,93,279,3,5.13
INV-000219,P-019,S-026,2026-05-18,453,96,288,15,4.72
INV-000220,P-020,S-014,2026-05-18,523,110,330,8,4.76
INV-000221,P-021,S-037,2026-05-18,343,97,291,8,3.54
INV-000222,P-022,S-008,2026-05-18,476,55,165,15,8.66
INV-000223,P-023,S-015,2026-05-18,508,92,276,8,5.53
INV-000224,P-024,S-041,2026-05-18,548,111,333,6,4.94
INV-000225,P-025,S-048,2026-05-18,439,133,399,13,3.3
INV-000226,P-026,S-009,2026-05-18,500,106,318,12,4.72
INV-000227,P-027,S-007,2026-05-18,471,114,342,3,4.13
INV-000228,P-028,S-025,2026-05-18,445,65,195,7,6.86
INV-000229,P-029,S-044,2026-05-18,464,100,300,4,4.64
INV-000230,P-030,S-004,2026-05-18,453,97,291,5,4.68
INV-000231,P-031,S-006,2026-05-18,496,110,330,12,4.52
INV-000232,P-032,S-007,2026-05-18,468,84,252,3,5.58
INV-000233,P-033,S-011,2026-05-18,442,135,405,15,3.28
INV-000234,P-034,S-011,2026-05-18,413,130,390,15,3.18
INV-000235,P-035,S-033,2026-05-18,504,105,315,5,4.81
INV-000236,P-036,S-007,2026-05-18,449,62,186,3,7.25
INV-000237,P-037,S-008,2026-05-18,485,114,342,15,4.26
INV-000238,P-038,S-048,2026-05-18,467,80,240,13,5.84
INV-000239,P-039,S-048,2026-05-18,423,122,366,13,3.47
INV-000240,P-040,S-025,2026-05-18,407,110,330,7,3.71
INV-000241,P-041,S-012,2026-05-18,428,90,270,10,4.76
INV-000242,P-042,S-019,2026-05-18,543,95,285,10,5.72
INV-000243,P-043,S-021,2026-05-18,531,77,231,12,6.9
INV-000244,P-044,S-047,2026-05-18,524,101,303,12,5.19
INV-000245,P-045,S-036,2026-05-18,437,82,246,10,5.33
INV-000246,P-046,S-038,2026-05-18,502,75,225,15,6.71
INV-000247,P-047,S-019,2026-05-18,538,103,309,10,5.23
INV-000248,P-048,S-004,2026-05-18,414,113,339,5,3.67
INV-000249,P-049,S-040,2026-05-18,464,112,336,5,4.14
INV-000250,P-050,S-011,2026-05-18,469,81,243,15,5.8
INV-000251,P-001,S-007,2026-05-19,481,131,393,3,3.67
INV-000252,P-002,S-048,2026-05-19,396,113,339,13,3.5
INV-000253,P-003,S-013,2026-05-19,548,60,180,4,9.14
INV-000254,P-004,S-006,2026-05-19,469,90,270,12,5.22
INV-000255,P-005,S-034,2026-05-19,514,105,315,3,4.9
INV-000256,P-006,S-018,2026-05-19,435,128,384,9,3.4
INV-000257,P-007,S-027,2026-05-19,476,78,234,3,6.11
INV-000258,P-008,S-025,2026-05-19,548,86,258,7,6.38
INV-000259,P-009,S-022,2026-05-19,397,92,276,6,4.32
INV-000260,P-010,S-014,2026-05-19,572,127,381,8,4.51
INV-000261,P-011,S-029,2026-05-19,513,126,378,10,4.08
INV-000262,P-012,S-010,2026-05-19,500,114,342,5,4.39
INV-000263,P-013,S-045,2026-05-19,560,80,240,6,7.0
INV-000264,P-014,S-009,2026-05-19,522,70,210,12,7.47
INV-000265,P-015,S-009,2026-05-19,503,105,315,12,4.79
INV-000266,P-016,S-043,2026-05-19,505,102,306,9,4.96
INV-000267,P-017,S-011,2026-05-19,565,60,180,15,9.42
INV-000268,P-018,S-033,2026-05-19,441,90,270,5,4.91
INV-000269,P-019,S-014,2026-05-19,482,84,252,8,5.75
INV-000270,P-020,S-011,2026-05-19,563,107,321,15,5.27
INV-000271,P-021,S-020,2026-05-19,507,117,351,10,4.34
INV-000272,P-022,S-015,2026-05-19,439,116,348,8,3.79
INV-000273,P-023,S-014,2026-05-19,389,142,426,8,2.74
INV-000274,P-024,S-022,2026-05-19,483,77,231,6,6.28
INV-000275,P-025,S-027,2026-05-19,527,83,249,3,6.36
INV-000276,P-026,S-040,2026-05-19,585,122,366,5,4.8
INV-000277,P-027,S-038,2026-05-19,416,72,216,15,5.79
INV-000278,P-028,S-007,2026-05-19,536,70,210,3,7.67
INV-000279,P-029,S-006,2026-05-19,489,104,312,12,4.71
INV-000280,P-030,S-003,2026-05-19,416,108,324,10,3.86
INV-000281,P-031,S-029,2026-05-19,538,95,285,10,5.67
INV-000282,P-032,S-046,2026-05-19,437,109,327,6,4.02
INV-000283,P-033,S-007,2026-05-19,394,132,396,3,2.98
INV-000284,P-034,S-037,2026-05-19,520,84,252,8,6.2
INV-000285,P-035,S-002,2026-05-19,455,116,348,13,3.93
INV-000286,P-036,S-026,2026-05-19,441,74,222,15,5.96
INV-000287,P-037,S-029,2026-05-19,450,114,342,10,3.95
INV-000288,P-038,S-003,2026-05-19,479,97,291,10,4.94
INV-000289,P-039,S-001,2026-05-19,495,99,297,9,5.0
INV-000290,P-040,S-029,2026-05-19,482,69,207,10,6.99
INV-000291,P-041,S-007,2026-05-19,502,107,321,3,4.7
INV-000292,P-042,S-003,2026-05-19,469,112,336,10,4.19
INV-000293,P-043,S-041,2026-05-19,386,141,423,6,2.74
INV-000294,P-044,S-034,2026-05-19,384,97,291,3,3.96
INV-000295,P-045,S-019,2026-05-19,457,103,309,10,4.44
INV-000296,P-046,S-008,2026-05-19,444,92,276,15,4.83
INV-000297,P-047,S-033,2026-05-19,522,108,324,5,4.84
INV-000298,P-048,S-033,2026-05-19,477,101,303,5,4.73
INV-000299,P-049,S-023,2026-05-19,512,104,312,12,4.93
INV-000300,P-050,S-009,2026-05-19,458,104,312,12,4.41
INV-000301,P-001,S-018,2026-05-20,397,112,336,9,3.55
INV-000302,P-002,S-049,2026-05-20,424,71,213,13,5.97
INV-000303,P-003,S-038,2026-05-20,365,107,321,15,3.42
INV-000304,P-004,S-033,2026-05-20,468,85,255,5,5.51
INV-000305,P-005,S-025,2026-05-20,402,76,228,7,5.3
INV-000306,P-006,S-012,2026-05-20,467,121,363,10,3.87
INV-000307,P-007,S-009,2026-05-20,457,91,273,12,5.02
INV-000308,P-008,S-050,2026-05-20,499,113,339,14,4.42
INV-000309,P-009,S-045,2026-05-20,566,102,306,6,5.55
INV-000310,P-010,S-034,2026-05-20,331,100,300,3,3.31
INV-000311,P-011,S-021,2026-05-20,396,66,198,12,6.0
INV-000312,P-012,S-009,2026-05-20,425,52,156,12,8.18
INV-000313,P-013,S-037,2026-05-20,456,72,216,8,6.34
INV-000314,P-014,S-025,2026-05-20,479,91,273,7,5.27
INV-000315,P-015,S-049,2026-05-20,468,86,258,13,5.45
INV-000316,P-016,S-027,2026-05-20,515,63,189,3,8.18
INV-000317,P-017,S-045,2026-05-20,441,80,240,6,5.52
INV-000318,P-018,S-043,2026-05-20,442,88,264,9,5.02
INV-000319,P-019,S-009,2026-05-20,347,95,285,12,3.66
INV-000320,P-020,S-041,2026-05-20,502,64,192,6,7.85
INV-000321,P-021,S-026,2026-05-20,462,74,222,15,6.24
INV-000322,P-022,S-027,2026-05-20,476,84,252,3,5.67
INV-000323,P-023,S-047,2026-05-20,404,103,309,12,3.93
INV-000324,P-024,S-041,2026-05-20,394,127,381,6,3.11
INV-000325,P-025,S-002,2026-05-20,381,79,237,13,4.83
INV-000326,P-026,S-040,2026-05-20,393,105,315,5,3.74
INV-000327,P-027,S-025,2026-05-20,460,106,318,7,4.34
INV-000328,P-028,S-044,2026-05-20,472,75,225,4,6.3
INV-000329,P-029,S-015,2026-05-20,428,106,318,8,4.04
INV-000330,P-030,S-028,2026-05-20,400,134,402,3,2.99
INV-000331,P-031,S-017,2026-05-20,473,85,255,14,5.56
INV-000332,P-032,S-023,2026-05-20,362,135,405,12,2.69
INV-000333,P-033,S-014,2026-05-20,374,61,183,8,6.14
INV-000334,P-034,S-041,2026-05-20,485,83,249,6,5.85
INV-000335,P-035,S-025,2026-05-20,500,105,315,7,4.76
INV-000336,P-036,S-018,2026-05-20,345,119,357,9,2.9
INV-000337,P-037,S-012,2026-05-20,347,125,375,10,2.78
INV-000338,P-038,S-006,2026-05-20,460,111,333,12,4.15
INV-000339,P-039,S-001,2026-05-20,410,88,264,9,4.66
INV-000340,P-040,S-022,2026-05-20,405,105,315,6,3.86
INV-000341,P-041,S-028,2026-05-20,370,99,297,3,3.75
INV-000342,P-042,S-048,2026-05-20,363,137,411,13,2.65
INV-000343,P-043,S-012,2026-05-20,461,118,354,10,3.91
INV-000344,P-044,S-046,2026-05-20,376,72,216,6,5.23
INV-000345,P-045,S-044,2026-05-20,494,99,297,4,5.0
INV-000346,P-046,S-045,2026-05-20,474,113,339,6,4.2
INV-000347,P-047,S-049,2026-05-20,419,124,372,13,3.39
INV-000348,P-048,S-033,2026-05-20,403,124,372,5,3.26
INV-000349,P-049,S-006,2026-05-20,403,137,411,12,2.94
INV-000350,P-050,S-017,2026-05-20,523,106,318,14,4.94
INV-000351,P-001,S-020,2026-05-21,474,127,381,10,3.74
INV-000352,P-002,S-036,2026-05-21,380,84,252,10,4.53
INV-000353,P-003,S-008,2026-05-21,462,89,267,15,5.19
INV-000354,P-004,S-046,2026-05-21,580,80,240,6,7.25
INV-000355,P-005,S-010,2026-05-21,426,83,249,5,5.14
INV-000356,P-006,S-030,2026-05-21,490,98,294,7,5.0
INV-000357,P-007,S-034,2026-05-21,381,94,282,3,4.06
INV-000358,P-008,S-026,2026-05-21,433,85,255,15,5.1
INV-000359,P-009,S-017,2026-05-21,462,69,207,14,6.7
INV-000360,P-010,S-045,2026-05-21,481,73,219,6,6.6
INV-000361,P-011,S-010,2026-05-21,517,114,342,5,4.54
INV-000362,P-012,S-042,2026-05-21,436,84,252,14,5.2
INV-000363,P-013,S-021,2026-05-21,426,52,156,12,8.2
INV-000364,P-014,S-008,2026-05-21,381,106,318,15,3.6
INV-000365,P-015,S-007,2026-05-21,421,127,381,3,3.32
INV-000366,P-016,S-024,2026-05-21,402,93,279,10,4.32
INV-000367,P-017,S-033,2026-05-21,400,89,267,5,4.5
INV-000368,P-018,S-026,2026-05-21,468,52,156,15,9.01
INV-000369,P-019,S-007,2026-05-21,494,114,342,3,4.34
INV-000370,P-020,S-016,2026-05-21,535,72,216,8,7.44
INV-000371,P-021,S-001,2026-05-21,547,78,234,9,7.02
INV-000372,P-022,S-041,2026-05-21,456,79,237,6,5.78
INV-000373,P-023,S-017,2026-05-21,423,118,354,14,3.59
INV-000374,P-024,S-036,2026-05-21,427,34,102,10,12.57
INV-000375,P-025,S-022,2026-05-21,502,98,294,6,5.13
INV-000376,P-026,S-002,2026-05-21,448,75,225,13,5.98
INV-000377,P-027,S-036,2026-05-21,578,103,309,10,5.62
INV-000378,P-028,S-001,2026-05-21,383,119,357,9,3.22
INV-000379,P-029,S-045,2026-05-21,421,94,282,6,4.48
INV-000380,P-030,S-039,2026-05-21,416,87,261,12,4.78
INV-000381,P-031,S-019,2026-05-21,529,115,345,10,4.61
INV-000382,P-032,S-010,2026-05-21,462,95,285,5,4.87
INV-000383,P-033,S-010,2026-05-21,476,85,255,5,5.6
INV-000384,P-034,S-023,2026-05-21,518,83,249,12,6.25
INV-000385,P-035,S-026,2026-05-21,503,81,243,15,6.22
INV-000386,P-036,S-025,2026-05-21,473,77,231,7,6.15
INV-000387,P-037,S-026,2026-05-21,396,137,411,15,2.9
INV-000388,P-038,S-027,2026-05-21,462,96,288,3,4.82
INV-000389,P-039,S-048,2026-05-21,451,104,312,13,4.35
INV-000390,P-040,S-010,2026-05-21,396,117,351,5,3.39
INV-000391,P-041,S-020,2026-05-21,437,116,348,10,3.77
INV-000392,P-042,S-011,2026-05-21,488,89,267,15,5.49
INV-000393,P-043,S-033,2026-05-21,511,86,258,5,5.95
INV-000394,P-044,S-017,2026-05-21,396,82,246,14,4.83
INV-000395,P-045,S-019,2026-05-21,543,98,294,10,5.54
INV-000396,P-046,S-021,2026-05-21,478,84,252,12,5.7
INV-000397,P-047,S-030,2026-05-21,398,95,285,7,4.2
INV-000398,P-048,S-003,2026-05-21,421,108,324,10,3.91
INV-000399,P-049,S-018,2026-05-21,385,133,399,9,2.9
INV-000400,P-050,S-003,2026-05-21,401,71,213,10,5.65
INV-000401,P-001,S-023,2026-05-22,405,129,387,12,3.15
INV-000402,P-002,S-028,2026-05-22,398,134,402,3,2.97
INV-000403,P-003,S-030,2026-05-22,569,94,282,7,6.06
INV-000404,P-004,S-006,2026-05-22,492,93,279,12,5.3
INV-000405,P-005,S-024,2026-05-22,401,104,312,10,3.86
INV-000406,P-006,S-005,2026-05-22,460,117,351,7,3.93
INV-000407,P-007,S-027,2026-05-22,407,71,213,3,5.74
INV-000408,P-008,S-015,2026-05-22,459,95,285,8,4.83
INV-000409,P-009,S-003,2026-05-22,482,103,309,10,4.68
INV-000410,P-010,S-023,2026-05-22,541,93,279,12,5.83
INV-000411,P-011,S-022,2026-05-22,416,76,228,6,5.48
INV-000412,P-012,S-015,2026-05-22,453,86,258,8,5.28
INV-000413,P-013,S-036,2026-05-22,456,119,357,10,3.84
INV-000414,P-014,S-007,2026-05-22,416,84,252,3,4.95
INV-000415,P-015,S-017,2026-05-22,475,100,300,14,4.76
INV-000416,P-016,S-020,2026-05-22,499,93,279,10,5.37
INV-000417,P-017,S-042,2026-05-22,552,88,264,14,6.27
INV-000418,P-018,S-041,2026-05-22,493,109,327,6,4.53
INV-000419,P-019,S-029,2026-05-22,482,113,339,10,4.27
INV-000420,P-020,S-017,2026-05-22,534,107,321,14,5.0
INV-000421,P-021,S-037,2026-05-22,419,121,363,8,3.46
INV-000422,P-022,S-028,2026-05-22,470,72,216,3,6.53
INV-000423,P-023,S-012,2026-05-22,578,80,240,10,7.23
INV-000424,P-024,S-007,2026-05-22,394,110,330,3,3.58
INV-000425,P-025,S-023,2026-05-22,452,110,330,12,4.11
INV-000426,P-026,S-010,2026-05-22,472,92,276,5,5.13
INV-000427,P-027,S-006,2026-05-22,547,93,279,12,5.89
INV-000428,P-028,S-038,2026-05-22,427,84,252,15,5.09
INV-000429,P-029,S-036,2026-05-22,453,82,246,10,5.53
INV-000430,P-030,S-016,2026-05-22,550,77,231,8,7.14
INV-000431,P-031,S-050,2026-05-22,509,100,300,14,5.1
INV-000432,P-032,S-022,2026-05-22,409,87,261,6,4.71
INV-000433,P-033,S-038,2026-05-22,485,99,297,15,4.9
INV-000434,P-034,S-033,2026-05-22,426,104,312,5,4.1
INV-000435,P-035,S-015,2026-05-22,437,76,228,8,5.75
INV-000436,P-036,S-035,2026-05-22,315,123,369,11,2.57
INV-000437,P-037,S-007,2026-05-22,493,60,180,3,8.23
INV-000438,P-038,S-014,2026-05-22,549,115,345,8,4.78
INV-000439,P-039,S-045,2026-05-22,398,120,360,6,3.32
INV-000440,P-040,S-031,2026-05-22,449,154,462,9,2.92
INV-000441,P-041,S-012,2026-05-22,479,125,375,10,3.83
INV-000442,P-042,S-001,2026-05-22,415,108,324,9,3.85
INV-000443,P-043,S-034,2026-05-22,440,99,297,3,4.45
INV-000444,P-044,S-006,2026-05-22,499,122,366,12,4.1
INV-000445,P-045,S-042,2026-05-22,429,81,243,14,5.3
INV-000446,P-046,S-010,2026-05-22,510,97,291,5,5.26
INV-000447,P-047,S-033,2026-05-22,472,123,369,5,3.84
INV-000448,P-048,S-016,2026-05-22,558,90,270,8,6.21
INV-000449,P-049,S-020,2026-05-22,449,98,294,10,4.59
INV-000450,P-050,S-040,2026-05-22,473,51,153,5,9.28
INV-000451,P-001,S-016,2026-05-23,455,140,420,8,3.25
INV-000452,P-002,S-043,2026-05-23,459,84,252,9,5.47
INV-000453,P-003,S-037,2026-05-23,352,101,303,8,3.49
INV-000454,P-004,S-025,2026-05-23,390,72,216,7,5.42
INV-000455,P-005,S-029,2026-05-23,406,98,294,10,4.15
INV-000456,P-006,S-034,2026-05-23,428,89,267,3,4.82
INV-000457,P-007,S-036,2026-05-23,397,63,189,10,6.32
INV-000458,P-008,S-016,2026-05-23,444,101,303,8,4.4
INV-000459,P-009,S-038,2026-05-23,399,86,258,15,4.64
INV-000460,P-010,S-007,2026-05-23,514,84,252,3,6.13
INV-000461,P-011,S-046,2026-05-23,481,86,258,6,5.59
INV-000462,P-012,S-006,2026-05-23,383,127,381,12,3.02
INV-000463,P-013,S-044,2026-05-23,275,158,474,4,1.74
INV-000464,P-014,S-029,2026-05-23,418,72,216,10,5.81
INV-000465,P-015,S-027,2026-05-23,437,116,348,3,3.77
INV-000466,P-016,S-044,2026-05-23,367,108,324,4,3.4
INV-000467,P-017,S-037,2026-05-23,367,94,282,8,3.91
INV-000468,P-018,S-031,2026-05-23,360,96,288,9,3.76
INV-000469,P-019,S-014,2026-05-23,487,114,342,8,4.28
INV-000470,P-020,S-027,2026-05-23,451,73,219,3,6.19
INV-000471,P-021,S-010,2026-05-23,400,135,405,5,2.97
INV-000472,P-022,S-022,2026-05-23,484,115,345,6,4.22
INV-000473,P-023,S-035,2026-05-23,400,97,291,11,4.12
INV-000474,P-024,S-041,2026-05-23,412,98,294,6,4.21
INV-000475,P-025,S-004,2026-05-23,344,150,450,5,2.3
INV-000476,P-026,S-045,2026-05-23,377,107,321,6,3.53
INV-000477,P-027,S-017,2026-05-23,443,95,285,14,4.67
INV-000478,P-028,S-022,2026-05-23,429,91,273,6,4.72
INV-000479,P-029,S-026,2026-05-23,404,146,438,15,2.77
INV-000480,P-030,S-019,2026-05-23,385,117,351,10,3.29
INV-000481,P-031,S-006,2026-05-23,483,86,258,12,5.62
INV-000482,P-032,S-019,2026-05-23,388,93,279,10,4.17
INV-000483,P-033,S-024,2026-05-23,521,73,219,10,7.15
INV-000484,P-034,S-005,2026-05-23,390,158,474,7,2.47
INV-000485,P-035,S-050,2026-05-23,499,104,312,14,4.8
INV-000486,P-036,S-017,2026-05-23,379,124,372,14,3.06
INV-000487,P-037,S-015,2026-05-23,446,179,537,8,2.49
INV-000488,P-038,S-002,2026-05-23,466,102,306,13,4.57
INV-000489,P-039,S-050,2026-05-23,442,59,177,14,7.51
INV-000490,P-040,S-049,2026-05-23,452,120,360,13,3.77
INV-000491,P-041,S-031,2026-05-23,333,114,342,9,2.93
INV-000492,P-042,S-043,2026-05-23,419,116,348,9,3.61
INV-000493,P-043,S-002,2026-05-23,385,123,369,13,3.13
INV-000494,P-044,S-036,2026-05-23,412,133,399,10,3.1
INV-000495,P-045,S-021,2026-05-23,416,97,291,12,4.29
INV-000496,P-046,S-035,2026-05-23,286,93,279,11,3.08
INV-000497,P-047,S-022,2026-05-23,439,129,387,6,3.41
INV-000498,P-048,S-042,2026-05-23,515,75,225,14,6.87
INV-000499,P-049,S-016,2026-05-23,423,115,345,8,3.69
INV-000500,P-050,S-010,2026-05-23,387,113,339,5,3.43
INV-000501,P-001,S-021,2026-05-24,478,111,333,12,4.31
INV-000502,P-002,S-014,2026-05-24,379,96,288,8,3.95
INV-000503,P-003,S-009,2026-05-24,488,88,264,12,5.55
INV-000504,P-004,S-007,2026-05-24,461,99,297,3,4.66
INV-000505,P-005,S-019,2026-05-24,446,128,384,10,3.49
INV-000506,P-006,S-026,2026-05-24,416,96,288,15,4.34
INV-000507,P-007,S-022,2026-05-24,339,73,219,6,4.64
INV-000508,P-008,S-039,2026-05-24,461,103,309,12,4.48
INV-000509,P-009,S-032,2026-05-24,471,115,345,13,4.1
INV-000510,P-010,S-042,2026-05-24,454,109,327,14,4.17
INV-000511,P-011,S-048,2026-05-24,398,101,303,13,3.95
INV-000512,P-012,S-009,2026-05-24,416,89,267,12,4.68
INV-000513,P-013,S-005,2026-05-24,398,85,255,7,4.69
INV-000514,P-014,S-024,2026-05-24,399,119,357,10,3.36
INV-000515,P-015,S-027,2026-05-24,439,85,255,3,5.17
INV-000516,P-016,S-006,2026-05-24,378,77,231,12,4.91
INV-000517,P-017,S-041,2026-05-24,430,98,294,6,4.4
INV-000518,P-018,S-048,2026-05-24,399,109,327,13,3.67
INV-000519,P-019,S-031,2026-05-24,491,83,249,9,5.92
INV-000520,P-020,S-033,2026-05-24,439,90,270,5,4.89
INV-000521,P-021,S-007,2026-05-24,550,72,216,3,7.65
INV-000522,P-022,S-030,2026-05-24,473,97,291,7,4.88
INV-000523,P-023,S-047,2026-05-24,397,117,351,12,3.39
INV-000524,P-024,S-044,2026-05-24,426,113,339,4,3.78
INV-000525,P-025,S-018,2026-05-24,407,109,327,9,3.74
INV-000526,P-026,S-011,2026-05-24,469,91,273,15,5.16
INV-000527,P-027,S-001,2026-05-24,383,98,294,9,3.92
INV-000528,P-028,S-039,2026-05-24,518,83,249,12,6.25
INV-000529,P-029,S-038,2026-05-24,369,113,339,15,3.27
INV-000530,P-030,S-047,2026-05-24,385,115,345,12,3.35
INV-000531,P-031,S-048,2026-05-24,383,98,294,13,3.92
INV-000532,P-032,S-029,2026-05-24,523,98,294,10,5.35
INV-000533,P-033,S-015,2026-05-24,436,120,360,8,3.64
INV-000534,P-034,S-018,2026-05-24,498,87,261,9,5.73
INV-000535,P-035,S-021,2026-05-24,364,113,339,12,3.23
INV-000536,P-036,S-041,2026-05-24,418,94,282,6,4.46
INV-000537,P-037,S-006,2026-05-24,417,106,318,12,3.93
INV-000538,P-038,S-004,2026-05-24,400,94,282,5,4.26
INV-000539,P-039,S-001,2026-05-24,375,131,393,9,2.87
INV-000540,P-040,S-015,2026-05-24,339,153,459,8,2.22
INV-000541,P-041,S-002,2026-05-24,446,84,252,13,5.31
INV-000542,P-042,S-004,2026-05-24,411,54,162,5,7.63
INV-000543,P-043,S-014,2026-05-24,468,77,231,8,6.08
INV-000544,P-044,S-007,2026-05-24,414,140,420,3,2.96
INV-000545,P-045,S-019,2026-05-24,435,87,261,10,5.01
INV-000546,P-046,S-042,2026-05-24,458,112,336,14,4.1
INV-000547,P-047,S-011,2026-05-24,390,103,309,15,3.79
INV-000548,P-048,S-041,2026-05-24,423,136,408,6,3.11
INV-000549,P-049,S-001,2026-05-24,430,99,297,9,4.34
INV-000550,P-050,S-028,2026-05-24,547,63,189,3,8.69
INV-000551,P-001,S-035,2026-05-25,434,99,297,11,4.38
INV-000552,P-002,S-015,2026-05-25,537,91,273,8,5.91
INV-000553,P-003,S-031,2026-05-25,337,92,276,9,3.67
INV-000554,P-004,S-028,2026-05-25,414,104,312,3,3.99
INV-000555,P-005,S-007,2026-05-25,322,118,354,3,2.73
INV-000556,P-006,S-048,2026-05-25,519,105,315,13,4.95
INV-000557,P-007,S-004,2026-05-25,423,85,255,5,4.98
INV-000558,P-008,S-029,2026-05-25,421,113,339,10,3.73
INV-000559,P-009,S-043,2026-05-25,538,77,231,9,6.99
INV-000560,P-010,S-049,2026-05-25,416,111,333,13,3.76
INV-000561,P-011,S-020,2026-05-25,529,61,183,10,8.67
INV-000562,P-012,S-033,2026-05-25,489,112,336,5,4.37
INV-000563,P-013,S-017,2026-05-25,433,121,363,14,3.59
INV-000564,P-014,S-046,2026-05-25,532,83,249,6,6.41
INV-000565,P-015,S-023,2026-05-25,461,89,267,12,5.19
INV-000566,P-016,S-037,2026-05-25,359,117,351,8,3.07
INV-000567,P-017,S-005,2026-05-25,371,82,246,7,4.53
INV-000568,P-018,S-024,2026-05-25,508,78,234,10,6.52
INV-000569,P-019,S-042,2026-05-25,325,125,375,14,2.6
INV-000570,P-020,S-014,2026-05-25,493,68,204,8,7.26
INV-000571,P-021,S-012,2026-05-25,400,109,327,10,3.67
INV-000572,P-022,S-035,2026-05-25,464,118,354,11,3.93
INV-000573,P-023,S-037,2026-05-25,389,84,252,8,4.64
INV-000574,P-024,S-030,2026-05-25,427,104,312,7,4.11
INV-000575,P-025,S-009,2026-05-25,399,96,288,12,4.16
INV-000576,P-026,S-038,2026-05-25,463,117,351,15,3.96
INV-000577,P-027,S-011,2026-05-25,450,77,231,15,5.85
INV-000578,P-028,S-017,2026-05-25,397,43,129,14,9.24
INV-000579,P-029,S-031,2026-05-25,326,94,282,9,3.47
INV-000580,P-030,S-045,2026-05-25,356,83,249,6,4.29
INV-000581,P-031,S-003,2026-05-25,389,100,300,10,3.89
INV-000582,P-032,S-017,2026-05-25,476,128,384,14,3.72
INV-000583,P-033,S-001,2026-05-25,342,111,333,9,3.09
INV-000584,P-034,S-015,2026-05-25,522,115,345,8,4.54
INV-000585,P-035,S-019,2026-05-25,457,101,303,10,4.53
INV-000586,P-036,S-001,2026-05-25,425,100,300,9,4.25
INV-000587,P-037,S-002,2026-05-25,418,107,321,13,3.91
INV-000588,P-038,S-029,2026-05-25,527,75,225,10,7.03
INV-000589,P-039,S-047,2026-05-25,385,89,267,12,4.34
INV-000590,P-040,S-025,2026-05-25,413,94,282,7,4.4
INV-000591,P-041,S-009,2026-05-25,365,102,306,12,3.58
INV-000592,P-042,S-002,2026-05-25,463,100,300,13,4.63
INV-000593,P-043,S-021,2026-05-25,405,140,420,12,2.9
INV-000594,P-044,S-003,2026-05-25,417,102,306,10,4.09
INV-000595,P-045,S-037,2026-05-25,458,79,237,8,5.81
INV-000596,P-046,S-007,2026-05-25,440,81,243,3,5.44
INV-000597,P-047,S-048,2026-05-25,390,121,363,13,3.23
INV-000598,P-048,S-018,2026-05-25,323,88,264,9,3.68
INV-000599,P-049,S-021,2026-05-25,434,68,204,12,6.39
INV-000600,P-050,S-041,2026-05-25,482,41,123,6,11.78
INV-000601,P-001,S-031,2026-05-26,529,85,255,9,6.23
INV-000602,P-002,S-024,2026-05-26,414,103,309,10,4.03
INV-000603,P-003,S-023,2026-05-26,482,114,342,12,4.23
INV-000604,P-004,S-015,2026-05-26,508,63,189,8,8.06
INV-000605,P-005,S-014,2026-05-26,392,137,411,8,2.86
INV-000606,P-006,S-041,2026-05-26,565,66,198,6,8.56
INV-000607,P-007,S-038,2026-05-26,372,142,426,15,2.62
INV-000608,P-008,S-048,2026-05-26,532,79,237,13,6.74
INV-000609,P-009,S-028,2026-05-26,448,96,288,3,4.67
INV-000610,P-010,S-026,2026-05-26,451,85,255,15,5.31
INV-000611,P-011,S-003,2026-05-26,662,75,225,10,8.83
INV-000612,P-012,S-003,2026-05-26,547,85,255,10,6.44
INV-000613,P-013,S-037,2026-05-26,473,98,294,8,4.83
INV-000614,P-014,S-035,2026-05-26,497,109,327,11,4.57
INV-000615,P-015,S-027,2026-05-26,473,117,351,3,4.04
INV-000616,P-016,S-007,2026-05-26,535,71,213,3,7.54
INV-000617,P-017,S-006,2026-05-26,415,78,234,12,5.32
INV-000618,P-018,S-046,2026-05-26,470,121,363,6,3.89
INV-000619,P-019,S-026,2026-05-26,500,85,255,15,5.89
INV-000620,P-020,S-025,2026-05-26,505,114,342,7,4.43
INV-000621,P-021,S-025,2026-05-26,366,118,354,7,3.11
INV-000622,P-022,S-016,2026-05-26,447,100,300,8,4.48
INV-000623,P-023,S-022,2026-05-26,477,104,312,6,4.59
INV-000624,P-024,S-003,2026-05-26,444,98,294,10,4.53
INV-000625,P-025,S-006,2026-05-26,507,111,333,12,4.57
INV-000626,P-026,S-003,2026-05-26,465,99,297,10,4.7
INV-000627,P-027,S-036,2026-05-26,497,110,330,10,4.52
INV-000628,P-028,S-047,2026-05-26,490,144,432,12,3.4
INV-000629,P-029,S-044,2026-05-26,461,106,318,4,4.36
INV-000630,P-030,S-045,2026-05-26,483,51,153,6,9.47
INV-000631,P-031,S-028,2026-05-26,440,102,306,3,4.31
INV-000632,P-032,S-043,2026-05-26,482,75,225,9,6.43
INV-000633,P-033,S-019,2026-05-26,486,98,294,10,4.96
INV-000634,P-034,S-033,2026-05-26,408,76,228,5,5.38
INV-000635,P-035,S-011,2026-05-26,452,103,309,15,4.39
INV-000636,P-036,S-013,2026-05-26,478,103,309,4,4.65
INV-000637,P-037,S-008,2026-05-26,496,70,210,15,7.1
INV-000638,P-038,S-045,2026-05-26,434,65,195,6,6.68
INV-000639,P-039,S-026,2026-05-26,410,82,246,15,5.01
INV-000640,P-040,S-001,2026-05-26,528,82,246,9,6.45
INV-000641,P-041,S-037,2026-05-26,614,62,186,8,9.91
INV-000642,P-042,S-018,2026-05-26,531,71,213,9,7.48
INV-000643,P-043,S-033,2026-05-26,428,69,207,5,6.2
INV-000644,P-044,S-029,2026-05-26,464,113,339,10,4.11
INV-000645,P-045,S-008,2026-05-26,405,92,276,15,4.41
INV-000646,P-046,S-045,2026-05-26,510,100,300,6,5.11
INV-000647,P-047,S-010,2026-05-26,434,114,342,5,3.81
INV-000648,P-048,S-048,2026-05-26,421,63,189,13,6.68
INV-000649,P-049,S-026,2026-05-26,366,99,297,15,3.7
INV-000650,P-050,S-020,2026-05-26,463,134,402,10,3.46
INV-000651,P-001,S-014,2026-05-27,517,95,285,8,5.44
INV-000652,P-002,S-020,2026-05-27,412,120,360,10,3.44
INV-000653,P-003,S-006,2026-05-27,590,89,267,12,6.64
INV-000654,P-004,S-021,2026-05-27,489,104,312,12,4.71
INV-000655,P-005,S-017,2026-05-27,479,94,282,14,5.1
INV-000656,P-006,S-009,2026-05-27,461,72,216,12,6.41
INV-000657,P-007,S-007,2026-05-27,607,73,219,3,8.33
INV-000658,P-008,S-023,2026-05-27,520,97,291,12,5.36
INV-000659,P-009,S-019,2026-05-27,503,87,261,10,5.79
INV-000660,P-010,S-008,2026-05-27,558,74,222,15,7.55
INV-000661,P-011,S-015,2026-05-27,425,108,324,8,3.94
INV-000662,P-012,S-019,2026-05-27,539,132,396,10,4.09
INV-000663,P-013,S-026,2026-05-27,426,87,261,15,4.91
INV-000664,P-014,S-018,2026-05-27,489,102,306,9,4.8
INV-000665,P-015,S-026,2026-05-27,513,150,450,15,3.42
INV-000666,P-016,S-038,2026-05-27,523,75,225,15,6.98
INV-000667,P-017,S-015,2026-05-27,529,65,195,8,8.14
INV-000668,P-018,S-014,2026-05-27,511,141,423,8,3.63
INV-000669,P-019,S-019,2026-05-27,513,91,273,10,5.64
INV-000670,P-020,S-031,2026-05-27,463,112,336,9,4.13
INV-000671,P-021,S-011,2026-05-27,484,100,300,15,4.85
INV-000672,P-022,S-021,2026-05-27,494,94,282,12,5.26
INV-000673,P-023,S-008,2026-05-27,483,105,315,15,4.6
INV-000674,P-024,S-048,2026-05-27,557,117,351,13,4.77
INV-000675,P-025,S-023,2026-05-27,480,82,246,12,5.86
INV-000676,P-026,S-021,2026-05-27,447,88,264,12,5.09
INV-000677,P-027,S-003,2026-05-27,512,76,228,10,6.74
INV-000678,P-028,S-036,2026-05-27,490,142,426,10,3.46
INV-000679,P-029,S-046,2026-05-27,555,66,198,6,8.41
INV-000680,P-030,S-034,2026-05-27,478,83,249,3,5.76
INV-000681,P-031,S-011,2026-05-27,478,141,423,15,3.4
INV-000682,P-032,S-013,2026-05-27,467,84,252,4,5.56
INV-000683,P-033,S-002,2026-05-27,568,88,264,13,6.46
INV-000684,P-034,S-001,2026-05-27,525,72,216,9,7.3
INV-000685,P-035,S-015,2026-05-27,493,106,318,8,4.65
INV-000686,P-036,S-035,2026-05-27,507,109,327,11,4.65
INV-000687,P-037,S-048,2026-05-27,544,123,369,13,4.42
INV-000688,P-038,S-032,2026-05-27,472,65,195,13,7.27
INV-000689,P-039,S-024,2026-05-27,384,97,291,10,3.96
INV-000690,P-040,S-042,2026-05-27,459,102,306,14,4.51
INV-000691,P-041,S-026,2026-05-27,588,53,159,15,11.1
INV-000692,P-042,S-050,2026-05-27,519,101,303,14,5.15
INV-000693,P-043,S-002,2026-05-27,508,42,126,13,12.1
INV-000694,P-044,S-009,2026-05-27,443,115,345,12,3.86
INV-000695,P-045,S-046,2026-05-27,470,122,366,6,3.85
INV-000696,P-046,S-005,2026-05-27,477,122,366,7,3.91
INV-000697,P-047,S-036,2026-05-27,429,125,375,10,3.43
INV-000698,P-048,S-008,2026-05-27,510,100,300,15,5.11
INV-000699,P-049,S-011,2026-05-27,520,83,249,15,6.27
INV-000700,P-050,S-012,2026-05-27,474,104,312,10,4.56
INV-000701,P-001,S-009,2026-05-28,449,78,234,12,5.77
INV-000702,P-002,S-007,2026-05-28,425,97,291,3,4.38
INV-000703,P-003,S-016,2026-05-28,471,69,207,8,6.83
INV-000704,P-004,S-029,2026-05-28,439,116,348,10,3.79
INV-000705,P-005,S-037,2026-05-28,461,102,306,8,4.52
INV-000706,P-006,S-018,2026-05-28,322,114,342,9,2.83
INV-000707,P-007,S-016,2026-05-28,405,92,276,8,4.41
INV-000708,P-008,S-043,2026-05-28,415,69,207,9,6.02
INV-000709,P-009,S-036,2026-05-28,439,81,243,10,5.43
INV-000710,P-010,S-047,2026-05-28,513,79,237,12,6.49
INV-000711,P-011,S-043,2026-05-28,495,70,210,9,7.08
INV-000712,P-012,S-004,2026-05-28,354,82,246,5,4.33
INV-000713,P-013,S-048,2026-05-28,340,111,333,13,3.06
INV-000714,P-014,S-010,2026-05-28,453,66,198,5,6.87
INV-000715,P-015,S-033,2026-05-28,450,104,312,5,4.33
INV-000716,P-016,S-019,2026-05-28,358,120,360,10,2.99
INV-000717,P-017,S-040,2026-05-28,355,84,252,5,4.23
INV-000718,P-018,S-003,2026-05-28,427,100,300,10,4.28
INV-000719,P-019,S-024,2026-05-28,483,67,201,10,7.22
INV-000720,P-020,S-050,2026-05-28,506,103,309,14,4.92
INV-000721,P-021,S-036,2026-05-28,465,97,291,10,4.79
INV-000722,P-022,S-009,2026-05-28,455,101,303,12,4.51
INV-000723,P-023,S-037,2026-05-28,506,79,237,8,6.41
INV-000724,P-024,S-029,2026-05-28,444,65,195,10,6.83
INV-000725,P-025,S-041,2026-05-28,377,101,303,6,3.73
INV-000726,P-026,S-004,2026-05-28,413,99,297,5,4.18
INV-000727,P-027,S-045,2026-05-28,400,73,219,6,5.48
INV-000728,P-028,S-016,2026-05-28,452,95,285,8,4.76
INV-000729,P-029,S-020,2026-05-28,468,96,288,10,4.88
INV-000730,P-030,S-003,2026-05-28,418,85,255,10,4.93
INV-000731,P-031,S-018,2026-05-28,437,96,288,9,4.56
INV-000732,P-032,S-024,2026-05-28,345,91,273,10,3.8
INV-000733,P-033,S-023,2026-05-28,489,91,273,12,5.38
INV-000734,P-034,S-042,2026-05-28,522,117,351,14,4.47
INV-000735,P-035,S-016,2026-05-28,380,127,381,8,3.0
INV-000736,P-036,S-041,2026-05-28,477,131,393,6,3.65
INV-000737,P-037,S-024,2026-05-28,436,86,258,10,5.07
INV-000738,P-038,S-044,2026-05-28,385,113,339,4,3.41
INV-000739,P-039,S-050,2026-05-28,356,69,207,14,5.16
INV-000740,P-040,S-004,2026-05-28,396,96,288,5,4.13
INV-000741,P-041,S-011,2026-05-28,401,79,237,15,5.08
INV-000742,P-042,S-023,2026-05-28,459,112,336,12,4.1
INV-000743,P-043,S-024,2026-05-28,499,64,192,10,7.81
INV-000744,P-044,S-031,2026-05-28,426,65,195,9,6.56
INV-000745,P-045,S-032,2026-05-28,472,105,315,13,4.5
INV-000746,P-046,S-050,2026-05-28,497,90,270,14,5.52
INV-000747,P-047,S-028,2026-05-28,477,99,297,3,4.82
INV-000748,P-048,S-038,2026-05-28,434,91,273,15,4.77
INV-000749,P-049,S-046,2026-05-28,356,92,276,6,3.88
INV-000750,P-050,S-043,2026-05-28,469,81,243,9,5.8
INV-000751,P-001,S-041,2026-05-29,367,117,351,6,3.14
INV-000752,P-002,S-044,2026-05-29,319,111,333,4,2.88
INV-000753,P-003,S-035,2026-05-29,368,91,273,11,4.05
INV-000754,P-004,S-020,2026-05-29,479,68,204,10,7.04
INV-000755,P-005,S-026,2026-05-29,342,128,384,15,2.67
INV-000756,P-006,S-008,2026-05-29,363,72,216,15,5.04
INV-000757,P-007,S-043,2026-05-29,326,107,321,9,3.05
INV-000758,P-008,S-040,2026-05-29,490,97,291,5,5.05
INV-000759,P-009,S-041,2026-05-29,356,98,294,6,3.64
INV-000760,P-010,S-036,2026-05-29,458,103,309,10,4.45
INV-000761,P-011,S-007,2026-05-29,378,75,225,3,5.05
INV-000762,P-012,S-034,2026-05-29,410,87,261,3,4.72
INV-000763,P-013,S-043,2026-05-29,433,73,219,9,5.93
INV-000764,P-014,S-043,2026-05-29,439,77,231,9,5.7
INV-000765,P-015,S-048,2026-05-29,468,61,183,13,7.68
INV-000766,P-016,S-013,2026-05-29,513,90,270,4,5.71
INV-000767,P-017,S-047,2026-05-29,451,97,291,12,4.65
INV-000768,P-018,S-009,2026-05-29,410,130,390,12,3.16
INV-000769,P-019,S-022,2026-05-29,453,99,297,6,4.58
INV-000770,P-020,S-011,2026-05-29,456,69,207,15,6.61
INV-000771,P-021,S-018,2026-05-29,369,121,363,9,3.05
INV-000772,P-022,S-021,2026-05-29,342,86,258,12,3.98
INV-000773,P-023,S-022,2026-05-29,402,99,297,6,4.07
INV-000774,P-024,S-046,2026-05-29,417,79,237,6,5.29
INV-000775,P-025,S-015,2026-05-29,414,78,234,8,5.31
INV-000776,P-026,S-021,2026-05-29,438,78,234,12,5.62
INV-000777,P-027,S-047,2026-05-29,396,127,381,12,3.12
INV-000778,P-028,S-007,2026-05-29,481,109,327,3,4.42
INV-000779,P-029,S-019,2026-05-29,439,87,261,10,5.05
INV-000780,P-030,S-045,2026-05-29,432,103,309,6,4.2
INV-000781,P-031,S-033,2026-05-29,367,123,369,5,2.99
INV-000782,P-032,S-016,2026-05-29,416,84,252,8,4.95
INV-000783,P-033,S-038,2026-05-29,426,76,228,15,5.61
INV-000784,P-034,S-038,2026-05-29,396,91,273,15,4.36
INV-000785,P-035,S-013,2026-05-29,497,98,294,4,5.08
INV-000786,P-036,S-005,2026-05-29,461,113,339,7,4.08
INV-000787,P-037,S-023,2026-05-29,421,103,309,12,4.09
INV-000788,P-038,S-037,2026-05-29,387,84,252,8,4.61
INV-000789,P-039,S-012,2026-05-29,420,112,336,10,3.75
INV-000790,P-040,S-035,2026-05-29,419,131,393,11,3.2
INV-000791,P-041,S-004,2026-05-29,419,77,231,5,5.44
INV-000792,P-042,S-021,2026-05-29,408,120,360,12,3.4
INV-000793,P-043,S-010,2026-05-29,404,118,354,5,3.43
INV-000794,P-044,S-049,2026-05-29,447,111,333,13,4.03
INV-000795,P-045,S-028,2026-05-29,415,116,348,3,3.58
INV-000796,P-046,S-013,2026-05-29,449,100,300,4,4.49
INV-000797,P-047,S-019,2026-05-29,508,75,225,10,6.78
INV-000798,P-048,S-006,2026-05-29,499,114,342,12,4.38
INV-000799,P-049,S-041,2026-05-29,446,91,273,6,4.91
INV-000800,P-050,S-041,2026-05-29,393,108,324,6,3.64
INV-000801,P-001,S-009,2026-05-30,469,125,375,12,3.76
INV-000802,P-002,S-009,2026-05-30,523,122,366,12,4.29
INV-000803,P-003,S-020,2026-05-30,496,127,381,10,3.91
INV-000804,P-004,S-047,2026-05-30,537,71,213,12,7.57
INV-000805,P-005,S-011,2026-05-30,468,75,225,15,6.25
INV-000806,P-006,S-047,2026-05-30,405,112,336,12,3.62
INV-000807,P-007,S-049,2026-05-30,470,91,273,13,5.17
INV-000808,P-008,S-044,2026-05-30,445,94,282,4,4.74
INV-000809,P-009,S-005,2026-05-30,459,95,285,7,4.84
INV-000810,P-010,S-042,2026-05-30,457,96,288,14,4.76
INV-000811,P-011,S-036,2026-05-30,525,125,375,10,4.21
INV-000812,P-012,S-009,2026-05-30,487,68,204,12,7.17
INV-000813,P-013,S-036,2026-05-30,476,119,357,10,4.0
INV-000814,P-014,S-029,2026-05-30,471,91,273,10,5.18
INV-000815,P-015,S-044,2026-05-30,475,74,222,4,6.43
INV-000816,P-016,S-017,2026-05-30,429,104,312,14,4.13
INV-000817,P-017,S-018,2026-05-30,390,121,363,9,3.23
INV-000818,P-018,S-035,2026-05-30,411,120,360,11,3.43
INV-000819,P-019,S-034,2026-05-30,503,109,327,3,4.62
INV-000820,P-020,S-020,2026-05-30,468,88,264,10,5.32
INV-000821,P-021,S-009,2026-05-30,411,124,372,12,3.32
INV-000822,P-022,S-040,2026-05-30,497,94,282,5,5.29
INV-000823,P-023,S-009,2026-05-30,456,90,270,12,5.07
INV-000824,P-024,S-008,2026-05-30,423,121,363,15,3.5
INV-000825,P-025,S-044,2026-05-30,441,95,285,4,4.65
INV-000826,P-026,S-011,2026-05-30,496,97,291,15,5.12
INV-000827,P-027,S-049,2026-05-30,483,69,207,13,7.0
INV-000828,P-028,S-048,2026-05-30,469,120,360,13,3.92
INV-000829,P-029,S-015,2026-05-30,429,129,387,8,3.33
INV-000830,P-030,S-029,2026-05-30,372,95,285,10,3.92
INV-000831,P-031,S-021,2026-05-30,437,79,237,12,5.54
INV-000832,P-032,S-010,2026-05-30,375,107,321,5,3.51
INV-000833,P-033,S-047,2026-05-30,425,107,321,12,3.98
INV-000834,P-034,S-028,2026-05-30,365,92,276,3,3.97
INV-000835,P-035,S-038,2026-05-30,541,85,255,15,6.36
INV-000836,P-036,S-008,2026-05-30,502,118,354,15,4.26
INV-000837,P-037,S-008,2026-05-30,425,115,345,15,3.7
INV-000838,P-038,S-003,2026-05-30,454,117,351,10,3.89
INV-000839,P-039,S-028,2026-05-30,464,100,300,3,4.64
INV-000840,P-040,S-008,2026-05-30,465,78,234,15,5.97
INV-000841,P-041,S-046,2026-05-30,468,101,303,6,4.64
INV-000842,P-042,S-013,2026-05-30,435,117,351,4,3.72
INV-000843,P-043,S-038,2026-05-30,490,99,297,15,4.95
INV-000844,P-044,S-048,2026-05-30,476,141,423,13,3.38
INV-000845,P-045,S-001,2026-05-30,588,105,315,9,5.61
INV-000846,P-046,S-046,2026-05-30,429,87,261,6,4.94
INV-000847,P-047,S-038,2026-05-30,427,81,243,15,5.27
INV-000848,P-048,S-041,2026-05-30,413,93,279,6,4.45
INV-000849,P-049,S-009,2026-05-30,474,134,402,12,3.54
INV-000850,P-050,S-041,2026-05-30,465,118,354,6,3.94
INV-000851,P-001,S-009,2026-05-31,329,67,201,12,4.92
INV-000852,P-002,S-041,2026-05-31,475,88,264,6,5.41
INV-000853,P-003,S-013,2026-05-31,475,85,255,4,5.6
INV-000854,P-004,S-020,2026-05-31,420,162,486,10,2.6
INV-000855,P-005,S-024,2026-05-31,493,112,336,10,4.4
INV-000856,P-006,S-003,2026-05-31,554,76,228,10,7.29
INV-000857,P-007,S-039,2026-05-31,473,97,291,12,4.88
INV-000858,P-008,S-032,2026-05-31,514,77,231,13,6.68
INV-000859,P-009,S-029,2026-05-31,417,78,234,10,5.36
INV-000860,P-010,S-039,2026-05-31,451,100,300,12,4.51
INV-000861,P-011,S-040,2026-05-31,423,101,303,5,4.19
INV-000862,P-012,S-025,2026-05-31,567,56,168,7,10.12
INV-000863,P-013,S-004,2026-05-31,359,119,357,5,3.02
INV-000864,P-014,S-046,2026-05-31,413,80,240,6,5.16
INV-000865,P-015,S-006,2026-05-31,406,125,375,12,3.25
INV-000866,P-016,S-032,2026-05-31,437,129,387,13,3.39
INV-000867,P-017,S-002,2026-05-31,484,104,312,13,4.66
INV-000868,P-018,S-025,2026-05-31,400,59,177,7,6.78
INV-000869,P-019,S-009,2026-05-31,623,66,198,12,9.44
INV-000870,P-020,S-032,2026-05-31,470,50,150,13,9.41
INV-000871,P-021,S-050,2026-05-31,445,89,267,14,5.01
INV-000872,P-022,S-020,2026-05-31,431,103,309,10,4.19
INV-000873,P-023,S-042,2026-05-31,503,71,213,14,7.09
INV-000874,P-024,S-045,2026-05-31,457,82,246,6,5.58
INV-000875,P-025,S-024,2026-05-31,490,114,342,10,4.3
INV-000876,P-026,S-045,2026-05-31,475,104,312,6,4.57
INV-000877,P-027,S-010,2026-05-31,425,116,348,5,3.67
INV-000878,P-028,S-004,2026-05-31,472,83,249,5,5.69
INV-000879,P-029,S-004,2026-05-31,476,119,357,5,4.0
INV-000880,P-030,S-017,2026-05-31,527,119,357,14,4.43
INV-000881,P-031,S-028,2026-05-31,411,137,411,3,3.01
INV-000882,P-032,S-044,2026-05-31,449,103,309,4,4.36
INV-000883,P-033,S-024,2026-05-31,519,85,255,10,6.11
INV-000884,P-034,S-023,2026-05-31,531,118,354,12,4.5
INV-000885,P-035,S-023,2026-05-31,451,103,309,12,4.38
INV-000886,P-036,S-024,2026-05-31,467,124,372,10,3.77
INV-000887,P-037,S-020,2026-05-31,560,119,357,10,4.71
INV-000888,P-038,S-020,2026-05-31,512,111,333,10,4.62
INV-000889,P-039,S-002,2026-05-31,538,139,417,13,3.87
INV-000890,P-040,S-005,2026-05-31,480,77,231,7,6.23
INV-000891,P-041,S-027,2026-05-31,476,82,246,3,5.81
INV-000892,P-042,S-026,2026-05-31,533,68,204,15,7.85
INV-000893,P-043,S-036,2026-05-31,456,67,201,10,6.82
INV-000894,P-044,S-044,2026-05-31,467,122,366,4,3.83
INV-000895,P-045,S-037,2026-05-31,535,113,339,8,4.74
INV-000896,P-046,S-004,2026-05-31,450,101,303,5,4.46
INV-000897,P-047,S-009,2026-05-31,410,101,303,12,4.06
INV-000898,P-048,S-025,2026-05-31,462,128,384,7,3.61
INV-000899,P-049,S-040,2026-05-31,435,81,243,5,5.38
INV-000900,P-050,S-027,2026-05-31,380,145,435,3,2.62
INV-000901,P-001,S-032,2026-06-01,418,99,297,13,4.22
INV-000902,P-002,S-012,2026-06-01,392,93,279,10,4.22
INV-000903,P-003,S-031,2026-06-01,405,85,255,9,4.77
INV-000904,P-004,S-019,2026-06-01,374,118,354,10,3.17
INV-000905,P-005,S-019,2026-06-01,473,133,399,10,3.56
INV-000906,P-006,S-031,2026-06-01,449,142,426,9,3.16
INV-000907,P-007,S-049,2026-06-01,441,100,300,13,4.42
INV-000908,P-008,S-016,2026-06-01,495,105,315,8,4.72
INV-000909,P-009,S-012,2026-06-01,460,116,348,10,3.97
INV-000910,P-010,S-041,2026-06-01,401,86,258,6,4.67
INV-000911,P-011,S-011,2026-06-01,425,118,354,15,3.61
INV-000912,P-012,S-016,2026-06-01,424,102,306,8,4.16
INV-000913,P-013,S-008,2026-06-01,439,112,336,15,3.92
INV-000914,P-014,S-032,2026-06-01,562,73,219,13,7.71
INV-000915,P-015,S-037,2026-06-01,483,117,351,8,4.14
INV-000916,P-016,S-022,2026-06-01,418,104,312,6,4.02
INV-000917,P-017,S-038,2026-06-01,529,78,234,15,6.79
INV-000918,P-018,S-019,2026-06-01,388,104,312,10,3.74
INV-000919,P-019,S-009,2026-06-01,383,99,297,12,3.87
INV-000920,P-020,S-003,2026-06-01,516,128,384,10,4.03
INV-000921,P-021,S-007,2026-06-01,443,131,393,3,3.39
INV-000922,P-022,S-048,2026-06-01,485,105,315,13,4.62
INV-000923,P-023,S-014,2026-06-01,421,98,294,8,4.3
INV-000924,P-024,S-042,2026-06-01,460,100,300,14,4.61
INV-000925,P-025,S-009,2026-06-01,430,54,162,12,7.97
INV-000926,P-026,S-002,2026-06-01,460,125,375,13,3.69
INV-000927,P-027,S-046,2026-06-01,486,91,273,6,5.34
INV-000928,P-028,S-038,2026-06-01,519,99,297,15,5.24
INV-000929,P-029,S-017,2026-06-01,417,95,285,14,4.39
INV-000930,P-030,S-003,2026-06-01,442,87,261,10,5.08
INV-000931,P-031,S-048,2026-06-01,476,100,300,13,4.77
INV-000932,P-032,S-003,2026-06-01,459,122,366,10,3.77
INV-000933,P-033,S-011,2026-06-01,412,92,276,15,4.49
INV-000934,P-034,S-005,2026-06-01,339,135,405,7,2.52
INV-000935,P-035,S-001,2026-06-01,483,35,105,9,13.8
INV-000936,P-036,S-027,2026-06-01,381,66,198,3,5.77
INV-000937,P-037,S-039,2026-06-01,429,88,264,12,4.88
INV-000938,P-038,S-050,2026-06-01,423,79,237,14,5.36
INV-000939,P-039,S-008,2026-06-01,416,111,333,15,3.75
INV-000940,P-040,S-019,2026-06-01,382,125,375,10,3.06
INV-000941,P-041,S-007,2026-06-01,405,105,315,3,3.86
INV-000942,P-042,S-006,2026-06-01,423,76,228,12,5.58
INV-000943,P-043,S-029,2026-06-01,408,104,312,10,3.93
INV-000944,P-044,S-044,2026-06-01,484,86,258,4,5.64
INV-000945,P-045,S-014,2026-06-01,366,100,300,8,3.67
INV-000946,P-046,S-041,2026-06-01,435,86,258,6,5.07
INV-000947,P-047,S-009,2026-06-01,408,103,309,12,3.96
INV-000948,P-048,S-002,2026-06-01,524,95,285,13,5.52
INV-000949,P-049,S-014,2026-06-01,393,83,249,8,4.74
INV-000950,P-050,S-005,2026-06-01,377,118,354,7,3.2
INV-000951,P-001,S-007,2026-06-02,349,94,282,3,3.72
INV-000952,P-002,S-033,2026-06-02,384,109,327,5,3.53
INV-000953,P-003,S-040,2026-06-02,412,76,228,5,5.43
INV-000954,P-004,S-019,2026-06-02,364,66,198,10,5.52
INV-000955,P-005,S-005,2026-06-02,276,104,312,7,2.66
INV-000956,P-006,S-041,2026-06-02,358,60,180,6,5.97
INV-000957,P-007,S-013,2026-06-02,279,106,318,4,2.64
INV-000958,P-008,S-035,2026-06-02,387,94,282,11,4.12
INV-000959,P-009,S-008,2026-06-02,486,70,210,15,6.95
INV-000960,P-010,S-047,2026-06-02,367,97,291,12,3.79
INV-000961,P-011,S-050,2026-06-02,437,83,249,14,5.27
INV-000962,P-012,S-022,2026-06-02,272,118,354,6,2.31
INV-000963,P-013,S-005,2026-06-02,314,103,309,7,3.06
INV-000964,P-014,S-043,2026-06-02,349,87,261,9,4.02
INV-000965,P-015,S-022,2026-06-02,378,95,285,6,3.98
INV-000966,P-016,S-002,2026-06-02,442,101,303,13,4.38
INV-000967,P-017,S-002,2026-06-02,423,116,348,13,3.65
INV-000968,P-018,S-021,2026-06-02,243,97,291,12,2.51
INV-000969,P-019,S-024,2026-06-02,361,103,309,10,3.51
INV-000970,P-020,S-017,2026-06-02,412,76,228,14,5.43
INV-000971,P-021,S-014,2026-06-02,371,88,264,8,4.22
INV-000972,P-022,S-035,2026-06-02,347,106,318,11,3.28
INV-000973,P-023,S-033,2026-06-02,375,140,420,5,2.68
INV-000974,P-024,S-002,2026-06-02,390,102,306,13,3.82
INV-000975,P-025,S-041,2026-06-02,395,87,261,6,4.54
INV-000976,P-026,S-033,2026-06-02,372,85,255,5,4.38
INV-000977,P-027,S-025,2026-06-02,314,76,228,7,4.14
INV-000978,P-028,S-036,2026-06-02,325,122,366,10,2.66
INV-000979,P-029,S-009,2026-06-02,374,102,306,12,3.67
INV-000980,P-030,S-049,2026-06-02,308,121,363,13,2.55
INV-000981,P-031,S-021,2026-06-02,300,130,390,12,2.31
INV-000982,P-032,S-034,2026-06-02,355,133,399,3,2.68
INV-000983,P-033,S-044,2026-06-02,361,92,276,4,3.93
INV-000984,P-034,S-027,2026-06-02,320,134,402,3,2.39
INV-000985,P-035,S-008,2026-06-02,278,118,354,15,2.36
INV-000986,P-036,S-031,2026-06-02,376,102,306,9,3.69
INV-000987,P-037,S-002,2026-06-02,316,103,309,13,3.07
INV-000988,P-038,S-038,2026-06-02,420,114,342,15,3.69
INV-000989,P-039,S-014,2026-06-02,380,115,345,8,3.31
INV-000990,P-040,S-009,2026-06-02,357,121,363,12,2.95
INV-000991,P-041,S-029,2026-06-02,371,103,309,10,3.61
INV-000992,P-042,S-033,2026-06-02,268,124,372,5,2.17
INV-000993,P-043,S-002,2026-06-02,420,101,303,13,4.16
INV-000994,P-044,S-049,2026-06-02,434,117,351,13,3.71
INV-000995,P-045,S-038,2026-06-02,400,91,273,15,4.4
INV-000996,P-046,S-043,2026-06-02,348,108,324,9,3.22
INV-000997,P-047,S-016,2026-06-02,355,110,330,8,3.23
INV-000998,P-048,S-024,2026-06-02,374,114,342,10,3.28
INV-000999,P-049,S-004,2026-06-02,353,115,345,5,3.07
INV-001000,P-050,S-033,2026-06-02,406,53,159,5,7.67
INV-001001,P-001,S-015,2026-06-03,424,72,216,8,5.89
INV-001002,P-002,S-023,2026-06-03,405,105,315,12,3.86
INV-001003,P-003,S-005,2026-06-03,368,85,255,7,4.33
INV-001004,P-004,S-030,2026-06-03,446,87,261,7,5.14
INV-001005,P-005,S-032,2026-06-03,449,119,357,13,3.78
INV-001006,P-006,S-015,2026-06-03,358,129,387,8,2.78
INV-001007,P-007,S-040,2026-06-03,352,116,348,5,3.04
INV-001008,P-008,S-037,2026-06-03,401,92,276,8,4.36
INV-001009,P-009,S-024,2026-06-03,439,75,225,10,5.85
INV-001010,P-010,S-032,2026-06-03,453,82,246,13,5.53
INV-001011,P-011,S-031,2026-06-03,506,137,411,9,3.69
INV-001012,P-012,S-045,2026-06-03,339,94,282,6,3.62
INV-001013,P-013,S-004,2026-06-03,416,120,360,5,3.47
INV-001014,P-014,S-040,2026-06-03,489,66,198,5,7.41
INV-001015,P-015,S-032,2026-06-03,427,123,369,13,3.48
INV-001016,P-016,S-034,2026-06-03,438,134,402,3,3.27
INV-001017,P-017,S-022,2026-06-03,463,81,243,6,5.73
INV-001018,P-018,S-045,2026-06-03,448,99,297,6,4.53
INV-001019,P-019,S-028,2026-06-03,345,102,306,3,3.39
INV-001020,P-020,S-020,2026-06-03,387,110,330,10,3.53
INV-001021,P-021,S-048,2026-06-03,500,55,165,13,9.11
INV-001022,P-022,S-010,2026-06-03,486,67,201,5,7.26
INV-001023,P-023,S-005,2026-06-03,535,87,261,7,6.16
INV-001024,P-024,S-015,2026-06-03,479,78,234,8,6.14
INV-001025,P-025,S-045,2026-06-03,461,90,270,6,5.13
INV-001026,P-026,S-037,2026-06-03,428,92,276,8,4.66
INV-001027,P-027,S-048,2026-06-03,507,59,177,13,8.6
INV-001028,P-028,S-008,2026-06-03,439,98,294,15,4.48
INV-001029,P-029,S-020,2026-06-03,353,123,369,10,2.88
INV-001030,P-030,S-030,2026-06-03,396,110,330,7,3.61
INV-001031,P-031,S-021,2026-06-03,431,148,444,12,2.92
INV-001032,P-032,S-033,2026-06-03,496,95,285,5,5.22
INV-001033,P-033,S-014,2026-06-03,500,92,276,8,5.44
INV-001034,P-034,S-031,2026-06-03,339,114,342,9,2.97
INV-001035,P-035,S-020,2026-06-03,398,107,321,10,3.73
INV-001036,P-036,S-017,2026-06-03,446,71,213,14,6.29
INV-001037,P-037,S-050,2026-06-03,368,123,369,14,3.0
INV-001038,P-038,S-020,2026-06-03,405,57,171,10,7.11
INV-001039,P-039,S-018,2026-06-03,451,92,276,9,4.91
INV-001040,P-040,S-006,2026-06-03,453,75,225,12,6.04
INV-001041,P-041,S-035,2026-06-03,465,81,243,11,5.75
INV-001042,P-042,S-023,2026-06-03,463,66,198,12,7.02
INV-001043,P-043,S-038,2026-06-03,440,97,291,15,4.54
INV-001044,P-044,S-029,2026-06-03,440,83,249,10,5.31
INV-001045,P-045,S-044,2026-06-03,442,63,189,4,7.02
INV-001046,P-046,S-002,2026-06-03,441,117,351,13,3.77
INV-001047,P-047,S-038,2026-06-03,464,82,246,15,5.66
INV-001048,P-048,S-008,2026-06-03,414,147,441,15,2.82
INV-001049,P-049,S-048,2026-06-03,350,136,408,13,2.58
INV-001050,P-050,S-018,2026-06-03,450,109,327,9,4.13
INV-001051,P-001,S-032,2026-06-04,467,83,249,13,5.63
INV-001052,P-002,S-017,2026-06-04,354,133,399,14,2.67
INV-001053,P-003,S-025,2026-06-04,392,124,372,7,3.16
INV-001054,P-004,S-031,2026-06-04,447,64,192,9,6.99
INV-001055,P-005,S-032,2026-06-04,339,137,411,13,2.48
INV-001056,P-006,S-044,2026-06-04,489,60,180,4,8.16
INV-001057,P-007,S-023,2026-06-04,418,81,243,12,5.17
INV-001058,P-008,S-010,2026-06-04,329,100,300,5,3.29
INV-001059,P-009,S-032,2026-06-04,416,106,318,13,3.93
INV-001060,P-010,S-039,2026-06-04,337,108,324,12,3.12
INV-001061,P-011,S-043,2026-06-04,328,143,429,9,2.29
INV-001062,P-012,S-029,2026-06-04,464,50,150,10,9.28
INV-001063,P-013,S-022,2026-06-04,354,120,360,6,2.95
INV-001064,P-014,S-030,2026-06-04,400,102,306,7,3.92
INV-001065,P-015,S-013,2026-06-04,465,87,261,4,5.35
INV-001066,P-016,S-008,2026-06-04,444,97,291,15,4.58
INV-001067,P-017,S-045,2026-06-04,343,120,360,6,2.86
INV-001068,P-018,S-034,2026-06-04,302,92,276,3,3.29
INV-001069,P-019,S-032,2026-06-04,456,65,195,13,7.02
INV-001070,P-020,S-006,2026-06-04,382,101,303,12,3.79
INV-001071,P-021,S-045,2026-06-04,361,81,243,6,4.46
INV-001072,P-022,S-036,2026-06-04,303,100,300,10,3.03
INV-001073,P-023,S-040,2026-06-04,335,140,420,5,2.39
INV-001074,P-024,S-011,2026-06-04,331,121,363,15,2.74
INV-001075,P-025,S-006,2026-06-04,425,93,279,12,4.58
INV-001076,P-026,S-039,2026-06-04,397,113,339,12,3.52
INV-001077,P-027,S-018,2026-06-04,328,124,372,9,2.65
INV-001078,P-028,S-040,2026-06-04,305,110,330,5,2.78
INV-001079,P-029,S-040,2026-06-04,319,111,333,5,2.88
INV-001080,P-030,S-043,2026-06-04,391,105,315,9,3.73
INV-001081,P-031,S-023,2026-06-04,376,110,330,12,3.43
INV-001082,P-032,S-010,2026-06-04,333,74,222,5,4.51
INV-001083,P-033,S-044,2026-06-04,375,97,291,4,3.87
INV-001084,P-034,S-010,2026-06-04,492,89,267,5,5.53
INV-001085,P-035,S-039,2026-06-04,382,74,222,12,5.17
INV-001086,P-036,S-045,2026-06-04,525,65,195,6,8.08
INV-001087,P-037,S-032,2026-06-04,338,100,300,13,3.38
INV-001088,P-038,S-034,2026-06-04,399,128,384,3,3.12
INV-001089,P-039,S-007,2026-06-04,411,104,312,3,3.95
INV-001090,P-040,S-028,2026-06-04,432,92,276,3,4.71
INV-001091,P-041,S-045,2026-06-04,356,109,327,6,3.27
INV-001092,P-042,S-023,2026-06-04,347,133,399,12,2.61
INV-001093,P-043,S-021,2026-06-04,473,64,192,12,7.4
INV-001094,P-044,S-028,2026-06-04,338,96,288,3,3.53
INV-001095,P-045,S-020,2026-06-04,429,80,240,10,5.37
INV-001096,P-046,S-021,2026-06-04,370,124,372,12,2.98
INV-001097,P-047,S-036,2026-06-04,365,118,354,10,3.1
INV-001098,P-048,S-031,2026-06-04,413,79,237,9,5.24
INV-001099,P-049,S-035,2026-06-04,375,124,372,11,3.03
INV-001100,P-050,S-010,2026-06-04,460,68,204,5,6.77
INV-001101,P-001,S-043,2026-06-05,330,105,315,9,3.14
INV-001102,P-002,S-020,2026-06-05,303,149,447,10,2.04
INV-001103,P-003,S-026,2026-06-05,465,73,219,15,6.38
INV-001104,P-004,S-024,2026-06-05,354,91,273,10,3.9
INV-001105,P-005,S-009,2026-06-05,437,98,294,12,4.46
INV-001106,P-006,S-028,2026-06-05,306,114,342,3,2.69
INV-001107,P-007,S-009,2026-06-05,446,116,348,12,3.85
INV-001108,P-008,S-024,2026-06-05,432,104,312,10,4.16
INV-001109,P-009,S-045,2026-06-05,361,73,219,6,4.96
INV-001110,P-010,S-029,2026-06-05,429,80,240,10,5.37
INV-001111,P-011,S-042,2026-06-05,458,110,330,14,4.17
INV-001112,P-012,S-032,2026-06-05,427,138,414,13,3.1
INV-001113,P-013,S-036,2026-06-05,372,126,378,10,2.95
INV-001114,P-014,S-013,2026-06-05,344,109,327,4,3.16
INV-001115,P-015,S-032,2026-06-05,426,105,315,13,4.06
INV-001116,P-016,S-012,2026-06-05,400,91,273,10,4.41
INV-001117,P-017,S-006,2026-06-05,390,99,297,12,3.94
INV-001118,P-018,S-025,2026-06-05,392,84,252,7,4.67
INV-001119,P-019,S-028,2026-06-05,364,92,276,3,3.97
INV-001120,P-020,S-023,2026-06-05,421,98,294,12,4.3
INV-001121,P-021,S-040,2026-06-05,407,80,240,5,5.09
INV-001122,P-022,S-042,2026-06-05,267,124,372,14,2.15
INV-001123,P-023,S-013,2026-06-05,421,88,264,4,4.79
INV-001124,P-024,S-014,2026-06-05,361,81,243,8,4.46
INV-001125,P-025,S-029,2026-06-05,403,116,348,10,3.48
INV-001126,P-026,S-005,2026-06-05,436,93,279,7,4.7
INV-001127,P-027,S-042,2026-06-05,427,129,387,14,3.32
INV-001128,P-028,S-031,2026-06-05,487,56,168,9,8.71
INV-001129,P-029,S-024,2026-06-05,404,100,300,10,4.04
INV-001130,P-030,S-005,2026-06-05,367,149,447,7,2.47
INV-001131,P-031,S-044,2026-06-05,390,78,234,4,5.01
INV-001132,P-032,S-018,2026-06-05,383,147,441,9,2.61
INV-001133,P-033,S-044,2026-06-05,435,101,303,4,4.31
INV-001134,P-034,S-050,2026-06-05,389,86,258,14,4.53
INV-001135,P-035,S-002,2026-06-05,408,124,372,13,3.29
INV-001136,P-036,S-024,2026-06-05,398,91,273,10,4.38
INV-001137,P-037,S-042,2026-06-05,323,97,291,14,3.34
INV-001138,P-038,S-027,2026-06-05,341,99,297,3,3.45
INV-001139,P-039,S-020,2026-06-05,312,133,399,10,2.35
INV-001140,P-040,S-029,2026-06-05,431,65,195,10,6.64
INV-001141,P-041,S-008,2026-06-05,351,117,351,15,3.0
INV-001142,P-042,S-026,2026-06-05,369,103,309,15,3.59
INV-001143,P-043,S-003,2026-06-05,431,98,294,10,4.4
INV-001144,P-044,S-045,2026-06-05,425,87,261,6,4.89
INV-001145,P-045,S-022,2026-06-05,427,92,276,6,4.65
INV-001146,P-046,S-030,2026-06-05,536,103,309,7,5.21
INV-001147,P-047,S-033,2026-06-05,345,93,279,5,3.72
INV-001148,P-048,S-019,2026-06-05,396,108,324,10,3.67
INV-001149,P-049,S-026,2026-06-05,410,135,405,15,3.04
INV-001150,P-050,S-014,2026-06-05,426,109,327,8,3.92
INV-001151,P-001,S-006,2026-06-06,464,106,318,12,4.38
INV-001152,P-002,S-010,2026-06-06,425,93,279,5,4.58
INV-001153,P-003,S-007,2026-06-06,493,94,282,3,5.25
INV-001154,P-004,S-042,2026-06-06,409,100,300,14,4.09
INV-001155,P-005,S-049,2026-06-06,461,96,288,13,4.8
INV-001156,P-006,S-006,2026-06-06,465,78,234,12,5.97
INV-001157,P-007,S-045,2026-06-06,394,136,408,6,2.9
INV-001158,P-008,S-004,2026-06-06,444,102,306,5,4.36
INV-001159,P-009,S-035,2026-06-06,357,104,312,11,3.44
INV-001160,P-010,S-033,2026-06-06,468,96,288,5,4.88
INV-001161,P-011,S-041,2026-06-06,362,82,246,6,4.42
INV-001162,P-012,S-009,2026-06-06,559,84,252,12,6.66
INV-001163,P-013,S-018,2026-06-06,477,97,291,9,4.92
INV-001164,P-014,S-005,2026-06-06,416,80,240,7,5.21
INV-001165,P-015,S-017,2026-06-06,514,83,249,14,6.2
INV-001166,P-016,S-011,2026-06-06,394,101,303,15,3.91
INV-001167,P-017,S-028,2026-06-06,419,89,267,3,4.71
INV-001168,P-018,S-002,2026-06-06,443,81,243,13,5.47
INV-001169,P-019,S-009,2026-06-06,500,89,267,12,5.62
INV-001170,P-020,S-039,2026-06-06,439,97,291,12,4.53
INV-001171,P-021,S-045,2026-06-06,420,110,330,6,3.82
INV-001172,P-022,S-021,2026-06-06,505,104,312,12,4.86
INV-001173,P-023,S-003,2026-06-06,451,106,318,10,4.26
INV-001174,P-024,S-046,2026-06-06,349,111,333,6,3.15
INV-001175,P-025,S-028,2026-06-06,506,89,267,3,5.69
INV-001176,P-026,S-015,2026-06-06,509,53,159,8,9.62
INV-001177,P-027,S-013,2026-06-06,437,87,261,4,5.03
INV-001178,P-028,S-024,2026-06-06,537,107,321,10,5.03
INV-001179,P-029,S-050,2026-06-06,467,84,252,14,5.57
INV-001180,P-030,S-048,2026-06-06,354,97,291,13,3.66
INV-001181,P-031,S-021,2026-06-06,594,68,204,12,8.74
INV-001182,P-032,S-010,2026-06-06,362,79,237,5,4.59
INV-001183,P-033,S-016,2026-06-06,493,92,276,8,5.36
INV-001184,P-034,S-026,2026-06-06,475,88,264,15,5.41
INV-001185,P-035,S-018,2026-06-06,555,127,381,9,4.37
INV-001186,P-036,S-004,2026-06-06,496,75,225,5,6.62
INV-001187,P-037,S-034,2026-06-06,440,83,249,3,5.3
INV-001188,P-038,S-024,2026-06-06,489,92,276,10,5.32
INV-001189,P-039,S-013,2026-06-06,558,81,243,4,6.89
INV-001190,P-040,S-048,2026-06-06,456,102,306,13,4.47
INV-001191,P-041,S-036,2026-06-06,400,95,285,10,4.22
INV-001192,P-042,S-008,2026-06-06,477,108,324,15,4.42
INV-001193,P-043,S-001,2026-06-06,328,118,354,9,2.78
INV-001194,P-044,S-015,2026-06-06,455,84,252,8,5.43
INV-001195,P-045,S-049,2026-06-06,545,94,282,13,5.8
INV-001196,P-046,S-049,2026-06-06,460,142,426,13,3.24
INV-001197,P-047,S-030,2026-06-06,509,104,312,7,4.9
INV-001198,P-048,S-029,2026-06-06,452,65,195,10,6.97
INV-001199,P-049,S-012,2026-06-06,305,97,291,10,3.15
INV-001200,P-050,S-038,2026-06-06,399,78,234,15,5.12
INV-001201,P-001,S-014,2026-06-07,417,159,477,8,2.63
INV-001202,P-002,S-033,2026-06-07,489,63,189,5,7.77
INV-001203,P-003,S-012,2026-06-07,411,117,351,10,3.52
INV-001204,P-004,S-035,2026-06-07,461,87,261,11,5.31
INV-001205,P-005,S-032,2026-06-07,451,150,450,13,3.01
INV-001206,P-006,S-044,2026-06-07,507,98,294,4,5.18
INV-001207,P-007,S-046,2026-06-07,490,123,369,6,3.99
INV-001208,P-008,S-029,2026-06-07,515,118,354,10,4.37
INV-001209,P-009,S-028,2026-06-07,448,79,237,3,5.68
INV-001210,P-010,S-030,2026-06-07,464,127,381,7,3.66
INV-001211,P-011,S-050,2026-06-07,494,108,324,14,4.58
INV-001212,P-012,S-020,2026-06-07,502,60,180,10,8.37
INV-001213,P-013,S-024,2026-06-07,384,102,306,10,3.77
INV-001214,P-014,S-032,2026-06-07,558,83,249,13,6.72
INV-001215,P-015,S-003,2026-06-07,465,125,375,10,3.72
INV-001216,P-016,S-025,2026-06-07,475,107,321,7,4.44
INV-001217,P-017,S-030,2026-06-07,379,66,198,7,5.75
INV-001218,P-018,S-003,2026-06-07,536,112,336,10,4.79
INV-001219,P-019,S-032,2026-06-07,406,88,264,13,4.62
INV-001220,P-020,S-040,2026-06-07,466,92,276,5,5.07
INV-001221,P-021,S-014,2026-06-07,427,104,312,8,4.11
INV-001222,P-022,S-039,2026-06-07,463,116,348,12,3.99
INV-001223,P-023,S-046,2026-06-07,451,143,429,6,3.16
INV-001224,P-024,S-005,2026-06-07,420,111,333,7,3.78
INV-001225,P-025,S-015,2026-06-07,499,139,417,8,3.6
INV-001226,P-026,S-019,2026-06-07,487,117,351,10,4.17
INV-001227,P-027,S-031,2026-06-07,500,93,279,9,5.38
INV-001228,P-028,S-044,2026-06-07,465,141,423,4,3.3
INV-001229,P-029,S-010,2026-06-07,506,61,183,5,8.3
INV-001230,P-030,S-003,2026-06-07,395,131,393,10,3.02
INV-001231,P-031,S-039,2026-06-07,510,94,282,12,5.43
INV-001232,P-032,S-015,2026-06-07,444,75,225,8,5.92
INV-001233,P-033,S-029,2026-06-07,518,132,396,10,3.93
INV-001234,P-034,S-035,2026-06-07,442,80,240,11,5.53
INV-001235,P-035,S-039,2026-06-07,409,105,315,12,3.9
INV-001236,P-036,S-038,2026-06-07,488,67,201,15,7.3
INV-001237,P-037,S-044,2026-06-07,433,100,300,4,4.33
INV-001238,P-038,S-002,2026-06-07,474,118,354,13,4.02
INV-001239,P-039,S-004,2026-06-07,490,99,297,5,4.95
INV-001240,P-040,S-031,2026-06-07,378,98,294,9,3.86
INV-001241,P-041,S-044,2026-06-07,504,90,270,4,5.61
INV-001242,P-042,S-034,2026-06-07,522,101,303,3,5.17
INV-001243,P-043,S-019,2026-06-07,453,122,366,10,3.71
INV-001244,P-044,S-019,2026-06-07,457,105,315,10,4.35
INV-001245,P-045,S-035,2026-06-07,521,122,366,11,4.27
INV-001246,P-046,S-027,2026-06-07,468,111,333,3,4.22
INV-001247,P-047,S-010,2026-06-07,368,114,342,5,3.24
INV-001248,P-048,S-010,2026-06-07,494,90,270,5,5.5
INV-001249,P-049,S-026,2026-06-07,476,131,393,15,3.64
INV-001250,P-050,S-015,2026-06-07,369,109,327,8,3.39
INV-001251,P-001,S-014,2026-06-08,442,92,276,8,4.81
INV-001252,P-002,S-021,2026-06-08,471,72,216,12,6.55
INV-001253,P-003,S-037,2026-06-08,487,64,192,8,7.62
INV-001254,P-004,S-003,2026-06-08,546,105,315,10,5.21
INV-001255,P-005,S-003,2026-06-08,458,122,366,10,3.75
INV-001256,P-006,S-045,2026-06-08,462,80,240,6,5.78
INV-001257,P-007,S-008,2026-06-08,477,117,351,15,4.08
INV-001258,P-008,S-040,2026-06-08,458,114,342,5,4.02
INV-001259,P-009,S-034,2026-06-08,435,88,264,3,4.94
INV-001260,P-010,S-048,2026-06-08,465,91,273,13,5.11
INV-001261,P-011,S-028,2026-06-08,385,97,291,3,3.98
INV-001262,P-012,S-033,2026-06-08,379,130,390,5,2.92
INV-001263,P-013,S-019,2026-06-08,498,88,264,10,5.66
INV-001264,P-014,S-003,2026-06-08,514,129,387,10,3.99
INV-001265,P-015,S-015,2026-06-08,441,129,387,8,3.42
INV-001266,P-016,S-028,2026-06-08,448,112,336,3,4.01
INV-001267,P-017,S-044,2026-06-08,447,111,333,4,4.03
INV-001268,P-018,S-019,2026-06-08,406,136,408,10,2.99
INV-001269,P-019,S-033,2026-06-08,461,134,402,5,3.44
INV-001270,P-020,S-033,2026-06-08,512,117,351,5,4.38
INV-001271,P-021,S-018,2026-06-08,436,105,315,9,4.16
INV-001272,P-022,S-003,2026-06-08,445,121,363,10,3.68
INV-001273,P-023,S-010,2026-06-08,477,82,246,5,5.82
INV-001274,P-024,S-016,2026-06-08,418,94,282,8,4.46
INV-001275,P-025,S-018,2026-06-08,522,88,264,9,5.93
INV-001276,P-026,S-049,2026-06-08,474,106,318,13,4.47
INV-001277,P-027,S-045,2026-06-08,389,80,240,6,4.87
INV-001278,P-028,S-013,2026-06-08,472,90,270,4,5.25
INV-001279,P-029,S-050,2026-06-08,416,68,204,14,6.13
INV-001280,P-030,S-019,2026-06-08,514,119,357,10,4.32
INV-001281,P-031,S-008,2026-06-08,388,100,300,15,3.89
INV-001282,P-032,S-030,2026-06-08,480,99,297,7,4.86
INV-001283,P-033,S-049,2026-06-08,466,105,315,13,4.44
INV-001284,P-034,S-011,2026-06-08,509,90,270,15,5.66
INV-001285,P-035,S-048,2026-06-08,467,111,333,13,4.21
INV-001286,P-036,S-014,2026-06-08,463,98,294,8,4.73
INV-001287,P-037,S-007,2026-06-08,444,109,327,3,4.07
INV-001288,P-038,S-018,2026-06-08,443,79,237,9,5.62
INV-001289,P-039,S-014,2026-06-08,456,130,390,8,3.51
INV-001290,P-040,S-028,2026-06-08,495,109,327,3,4.54
INV-001291,P-041,S-009,2026-06-08,464,102,306,12,4.56
INV-001292,P-042,S-045,2026-06-08,420,73,219,6,5.77
INV-001293,P-043,S-035,2026-06-08,461,92,276,11,5.02
INV-001294,P-044,S-029,2026-06-08,489,102,306,10,4.8
INV-001295,P-045,S-040,2026-06-08,408,94,282,5,4.35
INV-001296,P-046,S-012,2026-06-08,448,75,225,10,5.98
INV-001297,P-047,S-035,2026-06-08,513,73,219,11,7.04
INV-001298,P-048,S-014,2026-06-08,440,80,240,8,5.5
INV-001299,P-049,S-023,2026-06-08,400,86,258,12,4.66
INV-001300,P-050,S-008,2026-06-08,413,107,321,15,3.87
INV-001301,P-001,S-022,2026-06-09,412,102,306,6,4.05
INV-001302,P-002,S-014,2026-06-09,545,62,186,8,8.8
INV-001303,P-003,S-038,2026-06-09,454,92,276,15,4.94
INV-001304,P-004,S-043,2026-06-09,515,90,270,9,5.72
INV-001305,P-005,S-013,2026-06-09,394,138,414,4,2.86
INV-001306,P-006,S-041,2026-06-09,495,108,324,6,4.59
INV-001307,P-007,S-004,2026-06-09,382,107,321,5,3.58
INV-001308,P-008,S-043,2026-06-09,435,102,306,9,4.27
INV-001309,P-009,S-022,2026-06-09,471,78,234,6,6.05
INV-001310,P-010,S-031,2026-06-09,478,94,282,9,5.09
INV-001311,P-011,S-038,2026-06-09,464,105,315,15,4.42
INV-001312,P-012,S-022,2026-06-09,477,110,330,6,4.34
INV-001313,P-013,S-039,2026-06-09,510,103,309,12,4.96
INV-001314,P-014,S-005,2026-06-09,427,92,276,7,4.65
INV-001315,P-015,S-010,2026-06-09,457,71,213,5,6.45
INV-001316,P-016,S-024,2026-06-09,429,90,270,10,4.77
INV-001317,P-017,S-014,2026-06-09,550,58,174,8,9.49
INV-001318,P-018,S-016,2026-06-09,513,77,231,8,6.67
INV-001319,P-019,S-050,2026-06-09,474,95,285,14,4.99
INV-001320,P-020,S-002,2026-06-09,449,95,285,13,4.73
INV-001321,P-021,S-043,2026-06-09,508,110,330,9,4.62
INV-001322,P-022,S-026,2026-06-09,509,91,273,15,5.59
INV-001323,P-023,S-027,2026-06-09,507,113,339,3,4.49
INV-001324,P-024,S-004,2026-06-09,456,94,282,5,4.86
INV-001325,P-025,S-036,2026-06-09,518,127,381,10,4.09
INV-001326,P-026,S-001,2026-06-09,491,76,228,9,6.46
INV-001327,P-027,S-007,2026-06-09,437,128,384,3,3.42
INV-001328,P-028,S-006,2026-06-09,584,150,450,12,3.9
INV-001329,P-029,S-021,2026-06-09,505,71,213,12,7.13
INV-001330,P-030,S-035,2026-06-09,510,91,273,11,5.6
INV-001331,P-031,S-033,2026-06-09,451,118,354,5,3.83
INV-001332,P-032,S-013,2026-06-09,481,102,306,4,4.72
INV-001333,P-033,S-040,2026-06-09,459,96,288,5,4.78
INV-001334,P-034,S-050,2026-06-09,459,117,351,14,3.93
INV-001335,P-035,S-046,2026-06-09,503,115,345,6,4.38
INV-001336,P-036,S-023,2026-06-09,368,116,348,12,3.17
INV-001337,P-037,S-001,2026-06-09,453,113,339,9,4.02
INV-001338,P-038,S-045,2026-06-09,464,77,231,6,6.04
INV-001339,P-039,S-001,2026-06-09,441,130,390,9,3.39
INV-001340,P-040,S-004,2026-06-09,458,73,219,5,6.28
INV-001341,P-041,S-003,2026-06-09,552,97,291,10,5.7
INV-001342,P-042,S-019,2026-06-09,520,118,354,10,4.41
INV-001343,P-043,S-006,2026-06-09,485,112,336,12,4.34
INV-001344,P-044,S-023,2026-06-09,489,107,321,12,4.58
INV-001345,P-045,S-030,2026-06-09,604,81,243,7,7.46
INV-001346,P-046,S-001,2026-06-09,507,86,258,9,5.9
INV-001347,P-047,S-026,2026-06-09,450,140,420,15,3.22
INV-001348,P-048,S-025,2026-06-09,410,67,201,7,6.13
INV-001349,P-049,S-022,2026-06-09,499,108,324,6,4.63
INV-001350,P-050,S-009,2026-06-09,531,132,396,12,4.03
INV-001351,P-001,S-028,2026-06-10,447,82,246,3,5.46
INV-001352,P-002,S-023,2026-06-10,280,136,408,12,2.06
INV-001353,P-003,S-002,2026-06-10,343,73,219,13,4.71
INV-001354,P-004,S-046,2026-06-10,486,73,219,6,6.67
INV-001355,P-005,S-025,2026-06-10,422,91,273,7,4.64
INV-001356,P-006,S-039,2026-06-10,427,87,261,12,4.91
INV-001357,P-007,S-002,2026-06-10,496,98,294,13,5.07
INV-001358,P-008,S-026,2026-06-10,426,110,330,15,3.88
INV-001359,P-009,S-004,2026-06-10,412,75,225,5,5.5
INV-001360,P-010,S-026,2026-06-10,440,101,303,15,4.36
INV-001361,P-011,S-024,2026-06-10,374,96,288,10,3.9
INV-001362,P-012,S-036,2026-06-10,336,151,453,10,2.23
INV-001363,P-013,S-040,2026-06-10,557,81,243,5,6.88
INV-001364,P-014,S-022,2026-06-10,393,111,333,6,3.55
INV-001365,P-015,S-015,2026-06-10,498,81,243,8,6.15
INV-001366,P-016,S-025,2026-06-10,529,91,273,7,5.82
INV-001367,P-017,S-004,2026-06-10,505,95,285,5,5.33
INV-001368,P-018,S-007,2026-06-10,474,115,345,3,4.12
INV-001369,P-019,S-035,2026-06-10,480,93,279,11,5.16
INV-001370,P-020,S-001,2026-06-10,412,105,315,9,3.92
INV-001371,P-021,S-022,2026-06-10,389,130,390,6,3.0
INV-001372,P-022,S-032,2026-06-10,467,102,306,13,4.58
INV-001373,P-023,S-033,2026-06-10,383,106,318,5,3.62
INV-001374,P-024,S-005,2026-06-10,404,116,348,7,3.49
INV-001375,P-025,S-043,2026-06-10,462,89,267,9,5.19
INV-001376,P-026,S-022,2026-06-10,345,110,330,6,3.14
INV-001377,P-027,S-037,2026-06-10,494,103,309,8,4.8
INV-001378,P-028,S-024,2026-06-10,468,111,333,10,4.22
INV-001379,P-029,S-035,2026-06-10,429,138,414,11,3.11
INV-001380,P-030,S-035,2026-06-10,350,119,357,11,2.95
INV-001381,P-031,S-048,2026-06-10,483,108,324,13,4.47
INV-001382,P-032,S-048,2026-06-10,408,100,300,13,4.08
INV-001383,P-033,S-012,2026-06-10,350,129,387,10,2.72
INV-001384,P-034,S-025,2026-06-10,379,93,279,7,4.08
INV-001385,P-035,S-017,2026-06-10,493,113,339,14,4.37
INV-001386,P-036,S-046,2026-06-10,451,100,300,6,4.51
INV-001387,P-037,S-024,2026-06-10,466,86,258,10,5.42
INV-001388,P-038,S-043,2026-06-10,429,131,393,9,3.28
INV-001389,P-039,S-035,2026-06-10,367,93,279,11,3.95
INV-001390,P-040,S-022,2026-06-10,419,132,396,6,3.18
INV-001391,P-041,S-028,2026-06-10,381,127,381,3,3.01
INV-001392,P-042,S-008,2026-06-10,501,106,318,15,4.73
INV-001393,P-043,S-030,2026-06-10,426,135,405,7,3.16
INV-001394,P-044,S-037,2026-06-10,446,88,264,8,5.08
INV-001395,P-045,S-030,2026-06-10,421,118,354,7,3.57
INV-001396,P-046,S-032,2026-06-10,360,92,276,13,3.92
INV-001397,P-047,S-030,2026-06-10,487,107,321,7,4.56
INV-001398,P-048,S-047,2026-06-10,343,92,276,12,3.74
INV-001399,P-049,S-006,2026-06-10,370,80,240,12,4.63
INV-001400,P-050,S-032,2026-06-10,382,117,351,13,3.27
INV-001401,P-001,S-021,2026-06-11,393,111,333,12,3.55
INV-001402,P-002,S-041,2026-06-11,489,77,231,6,6.36
INV-001403,P-003,S-035,2026-06-11,392,109,327,11,3.6
INV-001404,P-004,S-017,2026-06-11,418,111,333,14,3.77
INV-001405,P-005,S-026,2026-06-11,484,120,360,15,4.04
INV-001406,P-006,S-028,2026-06-11,461,75,225,3,6.15
INV-001407,P-007,S-028,2026-06-11,510,47,141,3,10.86
INV-001408,P-008,S-006,2026-06-11,484,101,303,12,4.8
INV-001409,P-009,S-007,2026-06-11,456,97,291,3,4.7
INV-001410,P-010,S-034,2026-06-11,511,107,321,3,4.78
INV-001411,P-011,S-029,2026-06-11,369,107,321,10,3.45
INV-001412,P-012,S-017,2026-06-11,389,118,354,14,3.3
INV-001413,P-013,S-050,2026-06-11,503,108,324,14,4.66
INV-001414,P-014,S-018,2026-06-11,504,106,318,9,4.76
INV-001415,P-015,S-034,2026-06-11,380,105,315,3,3.62
INV-001416,P-016,S-004,2026-06-11,456,93,279,5,4.9
INV-001417,P-017,S-049,2026-06-11,432,89,267,13,4.86
INV-001418,P-018,S-024,2026-06-11,440,76,228,10,5.8
INV-001419,P-019,S-026,2026-06-11,453,98,294,15,4.63
INV-001420,P-020,S-014,2026-06-11,472,119,357,8,3.97
INV-001421,P-021,S-017,2026-06-11,458,110,330,14,4.17
INV-001422,P-022,S-028,2026-06-11,478,95,285,3,5.03
INV-001423,P-023,S-017,2026-06-11,460,115,345,14,4.01
INV-001424,P-024,S-044,2026-06-11,450,133,399,4,3.39
INV-001425,P-025,S-004,2026-06-11,393,93,279,5,4.23
INV-001426,P-026,S-011,2026-06-11,402,112,336,15,3.59
INV-001427,P-027,S-046,2026-06-11,355,106,318,6,3.35
INV-001428,P-028,S-001,2026-06-11,496,78,234,9,6.36
INV-001429,P-029,S-014,2026-06-11,449,131,393,8,3.43
INV-001430,P-030,S-041,2026-06-11,439,121,363,6,3.63
INV-001431,P-031,S-049,2026-06-11,542,108,324,13,5.02
INV-001432,P-032,S-040,2026-06-11,442,96,288,5,4.61
INV-001433,P-033,S-001,2026-06-11,540,92,276,9,5.88
INV-001434,P-034,S-029,2026-06-11,474,114,342,10,4.16
INV-001435,P-035,S-025,2026-06-11,423,123,369,7,3.44
INV-001436,P-036,S-014,2026-06-11,336,112,336,8,3.0
INV-001437,P-037,S-027,2026-06-11,526,97,291,3,5.43
INV-001438,P-038,S-048,2026-06-11,466,95,285,13,4.91
INV-001439,P-039,S-018,2026-06-11,501,72,216,9,6.97
INV-001440,P-040,S-003,2026-06-11,486,135,405,10,3.61
INV-001441,P-041,S-017,2026-06-11,569,90,270,14,6.33
INV-001442,P-042,S-028,2026-06-11,439,129,387,3,3.41
INV-001443,P-043,S-041,2026-06-11,436,134,402,6,3.25
INV-001444,P-044,S-016,2026-06-11,377,109,327,8,3.47
INV-001445,P-045,S-043,2026-06-11,449,102,306,9,4.41
INV-001446,P-046,S-002,2026-06-11,406,111,333,13,3.66
INV-001447,P-047,S-019,2026-06-11,435,125,375,10,3.48
INV-001448,P-048,S-016,2026-06-11,434,110,330,8,3.95
INV-001449,P-049,S-018,2026-06-11,527,84,252,9,6.28
INV-001450,P-050,S-035,2026-06-11,378,77,231,11,4.92
INV-001451,P-001,S-026,2026-06-12,382,112,336,15,3.42
INV-001452,P-002,S-031,2026-06-12,464,99,297,9,4.69
INV-001453,P-003,S-025,2026-06-12,373,94,282,7,3.97
INV-001454,P-004,S-036,2026-06-12,391,87,261,10,4.5
INV-001455,P-005,S-028,2026-06-12,321,105,315,3,3.06
INV-001456,P-006,S-021,2026-06-12,529,67,201,12,7.9
INV-001457,P-007,S-047,2026-06-12,360,90,270,12,4.01
INV-001458,P-008,S-033,2026-06-12,379,109,327,5,3.48
INV-001459,P-009,S-038,2026-06-12,358,126,378,15,2.84
INV-001460,P-010,S-004,2026-06-12,415,75,225,5,5.54
INV-001461,P-011,S-026,2026-06-12,430,107,321,15,4.02
INV-001462,P-012,S-042,2026-06-12,369,121,363,14,3.06
INV-001463,P-013,S-034,2026-06-12,377,105,315,3,3.59
INV-001464,P-014,S-033,2026-06-12,376,88,264,5,4.28
INV-001465,P-015,S-023,2026-06-12,483,64,192,12,7.55
INV-001466,P-016,S-023,2026-06-12,426,74,222,12,5.76
INV-001467,P-017,S-039,2026-06-12,288,119,357,12,2.42
INV-001468,P-018,S-026,2026-06-12,433,76,228,15,5.7
INV-001469,P-019,S-020,2026-06-12,403,117,351,10,3.45
INV-001470,P-020,S-021,2026-06-12,347,78,234,12,4.46
INV-001471,P-021,S-045,2026-06-12,487,107,321,6,4.56
INV-001472,P-022,S-027,2026-06-12,379,116,348,3,3.27
INV-001473,P-023,S-001,2026-06-12,375,100,300,9,3.76
INV-001474,P-024,S-016,2026-06-12,438,101,303,8,4.34
INV-001475,P-025,S-041,2026-06-12,448,109,327,6,4.12
INV-001476,P-026,S-045,2026-06-12,458,97,291,6,4.73
INV-001477,P-027,S-025,2026-06-12,406,89,267,7,4.57
INV-001478,P-028,S-038,2026-06-12,450,99,297,15,4.55
INV-001479,P-029,S-010,2026-06-12,412,94,282,5,4.38
INV-001480,P-030,S-003,2026-06-12,349,122,366,10,2.87
INV-001481,P-031,S-043,2026-06-12,387,85,255,9,4.56
INV-001482,P-032,S-016,2026-06-12,443,83,249,8,5.34
INV-001483,P-033,S-034,2026-06-12,312,108,324,3,2.89
INV-001484,P-034,S-018,2026-06-12,425,104,312,9,4.09
INV-001485,P-035,S-022,2026-06-12,414,110,330,6,3.77
INV-001486,P-036,S-047,2026-06-12,319,90,270,12,3.55
INV-001487,P-037,S-038,2026-06-12,419,86,258,15,4.88
INV-001488,P-038,S-046,2026-06-12,432,81,243,6,5.34
INV-001489,P-039,S-013,2026-06-12,332,103,309,4,3.22
INV-001490,P-040,S-022,2026-06-12,457,134,402,6,3.41
INV-001491,P-041,S-006,2026-06-12,289,158,474,12,1.83
INV-001492,P-042,S-033,2026-06-12,364,123,369,5,2.97
INV-001493,P-043,S-004,2026-06-12,445,68,204,5,6.55
INV-001494,P-044,S-012,2026-06-12,384,117,351,10,3.29
INV-001495,P-045,S-024,2026-06-12,459,59,177,10,7.79
INV-001496,P-046,S-026,2026-06-12,300,161,483,15,1.87
INV-001497,P-047,S-026,2026-06-12,459,93,279,15,4.94
INV-001498,P-048,S-008,2026-06-12,368,110,330,15,3.35
INV-001499,P-049,S-021,2026-06-12,358,123,369,12,2.92
INV-001500,P-050,S-011,2026-06-12,406,106,318,15,3.83
INV-001501,P-001,S-042,2026-06-13,538,74,222,14,7.27
INV-001502,P-002,S-036,2026-06-13,437,112,336,10,3.9
INV-001503,P-003,S-020,2026-06-13,529,88,264,10,6.02
INV-001504,P-004,S-022,2026-06-13,497,89,267,6,5.59
INV-001505,P-005,S-022,2026-06-13,560,93,279,6,6.03
INV-001506,P-006,S-035,2026-06-13,545,126,378,11,4.33
INV-001507,P-007,S-022,2026-06-13,565,85,255,6,6.65
INV-001508,P-008,S-043,2026-06-13,428,85,255,9,5.04
INV-001509,P-009,S-048,2026-06-13,549,124,372,13,4.43
INV-001510,P-010,S-042,2026-06-13,409,98,294,14,4.18
INV-001511,P-011,S-047,2026-06-13,414,121,363,12,3.43
INV-001512,P-012,S-002,2026-06-13,454,90,270,13,5.05
INV-001513,P-013,S-043,2026-06-13,496,112,336,9,4.43
INV-001514,P-014,S-032,2026-06-13,526,100,300,13,5.27
INV-001515,P-015,S-010,2026-06-13,551,111,333,5,4.97
INV-001516,P-016,S-037,2026-06-13,472,117,351,8,4.04
INV-001517,P-017,S-017,2026-06-13,486,114,342,14,4.27
INV-001518,P-018,S-021,2026-06-13,497,118,354,12,4.21
INV-001519,P-019,S-020,2026-06-13,435,127,381,10,3.43
INV-001520,P-020,S-002,2026-06-13,530,112,336,13,4.73
INV-001521,P-021,S-021,2026-06-13,429,68,204,12,6.32
INV-001522,P-022,S-025,2026-06-13,549,133,399,7,4.13
INV-001523,P-023,S-043,2026-06-13,454,132,396,9,3.44
INV-001524,P-024,S-041,2026-06-13,469,139,417,6,3.38
INV-001525,P-025,S-022,2026-06-13,341,100,300,6,3.42
INV-001526,P-026,S-028,2026-06-13,515,122,366,3,4.23
INV-001527,P-027,S-015,2026-06-13,482,73,219,8,6.61
INV-001528,P-028,S-050,2026-06-13,535,84,252,14,6.37
INV-001529,P-029,S-008,2026-06-13,466,109,327,15,4.28
INV-001530,P-030,S-006,2026-06-13,488,94,282,12,5.2
INV-001531,P-031,S-047,2026-06-13,407,95,285,12,4.29
INV-001532,P-032,S-028,2026-06-13,430,126,378,3,3.42
INV-001533,P-033,S-040,2026-06-13,509,82,246,5,6.22
INV-001534,P-034,S-017,2026-06-13,496,112,336,14,4.43
INV-001535,P-035,S-016,2026-06-13,348,137,411,8,2.55
INV-001536,P-036,S-018,2026-06-13,509,103,309,9,4.95
INV-001537,P-037,S-029,2026-06-13,495,110,330,10,4.51
INV-001538,P-038,S-049,2026-06-13,430,135,405,13,3.19
INV-001539,P-039,S-033,2026-06-13,558,105,315,5,5.32
INV-001540,P-040,S-047,2026-06-13,452,77,231,12,5.88
INV-001541,P-041,S-029,2026-06-13,467,109,327,10,4.29
INV-001542,P-042,S-011,2026-06-13,549,120,360,15,4.58
INV-001543,P-043,S-035,2026-06-13,527,55,165,11,9.6
INV-001544,P-044,S-003,2026-06-13,472,102,306,10,4.63
INV-001545,P-045,S-013,2026-06-13,417,112,336,4,3.73
INV-001546,P-046,S-022,2026-06-13,504,104,312,6,4.85
INV-001547,P-047,S-007,2026-06-13,530,110,330,3,4.82
INV-001548,P-048,S-044,2026-06-13,425,106,318,4,4.01
INV-001549,P-049,S-050,2026-06-13,460,102,306,14,4.51
INV-001550,P-050,S-009,2026-06-13,409,115,345,12,3.56
INV-001551,P-001,S-031,2026-06-14,496,79,237,9,6.29
INV-001552,P-002,S-005,2026-06-14,435,87,261,7,5.01
INV-001553,P-003,S-048,2026-06-14,441,71,213,13,6.21
INV-001554,P-004,S-018,2026-06-14,461,94,282,9,4.91
INV-001555,P-005,S-018,2026-06-14,465,120,360,9,3.88
INV-001556,P-006,S-028,2026-06-14,478,93,279,3,5.15
INV-001557,P-007,S-002,2026-06-14,405,107,321,13,3.79
INV-001558,P-008,S-020,2026-06-14,542,119,357,10,4.56
INV-001559,P-009,S-018,2026-06-14,478,127,381,9,3.77
INV-001560,P-010,S-015,2026-06-14,487,66,198,8,7.39
INV-001561,P-011,S-009,2026-06-14,447,102,306,12,4.39
INV-001562,P-012,S-018,2026-06-14,430,147,441,9,2.93
INV-001563,P-013,S-006,2026-06-14,445,85,255,12,5.24
INV-001564,P-014,S-012,2026-06-14,374,107,321,10,3.5
INV-001565,P-015,S-015,2026-06-14,488,95,285,8,5.14
INV-001566,P-016,S-026,2026-06-14,510,85,255,15,6.0
INV-001567,P-017,S-008,2026-06-14,418,95,285,15,4.4
INV-001568,P-018,S-048,2026-06-14,359,108,324,13,3.33
INV-001569,P-019,S-043,2026-06-14,520,119,357,9,4.38
INV-001570,P-020,S-006,2026-06-14,476,116,348,12,4.11
INV-001571,P-021,S-014,2026-06-14,453,120,360,8,3.78
INV-001572,P-022,S-028,2026-06-14,453,91,273,3,4.98
INV-001573,P-023,S-030,2026-06-14,488,96,288,7,5.08
INV-001574,P-024,S-049,2026-06-14,500,137,411,13,3.65
INV-001575,P-025,S-007,2026-06-14,476,109,327,3,4.37
INV-001576,P-026,S-030,2026-06-14,576,72,216,7,8.01
INV-001577,P-027,S-048,2026-06-14,483,102,306,13,4.74
INV-001578,P-028,S-045,2026-06-14,410,112,336,6,3.67
INV-001579,P-029,S-036,2026-06-14,350,99,297,10,3.54
INV-001580,P-030,S-028,2026-06-14,591,80,240,3,7.4
INV-001581,P-031,S-029,2026-06-14,464,111,333,10,4.19
INV-001582,P-032,S-028,2026-06-14,537,93,279,3,5.78
INV-001583,P-033,S-010,2026-06-14,452,78,234,5,5.8
INV-001584,P-034,S-026,2026-06-14,543,96,288,15,5.66
INV-001585,P-035,S-017,2026-06-14,411,95,285,14,4.33
INV-001586,P-036,S-032,2026-06-14,472,73,219,13,6.47
INV-001587,P-037,S-038,2026-06-14,541,98,294,15,5.53
INV-001588,P-038,S-047,2026-06-14,442,96,288,12,4.61
INV-001589,P-039,S-004,2026-06-14,546,110,330,5,4.97
INV-001590,P-040,S-020,2026-06-14,486,76,228,10,6.4
INV-001591,P-041,S-022,2026-06-14,492,85,255,6,5.79
INV-001592,P-042,S-011,2026-06-14,463,110,330,15,4.21
INV-001593,P-043,S-032,2026-06-14,449,65,195,13,6.92
INV-001594,P-044,S-011,2026-06-14,451,107,321,15,4.22
INV-001595,P-045,S-039,2026-06-14,565,64,192,12,8.83
INV-001596,P-046,S-026,2026-06-14,583,90,270,15,6.49
INV-001597,P-047,S-035,2026-06-14,482,107,321,11,4.51
INV-001598,P-048,S-019,2026-06-14,482,116,348,10,4.16
INV-001599,P-049,S-006,2026-06-14,451,153,459,12,2.95
INV-001600,P-050,S-045,2026-06-14,429,130,390,6,3.3
INV-001601,P-001,S-019,2026-06-15,476,106,318,10,4.5
INV-001602,P-002,S-019,2026-06-15,486,90,270,10,5.41
INV-001603,P-003,S-045,2026-06-15,351,112,336,6,3.13
INV-001604,P-004,S-048,2026-06-15,445,67,201,13,6.64
INV-001605,P-005,S-045,2026-06-15,343,146,438,6,2.35
INV-001606,P-006,S-045,2026-06-15,277,132,396,6,2.11
INV-001607,P-007,S-024,2026-06-15,324,88,264,10,3.69
INV-001608,P-008,S-039,2026-06-15,418,70,210,12,5.98
INV-001609,P-009,S-031,2026-06-15,393,88,264,9,4.47
INV-001610,P-010,S-023,2026-06-15,369,120,360,12,3.08
INV-001611,P-011,S-021,2026-06-15,404,74,222,12,5.47
INV-001612,P-012,S-040,2026-06-15,425,113,339,5,3.76
INV-001613,P-013,S-040,2026-06-15,381,108,324,5,3.53
INV-001614,P-014,S-050,2026-06-15,417,93,279,14,4.49
INV-001615,P-015,S-033,2026-06-15,342,132,396,5,2.6
INV-001616,P-016,S-013,2026-06-15,410,98,294,4,4.19
INV-001617,P-017,S-011,2026-06-15,434,95,285,15,4.58
INV-001618,P-018,S-023,2026-06-15,371,124,372,12,2.99
INV-001619,P-019,S-043,2026-06-15,452,115,345,9,3.94
INV-001620,P-020,S-005,2026-06-15,513,90,270,7,5.71
INV-001621,P-021,S-034,2026-06-15,387,119,357,3,3.26
INV-001622,P-022,S-013,2026-06-15,380,143,429,4,2.66
INV-001623,P-023,S-035,2026-06-15,416,79,237,11,5.27
INV-001624,P-024,S-025,2026-06-15,430,94,282,7,4.58
INV-001625,P-025,S-033,2026-06-15,388,115,345,5,3.38
INV-001626,P-026,S-005,2026-06-15,402,86,258,7,4.68
INV-001627,P-027,S-026,2026-06-15,415,83,249,15,5.0
INV-001628,P-028,S-038,2026-06-15,473,70,210,15,6.77
INV-001629,P-029,S-046,2026-06-15,374,88,264,6,4.25
INV-001630,P-030,S-004,2026-06-15,436,72,216,5,6.06
INV-001631,P-031,S-018,2026-06-15,371,92,276,9,4.03
INV-001632,P-032,S-032,2026-06-15,440,87,261,13,5.06
INV-001633,P-033,S-021,2026-06-15,382,90,270,12,4.25
INV-001634,P-034,S-003,2026-06-15,546,86,258,10,6.36
INV-001635,P-035,S-050,2026-06-15,506,86,258,14,5.89
INV-001636,P-036,S-043,2026-06-15,424,95,285,9,4.47
INV-001637,P-037,S-011,2026-06-15,412,122,366,15,3.38
INV-001638,P-038,S-026,2026-06-15,449,81,243,15,5.55
INV-001639,P-039,S-039,2026-06-15,350,96,288,12,3.65
INV-001640,P-040,S-046,2026-06-15,371,83,249,6,4.47
INV-001641,P-041,S-012,2026-06-15,440,116,348,10,3.8
INV-001642,P-042,S-048,2026-06-15,457,72,216,13,6.35
INV-001643,P-043,S-003,2026-06-15,376,115,345,10,3.27
INV-001644,P-044,S-039,2026-06-15,455,97,291,12,4.69
INV-001645,P-045,S-041,2026-06-15,381,120,360,6,3.18
INV-001646,P-046,S-002,2026-06-15,468,51,153,13,9.18
INV-001647,P-047,S-010,2026-06-15,413,113,339,5,3.66
INV-001648,P-048,S-011,2026-06-15,483,71,213,15,6.82
INV-001649,P-049,S-023,2026-06-15,384,106,318,12,3.63
INV-001650,P-050,S-048,2026-06-15,463,69,207,13,6.72
INV-001651,P-001,S-036,2026-06-16,357,111,333,10,3.22
INV-001652,P-002,S-010,2026-06-16,380,101,303,5,3.77
INV-001653,P-003,S-015,2026-06-16,434,84,252,8,5.17
INV-001654,P-004,S-044,2026-06-16,486,99,297,4,4.92
INV-001655,P-005,S-018,2026-06-16,435,80,240,9,5.44
INV-001656,P-006,S-047,2026-06-16,330,113,339,12,2.92
INV-001657,P-007,S-023,2026-06-16,351,116,348,12,3.03
INV-001658,P-008,S-032,2026-06-16,410,117,351,13,3.51
INV-001659,P-009,S-034,2026-06-16,515,84,252,3,6.14
INV-001660,P-010,S-035,2026-06-16,502,112,336,11,4.48
INV-001661,P-011,S-027,2026-06-16,440,125,375,3,3.52
INV-001662,P-012,S-030,2026-06-16,436,97,291,7,4.5
INV-001663,P-013,S-005,2026-06-16,510,84,252,7,6.08
INV-001664,P-014,S-040,2026-06-16,487,100,300,5,4.88
INV-001665,P-015,S-025,2026-06-16,395,117,351,7,3.38
INV-001666,P-016,S-037,2026-06-16,433,104,312,8,4.17
INV-001667,P-017,S-019,2026-06-16,423,110,330,10,3.85
INV-001668,P-018,S-021,2026-06-16,446,84,252,12,5.32
INV-001669,P-019,S-032,2026-06-16,482,84,252,13,5.74
INV-001670,P-020,S-007,2026-06-16,488,80,240,3,6.1
INV-001671,P-021,S-015,2026-06-16,447,91,273,8,4.92
INV-001672,P-022,S-031,2026-06-16,434,146,438,9,2.98
INV-001673,P-023,S-041,2026-06-16,443,85,255,6,5.22
INV-001674,P-024,S-025,2026-06-16,465,90,270,7,5.17
INV-001675,P-025,S-001,2026-06-16,390,86,258,9,4.54
INV-001676,P-026,S-050,2026-06-16,404,117,351,14,3.46
INV-001677,P-027,S-021,2026-06-16,487,99,297,12,4.93
INV-001678,P-028,S-043,2026-06-16,390,130,390,9,3.0
INV-001679,P-029,S-047,2026-06-16,463,89,267,12,5.2
INV-001680,P-030,S-011,2026-06-16,397,103,309,15,3.86
INV-001681,P-031,S-031,2026-06-16,371,82,246,9,4.53
INV-001682,P-032,S-031,2026-06-16,381,80,240,9,4.76
INV-001683,P-033,S-044,2026-06-16,429,98,294,4,4.38
INV-001684,P-034,S-008,2026-06-16,397,125,375,15,3.18
INV-001685,P-035,S-030,2026-06-16,423,129,387,7,3.29
INV-001686,P-036,S-006,2026-06-16,403,128,384,12,3.15
INV-001687,P-037,S-003,2026-06-16,339,101,303,10,3.36
INV-001688,P-038,S-035,2026-06-16,458,100,300,11,4.59
INV-001689,P-039,S-008,2026-06-16,393,130,390,15,3.02
INV-001690,P-040,S-018,2026-06-16,529,92,276,9,5.75
INV-001691,P-041,S-023,2026-06-16,460,94,282,12,4.9
INV-001692,P-042,S-025,2026-06-16,449,101,303,7,4.45
INV-001693,P-043,S-034,2026-06-16,468,128,384,3,3.66
INV-001694,P-044,S-009,2026-06-16,429,107,321,12,4.01
INV-001695,P-045,S-045,2026-06-16,412,132,396,6,3.13
INV-001696,P-046,S-020,2026-06-16,467,119,357,10,3.93
INV-001697,P-047,S-022,2026-06-16,443,101,303,6,4.39
INV-001698,P-048,S-025,2026-06-16,427,135,405,7,3.17
INV-001699,P-049,S-035,2026-06-16,476,111,333,11,4.29
INV-001700,P-050,S-035,2026-06-16,435,126,378,11,3.46
INV-001701,P-001,S-038,2026-06-17,495,89,267,15,5.57
INV-001702,P-002,S-007,2026-06-17,415,94,282,3,4.42
INV-001703,P-003,S-024,2026-06-17,497,117,351,10,4.25
INV-001704,P-004,S-018,2026-06-17,435,103,309,9,4.23
INV-001705,P-005,S-034,2026-06-17,341,72,216,3,4.74
INV-001706,P-006,S-001,2026-06-17,517,106,318,9,4.89
INV-001707,P-007,S-042,2026-06-17,522,103,309,14,5.07
INV-001708,P-008,S-027,2026-06-17,419,68,204,3,6.17
INV-001709,P-009,S-010,2026-06-17,482,84,252,5,5.75
INV-001710,P-010,S-047,2026-06-17,582,78,234,12,7.47
INV-001711,P-011,S-033,2026-06-17,458,89,267,5,5.15
INV-001712,P-012,S-023,2026-06-17,514,86,258,12,5.98
INV-001713,P-013,S-009,2026-06-17,509,98,294,12,5.19
INV-001714,P-014,S-045,2026-06-17,544,82,246,6,6.64
INV-001715,P-015,S-014,2026-06-17,410,93,279,8,4.41
INV-001716,P-016,S-020,2026-06-17,384,112,336,10,3.43
INV-001717,P-017,S-050,2026-06-17,519,83,249,14,6.26
INV-001718,P-018,S-029,2026-06-17,497,107,321,10,4.65
INV-001719,P-019,S-044,2026-06-17,394,69,207,4,5.71
INV-001720,P-020,S-014,2026-06-17,479,108,324,8,4.44
INV-001721,P-021,S-043,2026-06-17,446,103,309,9,4.34
INV-001722,P-022,S-046,2026-06-17,464,88,264,6,5.28
INV-001723,P-023,S-021,2026-06-17,500,104,312,12,4.81
INV-001724,P-024,S-042,2026-06-17,475,99,297,14,4.81
INV-001725,P-025,S-012,2026-06-17,354,92,276,10,3.86
INV-001726,P-026,S-009,2026-06-17,446,148,444,12,3.02
INV-001727,P-027,S-002,2026-06-17,470,94,282,13,5.0
INV-001728,P-028,S-002,2026-06-17,525,93,279,13,5.65
INV-001729,P-029,S-003,2026-06-17,448,84,252,10,5.34
INV-001730,P-030,S-037,2026-06-17,517,83,249,8,6.23
INV-001731,P-031,S-010,2026-06-17,576,89,267,5,6.48
INV-001732,P-032,S-032,2026-06-17,441,98,294,13,4.5
INV-001733,P-033,S-028,2026-06-17,489,98,294,3,4.99
INV-001734,P-034,S-043,2026-06-17,461,123,369,9,3.75
INV-001735,P-035,S-001,2026-06-17,438,112,336,9,3.91
INV-001736,P-036,S-002,2026-06-17,459,86,258,13,5.34
INV-001737,P-037,S-006,2026-06-17,402,56,168,12,7.19
INV-001738,P-038,S-025,2026-06-17,497,98,294,7,5.07
INV-001739,P-039,S-010,2026-06-17,491,108,324,5,4.55
INV-001740,P-040,S-004,2026-06-17,496,127,381,5,3.91
INV-001741,P-041,S-014,2026-06-17,445,109,327,8,4.08
INV-001742,P-042,S-001,2026-06-17,558,70,210,9,7.98
INV-001743,P-043,S-021,2026-06-17,393,45,135,12,8.75
INV-001744,P-044,S-026,2026-06-17,535,87,261,15,6.15
INV-001745,P-045,S-046,2026-06-17,475,104,312,6,4.57
INV-001746,P-046,S-002,2026-06-17,468,85,255,13,5.51
INV-001747,P-047,S-018,2026-06-17,458,102,306,9,4.5
INV-001748,P-048,S-024,2026-06-17,525,70,210,10,7.51
INV-001749,P-049,S-013,2026-06-17,503,104,312,4,4.84
INV-001750,P-050,S-023,2026-06-17,444,115,345,12,3.86
INV-001751,P-001,S-037,2026-06-18,418,89,267,8,4.7
INV-001752,P-002,S-026,2026-06-18,481,131,393,15,3.68
INV-001753,P-003,S-004,2026-06-18,442,101,303,5,4.38
INV-001754,P-004,S-046,2026-06-18,500,95,285,6,5.26
INV-001755,P-005,S-011,2026-06-18,397,90,270,15,4.41
INV-001756,P-006,S-038,2026-06-18,473,122,366,15,3.88
INV-001757,P-007,S-015,2026-06-18,522,96,288,8,5.44
INV-001758,P-008,S-035,2026-06-18,405,107,321,11,3.79
INV-001759,P-009,S-018,2026-06-18,466,77,231,9,6.05
INV-001760,P-010,S-003,2026-06-18,454,80,240,10,5.67
INV-001761,P-011,S-046,2026-06-18,497,98,294,6,5.08
INV-001762,P-012,S-041,2026-06-18,533,94,282,6,5.67
INV-001763,P-013,S-002,2026-06-18,450,103,309,13,4.38
INV-001764,P-014,S-034,2026-06-18,479,110,330,3,4.35
INV-001765,P-015,S-002,2026-06-18,404,115,345,13,3.51
INV-001766,P-016,S-043,2026-06-18,376,114,342,9,3.3
INV-001767,P-017,S-041,2026-06-18,472,86,258,6,5.5
INV-001768,P-018,S-018,2026-06-18,452,103,309,9,4.4
INV-001769,P-019,S-005,2026-06-18,455,88,264,7,5.18
INV-001770,P-020,S-031,2026-06-18,502,105,315,9,4.78
INV-001771,P-021,S-013,2026-06-18,500,85,255,4,5.88
INV-001772,P-022,S-042,2026-06-18,426,105,315,14,4.06
INV-001773,P-023,S-018,2026-06-18,446,99,297,9,4.51
INV-001774,P-024,S-015,2026-06-18,445,84,252,8,5.3
INV-001775,P-025,S-042,2026-06-18,464,111,333,14,4.19
INV-001776,P-026,S-046,2026-06-18,447,98,294,6,4.57
INV-001777,P-027,S-019,2026-06-18,419,114,342,10,3.68
INV-001778,P-028,S-038,2026-06-18,369,99,297,15,3.73
INV-001779,P-029,S-019,2026-06-18,476,98,294,10,4.87
INV-001780,P-030,S-013,2026-06-18,435,110,330,4,3.95
INV-001781,P-031,S-009,2026-06-18,488,122,366,12,4.0
INV-001782,P-032,S-035,2026-06-18,433,118,354,11,3.68
INV-001783,P-033,S-002,2026-06-18,459,101,303,13,4.55
INV-001784,P-034,S-029,2026-06-18,514,34,102,10,15.13
INV-001785,P-035,S-045,2026-06-18,488,67,201,6,7.29
INV-001786,P-036,S-050,2026-06-18,543,88,264,14,6.18
INV-001787,P-037,S-039,2026-06-18,402,118,354,12,3.41
INV-001788,P-038,S-013,2026-06-18,350,98,294,4,3.58
INV-001789,P-039,S-043,2026-06-18,464,94,282,9,4.94
INV-001790,P-040,S-032,2026-06-18,525,84,252,13,6.25
INV-001791,P-041,S-009,2026-06-18,516,79,237,12,6.54
INV-001792,P-042,S-023,2026-06-18,463,116,348,12,4.0
INV-001793,P-043,S-022,2026-06-18,431,84,252,6,5.14
INV-001794,P-044,S-022,2026-06-18,466,95,285,6,4.91
INV-001795,P-045,S-022,2026-06-18,386,115,345,6,3.36
INV-001796,P-046,S-003,2026-06-18,493,101,303,10,4.89
INV-001797,P-047,S-003,2026-06-18,492,65,195,10,7.57
INV-001798,P-048,S-040,2026-06-18,435,101,303,5,4.31
INV-001799,P-049,S-017,2026-06-18,511,98,294,14,5.22
INV-001800,P-050,S-008,2026-06-18,535,94,282,15,5.7
INV-001801,P-001,S-031,2026-06-19,389,97,291,9,4.02
INV-001802,P-002,S-032,2026-06-19,455,110,330,13,4.14
INV-001803,P-003,S-033,2026-06-19,415,80,240,5,5.19
INV-001804,P-004,S-038,2026-06-19,470,105,315,15,4.48
INV-001805,P-005,S-029,2026-06-19,455,98,294,10,4.64
INV-001806,P-006,S-029,2026-06-19,453,121,363,10,3.75
INV-001807,P-007,S-045,2026-06-19,424,90,270,6,4.71
INV-001808,P-008,S-045,2026-06-19,376,112,336,6,3.36
INV-001809,P-009,S-045,2026-06-19,475,115,345,6,4.13
INV-001810,P-010,S-004,2026-06-19,385,135,405,5,2.86
INV-001811,P-011,S-010,2026-06-19,464,94,282,5,4.94
INV-001812,P-012,S-017,2026-06-19,486,81,243,14,6.01
INV-001813,P-013,S-032,2026-06-19,445,121,363,13,3.68
INV-001814,P-014,S-015,2026-06-19,454,79,237,8,5.75
INV-001815,P-015,S-040,2026-06-19,531,105,315,5,5.06
INV-001816,P-016,S-027,2026-06-19,490,150,450,3,3.27
INV-001817,P-017,S-034,2026-06-19,515,106,318,3,4.86
INV-001818,P-018,S-049,2026-06-19,429,98,294,13,4.38
INV-001819,P-019,S-043,2026-06-19,468,117,351,9,4.0
INV-001820,P-020,S-046,2026-06-19,487,127,381,6,3.84
INV-001821,P-021,S-039,2026-06-19,396,82,246,12,4.83
INV-001822,P-022,S-020,2026-06-19,352,128,384,10,2.75
INV-001823,P-023,S-035,2026-06-19,491,81,243,11,6.07
INV-001824,P-024,S-035,2026-06-19,450,82,246,11,5.49
INV-001825,P-025,S-014,2026-06-19,411,103,309,8,4.0
INV-001826,P-026,S-032,2026-06-19,530,89,267,13,5.96
INV-001827,P-027,S-029,2026-06-19,390,78,234,10,5.0
INV-001828,P-028,S-018,2026-06-19,416,140,420,9,2.97
INV-001829,P-029,S-016,2026-06-19,373,102,306,8,3.66
INV-001830,P-030,S-003,2026-06-19,465,41,123,10,11.35
INV-001831,P-031,S-014,2026-06-19,529,86,258,8,6.15
INV-001832,P-032,S-007,2026-06-19,424,129,387,3,3.29
INV-001833,P-033,S-014,2026-06-19,455,130,390,8,3.5
INV-001834,P-034,S-046,2026-06-19,511,99,297,6,5.17
INV-001835,P-035,S-042,2026-06-19,521,115,345,14,4.53
INV-001836,P-036,S-011,2026-06-19,458,118,354,15,3.88
INV-001837,P-037,S-003,2026-06-19,398,149,447,10,2.67
INV-001838,P-038,S-019,2026-06-19,541,96,288,10,5.64
INV-001839,P-039,S-014,2026-06-19,538,118,354,8,4.56
INV-001840,P-040,S-038,2026-06-19,410,109,327,15,3.77
INV-001841,P-041,S-015,2026-06-19,592,81,243,8,7.31
INV-001842,P-042,S-029,2026-06-19,369,86,258,10,4.29
INV-001843,P-043,S-013,2026-06-19,441,105,315,4,4.2
INV-001844,P-044,S-010,2026-06-19,491,102,306,5,4.81
INV-001845,P-045,S-027,2026-06-19,476,101,303,3,4.72
INV-001846,P-046,S-038,2026-06-19,461,83,249,15,5.56
INV-001847,P-047,S-025,2026-06-19,478,94,282,7,5.09
INV-001848,P-048,S-042,2026-06-19,457,69,207,14,6.63
INV-001849,P-049,S-029,2026-06-19,446,108,324,10,4.13
INV-001850,P-050,S-006,2026-06-19,416,134,402,12,3.1
INV-001851,P-001,S-017,2026-06-20,465,134,402,14,3.47
INV-001852,P-002,S-026,2026-06-20,453,84,252,15,5.39
INV-001853,P-003,S-011,2026-06-20,573,105,315,15,5.46
INV-001854,P-004,S-044,2026-06-20,463,94,282,4,4.93
INV-001855,P-005,S-010,2026-06-20,533,116,348,5,4.6
INV-001856,P-006,S-016,2026-06-20,446,95,285,8,4.7
INV-001857,P-007,S-043,2026-06-20,415,78,234,9,5.33
INV-001858,P-008,S-049,2026-06-20,526,104,312,13,5.06
INV-001859,P-009,S-036,2026-06-20,460,93,279,10,4.95
INV-001860,P-010,S-004,2026-06-20,471,95,285,5,4.97
INV-001861,P-011,S-021,2026-06-20,381,134,402,12,2.85
INV-001862,P-012,S-018,2026-06-20,314,98,294,9,3.21
INV-001863,P-013,S-025,2026-06-20,402,76,228,7,5.29
INV-001864,P-014,S-017,2026-06-20,503,105,315,14,4.8
INV-001865,P-015,S-034,2026-06-20,446,117,351,3,3.81
INV-001866,P-016,S-032,2026-06-20,471,71,213,13,6.64
INV-001867,P-017,S-015,2026-06-20,511,89,267,8,5.74
INV-001868,P-018,S-035,2026-06-20,532,64,192,11,8.33
INV-001869,P-019,S-042,2026-06-20,420,118,354,14,3.56
INV-001870,P-020,S-008,2026-06-20,545,124,372,15,4.4
INV-001871,P-021,S-024,2026-06-20,429,92,276,10,4.67
INV-001872,P-022,S-029,2026-06-20,558,91,273,10,6.13
INV-001873,P-023,S-024,2026-06-20,513,90,270,10,5.71
INV-001874,P-024,S-047,2026-06-20,473,107,321,12,4.43
INV-001875,P-025,S-005,2026-06-20,464,66,198,7,7.03
INV-001876,P-026,S-032,2026-06-20,445,126,378,13,3.54
INV-001877,P-027,S-047,2026-06-20,374,117,351,12,3.2
INV-001878,P-028,S-032,2026-06-20,397,102,306,13,3.9
INV-001879,P-029,S-033,2026-06-20,578,98,294,5,5.9
INV-001880,P-030,S-002,2026-06-20,405,99,297,13,4.09
INV-001881,P-031,S-031,2026-06-20,360,104,312,9,3.46
INV-001882,P-032,S-010,2026-06-20,519,99,297,5,5.24
INV-001883,P-033,S-046,2026-06-20,389,104,312,6,3.74
INV-001884,P-034,S-014,2026-06-20,396,91,273,8,4.35
INV-001885,P-035,S-034,2026-06-20,506,68,204,3,7.45
INV-001886,P-036,S-012,2026-06-20,457,96,288,10,4.76
INV-001887,P-037,S-006,2026-06-20,480,90,270,12,5.34
INV-001888,P-038,S-038,2026-06-20,478,85,255,15,5.63
INV-001889,P-039,S-002,2026-06-20,418,90,270,13,4.65
INV-001890,P-040,S-030,2026-06-20,438,71,213,7,6.17
INV-001891,P-041,S-021,2026-06-20,460,118,354,12,3.9
INV-001892,P-042,S-047,2026-06-20,459,92,276,12,5.0
INV-001893,P-043,S-017,2026-06-20,441,95,285,14,4.65
INV-001894,P-044,S-046,2026-06-20,527,87,261,6,6.07
INV-001895,P-045,S-024,2026-06-20,420,102,306,10,4.13
INV-001896,P-046,S-016,2026-06-20,510,80,240,8,6.38
INV-001897,P-047,S-026,2026-06-20,416,130,390,15,3.21
INV-001898,P-048,S-045,2026-06-20,462,129,387,6,3.58
INV-001899,P-049,S-035,2026-06-20,406,112,336,11,3.62
INV-001900,P-050,S-025,2026-06-20,533,63,189,7,8.46
INV-001901,P-001,S-019,2026-06-21,453,133,399,10,3.41
INV-001902,P-002,S-041,2026-06-21,575,53,159,6,10.86
INV-001903,P-003,S-017,2026-06-21,405,105,315,14,3.86
INV-001904,P-004,S-018,2026-06-21,475,92,276,9,5.16
INV-001905,P-005,S-015,2026-06-21,485,73,219,8,6.65
INV-001906,P-006,S-005,2026-06-21,367,118,354,7,3.11
INV-001907,P-007,S-011,2026-06-21,482,75,225,15,6.43
INV-001908,P-008,S-041,2026-06-21,428,100,300,6,4.28
INV-001909,P-009,S-037,2026-06-21,421,98,294,8,4.3
INV-001910,P-010,S-040,2026-06-21,448,96,288,5,4.67
INV-001911,P-011,S-038,2026-06-21,366,123,369,15,2.98
INV-001912,P-012,S-002,2026-06-21,459,81,243,13,5.67
INV-001913,P-013,S-047,2026-06-21,475,111,333,12,4.28
INV-001914,P-014,S-016,2026-06-21,508,110,330,8,4.62
INV-001915,P-015,S-024,2026-06-21,476,101,303,10,4.72
INV-001916,P-016,S-048,2026-06-21,496,102,306,13,4.86
INV-001917,P-017,S-035,2026-06-21,470,111,333,11,4.24
INV-001918,P-018,S-021,2026-06-21,443,102,306,12,4.34
INV-001919,P-019,S-002,2026-06-21,591,75,225,13,7.89
INV-001920,P-020,S-006,2026-06-21,529,84,252,12,6.3
INV-001921,P-021,S-016,2026-06-21,429,62,186,8,6.92
INV-001922,P-022,S-049,2026-06-21,422,129,387,13,3.28
INV-001923,P-023,S-009,2026-06-21,424,112,336,12,3.79
INV-001924,P-024,S-012,2026-06-21,499,98,294,10,5.09
INV-001925,P-025,S-031,2026-06-21,484,85,255,9,5.7
INV-001926,P-026,S-008,2026-06-21,432,97,291,15,4.46
INV-001927,P-027,S-019,2026-06-21,414,110,330,10,3.76
INV-001928,P-028,S-031,2026-06-21,426,129,387,9,3.31
INV-001929,P-029,S-048,2026-06-21,361,138,414,13,2.62
INV-001930,P-030,S-021,2026-06-21,469,111,333,12,4.23
INV-001931,P-031,S-018,2026-06-21,525,86,258,9,6.1
INV-001932,P-032,S-030,2026-06-21,504,74,222,7,6.81
INV-001933,P-033,S-028,2026-06-21,462,88,264,3,5.25
INV-001934,P-034,S-012,2026-06-21,496,102,306,10,4.86
INV-001935,P-035,S-011,2026-06-21,444,106,318,15,4.19
INV-001936,P-036,S-032,2026-06-21,385,117,351,13,3.29
INV-001937,P-037,S-012,2026-06-21,347,120,360,10,2.89
INV-001938,P-038,S-019,2026-06-21,471,47,141,10,10.03
INV-001939,P-039,S-031,2026-06-21,461,101,303,9,4.57
INV-001940,P-040,S-033,2026-06-21,453,73,219,5,6.21
INV-001941,P-041,S-050,2026-06-21,489,60,180,14,8.15
INV-001942,P-042,S-006,2026-06-21,456,76,228,12,6.0
INV-001943,P-043,S-032,2026-06-21,446,94,282,13,4.74
INV-001944,P-044,S-042,2026-06-21,521,90,270,14,5.79
INV-001945,P-045,S-007,2026-06-21,367,107,321,3,3.43
INV-001946,P-046,S-027,2026-06-21,464,120,360,3,3.87
INV-001947,P-047,S-036,2026-06-21,475,152,456,10,3.12
INV-001948,P-048,S-036,2026-06-21,423,108,324,10,3.92
INV-001949,P-049,S-031,2026-06-21,414,141,423,9,2.94
INV-001950,P-050,S-036,2026-06-21,406,135,405,10,3.01
INV-001951,P-001,S-028,2026-06-22,455,97,291,3,4.7
INV-001952,P-002,S-018,2026-06-22,546,89,267,9,6.14
INV-001953,P-003,S-022,2026-06-22,518,76,228,6,6.83
INV-001954,P-004,S-047,2026-06-22,469,112,336,12,4.19
INV-001955,P-005,S-014,2026-06-22,449,114,342,8,3.94
INV-001956,P-006,S-023,2026-06-22,484,91,273,12,5.33
INV-001957,P-007,S-017,2026-06-22,483,85,255,14,5.68
INV-001958,P-008,S-035,2026-06-22,470,136,408,11,3.46
INV-001959,P-009,S-004,2026-06-22,474,120,360,5,3.95
INV-001960,P-010,S-007,2026-06-22,486,96,288,3,5.07
INV-001961,P-011,S-033,2026-06-22,512,137,411,5,3.74
INV-001962,P-012,S-049,2026-06-22,562,87,261,13,6.47
INV-001963,P-013,S-015,2026-06-22,462,119,357,8,3.88
INV-001964,P-014,S-026,2026-06-22,602,98,294,15,6.15
INV-001965,P-015,S-004,2026-06-22,478,93,279,5,5.14
INV-001966,P-016,S-005,2026-06-22,564,94,282,7,6.0
INV-001967,P-017,S-040,2026-06-22,450,72,216,5,6.26
INV-001968,P-018,S-008,2026-06-22,569,75,225,15,7.59
INV-001969,P-019,S-031,2026-06-22,418,112,336,9,3.74
INV-001970,P-020,S-015,2026-06-22,499,99,297,8,5.04
INV-001971,P-021,S-019,2026-06-22,499,98,294,10,5.1
INV-001972,P-022,S-024,2026-06-22,404,104,312,10,3.89
INV-001973,P-023,S-005,2026-06-22,534,75,225,7,7.12
INV-001974,P-024,S-034,2026-06-22,518,144,432,3,3.6
INV-001975,P-025,S-004,2026-06-22,391,88,264,5,4.45
INV-001976,P-026,S-036,2026-06-22,394,114,342,10,3.46
INV-001977,P-027,S-024,2026-06-22,550,120,360,10,4.58
INV-001978,P-028,S-012,2026-06-22,498,131,393,10,3.81
INV-001979,P-029,S-015,2026-06-22,410,84,252,8,4.88
INV-001980,P-030,S-016,2026-06-22,426,138,414,8,3.09
INV-001981,P-031,S-016,2026-06-22,473,73,219,8,6.48
INV-001982,P-032,S-023,2026-06-22,566,81,243,12,7.0
INV-001983,P-033,S-030,2026-06-22,572,83,249,7,6.9
INV-001984,P-034,S-031,2026-06-22,510,91,273,9,5.61
INV-001985,P-035,S-014,2026-06-22,444,68,204,8,6.54
INV-001986,P-036,S-040,2026-06-22,492,93,279,5,5.29
INV-001987,P-037,S-018,2026-06-22,404,126,378,9,3.21
INV-001988,P-038,S-026,2026-06-22,395,79,237,15,5.0
INV-001989,P-039,S-001,2026-06-22,483,101,303,9,4.79
INV-001990,P-040,S-009,2026-06-22,473,79,237,12,5.99
INV-001991,P-041,S-003,2026-06-22,481,110,330,10,4.37
INV-001992,P-042,S-039,2026-06-22,532,72,216,12,7.4
INV-001993,P-043,S-021,2026-06-22,519,92,276,12,5.65
INV-001994,P-044,S-039,2026-06-22,461,81,243,12,5.7
INV-001995,P-045,S-008,2026-06-22,546,99,297,15,5.52
INV-001996,P-046,S-014,2026-06-22,547,74,222,8,7.39
INV-001997,P-047,S-026,2026-06-22,484,80,240,15,6.05
INV-001998,P-048,S-014,2026-06-22,508,94,282,8,5.41
INV-001999,P-049,S-001,2026-06-22,501,106,318,9,4.73
INV-002000,P-050,S-049,2026-06-22,553,100,300,13,5.53
INV-002001,P-001,S-018,2026-06-23,320,143,429,9,2.24
INV-002002,P-002,S-037,2026-06-23,389,108,324,8,3.61
INV-002003,P-003,S-024,2026-06-23,292,101,303,10,2.9
INV-002004,P-004,S-037,2026-06-23,419,92,276,8,4.56
INV-002005,P-005,S-014,2026-06-23,472,82,246,8,5.76
INV-002006,P-006,S-007,2026-06-23,393,77,231,3,5.11
INV-002007,P-007,S-011,2026-06-23,410,104,312,15,3.94
INV-002008,P-008,S-003,2026-06-23,329,114,342,10,2.89
INV-002009,P-009,S-027,2026-06-23,435,93,279,3,4.68
INV-002010,P-010,S-022,2026-06-23,365,94,282,6,3.89
INV-002011,P-011,S-010,2026-06-23,349,114,342,5,3.06
INV-002012,P-012,S-039,2026-06-23,456,95,285,12,4.81
INV-002013,P-013,S-037,2026-06-23,454,101,303,8,4.5
INV-002014,P-014,S-023,2026-06-23,367,124,372,12,2.96
INV-002015,P-015,S-012,2026-06-23,434,95,285,10,4.58
INV-002016,P-016,S-026,2026-06-23,406,85,255,15,4.78
INV-002017,P-017,S-031,2026-06-23,433,100,300,9,4.33
INV-002018,P-018,S-010,2026-06-23,427,63,189,5,6.79
INV-002019,P-019,S-049,2026-06-23,426,49,147,13,8.7
INV-002020,P-020,S-046,2026-06-23,330,115,345,6,2.87
INV-002021,P-021,S-020,2026-06-23,467,95,285,10,4.92
INV-002022,P-022,S-005,2026-06-23,413,92,276,7,4.49
INV-002023,P-023,S-023,2026-06-23,335,113,339,12,2.97
INV-002024,P-024,S-010,2026-06-23,435,105,315,5,4.14
INV-002025,P-025,S-029,2026-06-23,454,73,219,10,6.22
INV-002026,P-026,S-013,2026-06-23,276,91,273,4,3.04
INV-002027,P-027,S-007,2026-06-23,463,95,285,3,4.88
INV-002028,P-028,S-045,2026-06-23,449,76,228,6,5.91
INV-002029,P-029,S-033,2026-06-23,417,107,321,5,3.9
INV-002030,P-030,S-044,2026-06-23,494,101,303,4,4.9
INV-002031,P-031,S-029,2026-06-23,446,122,366,10,3.66
INV-002032,P-032,S-042,2026-06-23,391,113,339,14,3.46
INV-002033,P-033,S-045,2026-06-23,509,88,264,6,5.78
INV-002034,P-034,S-036,2026-06-23,428,108,324,10,3.97
INV-002035,P-035,S-028,2026-06-23,363,107,321,3,3.4
INV-002036,P-036,S-027,2026-06-23,366,105,315,3,3.49
INV-002037,P-037,S-034,2026-06-23,526,75,225,3,7.02
INV-002038,P-038,S-014,2026-06-23,386,104,312,8,3.71
INV-002039,P-039,S-014,2026-06-23,419,86,258,8,4.88
INV-002040,P-040,S-022,2026-06-23,391,91,273,6,4.3
INV-002041,P-041,S-017,2026-06-23,323,112,336,14,2.88
INV-002042,P-042,S-003,2026-06-23,427,89,267,10,4.8
INV-002043,P-043,S-027,2026-06-23,427,87,261,3,4.92
INV-002044,P-044,S-012,2026-06-23,416,136,408,10,3.06
INV-002045,P-045,S-017,2026-06-23,501,104,312,14,4.82
INV-002046,P-046,S-008,2026-06-23,356,150,450,15,2.38
INV-002047,P-047,S-024,2026-06-23,465,86,258,10,5.42
INV-002048,P-048,S-006,2026-06-23,294,121,363,12,2.43
INV-002049,P-049,S-028,2026-06-23,350,104,312,3,3.37
INV-002050,P-050,S-032,2026-06-23,365,104,312,13,3.51
INV-002051,P-001,S-024,2026-06-24,528,88,264,10,6.0
INV-002052,P-002,S-046,2026-06-24,475,83,249,6,5.73
INV-002053,P-003,S-009,2026-06-24,464,98,294,12,4.74
INV-002054,P-004,S-049,2026-06-24,598,108,324,13,5.54
INV-002055,P-005,S-031,2026-06-24,504,95,285,9,5.31
INV-002056,P-006,S-020,2026-06-24,441,102,306,10,4.33
INV-002057,P-007,S-040,2026-06-24,424,110,330,5,3.85
INV-002058,P-008,S-040,2026-06-24,390,86,258,5,4.54
INV-002059,P-009,S-012,2026-06-24,393,78,234,10,5.04
INV-002060,P-010,S-032,2026-06-24,410,100,300,13,4.1
INV-002061,P-011,S-029,2026-06-24,584,83,249,10,7.04
INV-002062,P-012,S-018,2026-06-24,468,106,318,9,4.42
INV-002063,P-013,S-038,2026-06-24,468,58,174,15,8.07
INV-002064,P-014,S-011,2026-06-24,482,101,303,15,4.78
INV-002065,P-015,S-040,2026-06-24,500,120,360,5,4.17
INV-002066,P-016,S-016,2026-06-24,435,69,207,8,6.31
INV-002067,P-017,S-035,2026-06-24,408,107,321,11,3.82
INV-002068,P-018,S-005,2026-06-24,405,118,354,7,3.43
INV-002069,P-019,S-045,2026-06-24,425,115,345,6,3.7
INV-002070,P-020,S-033,2026-06-24,356,89,267,5,4.01
INV-002071,P-021,S-025,2026-06-24,455,77,231,7,5.92
INV-002072,P-022,S-035,2026-06-24,449,91,273,11,4.94
INV-002073,P-023,S-006,2026-06-24,380,101,303,12,3.77
INV-002074,P-024,S-012,2026-06-24,407,109,327,10,3.74
INV-002075,P-025,S-045,2026-06-24,373,113,339,6,3.3
INV-002076,P-026,S-010,2026-06-24,475,120,360,5,3.96
INV-002077,P-027,S-045,2026-06-24,445,115,345,6,3.87
INV-002078,P-028,S-024,2026-06-24,449,107,321,10,4.2
INV-002079,P-029,S-041,2026-06-24,390,100,300,6,3.9
INV-002080,P-030,S-002,2026-06-24,546,78,234,13,7.0
INV-002081,P-031,S-033,2026-06-24,441,71,213,5,6.22
INV-002082,P-032,S-047,2026-06-24,443,95,285,12,4.66
INV-002083,P-033,S-036,2026-06-24,432,67,201,10,6.46
INV-002084,P-034,S-033,2026-06-24,561,75,225,5,7.48
INV-002085,P-035,S-040,2026-06-24,435,89,267,5,4.89
INV-002086,P-036,S-039,2026-06-24,364,120,360,12,3.03
INV-002087,P-037,S-049,2026-06-24,436,102,306,13,4.28
INV-002088,P-038,S-031,2026-06-24,502,101,303,9,4.97
INV-002089,P-039,S-012,2026-06-24,420,93,279,10,4.52
INV-002090,P-040,S-040,2026-06-24,416,109,327,5,3.82
INV-002091,P-041,S-026,2026-06-24,429,93,279,15,4.62
INV-002092,P-042,S-038,2026-06-24,501,94,282,15,5.34
INV-002093,P-043,S-045,2026-06-24,535,38,114,6,14.08
INV-002094,P-044,S-007,2026-06-24,406,70,210,3,5.8
INV-002095,P-045,S-033,2026-06-24,489,77,231,5,6.36
INV-002096,P-046,S-019,2026-06-24,524,99,297,10,5.3
INV-002097,P-047,S-030,2026-06-24,451,79,237,7,5.72
INV-002098,P-048,S-037,2026-06-24,400,94,282,8,4.26
INV-002099,P-049,S-011,2026-06-24,378,74,222,15,5.12
INV-002100,P-050,S-029,2026-06-24,449,80,240,10,5.61
INV-002101,P-001,S-050,2026-06-25,385,94,282,14,4.1
INV-002102,P-002,S-005,2026-06-25,456,113,339,7,4.04
INV-002103,P-003,S-021,2026-06-25,461,56,168,12,8.24
INV-002104,P-004,S-021,2026-06-25,433,102,306,12,4.25
INV-002105,P-005,S-019,2026-06-25,417,79,237,10,5.29
INV-002106,P-006,S-029,2026-06-25,415,95,285,10,4.38
INV-002107,P-007,S-048,2026-06-25,410,110,330,13,3.73
INV-002108,P-008,S-022,2026-06-25,494,124,372,6,3.98
INV-002109,P-009,S-044,2026-06-25,368,95,285,4,3.88
INV-002110,P-010,S-006,2026-06-25,419,84,252,12,4.99
INV-002111,P-011,S-036,2026-06-25,410,91,273,10,4.51
INV-002112,P-012,S-040,2026-06-25,453,110,330,5,4.12
INV-002113,P-013,S-022,2026-06-25,363,129,387,6,2.82
INV-002114,P-014,S-033,2026-06-25,405,100,300,5,4.06
INV-002115,P-015,S-008,2026-06-25,467,96,288,15,4.86
INV-002116,P-016,S-002,2026-06-25,490,116,348,13,4.23
INV-002117,P-017,S-016,2026-06-25,440,104,312,8,4.23
INV-002118,P-018,S-045,2026-06-25,312,129,387,6,2.42
INV-002119,P-019,S-017,2026-06-25,377,96,288,14,3.93
INV-002120,P-020,S-032,2026-06-25,393,89,267,13,4.43
INV-002121,P-021,S-047,2026-06-25,374,73,219,12,5.13
INV-002122,P-022,S-019,2026-06-25,481,113,339,10,4.26
INV-002123,P-023,S-007,2026-06-25,428,64,192,3,6.69
INV-002124,P-024,S-029,2026-06-25,524,95,285,10,5.52
INV-002125,P-025,S-003,2026-06-25,438,81,243,10,5.42
INV-002126,P-026,S-033,2026-06-25,461,87,261,5,5.31
INV-002127,P-027,S-018,2026-06-25,348,113,339,9,3.08
INV-002128,P-028,S-028,2026-06-25,327,81,243,3,4.05
INV-002129,P-029,S-030,2026-06-25,345,105,315,7,3.29
INV-002130,P-030,S-006,2026-06-25,424,122,366,12,3.48
INV-002131,P-031,S-016,2026-06-25,408,143,429,8,2.86
INV-002132,P-032,S-049,2026-06-25,388,93,279,13,4.18
INV-002133,P-033,S-035,2026-06-25,411,125,375,11,3.29
INV-002134,P-034,S-027,2026-06-25,440,50,150,3,8.81
INV-002135,P-035,S-008,2026-06-25,387,102,306,15,3.8
INV-002136,P-036,S-044,2026-06-25,341,127,381,4,2.69
INV-002137,P-037,S-001,2026-06-25,461,119,357,9,3.88
INV-002138,P-038,S-047,2026-06-25,236,94,282,12,2.52
INV-002139,P-039,S-008,2026-06-25,417,73,219,15,5.72
INV-002140,P-040,S-003,2026-06-25,508,89,267,10,5.72
INV-002141,P-041,S-034,2026-06-25,406,83,249,3,4.89
INV-002142,P-042,S-004,2026-06-25,387,107,321,5,3.62
INV-002143,P-043,S-009,2026-06-25,465,125,375,12,3.72
INV-002144,P-044,S-042,2026-06-25,458,77,231,14,5.95
INV-002145,P-045,S-024,2026-06-25,410,124,372,10,3.31
INV-002146,P-046,S-004,2026-06-25,419,92,276,5,4.56
INV-002147,P-047,S-025,2026-06-25,387,72,216,7,5.38
INV-002148,P-048,S-001,2026-06-25,477,49,147,9,9.74
INV-002149,P-049,S-025,2026-06-25,482,83,249,7,5.81
INV-002150,P-050,S-036,2026-06-25,429,51,153,10,8.42
INV-002151,P-001,S-005,2026-06-26,512,95,285,7,5.39
INV-002152,P-002,S-031,2026-06-26,383,108,324,9,3.55
INV-002153,P-003,S-044,2026-06-26,474,106,318,4,4.48
INV-002154,P-004,S-045,2026-06-26,450,70,210,6,6.43
INV-002155,P-005,S-046,2026-06-26,450,84,252,6,5.37
INV-002156,P-006,S-009,2026-06-26,408,109,327,12,3.75
INV-002157,P-007,S-047,2026-06-26,548,104,312,12,5.28
INV-002158,P-008,S-004,2026-06-26,438,78,234,5,5.62
INV-002159,P-009,S-010,2026-06-26,507,101,303,5,5.03
INV-002160,P-010,S-025,2026-06-26,425,102,306,7,4.17
INV-002161,P-011,S-020,2026-06-26,414,114,342,10,3.64
INV-002162,P-012,S-005,2026-06-26,507,89,267,7,5.7
INV-002163,P-013,S-001,2026-06-26,480,106,318,9,4.54
INV-002164,P-014,S-032,2026-06-26,386,100,300,13,3.86
INV-002165,P-015,S-007,2026-06-26,476,132,396,3,3.61
INV-002166,P-016,S-006,2026-06-26,482,88,264,12,5.48
INV-002167,P-017,S-015,2026-06-26,517,122,366,8,4.24
INV-002168,P-018,S-041,2026-06-26,369,105,315,6,3.52
INV-002169,P-019,S-039,2026-06-26,441,79,237,12,5.59
INV-002170,P-020,S-010,2026-06-26,434,103,309,5,4.22
INV-002171,P-021,S-041,2026-06-26,474,114,342,6,4.16
INV-002172,P-022,S-018,2026-06-26,510,79,237,9,6.46
INV-002173,P-023,S-030,2026-06-26,492,81,243,7,6.08
INV-002174,P-024,S-034,2026-06-26,495,141,423,3,3.51
INV-002175,P-025,S-014,2026-06-26,446,96,288,8,4.66
INV-002176,P-026,S-001,2026-06-26,400,141,423,9,2.84
INV-002177,P-027,S-043,2026-06-26,562,83,249,9,6.77
INV-002178,P-028,S-031,2026-06-26,466,109,327,9,4.28
INV-002179,P-029,S-001,2026-06-26,365,99,297,9,3.69
INV-002180,P-030,S-023,2026-06-26,372,116,348,12,3.21
INV-002181,P-031,S-038,2026-06-26,535,88,264,15,6.08
INV-002182,P-032,S-036,2026-06-26,426,104,312,10,4.1
INV-002183,P-033,S-029,2026-06-26,565,91,273,10,6.22
INV-002184,P-034,S-024,2026-06-26,487,118,354,10,4.13
INV-002185,P-035,S-019,2026-06-26,513,108,324,10,4.75
INV-002186,P-036,S-024,2026-06-26,436,77,231,10,5.67
INV-002187,P-037,S-026,2026-06-26,425,117,351,15,3.64
INV-002188,P-038,S-022,2026-06-26,392,130,390,6,3.02
INV-002189,P-039,S-036,2026-06-26,497,119,357,10,4.18
INV-002190,P-040,S-050,2026-06-26,381,84,252,14,4.54
INV-002191,P-041,S-027,2026-06-26,397,115,345,3,3.46
INV-002192,P-042,S-031,2026-06-26,518,97,291,9,5.35
INV-002193,P-043,S-011,2026-06-26,455,120,360,15,3.8
INV-002194,P-044,S-003,2026-06-26,445,89,267,10,5.01
INV-002195,P-045,S-037,2026-06-26,499,84,252,8,5.95
INV-002196,P-046,S-032,2026-06-26,493,106,318,13,4.66
INV-002197,P-047,S-013,2026-06-26,343,104,312,4,3.31
INV-002198,P-048,S-046,2026-06-26,442,127,381,6,3.49
INV-002199,P-049,S-021,2026-06-26,460,70,210,12,6.57
INV-002200,P-050,S-028,2026-06-26,432,117,351,3,3.7
INV-002201,P-001,S-016,2026-06-27,369,86,258,8,4.29
INV-002202,P-002,S-018,2026-06-27,434,135,405,9,3.22
INV-002203,P-003,S-034,2026-06-27,482,78,234,3,6.18
INV-002204,P-004,S-042,2026-06-27,497,102,306,14,4.87
INV-002205,P-005,S-032,2026-06-27,536,92,276,13,5.83
INV-002206,P-006,S-006,2026-06-27,421,92,276,12,4.58
INV-002207,P-007,S-042,2026-06-27,358,129,387,14,2.78
INV-002208,P-008,S-027,2026-06-27,444,58,174,3,7.67
INV-002209,P-009,S-032,2026-06-27,439,123,369,13,3.57
INV-002210,P-010,S-035,2026-06-27,453,87,261,11,5.22
INV-002211,P-011,S-035,2026-06-27,432,121,363,11,3.57
INV-002212,P-012,S-036,2026-06-27,529,105,315,10,5.04
INV-002213,P-013,S-033,2026-06-27,477,128,384,5,3.73
INV-002214,P-014,S-016,2026-06-27,537,92,276,8,5.84
INV-002215,P-015,S-036,2026-06-27,440,111,333,10,3.97
INV-002216,P-016,S-027,2026-06-27,467,103,309,3,4.54
INV-002217,P-017,S-036,2026-06-27,411,127,381,10,3.24
INV-002218,P-018,S-007,2026-06-27,525,97,291,3,5.41
INV-002219,P-019,S-013,2026-06-27,363,118,354,4,3.08
INV-002220,P-020,S-017,2026-06-27,498,104,312,14,4.79
INV-002221,P-021,S-007,2026-06-27,477,119,357,3,4.01
INV-002222,P-022,S-020,2026-06-27,425,141,423,10,3.02
INV-002223,P-023,S-037,2026-06-27,436,88,264,8,4.96
INV-002224,P-024,S-046,2026-06-27,484,73,219,6,6.63
INV-002225,P-025,S-039,2026-06-27,358,101,303,12,3.55
INV-002226,P-026,S-035,2026-06-27,407,99,297,11,4.11
INV-002227,P-027,S-025,2026-06-27,441,88,264,7,5.02
INV-002228,P-028,S-035,2026-06-27,378,144,432,11,2.63
INV-002229,P-029,S-046,2026-06-27,463,96,288,6,4.83
INV-002230,P-030,S-035,2026-06-27,461,81,243,11,5.69
INV-002231,P-031,S-019,2026-06-27,386,94,282,10,4.11
INV-002232,P-032,S-036,2026-06-27,492,92,276,10,5.35
INV-002233,P-033,S-002,2026-06-27,444,90,270,13,4.94
INV-002234,P-034,S-020,2026-06-27,578,104,312,10,5.56
INV-002235,P-035,S-026,2026-06-27,436,78,234,15,5.59
INV-002236,P-036,S-004,2026-06-27,499,95,285,5,5.26
INV-002237,P-037,S-019,2026-06-27,402,87,261,10,4.63
INV-002238,P-038,S-013,2026-06-27,438,102,306,4,4.3
INV-002239,P-039,S-002,2026-06-27,382,86,258,13,4.45
INV-002240,P-040,S-023,2026-06-27,509,102,306,12,4.99
INV-002241,P-041,S-028,2026-06-27,494,101,303,3,4.9
INV-002242,P-042,S-046,2026-06-27,575,99,297,6,5.81
INV-002243,P-043,S-040,2026-06-27,380,88,264,5,4.32
INV-002244,P-044,S-039,2026-06-27,433,71,213,12,6.1
INV-002245,P-045,S-023,2026-06-27,432,148,444,12,2.92
INV-002246,P-046,S-037,2026-06-27,387,71,213,8,5.45
INV-002247,P-047,S-007,2026-06-27,566,107,321,3,5.29
INV-002248,P-048,S-012,2026-06-27,460,83,249,10,5.55
INV-002249,P-049,S-002,2026-06-27,426,136,408,13,3.13
INV-002250,P-050,S-022,2026-06-27,339,88,264,6,3.86
INV-002251,P-001,S-039,2026-06-28,520,107,321,12,4.87
INV-002252,P-002,S-016,2026-06-28,390,115,345,8,3.39
INV-002253,P-003,S-004,2026-06-28,384,111,333,5,3.47
INV-002254,P-004,S-028,2026-06-28,452,101,303,3,4.48
INV-002255,P-005,S-006,2026-06-28,403,132,396,12,3.06
INV-002256,P-006,S-020,2026-06-28,494,115,345,10,4.3
INV-002257,P-007,S-048,2026-06-28,477,67,201,13,7.12
INV-002258,P-008,S-016,2026-06-28,495,56,168,8,8.85
INV-002259,P-009,S-045,2026-06-28,428,113,339,6,3.79
INV-002260,P-010,S-037,2026-06-28,499,122,366,8,4.09
INV-002261,P-011,S-036,2026-06-28,475,120,360,10,3.96
INV-002262,P-012,S-040,2026-06-28,477,77,231,5,6.2
INV-002263,P-013,S-003,2026-06-28,459,137,411,10,3.35
INV-002264,P-014,S-025,2026-06-28,520,98,294,7,5.31
INV-002265,P-015,S-026,2026-06-28,443,120,360,15,3.69
INV-002266,P-016,S-002,2026-06-28,504,72,216,13,7.0
INV-002267,P-017,S-040,2026-06-28,458,85,255,5,5.4
INV-002268,P-018,S-047,2026-06-28,542,84,252,12,6.46
INV-002269,P-019,S-019,2026-06-28,486,67,201,10,7.26
INV-002270,P-020,S-001,2026-06-28,408,101,303,9,4.04
INV-002271,P-021,S-028,2026-06-28,424,103,309,3,4.12
INV-002272,P-022,S-030,2026-06-28,455,91,273,7,5.0
INV-002273,P-023,S-034,2026-06-28,447,114,342,3,3.93
INV-002274,P-024,S-045,2026-06-28,477,116,348,6,4.12
INV-002275,P-025,S-022,2026-06-28,539,60,180,6,8.99
INV-002276,P-026,S-039,2026-06-28,442,110,330,12,4.02
INV-002277,P-027,S-032,2026-06-28,393,87,261,13,4.52
INV-002278,P-028,S-004,2026-06-28,475,102,306,5,4.67
INV-002279,P-029,S-048,2026-06-28,344,147,441,13,2.35
INV-002280,P-030,S-045,2026-06-28,502,86,258,6,5.84
INV-002281,P-031,S-018,2026-06-28,410,112,336,9,3.66
INV-002282,P-032,S-034,2026-06-28,405,88,264,3,4.61
INV-002283,P-033,S-026,2026-06-28,389,136,408,15,2.86
INV-002284,P-034,S-025,2026-06-28,420,49,147,7,8.58
INV-002285,P-035,S-030,2026-06-28,363,139,417,7,2.61
INV-002286,P-036,S-031,2026-06-28,402,67,201,9,6.0
INV-002287,P-037,S-031,2026-06-28,438,109,327,9,4.03
INV-002288,P-038,S-049,2026-06-28,437,105,315,13,4.16
INV-002289,P-039,S-043,2026-06-28,532,62,186,9,8.58
INV-002290,P-040,S-045,2026-06-28,435,74,222,6,5.88
INV-002291,P-041,S-024,2026-06-28,494,76,228,10,6.51
INV-002292,P-042,S-038,2026-06-28,412,99,297,15,4.17
INV-002293,P-043,S-011,2026-06-28,366,104,312,15,3.53
INV-002294,P-044,S-033,2026-06-28,394,103,309,5,3.83
INV-002295,P-045,S-030,2026-06-28,503,80,240,7,6.29
INV-002296,P-046,S-026,2026-06-28,452,98,294,15,4.61
INV-002297,P-047,S-038,2026-06-28,359,134,402,15,2.68
INV-002298,P-048,S-001,2026-06-28,390,115,345,9,3.39
INV-002299,P-049,S-019,2026-06-28,452,70,210,10,6.46
INV-002300,P-050,S-028,2026-06-28,431,108,324,3,3.99
INV-002301,P-001,S-019,2026-06-29,299,136,408,10,2.2
INV-002302,P-002,S-034,2026-06-29,482,99,297,3,4.87
INV-002303,P-003,S-026,2026-06-29,459,111,333,15,4.14
INV-002304,P-004,S-025,2026-06-29,441,57,171,7,7.74
INV-002305,P-005,S-044,2026-06-29,457,60,180,4,7.62
INV-002306,P-006,S-013,2026-06-29,527,114,342,4,4.62
INV-002307,P-007,S-043,2026-06-29,480,121,363,9,3.97
INV-002308,P-008,S-045,2026-06-29,464,110,330,6,4.22
INV-002309,P-009,S-016,2026-06-29,358,62,186,8,5.79
INV-002310,P-010,S-005,2026-06-29,418,137,411,7,3.06
INV-002311,P-011,S-033,2026-06-29,471,120,360,5,3.93
INV-002312,P-012,S-019,2026-06-29,495,83,249,10,5.96
INV-002313,P-013,S-029,2026-06-29,400,104,312,10,3.85
INV-002314,P-014,S-026,2026-06-29,416,90,270,15,4.63
INV-002315,P-015,S-011,2026-06-29,423,104,312,15,4.07
INV-002316,P-016,S-033,2026-06-29,446,82,246,5,5.45
INV-002317,P-017,S-024,2026-06-29,434,122,366,10,3.56
INV-002318,P-018,S-008,2026-06-29,443,97,291,15,4.57
INV-002319,P-019,S-002,2026-06-29,411,85,255,13,4.85
INV-002320,P-020,S-010,2026-06-29,423,77,231,5,5.5
INV-002321,P-021,S-040,2026-06-29,451,108,324,5,4.18
INV-002322,P-022,S-034,2026-06-29,359,146,438,3,2.46
INV-002323,P-023,S-027,2026-06-29,387,111,333,3,3.49
INV-002324,P-024,S-026,2026-06-29,367,118,354,15,3.12
INV-002325,P-025,S-009,2026-06-29,428,99,297,12,4.33
INV-002326,P-026,S-021,2026-06-29,442,130,390,12,3.4
INV-002327,P-027,S-045,2026-06-29,426,127,381,6,3.35
INV-002328,P-028,S-017,2026-06-29,470,96,288,14,4.9
INV-002329,P-029,S-032,2026-06-29,384,103,309,13,3.74
INV-002330,P-030,S-040,2026-06-29,512,88,264,5,5.82
INV-002331,P-031,S-005,2026-06-29,482,102,306,7,4.73
INV-002332,P-032,S-038,2026-06-29,403,98,294,15,4.12
INV-002333,P-033,S-026,2026-06-29,462,99,297,15,4.67
INV-002334,P-034,S-040,2026-06-29,473,79,237,5,5.99
INV-002335,P-035,S-022,2026-06-29,424,84,252,6,5.05
INV-002336,P-036,S-021,2026-06-29,363,125,375,12,2.91
INV-002337,P-037,S-040,2026-06-29,525,87,261,5,6.04
INV-002338,P-038,S-028,2026-06-29,432,109,327,3,3.96
INV-002339,P-039,S-002,2026-06-29,425,116,348,13,3.67
INV-002340,P-040,S-014,2026-06-29,379,94,282,8,4.04
INV-002341,P-041,S-013,2026-06-29,393,110,330,4,3.58
INV-002342,P-042,S-038,2026-06-29,272,106,318,15,2.58
INV-002343,P-043,S-017,2026-06-29,496,93,279,14,5.34
INV-002344,P-044,S-028,2026-06-29,406,131,393,3,3.1
INV-002345,P-045,S-036,2026-06-29,531,84,252,10,6.33
INV-002346,P-046,S-040,2026-06-29,352,98,294,5,3.6
INV-002347,P-047,S-014,2026-06-29,477,84,252,8,5.68
INV-002348,P-048,S-012,2026-06-29,511,90,270,10,5.69
INV-002349,P-049,S-030,2026-06-29,491,104,312,7,4.72
INV-002350,P-050,S-049,2026-06-29,480,92,276,13,5.22
INV-002351,P-001,S-031,2026-06-30,429,95,285,9,4.52
INV-002352,P-002,S-011,2026-06-30,515,73,219,15,7.06
INV-002353,P-003,S-004,2026-06-30,445,137,411,5,3.25
INV-002354,P-004,S-005,2026-06-30,349,111,333,7,3.15
INV-002355,P-005,S-013,2026-06-30,404,99,297,4,4.09
INV-002356,P-006,S-001,2026-06-30,500,85,255,9,5.89
INV-002357,P-007,S-020,2026-06-30,362,126,378,10,2.88
INV-002358,P-008,S-008,2026-06-30,284,125,375,15,2.28
INV-002359,P-009,S-037,2026-06-30,416,141,423,8,2.95
INV-002360,P-010,S-042,2026-06-30,451,129,387,14,3.5
INV-002361,P-011,S-027,2026-06-30,431,57,171,3,7.57
INV-002362,P-012,S-041,2026-06-30,436,112,336,6,3.9
INV-002363,P-013,S-025,2026-06-30,510,74,222,7,6.89
INV-002364,P-014,S-005,2026-06-30,436,119,357,7,3.67
INV-002365,P-015,S-050,2026-06-30,540,88,264,14,6.14
INV-002366,P-016,S-040,2026-06-30,506,84,252,5,6.03
INV-002367,P-017,S-003,2026-06-30,500,116,348,10,4.31
INV-002368,P-018,S-013,2026-06-30,378,100,300,4,3.78
INV-002369,P-019,S-049,2026-06-30,466,67,201,13,6.96
INV-002370,P-020,S-031,2026-06-30,502,76,228,9,6.62
INV-002371,P-021,S-044,2026-06-30,491,85,255,4,5.78
INV-002372,P-022,S-039,2026-06-30,383,99,297,12,3.87
INV-002373,P-023,S-047,2026-06-30,449,115,345,12,3.91
INV-002374,P-024,S-009,2026-06-30,484,89,267,12,5.45
INV-002375,P-025,S-035,2026-06-30,340,137,411,11,2.48
INV-002376,P-026,S-028,2026-06-30,360,99,297,3,3.64
INV-002377,P-027,S-016,2026-06-30,435,113,339,8,3.86
INV-002378,P-028,S-003,2026-06-30,368,127,381,10,2.9
INV-002379,P-029,S-042,2026-06-30,399,102,306,14,3.92
INV-002380,P-030,S-036,2026-06-30,446,87,261,10,5.13
INV-002381,P-031,S-032,2026-06-30,343,127,381,13,2.7
INV-002382,P-032,S-020,2026-06-30,432,91,273,10,4.75
INV-002383,P-033,S-029,2026-06-30,459,109,327,10,4.21
INV-002384,P-034,S-038,2026-06-30,524,64,192,15,8.19
INV-002385,P-035,S-035,2026-06-30,464,103,309,11,4.51
INV-002386,P-036,S-027,2026-06-30,482,87,261,3,5.54
INV-002387,P-037,S-037,2026-06-30,436,124,372,8,3.52
INV-002388,P-038,S-039,2026-06-30,488,73,219,12,6.7
INV-002389,P-039,S-035,2026-06-30,377,89,267,11,4.25
INV-002390,P-040,S-023,2026-06-30,436,85,255,12,5.13
INV-002391,P-041,S-036,2026-06-30,324,134,402,10,2.42
INV-002392,P-042,S-041,2026-06-30,528,83,249,6,6.37
INV-002393,P-043,S-048,2026-06-30,460,86,258,13,5.36
INV-002394,P-044,S-013,2026-06-30,377,115,345,4,3.28
INV-002395,P-045,S-031,2026-06-30,470,97,291,9,4.85
INV-002396,P-046,S-015,2026-06-30,432,97,291,8,4.46
INV-002397,P-047,S-044,2026-06-30,481,109,327,4,4.42
INV-002398,P-048,S-036,2026-06-30,439,113,339,10,3.89
INV-002399,P-049,S-024,2026-06-30,437,72,216,10,6.07
INV-002400,P-050,S-029,2026-06-30,456,124,372,10,3.68
INV-002401,P-001,S-027,2026-07-01,418,81,243,3,5.17
INV-002402,P-002,S-043,2026-07-01,420,113,339,9,3.72
INV-002403,P-003,S-028,2026-07-01,559,92,276,3,6.08
INV-002404,P-004,S-045,2026-07-01,511,66,198,6,7.75
INV-002405,P-005,S-002,2026-07-01,368,105,315,13,3.51
INV-002406,P-006,S-004,2026-07-01,525,110,330,5,4.78
INV-002407,P-007,S-038,2026-07-01,424,88,264,15,4.82
INV-002408,P-008,S-048,2026-07-01,477,118,354,13,4.05
INV-002409,P-009,S-006,2026-07-01,493,97,291,12,5.09
INV-002410,P-010,S-026,2026-07-01,497,84,252,15,5.93
INV-002411,P-011,S-036,2026-07-01,498,110,330,10,4.53
INV-002412,P-012,S-004,2026-07-01,464,106,318,5,4.38
INV-002413,P-013,S-003,2026-07-01,373,124,372,10,3.01
INV-002414,P-014,S-040,2026-07-01,458,126,378,5,3.64
INV-002415,P-015,S-002,2026-07-01,440,67,201,13,6.57
INV-002416,P-016,S-045,2026-07-01,549,82,246,6,6.7
INV-002417,P-017,S-048,2026-07-01,486,105,315,13,4.64
INV-002418,P-018,S-039,2026-07-01,509,80,240,12,6.37
INV-002419,P-019,S-040,2026-07-01,492,45,135,5,10.95
INV-002420,P-020,S-006,2026-07-01,420,90,270,12,4.67
INV-002421,P-021,S-005,2026-07-01,431,103,309,7,4.19
INV-002422,P-022,S-050,2026-07-01,350,126,378,14,2.78
INV-002423,P-023,S-002,2026-07-01,467,127,381,13,3.68
INV-002424,P-024,S-033,2026-07-01,414,110,330,5,3.77
INV-002425,P-025,S-001,2026-07-01,409,84,252,9,4.88
INV-002426,P-026,S-019,2026-07-01,454,125,375,10,3.63
INV-002427,P-027,S-046,2026-07-01,562,105,315,6,5.36
INV-002428,P-028,S-035,2026-07-01,515,127,381,11,4.06
INV-002429,P-029,S-037,2026-07-01,422,122,366,8,3.46
INV-002430,P-030,S-034,2026-07-01,449,119,357,3,3.78
INV-002431,P-031,S-045,2026-07-01,438,108,324,6,4.06
INV-002432,P-032,S-012,2026-07-01,480,111,333,10,4.33
INV-002433,P-033,S-039,2026-07-01,463,76,228,12,6.1
INV-002434,P-034,S-048,2026-07-01,347,79,237,13,4.4
INV-002435,P-035,S-026,2026-07-01,432,101,303,15,4.28
INV-002436,P-036,S-015,2026-07-01,381,107,321,8,3.57
INV-002437,P-037,S-009,2026-07-01,453,77,231,12,5.89
INV-002438,P-038,S-025,2026-07-01,425,116,348,7,3.67
INV-002439,P-039,S-045,2026-07-01,459,72,216,6,6.38
INV-002440,P-040,S-021,2026-07-01,455,103,309,12,4.42
INV-002441,P-041,S-016,2026-07-01,469,61,183,8,7.7
INV-002442,P-042,S-019,2026-07-01,436,86,258,10,5.07
INV-002443,P-043,S-045,2026-07-01,489,82,246,6,5.97
INV-002444,P-044,S-038,2026-07-01,390,83,249,15,4.7
INV-002445,P-045,S-034,2026-07-01,463,104,312,3,4.45
INV-002446,P-046,S-027,2026-07-01,476,118,354,3,4.04
INV-002447,P-047,S-013,2026-07-01,460,80,240,4,5.75
INV-002448,P-048,S-005,2026-07-01,420,107,321,7,3.93
INV-002449,P-049,S-003,2026-07-01,451,84,252,10,5.38
INV-002450,P-050,S-022,2026-07-01,451,85,255,6,5.31
INV-002451,P-001,S-021,2026-07-02,448,151,453,12,2.97
INV-002452,P-002,S-019,2026-07-02,437,102,306,10,4.28
INV-002453,P-003,S-023,2026-07-02,425,99,297,12,4.3
INV-002454,P-004,S-010,2026-07-02,481,56,168,5,8.59
INV-002455,P-005,S-028,2026-07-02,416,120,360,3,3.47
INV-002456,P-006,S-046,2026-07-02,403,58,174,6,6.95
INV-002457,P-007,S-038,2026-07-02,427,102,306,15,4.19
INV-002458,P-008,S-040,2026-07-02,413,69,207,5,5.99
INV-002459,P-009,S-039,2026-07-02,412,142,426,12,2.9
INV-002460,P-010,S-042,2026-07-02,458,68,204,14,6.74
INV-002461,P-011,S-016,2026-07-02,336,103,309,8,3.27
INV-002462,P-012,S-005,2026-07-02,455,76,228,7,5.99
INV-002463,P-013,S-018,2026-07-02,424,80,240,9,5.3
INV-002464,P-014,S-042,2026-07-02,573,101,303,14,5.68
INV-002465,P-015,S-050,2026-07-02,540,106,318,14,5.09
INV-002466,P-016,S-039,2026-07-02,459,104,312,12,4.41
INV-002467,P-017,S-039,2026-07-02,456,99,297,12,4.61
INV-002468,P-018,S-039,2026-07-02,445,104,312,12,4.28
INV-002469,P-019,S-029,2026-07-02,580,87,261,10,6.67
INV-002470,P-020,S-023,2026-07-02,446,114,342,12,3.91
INV-002471,P-021,S-022,2026-07-02,426,99,297,6,4.31
INV-002472,P-022,S-019,2026-07-02,445,124,372,10,3.59
INV-002473,P-023,S-003,2026-07-02,466,102,306,10,4.57
INV-002474,P-024,S-028,2026-07-02,481,86,258,3,5.59
INV-002475,P-025,S-003,2026-07-02,552,97,291,10,5.7
INV-002476,P-026,S-022,2026-07-02,459,119,357,6,3.86
INV-002477,P-027,S-048,2026-07-02,371,85,255,13,4.37
INV-002478,P-028,S-048,2026-07-02,469,71,213,13,6.61
INV-002479,P-029,S-019,2026-07-02,469,124,372,10,3.78
INV-002480,P-030,S-033,2026-07-02,482,75,225,5,6.43
INV-002481,P-031,S-044,2026-07-02,397,103,309,4,3.86
INV-002482,P-032,S-025,2026-07-02,407,111,333,7,3.67
INV-002483,P-033,S-003,2026-07-02,472,127,381,10,3.72
INV-002484,P-034,S-029,2026-07-02,403,75,225,10,5.38
INV-002485,P-035,S-050,2026-07-02,428,108,324,14,3.96
INV-002486,P-036,S-010,2026-07-02,476,110,330,5,4.33
INV-002487,P-037,S-043,2026-07-02,408,126,378,9,3.24
INV-002488,P-038,S-040,2026-07-02,473,107,321,5,4.43
INV-002489,P-039,S-002,2026-07-02,424,107,321,13,3.97
INV-002490,P-040,S-027,2026-07-02,445,118,354,3,3.77
INV-002491,P-041,S-036,2026-07-02,423,121,363,10,3.5
INV-002492,P-042,S-011,2026-07-02,466,94,282,15,4.96
INV-002493,P-043,S-001,2026-07-02,334,118,354,9,2.83
INV-002494,P-044,S-040,2026-07-02,438,101,303,5,4.34
INV-002495,P-045,S-003,2026-07-02,430,123,369,10,3.5
INV-002496,P-046,S-002,2026-07-02,463,122,366,13,3.8
INV-002497,P-047,S-019,2026-07-02,440,107,321,10,4.12
INV-002498,P-048,S-011,2026-07-02,434,112,336,15,3.88
INV-002499,P-049,S-045,2026-07-02,397,93,279,6,4.27
INV-002500,P-050,S-010,2026-07-02,476,111,333,5,4.29
INV-002501,P-001,S-026,2026-07-03,498,106,318,15,4.7
INV-002502,P-002,S-035,2026-07-03,479,104,312,11,4.61
INV-002503,P-003,S-014,2026-07-03,512,104,312,8,4.92
INV-002504,P-004,S-021,2026-07-03,441,92,276,12,4.8
INV-002505,P-005,S-046,2026-07-03,405,94,282,6,4.32
INV-002506,P-006,S-034,2026-07-03,427,102,306,3,4.19
INV-002507,P-007,S-020,2026-07-03,450,118,354,10,3.82
INV-002508,P-008,S-046,2026-07-03,399,118,354,6,3.39
INV-002509,P-009,S-025,2026-07-03,468,101,303,7,4.63
INV-002510,P-010,S-005,2026-07-03,440,95,285,7,4.64
INV-002511,P-011,S-018,2026-07-03,480,94,282,9,5.11
INV-002512,P-012,S-027,2026-07-03,496,79,237,3,6.28
INV-002513,P-013,S-029,2026-07-03,410,88,264,10,4.66
INV-002514,P-014,S-038,2026-07-03,411,59,177,15,6.98
INV-002515,P-015,S-038,2026-07-03,546,102,306,15,5.36
INV-002516,P-016,S-026,2026-07-03,416,123,369,15,3.39
INV-002517,P-017,S-019,2026-07-03,446,87,261,10,5.13
INV-002518,P-018,S-009,2026-07-03,434,128,384,12,3.39
INV-002519,P-019,S-025,2026-07-03,505,93,279,7,5.43
INV-002520,P-020,S-026,2026-07-03,397,69,207,15,5.76
INV-002521,P-021,S-025,2026-07-03,494,103,309,7,4.8
INV-002522,P-022,S-028,2026-07-03,533,66,198,3,8.08
INV-002523,P-023,S-025,2026-07-03,463,72,216,7,6.43
INV-002524,P-024,S-042,2026-07-03,403,81,243,14,4.98
INV-002525,P-025,S-038,2026-07-03,486,90,270,15,5.4
INV-002526,P-026,S-028,2026-07-03,415,104,312,3,3.99
INV-002527,P-027,S-035,2026-07-03,501,102,306,11,4.92
INV-002528,P-028,S-032,2026-07-03,536,66,198,13,8.12
INV-002529,P-029,S-008,2026-07-03,454,69,207,15,6.58
INV-002530,P-030,S-048,2026-07-03,449,77,231,13,5.83
INV-002531,P-031,S-002,2026-07-03,573,85,255,13,6.74
INV-002532,P-032,S-005,2026-07-03,481,84,252,7,5.73
INV-002533,P-033,S-010,2026-07-03,503,70,210,5,7.2
INV-002534,P-034,S-043,2026-07-03,447,78,234,9,5.74
INV-002535,P-035,S-031,2026-07-03,439,72,216,9,6.1
INV-002536,P-036,S-020,2026-07-03,476,124,372,10,3.84
INV-002537,P-037,S-045,2026-07-03,518,51,153,6,10.17
INV-002538,P-038,S-037,2026-07-03,396,73,219,8,5.43
INV-002539,P-039,S-005,2026-07-03,512,86,258,7,5.96
INV-002540,P-040,S-010,2026-07-03,556,93,279,5,5.98
INV-002541,P-041,S-028,2026-07-03,469,89,267,3,5.28
INV-002542,P-042,S-022,2026-07-03,579,93,279,6,6.23
INV-002543,P-043,S-027,2026-07-03,457,124,372,3,3.69
INV-002544,P-044,S-004,2026-07-03,585,74,222,5,7.91
INV-002545,P-045,S-037,2026-07-03,421,92,276,8,4.58
INV-002546,P-046,S-029,2026-07-03,468,51,153,10,9.19
INV-002547,P-047,S-001,2026-07-03,493,86,258,9,5.74
INV-002548,P-048,S-025,2026-07-03,535,81,243,7,6.61
INV-002549,P-049,S-041,2026-07-03,471,105,315,6,4.49
INV-002550,P-050,S-008,2026-07-03,509,79,237,15,6.45
INV-002551,P-001,S-037,2026-07-04,451,119,357,8,3.79
INV-002552,P-002,S-047,2026-07-04,483,108,324,12,4.48
INV-002553,P-003,S-050,2026-07-04,458,126,378,14,3.64
INV-002554,P-004,S-022,2026-07-04,432,77,231,6,5.62
INV-002555,P-005,S-037,2026-07-04,427,128,384,8,3.34
INV-002556,P-006,S-030,2026-07-04,485,99,297,7,4.9
INV-002557,P-007,S-018,2026-07-04,406,99,297,9,4.11
INV-002558,P-008,S-043,2026-07-04,470,143,429,9,3.29
INV-002559,P-009,S-018,2026-07-04,492,113,339,9,4.36
INV-002560,P-010,S-017,2026-07-04,491,81,243,14,6.06
INV-002561,P-011,S-032,2026-07-04,356,94,282,13,3.79
INV-002562,P-012,S-015,2026-07-04,532,134,402,8,3.97
INV-002563,P-013,S-045,2026-07-04,488,76,228,6,6.43
INV-002564,P-014,S-008,2026-07-04,547,81,243,15,6.75
INV-002565,P-015,S-013,2026-07-04,406,99,297,4,4.11
INV-002566,P-016,S-034,2026-07-04,374,109,327,3,3.43
INV-002567,P-017,S-049,2026-07-04,410,110,330,13,3.74
INV-002568,P-018,S-038,2026-07-04,419,131,393,15,3.2
INV-002569,P-019,S-041,2026-07-04,465,122,366,6,3.81
INV-002570,P-020,S-013,2026-07-04,436,118,354,4,3.7
INV-002571,P-021,S-030,2026-07-04,416,100,300,7,4.16
INV-002572,P-022,S-003,2026-07-04,501,74,222,10,6.78
INV-002573,P-023,S-043,2026-07-04,466,102,306,9,4.57
INV-002574,P-024,S-040,2026-07-04,456,76,228,5,6.01
INV-002575,P-025,S-023,2026-07-04,456,97,291,12,4.7
INV-002576,P-026,S-035,2026-07-04,436,88,264,11,4.96
INV-002577,P-027,S-013,2026-07-04,393,78,234,4,5.04
INV-002578,P-028,S-043,2026-07-04,483,58,174,9,8.34
INV-002579,P-029,S-039,2026-07-04,488,104,312,12,4.7
INV-002580,P-030,S-029,2026-07-04,505,89,267,10,5.68
INV-002581,P-031,S-004,2026-07-04,492,125,375,5,3.94
INV-002582,P-032,S-049,2026-07-04,470,113,339,13,4.17
INV-002583,P-033,S-011,2026-07-04,468,92,276,15,5.09
INV-002584,P-034,S-034,2026-07-04,528,65,195,3,8.13
INV-002585,P-035,S-049,2026-07-04,526,134,402,13,3.93
INV-002586,P-036,S-016,2026-07-04,423,109,327,8,3.88
INV-002587,P-037,S-027,2026-07-04,446,88,264,3,5.08
INV-002588,P-038,S-044,2026-07-04,406,85,255,4,4.79
INV-002589,P-039,S-006,2026-07-04,486,133,399,12,3.66
INV-002590,P-040,S-006,2026-07-04,509,98,294,12,5.2
INV-002591,P-041,S-020,2026-07-04,511,83,249,10,6.16
INV-002592,P-042,S-040,2026-07-04,434,116,348,5,3.75
INV-002593,P-043,S-036,2026-07-04,470,57,171,10,8.26
INV-002594,P-044,S-040,2026-07-04,416,117,351,5,3.56
INV-002595,P-045,S-021,2026-07-04,487,84,252,12,5.8
INV-002596,P-046,S-012,2026-07-04,505,108,324,10,4.68
INV-002597,P-047,S-041,2026-07-04,453,107,321,6,4.24
INV-002598,P-048,S-010,2026-07-04,373,73,219,5,5.12
INV-002599,P-049,S-020,2026-07-04,399,118,354,10,3.38
INV-002600,P-050,S-023,2026-07-04,388,80,240,12,4.86
INV-002601,P-001,S-013,2026-07-05,350,118,354,4,2.97
INV-002602,P-002,S-040,2026-07-05,442,91,273,5,4.86
INV-002603,P-003,S-008,2026-07-05,423,82,246,15,5.17
INV-002604,P-004,S-042,2026-07-05,426,98,294,14,4.35
INV-002605,P-005,S-046,2026-07-05,441,109,327,6,4.05
INV-002606,P-006,S-017,2026-07-05,350,114,342,14,3.08
INV-002607,P-007,S-017,2026-07-05,330,100,300,14,3.3
INV-002608,P-008,S-021,2026-07-05,441,99,297,12,4.46
INV-002609,P-009,S-011,2026-07-05,398,82,246,15,4.86
INV-002610,P-010,S-017,2026-07-05,409,93,279,14,4.41
INV-002611,P-011,S-013,2026-07-05,417,93,279,4,4.49
INV-002612,P-012,S-005,2026-07-05,441,64,192,7,6.9
INV-002613,P-013,S-008,2026-07-05,418,130,390,15,3.22
INV-002614,P-014,S-032,2026-07-05,428,83,249,13,5.17
INV-002615,P-015,S-047,2026-07-05,434,51,153,12,8.51
INV-002616,P-016,S-018,2026-07-05,439,99,297,9,4.44
INV-002617,P-017,S-034,2026-07-05,345,107,321,3,3.23
INV-002618,P-018,S-001,2026-07-05,372,92,276,9,4.05
INV-002619,P-019,S-009,2026-07-05,438,98,294,12,4.48
INV-002620,P-020,S-019,2026-07-05,377,104,312,10,3.63
INV-002621,P-021,S-037,2026-07-05,403,101,303,8,3.99
INV-002622,P-022,S-019,2026-07-05,429,99,297,10,4.34
INV-002623,P-023,S-017,2026-07-05,446,88,264,14,5.08
INV-002624,P-024,S-029,2026-07-05,411,98,294,10,4.2
INV-002625,P-025,S-036,2026-07-05,442,88,264,10,5.03
INV-002626,P-026,S-008,2026-07-05,459,70,210,15,6.57
INV-002627,P-027,S-029,2026-07-05,444,114,342,10,3.9
INV-002628,P-028,S-012,2026-07-05,472,109,327,10,4.34
INV-002629,P-029,S-005,2026-07-05,427,111,333,7,3.85
INV-002630,P-030,S-007,2026-07-05,313,151,453,3,2.07
INV-002631,P-031,S-041,2026-07-05,354,99,297,6,3.58
INV-002632,P-032,S-017,2026-07-05,437,101,303,14,4.33
INV-002633,P-033,S-026,2026-07-05,387,119,357,15,3.26
INV-002634,P-034,S-049,2026-07-05,376,134,402,13,2.81
INV-002635,P-035,S-006,2026-07-05,460,107,321,12,4.3
INV-002636,P-036,S-015,2026-07-05,421,105,315,8,4.02
INV-002637,P-037,S-021,2026-07-05,368,93,279,12,3.97
INV-002638,P-038,S-028,2026-07-05,451,95,285,3,4.75
INV-002639,P-039,S-048,2026-07-05,380,113,339,13,3.37
INV-002640,P-040,S-011,2026-07-05,436,115,345,15,3.8
INV-002641,P-041,S-034,2026-07-05,435,80,240,3,5.44
INV-002642,P-042,S-031,2026-07-05,325,99,297,9,3.29
INV-002643,P-043,S-018,2026-07-05,376,79,237,9,4.76
INV-002644,P-044,S-015,2026-07-05,403,113,339,8,3.57
INV-002645,P-045,S-025,2026-07-05,420,108,324,7,3.89
INV-002646,P-046,S-042,2026-07-05,409,99,297,14,4.14
INV-002647,P-047,S-039,2026-07-05,442,118,354,12,3.75
INV-002648,P-048,S-006,2026-07-05,333,111,333,12,3.0
INV-002649,P-049,S-014,2026-07-05,387,107,321,8,3.62
INV-002650,P-050,S-046,2026-07-05,327,127,381,6,2.58
INV-002651,P-001,S-037,2026-07-06,509,80,240,8,6.37
INV-002652,P-002,S-039,2026-07-06,414,55,165,12,7.54
INV-002653,P-003,S-024,2026-07-06,413,117,351,10,3.54
INV-002654,P-004,S-035,2026-07-06,519,105,315,11,4.95
INV-002655,P-005,S-009,2026-07-06,570,89,267,12,6.41
INV-002656,P-006,S-032,2026-07-06,444,84,252,13,5.29
INV-002657,P-007,S-006,2026-07-06,527,67,201,12,7.88
INV-002658,P-008,S-030,2026-07-06,419,135,405,7,3.11
INV-002659,P-009,S-045,2026-07-06,386,93,279,6,4.16
INV-002660,P-010,S-038,2026-07-06,484,76,228,15,6.38
INV-002661,P-011,S-001,2026-07-06,428,107,321,9,4.01
INV-002662,P-012,S-046,2026-07-06,416,85,255,6,4.9
INV-002663,P-013,S-019,2026-07-06,489,113,339,10,4.33
INV-002664,P-014,S-015,2026-07-06,423,103,309,8,4.12
INV-002665,P-015,S-042,2026-07-06,353,107,321,14,3.3
INV-002666,P-016,S-002,2026-07-06,437,101,303,13,4.33
INV-002667,P-017,S-007,2026-07-06,588,128,384,3,4.6
INV-002668,P-018,S-047,2026-07-06,331,133,399,12,2.49
INV-002669,P-019,S-049,2026-07-06,454,91,273,13,5.0
INV-002670,P-020,S-001,2026-07-06,521,87,261,9,5.99
INV-002671,P-021,S-050,2026-07-06,517,60,180,14,8.62
INV-002672,P-022,S-021,2026-07-06,409,118,354,12,3.47
INV-002673,P-023,S-009,2026-07-06,406,112,336,12,3.63
INV-002674,P-024,S-025,2026-07-06,460,76,228,7,6.06
INV-002675,P-025,S-015,2026-07-06,552,88,264,8,6.28
INV-002676,P-026,S-030,2026-07-06,456,118,354,7,3.87
INV-002677,P-027,S-028,2026-07-06,446,89,267,3,5.01
INV-002678,P-028,S-008,2026-07-06,360,94,282,15,3.83
INV-002679,P-029,S-039,2026-07-06,357,104,312,12,3.44
INV-002680,P-030,S-035,2026-07-06,451,128,384,11,3.53
INV-002681,P-031,S-008,2026-07-06,399,94,282,15,4.25
INV-002682,P-032,S-027,2026-07-06,405,105,315,3,3.86
INV-002683,P-033,S-043,2026-07-06,498,119,357,9,4.19
INV-002684,P-034,S-001,2026-07-06,477,61,183,9,7.83
INV-002685,P-035,S-026,2026-07-06,442,122,366,15,3.63
INV-002686,P-036,S-006,2026-07-06,462,66,198,12,7.01
INV-002687,P-037,S-020,2026-07-06,394,56,168,10,7.04
INV-002688,P-038,S-006,2026-07-06,374,129,387,12,2.91
INV-002689,P-039,S-031,2026-07-06,461,112,336,9,4.12
INV-002690,P-040,S-046,2026-07-06,478,93,279,6,5.15
INV-002691,P-041,S-040,2026-07-06,459,84,252,5,5.46
INV-002692,P-042,S-001,2026-07-06,484,85,255,9,5.7
INV-002693,P-043,S-024,2026-07-06,409,129,387,10,3.18
INV-002694,P-044,S-050,2026-07-06,496,77,231,14,6.44
INV-002695,P-045,S-022,2026-07-06,359,150,450,6,2.4
INV-002696,P-046,S-037,2026-07-06,395,122,366,8,3.24
INV-002697,P-047,S-008,2026-07-06,426,122,366,15,3.5
INV-002698,P-048,S-032,2026-07-06,437,92,276,13,4.75
INV-002699,P-049,S-008,2026-07-06,461,118,354,15,3.91
INV-002700,P-050,S-021,2026-07-06,425,107,321,12,3.98
INV-002701,P-001,S-020,2026-07-07,410,114,342,10,3.6
INV-002702,P-002,S-016,2026-07-07,412,83,249,8,4.97
INV-002703,P-003,S-036,2026-07-07,471,74,222,10,6.37
INV-002704,P-004,S-015,2026-07-07,504,119,357,8,4.24
INV-002705,P-005,S-018,2026-07-07,499,78,234,9,6.4
INV-002706,P-006,S-041,2026-07-07,414,131,393,6,3.16
INV-002707,P-007,S-034,2026-07-07,450,83,249,3,5.42
INV-002708,P-008,S-039,2026-07-07,495,92,276,12,5.38
INV-002709,P-009,S-033,2026-07-07,486,82,246,5,5.94
INV-002710,P-010,S-005,2026-07-07,462,114,342,7,4.06
INV-002711,P-011,S-007,2026-07-07,490,100,300,3,4.91
INV-002712,P-012,S-050,2026-07-07,405,106,318,14,3.82
INV-002713,P-013,S-018,2026-07-07,439,98,294,9,4.49
INV-002714,P-014,S-039,2026-07-07,348,100,300,12,3.49
INV-002715,P-015,S-035,2026-07-07,493,107,321,11,4.61
INV-002716,P-016,S-011,2026-07-07,493,101,303,15,4.88
INV-002717,P-017,S-015,2026-07-07,506,124,372,8,4.08
INV-002718,P-018,S-030,2026-07-07,506,122,366,7,4.15
INV-002719,P-019,S-019,2026-07-07,364,100,300,10,3.65
INV-002720,P-020,S-045,2026-07-07,447,92,276,6,4.86
INV-002721,P-021,S-022,2026-07-07,421,74,222,6,5.69
INV-002722,P-022,S-009,2026-07-07,484,89,267,12,5.45
INV-002723,P-023,S-041,2026-07-07,436,119,357,6,3.67
INV-002724,P-024,S-036,2026-07-07,356,105,315,10,3.4
INV-002725,P-025,S-036,2026-07-07,394,121,363,10,3.26
INV-002726,P-026,S-049,2026-07-07,477,106,318,13,4.5
INV-002727,P-027,S-020,2026-07-07,403,94,282,10,4.3
INV-002728,P-028,S-006,2026-07-07,457,113,339,12,4.05
INV-002729,P-029,S-002,2026-07-07,449,113,339,13,3.98
INV-002730,P-030,S-012,2026-07-07,305,98,294,10,3.12
INV-002731,P-031,S-036,2026-07-07,367,57,171,10,6.45
INV-002732,P-032,S-034,2026-07-07,497,61,183,3,8.16
INV-002733,P-033,S-021,2026-07-07,447,115,345,12,3.89
INV-002734,P-034,S-034,2026-07-07,479,111,333,3,4.32
INV-002735,P-035,S-038,2026-07-07,387,82,246,15,4.73
INV-002736,P-036,S-003,2026-07-07,516,81,243,10,6.37
INV-002737,P-037,S-002,2026-07-07,446,102,306,13,4.38
INV-002738,P-038,S-050,2026-07-07,438,50,150,14,8.78
INV-002739,P-039,S-007,2026-07-07,404,112,336,3,3.61
INV-002740,P-040,S-013,2026-07-07,373,86,258,4,4.34
INV-002741,P-041,S-003,2026-07-07,478,113,339,10,4.23
INV-002742,P-042,S-023,2026-07-07,435,95,285,12,4.58
INV-002743,P-043,S-049,2026-07-07,489,147,441,13,3.33
INV-002744,P-044,S-021,2026-07-07,399,103,309,12,3.88
INV-002745,P-045,S-037,2026-07-07,493,133,399,8,3.71
INV-002746,P-046,S-048,2026-07-07,406,92,276,13,4.41
INV-002747,P-047,S-023,2026-07-07,467,83,249,12,5.63
INV-002748,P-048,S-041,2026-07-07,478,100,300,6,4.79
INV-002749,P-049,S-015,2026-07-07,369,101,303,8,3.65
INV-002750,P-050,S-032,2026-07-07,451,68,204,13,6.64
INV-002751,P-001,S-022,2026-07-08,384,100,300,6,3.84
INV-002752,P-002,S-014,2026-07-08,403,109,327,8,3.7
INV-002753,P-003,S-030,2026-07-08,379,93,279,7,4.08
INV-002754,P-004,S-048,2026-07-08,363,93,279,13,3.91
INV-002755,P-005,S-045,2026-07-08,501,93,279,6,5.4
INV-002756,P-006,S-011,2026-07-08,387,114,342,15,3.4
INV-002757,P-007,S-012,2026-07-08,375,110,330,10,3.41
INV-002758,P-008,S-033,2026-07-08,357,117,351,5,3.06
INV-002759,P-009,S-034,2026-07-08,424,89,267,3,4.77
INV-002760,P-010,S-005,2026-07-08,350,108,324,7,3.25
INV-002761,P-011,S-042,2026-07-08,429,72,216,14,5.96
INV-002762,P-012,S-027,2026-07-08,402,119,357,3,3.38
INV-002763,P-013,S-020,2026-07-08,385,92,276,10,4.2
INV-002764,P-014,S-049,2026-07-08,447,53,159,13,8.43
INV-002765,P-015,S-013,2026-07-08,484,76,228,4,6.37
INV-002766,P-016,S-001,2026-07-08,290,127,381,9,2.29
INV-002767,P-017,S-032,2026-07-08,386,106,318,13,3.64
INV-002768,P-018,S-019,2026-07-08,388,112,336,10,3.47
INV-002769,P-019,S-005,2026-07-08,410,102,306,7,4.03
INV-002770,P-020,S-042,2026-07-08,393,94,282,14,4.19
INV-002771,P-021,S-041,2026-07-08,259,72,216,6,3.6
INV-002772,P-022,S-020,2026-07-08,271,94,282,10,2.89
INV-002773,P-023,S-015,2026-07-08,476,66,198,8,7.22
INV-002774,P-024,S-044,2026-07-08,366,97,291,4,3.78
INV-002775,P-025,S-039,2026-07-08,410,103,309,12,3.99
INV-002776,P-026,S-046,2026-07-08,408,101,303,6,4.04
INV-002777,P-027,S-044,2026-07-08,330,119,357,4,2.78
INV-002778,P-028,S-032,2026-07-08,356,101,303,13,3.53
INV-002779,P-029,S-012,2026-07-08,449,90,270,10,4.99
INV-002780,P-030,S-036,2026-07-08,356,62,186,10,5.74
INV-002781,P-031,S-030,2026-07-08,447,109,327,7,4.11
INV-002782,P-032,S-028,2026-07-08,337,110,330,3,3.07
INV-002783,P-033,S-006,2026-07-08,470,77,231,12,6.1
INV-002784,P-034,S-005,2026-07-08,370,90,270,7,4.12
INV-002785,P-035,S-008,2026-07-08,432,81,243,15,5.34
INV-002786,P-036,S-007,2026-07-08,428,89,267,3,4.82
INV-002787,P-037,S-008,2026-07-08,360,102,306,15,3.54
INV-002788,P-038,S-036,2026-07-08,453,72,216,10,6.29
INV-002789,P-039,S-014,2026-07-08,371,127,381,8,2.93
INV-002790,P-040,S-032,2026-07-08,370,92,276,13,4.03
INV-002791,P-041,S-043,2026-07-08,391,105,315,9,3.73
INV-002792,P-042,S-001,2026-07-08,342,59,177,9,5.81
INV-002793,P-043,S-044,2026-07-08,368,104,312,4,3.54
INV-002794,P-044,S-022,2026-07-08,326,91,273,6,3.58
INV-002795,P-045,S-050,2026-07-08,405,101,303,14,4.01
INV-002796,P-046,S-043,2026-07-08,445,99,297,9,4.5
INV-002797,P-047,S-040,2026-07-08,392,91,273,5,4.31
INV-002798,P-048,S-021,2026-07-08,334,109,327,12,3.07
INV-002799,P-049,S-016,2026-07-08,295,141,423,8,2.1
INV-002800,P-050,S-003,2026-07-08,368,89,267,10,4.14
INV-002801,P-001,S-020,2026-07-09,449,96,288,10,4.68
INV-002802,P-002,S-042,2026-07-09,463,105,315,14,4.42
INV-002803,P-003,S-048,2026-07-09,411,112,336,13,3.67
INV-002804,P-004,S-026,2026-07-09,494,91,273,15,5.43
INV-002805,P-005,S-017,2026-07-09,458,111,333,14,4.13
INV-002806,P-006,S-009,2026-07-09,532,95,285,12,5.61
INV-002807,P-007,S-045,2026-07-09,429,105,315,6,4.09
INV-002808,P-008,S-027,2026-07-09,435,100,300,3,4.35
INV-002809,P-009,S-024,2026-07-09,421,122,366,10,3.45
INV-002810,P-010,S-020,2026-07-09,387,139,417,10,2.79
INV-002811,P-011,S-012,2026-07-09,425,117,351,10,3.64
INV-002812,P-012,S-008,2026-07-09,431,106,318,15,4.07
INV-002813,P-013,S-011,2026-07-09,410,125,375,15,3.28
INV-002814,P-014,S-046,2026-07-09,485,79,237,6,6.14
INV-002815,P-015,S-016,2026-07-09,392,130,390,8,3.02
INV-002816,P-016,S-021,2026-07-09,419,100,300,12,4.19
INV-002817,P-017,S-033,2026-07-09,321,122,366,5,2.63
INV-002818,P-018,S-046,2026-07-09,474,89,267,6,5.33
INV-002819,P-019,S-044,2026-07-09,473,102,306,4,4.64
INV-002820,P-020,S-001,2026-07-09,461,112,336,9,4.12
INV-002821,P-021,S-016,2026-07-09,376,94,282,8,4.01
INV-002822,P-022,S-047,2026-07-09,434,74,222,12,5.88
INV-002823,P-023,S-037,2026-07-09,399,116,348,8,3.44
INV-002824,P-024,S-018,2026-07-09,538,99,297,9,5.44
INV-002825,P-025,S-020,2026-07-09,478,119,357,10,4.02
INV-002826,P-026,S-031,2026-07-09,436,80,240,9,5.46
INV-002827,P-027,S-036,2026-07-09,502,83,249,10,6.05
INV-002828,P-028,S-026,2026-07-09,498,109,327,15,4.58
INV-002829,P-029,S-009,2026-07-09,376,86,258,12,4.38
INV-002830,P-030,S-050,2026-07-09,458,103,309,14,4.45
INV-002831,P-031,S-004,2026-07-09,429,87,261,5,4.93
INV-002832,P-032,S-024,2026-07-09,419,101,303,10,4.16
INV-002833,P-033,S-015,2026-07-09,410,135,405,8,3.04
INV-002834,P-034,S-010,2026-07-09,412,148,444,5,2.79
INV-002835,P-035,S-025,2026-07-09,510,97,291,7,5.27
INV-002836,P-036,S-025,2026-07-09,533,99,297,7,5.39
INV-002837,P-037,S-011,2026-07-09,442,100,300,15,4.42
INV-002838,P-038,S-044,2026-07-09,413,108,324,4,3.83
INV-002839,P-039,S-030,2026-07-09,508,84,252,7,6.06
INV-002840,P-040,S-017,2026-07-09,491,104,312,14,4.72
INV-002841,P-041,S-007,2026-07-09,425,118,354,3,3.6
INV-002842,P-042,S-007,2026-07-09,422,114,342,3,3.7
INV-002843,P-043,S-017,2026-07-09,484,99,297,14,4.9
INV-002844,P-044,S-008,2026-07-09,425,106,318,15,4.01
INV-002845,P-045,S-022,2026-07-09,379,103,309,6,3.69
INV-002846,P-046,S-020,2026-07-09,369,92,276,10,4.02
INV-002847,P-047,S-019,2026-07-09,405,109,327,10,3.72
INV-002848,P-048,S-030,2026-07-09,410,123,369,7,3.34
INV-002849,P-049,S-038,2026-07-09,518,130,390,15,3.99
INV-002850,P-050,S-047,2026-07-09,505,77,231,12,6.56
INV-002851,P-001,S-010,2026-07-10,471,112,336,5,4.21
INV-002852,P-002,S-001,2026-07-10,455,88,264,9,5.17
INV-002853,P-003,S-047,2026-07-10,581,98,294,12,5.93
INV-002854,P-004,S-045,2026-07-10,481,105,315,6,4.58
INV-002855,P-005,S-019,2026-07-10,461,108,324,10,4.28
INV-002856,P-006,S-017,2026-07-10,568,67,201,14,8.48
INV-002857,P-007,S-048,2026-07-10,562,94,282,13,5.98
INV-002858,P-008,S-043,2026-07-10,489,104,312,9,4.71
INV-002859,P-009,S-011,2026-07-10,490,71,213,15,6.91
INV-002860,P-010,S-041,2026-07-10,387,87,261,6,4.45
INV-002861,P-011,S-002,2026-07-10,461,109,327,13,4.24
INV-002862,P-012,S-033,2026-07-10,415,102,306,5,4.08
INV-002863,P-013,S-036,2026-07-10,467,45,135,10,10.38
INV-002864,P-014,S-048,2026-07-10,412,123,369,13,3.35
INV-002865,P-015,S-019,2026-07-10,516,74,222,10,6.98
INV-002866,P-016,S-040,2026-07-10,487,119,357,5,4.1
INV-002867,P-017,S-025,2026-07-10,467,134,402,7,3.49
INV-002868,P-018,S-033,2026-07-10,448,98,294,5,4.58
INV-002869,P-019,S-021,2026-07-10,502,114,342,12,4.41
INV-002870,P-020,S-029,2026-07-10,496,83,249,10,5.98
INV-002871,P-021,S-026,2026-07-10,505,56,168,15,9.02
INV-002872,P-022,S-041,2026-07-10,559,89,267,6,6.28
INV-002873,P-023,S-001,2026-07-10,536,97,291,9,5.53
INV-002874,P-024,S-038,2026-07-10,408,123,369,15,3.32
INV-002875,P-025,S-002,2026-07-10,463,68,204,13,6.82
INV-002876,P-026,S-015,2026-07-10,469,95,285,8,4.94
INV-002877,P-027,S-005,2026-07-10,488,87,261,7,5.62
INV-002878,P-028,S-043,2026-07-10,455,145,435,9,3.14
INV-002879,P-029,S-024,2026-07-10,450,102,306,10,4.42
INV-002880,P-030,S-030,2026-07-10,527,94,282,7,5.61
INV-002881,P-031,S-031,2026-07-10,496,103,309,9,4.82
INV-002882,P-032,S-032,2026-07-10,508,62,186,13,8.19
INV-002883,P-033,S-004,2026-07-10,439,79,237,5,5.57
INV-002884,P-034,S-037,2026-07-10,484,120,360,8,4.04
INV-002885,P-035,S-034,2026-07-10,575,110,330,3,5.23
INV-002886,P-036,S-038,2026-07-10,578,123,369,15,4.7
INV-002887,P-037,S-039,2026-07-10,442,110,330,12,4.02
INV-002888,P-038,S-024,2026-07-10,510,117,351,10,4.36
INV-002889,P-039,S-011,2026-07-10,468,78,234,15,6.0
INV-002890,P-040,S-007,2026-07-10,424,103,309,3,4.12
INV-002891,P-041,S-013,2026-07-10,525,103,309,4,5.1
INV-002892,P-042,S-026,2026-07-10,392,110,330,15,3.57
INV-002893,P-043,S-018,2026-07-10,470,116,348,9,4.06
INV-002894,P-044,S-018,2026-07-10,507,99,297,9,5.13
INV-002895,P-045,S-015,2026-07-10,460,131,393,8,3.52
INV-002896,P-046,S-048,2026-07-10,514,81,243,13,6.35
INV-002897,P-047,S-009,2026-07-10,468,103,309,12,4.55
INV-002898,P-048,S-040,2026-07-10,568,112,336,5,5.07
INV-002899,P-049,S-004,2026-07-10,449,105,315,5,4.28
INV-002900,P-050,S-027,2026-07-10,563,78,234,3,7.22
INV-002901,P-001,S-011,2026-07-11,378,126,378,15,3.0
INV-002902,P-002,S-021,2026-07-11,473,100,300,12,4.73
INV-002903,P-003,S-028,2026-07-11,421,113,339,3,3.73
INV-002904,P-004,S-043,2026-07-11,347,82,246,9,4.23
INV-002905,P-005,S-044,2026-07-11,422,83,249,4,5.09
INV-002906,P-006,S-023,2026-07-11,519,97,291,12,5.36
INV-002907,P-007,S-029,2026-07-11,504,94,282,10,5.36
INV-002908,P-008,S-001,2026-07-11,431,77,231,9,5.6
INV-002909,P-009,S-037,2026-07-11,470,133,399,8,3.54
INV-002910,P-010,S-024,2026-07-11,445,122,366,10,3.65
INV-002911,P-011,S-002,2026-07-11,444,93,279,13,4.78
INV-002912,P-012,S-004,2026-07-11,305,89,267,5,3.43
INV-002913,P-013,S-019,2026-07-11,435,117,351,10,3.72
INV-002914,P-014,S-010,2026-07-11,356,120,360,5,2.97
INV-002915,P-015,S-002,2026-07-11,467,91,273,13,5.14
INV-002916,P-016,S-025,2026-07-11,415,86,258,7,4.83
INV-002917,P-017,S-008,2026-07-11,498,85,255,15,5.86
INV-002918,P-018,S-017,2026-07-11,447,102,306,14,4.38
INV-002919,P-019,S-023,2026-07-11,493,95,285,12,5.19
INV-002920,P-020,S-018,2026-07-11,525,134,402,9,3.92
INV-002921,P-021,S-005,2026-07-11,440,136,408,7,3.24
INV-002922,P-022,S-019,2026-07-11,453,76,228,10,5.96
INV-002923,P-023,S-050,2026-07-11,349,55,165,14,6.35
INV-002924,P-024,S-024,2026-07-11,425,139,417,10,3.06
INV-002925,P-025,S-020,2026-07-11,392,111,333,10,3.54
INV-002926,P-026,S-002,2026-07-11,474,97,291,13,4.89
INV-002927,P-027,S-026,2026-07-11,382,116,348,15,3.29
INV-002928,P-028,S-018,2026-07-11,398,138,414,9,2.88
INV-002929,P-029,S-034,2026-07-11,436,94,282,3,4.64
INV-002930,P-030,S-016,2026-07-11,434,100,300,8,4.34
INV-002931,P-031,S-014,2026-07-11,458,86,258,8,5.33
INV-002932,P-032,S-007,2026-07-11,432,92,276,3,4.7
INV-002933,P-033,S-015,2026-07-11,486,91,273,8,5.35
INV-002934,P-034,S-024,2026-07-11,453,130,390,10,3.48
INV-002935,P-035,S-031,2026-07-11,419,79,237,9,5.31
INV-002936,P-036,S-049,2026-07-11,466,102,306,13,4.57
INV-002937,P-037,S-043,2026-07-11,409,120,360,9,3.41
INV-002938,P-038,S-037,2026-07-11,465,96,288,8,4.84
INV-002939,P-039,S-002,2026-07-11,455,57,171,13,7.99
INV-002940,P-040,S-045,2026-07-11,385,113,339,6,3.41
INV-002941,P-041,S-045,2026-07-11,519,98,294,6,5.3
INV-002942,P-042,S-007,2026-07-11,458,76,228,3,6.03
INV-002943,P-043,S-004,2026-07-11,416,94,282,5,4.43
INV-002944,P-044,S-038,2026-07-11,438,99,297,15,4.43
INV-002945,P-045,S-015,2026-07-11,499,102,306,8,4.89
INV-002946,P-046,S-047,2026-07-11,501,112,336,12,4.47
INV-002947,P-047,S-010,2026-07-11,492,102,306,5,4.82
INV-002948,P-048,S-017,2026-07-11,457,109,327,14,4.2
INV-002949,P-049,S-040,2026-07-11,448,105,315,5,4.27
INV-002950,P-050,S-039,2026-07-11,382,114,342,12,3.35
INV-002951,P-001,S-048,2026-07-12,427,59,177,13,7.24
INV-002952,P-002,S-034,2026-07-12,515,127,381,3,4.06
INV-002953,P-003,S-043,2026-07-12,443,85,255,9,5.21
INV-002954,P-004,S-023,2026-07-12,385,124,372,12,3.11
INV-002955,P-005,S-012,2026-07-12,477,120,360,10,3.98
INV-002956,P-006,S-022,2026-07-12,509,116,348,6,4.39
INV-002957,P-007,S-014,2026-07-12,534,95,285,8,5.62
INV-002958,P-008,S-016,2026-07-12,438,100,300,8,4.38
INV-002959,P-009,S-035,2026-07-12,492,91,273,11,5.42
INV-002960,P-010,S-039,2026-07-12,534,97,291,12,5.51
INV-002961,P-011,S-037,2026-07-12,421,105,315,8,4.01
INV-002962,P-012,S-010,2026-07-12,405,116,348,5,3.49
INV-002963,P-013,S-017,2026-07-12,401,122,366,14,3.29
INV-002964,P-014,S-049,2026-07-12,532,64,192,13,8.32
INV-002965,P-015,S-003,2026-07-12,497,110,330,10,4.52
INV-002966,P-016,S-045,2026-07-12,439,109,327,6,4.04
INV-002967,P-017,S-039,2026-07-12,490,115,345,12,4.27
INV-002968,P-018,S-038,2026-07-12,416,63,189,15,6.61
INV-002969,P-019,S-006,2026-07-12,414,120,360,12,3.46
INV-002970,P-020,S-029,2026-07-12,463,94,282,10,4.93
INV-002971,P-021,S-012,2026-07-12,435,90,270,10,4.84
INV-002972,P-022,S-033,2026-07-12,517,103,309,5,5.02
INV-002973,P-023,S-045,2026-07-12,469,84,252,6,5.59
INV-002974,P-024,S-050,2026-07-12,431,141,423,14,3.06
INV-002975,P-025,S-023,2026-07-12,413,76,228,12,5.44
INV-002976,P-026,S-021,2026-07-12,556,108,324,12,5.15
INV-002977,P-027,S-024,2026-07-12,501,106,318,10,4.73
INV-002978,P-028,S-001,2026-07-12,594,84,252,9,7.08
INV-002979,P-029,S-032,2026-07-12,458,91,273,13,5.04
INV-002980,P-030,S-020,2026-07-12,445,127,381,10,3.51
INV-002981,P-031,S-019,2026-07-12,449,102,306,10,4.41
INV-002982,P-032,S-033,2026-07-12,472,128,384,5,3.69
INV-002983,P-033,S-024,2026-07-12,464,83,249,10,5.6
INV-002984,P-034,S-015,2026-07-12,422,76,228,8,5.56
INV-002985,P-035,S-016,2026-07-12,527,97,291,8,5.44
INV-002986,P-036,S-024,2026-07-12,375,138,414,10,2.72
INV-002987,P-037,S-018,2026-07-12,525,112,336,9,4.69
INV-002988,P-038,S-048,2026-07-12,449,86,258,13,5.23
INV-002989,P-039,S-039,2026-07-12,450,107,321,12,4.21
INV-002990,P-040,S-042,2026-07-12,378,136,408,14,2.78
INV-002991,P-041,S-013,2026-07-12,363,140,420,4,2.6
INV-002992,P-042,S-017,2026-07-12,474,79,237,14,6.01
INV-002993,P-043,S-041,2026-07-12,523,90,270,6,5.81
INV-002994,P-044,S-043,2026-07-12,444,117,351,9,3.8
INV-002995,P-045,S-008,2026-07-12,413,90,270,15,4.59
INV-002996,P-046,S-030,2026-07-12,373,82,246,7,4.55
INV-002997,P-047,S-031,2026-07-12,450,88,264,9,5.11
INV-002998,P-048,S-049,2026-07-12,474,72,216,13,6.59
INV-002999,P-049,S-004,2026-07-12,410,96,288,5,4.28
INV-003000,P-050,S-046,2026-07-12,421,119,357,6,3.54
INV-003001,P-001,S-030,2026-07-13,500,105,315,7,4.77
INV-003002,P-002,S-008,2026-07-13,486,101,303,15,4.82
INV-003003,P-003,S-042,2026-07-13,472,85,255,14,5.56
INV-003004,P-004,S-044,2026-07-13,505,83,249,4,6.09
INV-003005,P-005,S-039,2026-07-13,343,77,231,12,4.46
INV-003006,P-006,S-008,2026-07-13,465,102,306,15,4.56
INV-003007,P-007,S-017,2026-07-13,472,106,318,14,4.46
INV-003008,P-008,S-004,2026-07-13,416,92,276,5,4.52
INV-003009,P-009,S-007,2026-07-13,457,100,300,3,4.58
INV-003010,P-010,S-040,2026-07-13,500,65,195,5,7.7
INV-003011,P-011,S-008,2026-07-13,531,101,303,15,5.26
INV-003012,P-012,S-003,2026-07-13,515,116,348,10,4.45
INV-003013,P-013,S-016,2026-07-13,505,122,366,8,4.15
INV-003014,P-014,S-028,2026-07-13,474,98,294,3,4.84
INV-003015,P-015,S-036,2026-07-13,509,67,201,10,7.6
INV-003016,P-016,S-040,2026-07-13,462,129,387,5,3.59
INV-003017,P-017,S-001,2026-07-13,597,98,294,9,6.09
INV-003018,P-018,S-003,2026-07-13,452,109,327,10,4.15
INV-003019,P-019,S-007,2026-07-13,455,129,387,3,3.53
INV-003020,P-020,S-047,2026-07-13,478,94,282,12,5.09
INV-003021,P-021,S-039,2026-07-13,357,55,165,12,6.5
INV-003022,P-022,S-036,2026-07-13,563,100,300,10,5.64
INV-003023,P-023,S-044,2026-07-13,549,91,273,4,6.04
INV-003024,P-024,S-017,2026-07-13,511,104,312,14,4.91
INV-003025,P-025,S-035,2026-07-13,498,81,243,11,6.16
INV-003026,P-026,S-013,2026-07-13,562,83,249,4,6.78
INV-003027,P-027,S-004,2026-07-13,530,137,411,5,3.87
INV-003028,P-028,S-046,2026-07-13,529,83,249,6,6.38
INV-003029,P-029,S-042,2026-07-13,492,101,303,14,4.88
INV-003030,P-030,S-032,2026-07-13,461,128,384,13,3.61
INV-003031,P-031,S-027,2026-07-13,460,82,246,3,5.62
INV-003032,P-032,S-038,2026-07-13,521,75,225,15,6.95
INV-003033,P-033,S-012,2026-07-13,470,124,372,10,3.79
INV-003034,P-034,S-046,2026-07-13,529,91,273,6,5.82
INV-003035,P-035,S-044,2026-07-13,495,93,279,4,5.33
INV-003036,P-036,S-035,2026-07-13,540,79,237,11,6.84
INV-003037,P-037,S-025,2026-07-13,391,87,261,7,4.51
INV-003038,P-038,S-031,2026-07-13,534,133,399,9,4.02
INV-003039,P-039,S-031,2026-07-13,527,92,276,9,5.73
INV-003040,P-040,S-013,2026-07-13,535,100,300,4,5.36
INV-003041,P-041,S-045,2026-07-13,448,67,201,6,6.69
INV-003042,P-042,S-022,2026-07-13,439,71,213,6,6.19
INV-003043,P-043,S-042,2026-07-13,429,121,363,14,3.55
INV-003044,P-044,S-015,2026-07-13,467,132,396,8,3.54
INV-003045,P-045,S-021,2026-07-13,459,88,264,12,5.22
INV-003046,P-046,S-017,2026-07-13,524,105,315,14,5.0
INV-003047,P-047,S-026,2026-07-13,457,111,333,15,4.12
INV-003048,P-048,S-033,2026-07-13,571,97,291,5,5.89
INV-003049,P-049,S-006,2026-07-13,459,118,354,12,3.89
INV-003050,P-050,S-027,2026-07-13,489,100,300,3,4.9
INV-003051,P-001,S-030,2026-07-14,483,82,246,7,5.9
INV-003052,P-002,S-009,2026-07-14,490,85,255,12,5.77
INV-003053,P-003,S-036,2026-07-14,429,85,255,10,5.05
INV-003054,P-004,S-034,2026-07-14,448,107,321,3,4.19
INV-003055,P-005,S-016,2026-07-14,460,104,312,8,4.42
INV-003056,P-006,S-012,2026-07-14,448,103,309,10,4.35
INV-003057,P-007,S-047,2026-07-14,476,112,336,12,4.26
INV-003058,P-008,S-011,2026-07-14,389,118,354,15,3.3
INV-003059,P-009,S-033,2026-07-14,460,109,327,5,4.23
INV-003060,P-010,S-023,2026-07-14,502,93,279,12,5.4
INV-003061,P-011,S-024,2026-07-14,488,80,240,10,6.11
INV-003062,P-012,S-025,2026-07-14,377,114,342,7,3.32
INV-003063,P-013,S-011,2026-07-14,539,87,261,15,6.21
INV-003064,P-014,S-029,2026-07-14,439,77,231,10,5.71
INV-003065,P-015,S-013,2026-07-14,460,77,231,4,5.99
INV-003066,P-016,S-042,2026-07-14,499,97,291,14,5.15
INV-003067,P-017,S-024,2026-07-14,488,130,390,10,3.76
INV-003068,P-018,S-039,2026-07-14,442,109,327,12,4.06
INV-003069,P-019,S-011,2026-07-14,476,100,300,15,4.77
INV-003070,P-020,S-006,2026-07-14,463,127,381,12,3.65
INV-003071,P-021,S-025,2026-07-14,447,91,273,7,4.91
INV-003072,P-022,S-024,2026-07-14,465,121,363,10,3.84
INV-003073,P-023,S-004,2026-07-14,421,126,378,5,3.34
INV-003074,P-024,S-050,2026-07-14,527,101,303,14,5.22
INV-003075,P-025,S-005,2026-07-14,478,107,321,7,4.47
INV-003076,P-026,S-019,2026-07-14,498,116,348,10,4.29
INV-003077,P-027,S-007,2026-07-14,417,119,357,3,3.51
INV-003078,P-028,S-044,2026-07-14,476,79,237,4,6.03
INV-003079,P-029,S-044,2026-07-14,423,89,267,4,4.75
INV-003080,P-030,S-014,2026-07-14,450,106,318,8,4.25
INV-003081,P-031,S-029,2026-07-14,446,83,249,10,5.38
INV-003082,P-032,S-014,2026-07-14,399,132,396,8,3.03
INV-003083,P-033,S-010,2026-07-14,403,123,369,5,3.28
INV-003084,P-034,S-020,2026-07-14,493,109,327,10,4.53
INV-003085,P-035,S-016,2026-07-14,438,87,261,8,5.04
INV-003086,P-036,S-034,2026-07-14,484,92,276,3,5.27
INV-003087,P-037,S-032,2026-07-14,507,85,255,13,5.97
INV-003088,P-038,S-029,2026-07-14,448,101,303,10,4.44
INV-003089,P-039,S-050,2026-07-14,461,104,312,14,4.43
INV-003090,P-040,S-007,2026-07-14,363,122,366,3,2.98
INV-003091,P-041,S-049,2026-07-14,427,94,282,13,4.54
INV-003092,P-042,S-039,2026-07-14,497,99,297,12,5.02
INV-003093,P-043,S-010,2026-07-14,426,145,435,5,2.94
INV-003094,P-044,S-018,2026-07-14,466,141,423,9,3.31
INV-003095,P-045,S-022,2026-07-14,550,120,360,6,4.59
INV-003096,P-046,S-025,2026-07-14,387,92,276,7,4.22
INV-003097,P-047,S-014,2026-07-14,456,112,336,8,4.08
INV-003098,P-048,S-016,2026-07-14,404,95,285,8,4.26
INV-003099,P-049,S-002,2026-07-14,517,121,363,13,4.27
INV-003100,P-050,S-036,2026-07-14,498,85,255,10,5.87
INV-003101,P-001,S-005,2026-07-15,530,43,129,7,12.34
INV-003102,P-002,S-038,2026-07-15,451,103,309,15,4.38
INV-003103,P-003,S-035,2026-07-15,465,80,240,11,5.82
INV-003104,P-004,S-012,2026-07-15,482,102,306,10,4.73
INV-003105,P-005,S-008,2026-07-15,447,130,390,15,3.44
INV-003106,P-006,S-025,2026-07-15,462,99,297,7,4.67
INV-003107,P-007,S-042,2026-07-15,465,116,348,14,4.02
INV-003108,P-008,S-035,2026-07-15,436,124,372,11,3.52
INV-003109,P-009,S-010,2026-07-15,441,104,312,5,4.24
INV-003110,P-010,S-012,2026-07-15,539,89,267,10,6.06
INV-003111,P-011,S-019,2026-07-15,437,100,300,10,4.37
INV-003112,P-012,S-011,2026-07-15,412,86,258,15,4.8
INV-003113,P-013,S-043,2026-07-15,508,77,231,9,6.6
INV-003114,P-014,S-038,2026-07-15,465,125,375,15,3.72
INV-003115,P-015,S-009,2026-07-15,467,128,384,12,3.65
INV-003116,P-016,S-049,2026-07-15,502,124,372,13,4.05
INV-003117,P-017,S-050,2026-07-15,467,77,231,14,6.07
INV-003118,P-018,S-020,2026-07-15,582,68,204,10,8.57
INV-003119,P-019,S-041,2026-07-15,458,94,282,6,4.88
INV-003120,P-020,S-002,2026-07-15,462,118,354,13,3.92
INV-003121,P-021,S-022,2026-07-15,424,125,375,6,3.39
INV-003122,P-022,S-034,2026-07-15,422,129,387,3,3.27
INV-003123,P-023,S-003,2026-07-15,468,129,387,10,3.63
INV-003124,P-024,S-037,2026-07-15,369,58,174,8,6.37
INV-003125,P-025,S-045,2026-07-15,533,121,363,6,4.41
INV-003126,P-026,S-006,2026-07-15,498,95,285,12,5.25
INV-003127,P-027,S-042,2026-07-15,467,108,324,14,4.33
INV-003128,P-028,S-024,2026-07-15,513,130,390,10,3.95
INV-003129,P-029,S-045,2026-07-15,473,93,279,6,5.1
INV-003130,P-030,S-020,2026-07-15,474,78,234,10,6.08
INV-003131,P-031,S-019,2026-07-15,410,92,276,10,4.46
INV-003132,P-032,S-036,2026-07-15,428,83,249,10,5.16
INV-003133,P-033,S-044,2026-07-15,475,121,363,4,3.93
INV-003134,P-034,S-014,2026-07-15,478,112,336,8,4.28
INV-003135,P-035,S-015,2026-07-15,468,115,345,8,4.07
INV-003136,P-036,S-021,2026-07-15,493,65,195,12,7.59
INV-003137,P-037,S-030,2026-07-15,416,120,360,7,3.47
INV-003138,P-038,S-032,2026-07-15,514,107,321,13,4.81
INV-003139,P-039,S-024,2026-07-15,521,112,336,10,4.66
INV-003140,P-040,S-003,2026-07-15,431,72,216,10,5.99
INV-003141,P-041,S-032,2026-07-15,537,97,291,13,5.55
INV-003142,P-042,S-028,2026-07-15,461,84,252,3,5.49
INV-003143,P-043,S-037,2026-07-15,442,93,279,8,4.76
INV-003144,P-044,S-049,2026-07-15,469,60,180,13,7.83
INV-003145,P-045,S-003,2026-07-15,486,101,303,10,4.82
INV-003146,P-046,S-042,2026-07-15,449,92,276,14,4.88
INV-003147,P-047,S-018,2026-07-15,478,77,231,9,6.21
INV-003148,P-048,S-047,2026-07-15,424,126,378,12,3.37
INV-003149,P-049,S-002,2026-07-15,457,100,300,13,4.57
INV-003150,P-050,S-038,2026-07-15,537,111,333,15,4.84
INV-003151,P-001,S-021,2026-07-16,426,108,324,12,3.95
INV-003152,P-002,S-018,2026-07-16,386,109,327,9,3.54
INV-003153,P-003,S-035,2026-07-16,354,94,282,11,3.77
INV-003154,P-004,S-050,2026-07-16,416,89,267,14,4.68
INV-003155,P-005,S-046,2026-07-16,430,99,297,6,4.35
INV-003156,P-006,S-037,2026-07-16,464,80,240,8,5.8
INV-003157,P-007,S-004,2026-07-16,401,92,276,5,4.36
INV-003158,P-008,S-042,2026-07-16,411,106,318,14,3.88
INV-003159,P-009,S-024,2026-07-16,405,65,195,10,6.24
INV-003160,P-010,S-006,2026-07-16,276,117,351,12,2.36
INV-003161,P-011,S-032,2026-07-16,510,91,273,13,5.61
INV-003162,P-012,S-015,2026-07-16,451,117,351,8,3.86
INV-003163,P-013,S-037,2026-07-16,460,82,246,8,5.62
INV-003164,P-014,S-021,2026-07-16,405,89,267,12,4.56
INV-003165,P-015,S-034,2026-07-16,461,87,261,3,5.3
INV-003166,P-016,S-002,2026-07-16,434,51,153,13,8.52
INV-003167,P-017,S-017,2026-07-16,322,105,315,14,3.07
INV-003168,P-018,S-005,2026-07-16,437,104,312,7,4.21
INV-003169,P-019,S-029,2026-07-16,365,93,279,10,3.93
INV-003170,P-020,S-036,2026-07-16,408,81,243,10,5.04
INV-003171,P-021,S-021,2026-07-16,421,138,414,12,3.06
INV-003172,P-022,S-004,2026-07-16,537,101,303,5,5.33
INV-003173,P-023,S-015,2026-07-16,409,83,249,8,4.93
INV-003174,P-024,S-038,2026-07-16,387,103,309,15,3.76
INV-003175,P-025,S-007,2026-07-16,543,55,165,3,9.88
INV-003176,P-026,S-022,2026-07-16,473,92,276,6,5.15
INV-003177,P-027,S-022,2026-07-16,385,78,234,6,4.95
INV-003178,P-028,S-047,2026-07-16,377,120,360,12,3.14
INV-003179,P-029,S-050,2026-07-16,378,139,417,14,2.72
INV-003180,P-030,S-025,2026-07-16,541,87,261,7,6.22
INV-003181,P-031,S-024,2026-07-16,438,117,351,10,3.75
INV-003182,P-032,S-035,2026-07-16,359,97,291,11,3.71
INV-003183,P-033,S-028,2026-07-16,408,114,342,3,3.58
INV-003184,P-034,S-045,2026-07-16,427,143,429,6,2.99
INV-003185,P-035,S-039,2026-07-16,343,117,351,12,2.93
INV-003186,P-036,S-023,2026-07-16,413,87,261,12,4.75
INV-003187,P-037,S-027,2026-07-16,517,97,291,3,5.34
INV-003188,P-038,S-019,2026-07-16,347,99,297,10,3.51
INV-003189,P-039,S-032,2026-07-16,511,99,297,13,5.17
INV-003190,P-040,S-033,2026-07-16,527,107,321,5,4.93
INV-003191,P-041,S-039,2026-07-16,442,119,357,12,3.72
INV-003192,P-042,S-006,2026-07-16,374,90,270,12,4.16
INV-003193,P-043,S-034,2026-07-16,438,75,225,3,5.84
INV-003194,P-044,S-020,2026-07-16,463,84,252,10,5.52
INV-003195,P-045,S-028,2026-07-16,473,91,273,3,5.2
INV-003196,P-046,S-005,2026-07-16,419,110,330,7,3.81
INV-003197,P-047,S-027,2026-07-16,447,89,267,3,5.03
INV-003198,P-048,S-049,2026-07-16,392,107,321,13,3.67
INV-003199,P-049,S-048,2026-07-16,435,68,204,13,6.4
INV-003200,P-050,S-048,2026-07-16,404,112,336,13,3.61
INV-003201,P-001,S-023,2026-07-17,456,62,186,12,7.36
INV-003202,P-002,S-015,2026-07-17,509,127,381,8,4.01
INV-003203,P-003,S-045,2026-07-17,506,116,348,6,4.36
INV-003204,P-004,S-031,2026-07-17,519,120,360,9,4.33
INV-003205,P-005,S-005,2026-07-17,501,83,249,7,6.05
INV-003206,P-006,S-050,2026-07-17,449,109,327,14,4.13
INV-003207,P-007,S-026,2026-07-17,501,93,279,15,5.39
INV-003208,P-008,S-016,2026-07-17,471,97,291,8,4.86
INV-003209,P-009,S-042,2026-07-17,436,134,402,14,3.26
INV-003210,P-010,S-043,2026-07-17,442,134,402,9,3.3
INV-003211,P-011,S-036,2026-07-17,454,73,219,10,6.22
INV-003212,P-012,S-027,2026-07-17,426,71,213,3,6.0
INV-003213,P-013,S-029,2026-07-17,518,64,192,10,8.1
INV-003214,P-014,S-048,2026-07-17,501,97,291,13,5.17
INV-003215,P-015,S-019,2026-07-17,543,92,276,10,5.91
INV-003216,P-016,S-018,2026-07-17,472,98,294,9,4.82
INV-003217,P-017,S-002,2026-07-17,447,133,399,13,3.36
INV-003218,P-018,S-038,2026-07-17,467,126,378,15,3.71
INV-003219,P-019,S-022,2026-07-17,385,107,321,6,3.6
INV-003220,P-020,S-016,2026-07-17,477,110,330,8,4.34
INV-003221,P-021,S-041,2026-07-17,475,122,366,6,3.89
INV-003222,P-022,S-035,2026-07-17,376,108,324,11,3.48
INV-003223,P-023,S-042,2026-07-17,388,95,285,14,4.09
INV-003224,P-024,S-007,2026-07-17,482,114,342,3,4.24
INV-003225,P-025,S-021,2026-07-17,438,70,210,12,6.26
INV-003226,P-026,S-026,2026-07-17,417,58,174,15,7.2
INV-003227,P-027,S-023,2026-07-17,460,126,378,12,3.66
INV-003228,P-028,S-005,2026-07-17,380,100,300,7,3.81
INV-003229,P-029,S-036,2026-07-17,512,124,372,10,4.13
INV-003230,P-030,S-010,2026-07-17,433,88,264,5,4.92
INV-003231,P-031,S-026,2026-07-17,470,84,252,15,5.6
INV-003232,P-032,S-033,2026-07-17,435,113,339,5,3.85
INV-003233,P-033,S-030,2026-07-17,474,95,285,7,5.0
INV-003234,P-034,S-025,2026-07-17,419,124,372,7,3.38
INV-003235,P-035,S-037,2026-07-17,471,72,216,8,6.55
INV-003236,P-036,S-025,2026-07-17,421,99,297,7,4.25
INV-003237,P-037,S-050,2026-07-17,511,86,258,14,5.95
INV-003238,P-038,S-031,2026-07-17,441,109,327,9,4.05
INV-003239,P-039,S-007,2026-07-17,433,69,207,3,6.29
INV-003240,P-040,S-002,2026-07-17,430,77,231,13,5.6
INV-003241,P-041,S-012,2026-07-17,531,129,387,10,4.12
INV-003242,P-042,S-018,2026-07-17,443,110,330,9,4.03
INV-003243,P-043,S-038,2026-07-17,473,79,237,15,5.99
INV-003244,P-044,S-012,2026-07-17,517,97,291,10,5.34
INV-003245,P-045,S-014,2026-07-17,514,131,393,8,3.93
INV-003246,P-046,S-015,2026-07-17,534,75,225,8,7.13
INV-003247,P-047,S-043,2026-07-17,469,98,294,9,4.79
INV-003248,P-048,S-025,2026-07-17,553,68,204,7,8.13
INV-003249,P-049,S-013,2026-07-17,533,102,306,4,5.23
INV-003250,P-050,S-009,2026-07-17,442,70,210,12,6.32
INV-003251,P-001,S-020,2026-07-18,512,70,210,10,7.32
INV-003252,P-002,S-012,2026-07-18,523,50,150,10,10.48
INV-003253,P-003,S-019,2026-07-18,437,101,303,10,4.33
INV-003254,P-004,S-029,2026-07-18,518,77,231,10,6.73
INV-003255,P-005,S-049,2026-07-18,459,135,405,13,3.4
INV-003256,P-006,S-028,2026-07-18,417,98,294,3,4.26
INV-003257,P-007,S-021,2026-07-18,416,131,393,12,3.18
INV-003258,P-008,S-049,2026-07-18,476,103,309,13,4.62
INV-003259,P-009,S-026,2026-07-18,457,134,402,15,3.41
INV-003260,P-010,S-049,2026-07-18,504,105,315,13,4.81
INV-003261,P-011,S-029,2026-07-18,495,95,285,10,5.21
INV-003262,P-012,S-038,2026-07-18,425,104,312,15,4.09
INV-003263,P-013,S-044,2026-07-18,454,119,357,4,3.82
INV-003264,P-014,S-045,2026-07-18,427,105,315,6,4.07
INV-003265,P-015,S-021,2026-07-18,452,125,375,12,3.62
INV-003266,P-016,S-039,2026-07-18,463,78,234,12,5.94
INV-003267,P-017,S-039,2026-07-18,520,115,345,12,4.52
INV-003268,P-018,S-011,2026-07-18,512,116,348,15,4.42
INV-003269,P-019,S-027,2026-07-18,536,96,288,3,5.59
INV-003270,P-020,S-017,2026-07-18,471,125,375,14,3.77
INV-003271,P-021,S-037,2026-07-18,472,115,345,8,4.11
INV-003272,P-022,S-028,2026-07-18,423,109,327,3,3.89
INV-003273,P-023,S-012,2026-07-18,520,110,330,10,4.73
INV-003274,P-024,S-050,2026-07-18,508,79,237,14,6.44
INV-003275,P-025,S-036,2026-07-18,449,68,204,10,6.61
INV-003276,P-026,S-004,2026-07-18,473,119,357,5,3.98
INV-003277,P-027,S-049,2026-07-18,553,88,264,13,6.29
INV-003278,P-028,S-038,2026-07-18,519,59,177,15,8.81
INV-003279,P-029,S-042,2026-07-18,435,77,231,14,5.65
INV-003280,P-030,S-044,2026-07-18,501,116,348,4,4.33
INV-003281,P-031,S-004,2026-07-18,478,77,231,5,6.21
INV-003282,P-032,S-008,2026-07-18,491,89,267,15,5.52
INV-003283,P-033,S-042,2026-07-18,461,101,303,14,4.57
INV-003284,P-034,S-042,2026-07-18,457,90,270,14,5.08
INV-003285,P-035,S-046,2026-07-18,344,84,252,6,4.1
INV-003286,P-036,S-034,2026-07-18,483,106,318,3,4.56
INV-003287,P-037,S-023,2026-07-18,527,117,351,12,4.51
INV-003288,P-038,S-009,2026-07-18,415,115,345,12,3.61
INV-003289,P-039,S-021,2026-07-18,483,108,324,12,4.48
INV-003290,P-040,S-037,2026-07-18,484,91,273,8,5.33
INV-003291,P-041,S-039,2026-07-18,431,96,288,12,4.5
INV-003292,P-042,S-018,2026-07-18,526,131,393,9,4.02
INV-003293,P-043,S-033,2026-07-18,486,62,186,5,7.84
INV-003294,P-044,S-045,2026-07-18,508,94,282,6,5.41
INV-003295,P-045,S-016,2026-07-18,552,108,324,8,5.12
INV-003296,P-046,S-049,2026-07-18,451,108,324,13,4.18
INV-003297,P-047,S-006,2026-07-18,436,76,228,12,5.74
INV-003298,P-048,S-018,2026-07-18,375,84,252,9,4.47
INV-003299,P-049,S-032,2026-07-18,440,106,318,13,4.15
INV-003300,P-050,S-036,2026-07-18,535,75,225,10,7.14
INV-003301,P-001,S-040,2026-07-19,486,94,282,5,5.17
INV-003302,P-002,S-010,2026-07-19,530,100,300,5,5.31
INV-003303,P-003,S-036,2026-07-19,482,90,270,10,5.36
INV-003304,P-004,S-024,2026-07-19,488,124,372,10,3.94
INV-003305,P-005,S-025,2026-07-19,509,78,234,7,6.54
INV-003306,P-006,S-011,2026-07-19,467,112,336,15,4.17
INV-003307,P-007,S-001,2026-07-19,528,108,324,9,4.9
INV-003308,P-008,S-024,2026-07-19,476,120,360,10,3.97
INV-003309,P-009,S-036,2026-07-19,457,91,273,10,5.03
INV-003310,P-010,S-024,2026-07-19,476,105,315,10,4.54
INV-003311,P-011,S-027,2026-07-19,405,130,390,3,3.12
INV-003312,P-012,S-002,2026-07-19,512,85,255,13,6.03
INV-003313,P-013,S-040,2026-07-19,523,91,273,5,5.76
INV-003314,P-014,S-027,2026-07-19,409,91,273,3,4.5
INV-003315,P-015,S-014,2026-07-19,476,129,387,8,3.69
INV-003316,P-016,S-050,2026-07-19,521,82,246,14,6.37
INV-003317,P-017,S-027,2026-07-19,485,124,372,3,3.91
INV-003318,P-018,S-022,2026-07-19,450,96,288,6,4.69
INV-003319,P-019,S-034,2026-07-19,434,88,264,3,4.94
INV-003320,P-020,S-003,2026-07-19,569,108,324,10,5.28
INV-003321,P-021,S-038,2026-07-19,442,107,321,15,4.13
INV-003322,P-022,S-028,2026-07-19,541,57,171,3,9.5
INV-003323,P-023,S-045,2026-07-19,462,133,399,6,3.47
INV-003324,P-024,S-047,2026-07-19,490,80,240,12,6.13
INV-003325,P-025,S-026,2026-07-19,414,69,207,15,6.01
INV-003326,P-026,S-039,2026-07-19,400,69,207,12,5.81
INV-003327,P-027,S-005,2026-07-19,453,126,378,7,3.6
INV-003328,P-028,S-020,2026-07-19,463,89,267,10,5.21
INV-003329,P-029,S-009,2026-07-19,451,83,249,12,5.44
INV-003330,P-030,S-026,2026-07-19,469,93,279,15,5.05
INV-003331,P-031,S-040,2026-07-19,494,90,270,5,5.49
INV-003332,P-032,S-044,2026-07-19,514,107,321,4,4.81
INV-003333,P-033,S-039,2026-07-19,570,71,213,12,8.04
INV-003334,P-034,S-045,2026-07-19,434,88,264,6,4.94
INV-003335,P-035,S-045,2026-07-19,479,117,351,6,4.1
INV-003336,P-036,S-028,2026-07-19,466,90,270,3,5.18
INV-003337,P-037,S-005,2026-07-19,496,112,336,7,4.43
INV-003338,P-038,S-011,2026-07-19,476,108,324,15,4.42
INV-003339,P-039,S-041,2026-07-19,424,105,315,6,4.04
INV-003340,P-040,S-039,2026-07-19,452,78,234,12,5.81
INV-003341,P-041,S-004,2026-07-19,520,87,261,5,5.99
INV-003342,P-042,S-035,2026-07-19,419,113,339,11,3.71
INV-003343,P-043,S-017,2026-07-19,539,97,291,14,5.56
INV-003344,P-044,S-029,2026-07-19,339,90,270,10,3.77
INV-003345,P-045,S-049,2026-07-19,504,73,219,13,6.9
INV-003346,P-046,S-007,2026-07-19,502,109,327,3,4.61
INV-003347,P-047,S-008,2026-07-19,554,34,102,15,16.3
INV-003348,P-048,S-018,2026-07-19,473,95,285,9,4.99
INV-003349,P-049,S-043,2026-07-19,504,103,309,9,4.89
INV-003350,P-050,S-046,2026-07-19,560,104,312,6,5.39
INV-003351,P-001,S-012,2026-07-20,393,108,324,10,3.64
INV-003352,P-002,S-020,2026-07-20,370,106,318,10,3.49
INV-003353,P-003,S-005,2026-07-20,399,89,267,7,4.49
INV-003354,P-004,S-023,2026-07-20,344,96,288,12,3.58
INV-003355,P-005,S-015,2026-07-20,348,69,207,8,5.04
INV-003356,P-006,S-041,2026-07-20,331,123,369,6,2.69
INV-003357,P-007,S-012,2026-07-20,375,134,402,10,2.8
INV-003358,P-008,S-015,2026-07-20,273,97,291,8,2.82
INV-003359,P-009,S-018,2026-07-20,383,92,276,9,4.17
INV-003360,P-010,S-039,2026-07-20,414,95,285,12,4.36
INV-003361,P-011,S-002,2026-07-20,357,91,273,13,3.92
INV-003362,P-012,S-031,2026-07-20,370,112,336,9,3.31
INV-003363,P-013,S-006,2026-07-20,373,119,357,12,3.14
INV-003364,P-014,S-036,2026-07-20,328,124,372,10,2.65
INV-003365,P-015,S-037,2026-07-20,358,131,393,8,2.74
INV-003366,P-016,S-022,2026-07-20,403,79,237,6,5.1
INV-003367,P-017,S-044,2026-07-20,336,104,312,4,3.24
INV-003368,P-018,S-041,2026-07-20,364,112,336,6,3.26
INV-003369,P-019,S-017,2026-07-20,392,101,303,14,3.88
INV-003370,P-020,S-029,2026-07-20,285,154,462,10,1.85
INV-003371,P-021,S-045,2026-07-20,309,137,411,6,2.26
INV-003372,P-022,S-030,2026-07-20,423,79,237,7,5.35
INV-003373,P-023,S-038,2026-07-20,481,70,210,15,6.88
INV-003374,P-024,S-018,2026-07-20,461,93,279,9,4.96
INV-003375,P-025,S-049,2026-07-20,329,112,336,13,2.94
INV-003376,P-026,S-039,2026-07-20,405,52,156,12,7.81
INV-003377,P-027,S-048,2026-07-20,420,105,315,13,4.0
INV-003378,P-028,S-046,2026-07-20,367,106,318,6,3.46
INV-003379,P-029,S-007,2026-07-20,316,88,264,3,3.6
INV-003380,P-030,S-012,2026-07-20,462,60,180,10,7.71
INV-003381,P-031,S-040,2026-07-20,301,105,315,5,2.87
INV-003382,P-032,S-018,2026-07-20,379,82,246,9,4.63
INV-003383,P-033,S-003,2026-07-20,401,93,279,10,4.32
INV-003384,P-034,S-003,2026-07-20,328,110,330,10,2.99
INV-003385,P-035,S-030,2026-07-20,326,129,387,7,2.53
INV-003386,P-036,S-030,2026-07-20,364,90,270,7,4.05
INV-003387,P-037,S-047,2026-07-20,367,90,270,12,4.08
INV-003388,P-038,S-027,2026-07-20,354,109,327,3,3.26
INV-003389,P-039,S-024,2026-07-20,314,108,324,10,2.91
INV-003390,P-040,S-033,2026-07-20,377,93,279,5,4.06
INV-003391,P-041,S-033,2026-07-20,316,115,345,5,2.75
INV-003392,P-042,S-047,2026-07-20,369,106,318,12,3.48
INV-003393,P-043,S-023,2026-07-20,439,82,246,12,5.36
INV-003394,P-044,S-032,2026-07-20,421,80,240,13,5.27
INV-003395,P-045,S-034,2026-07-20,341,81,243,3,4.21
INV-003396,P-046,S-029,2026-07-20,358,68,204,10,5.27
INV-003397,P-047,S-041,2026-07-20,279,108,324,6,2.59
INV-003398,P-048,S-002,2026-07-20,369,93,279,13,3.97
INV-003399,P-049,S-031,2026-07-20,341,98,294,9,3.48
INV-003400,P-050,S-004,2026-07-20,400,92,276,5,4.36
INV-003401,P-001,S-039,2026-07-21,507,103,309,12,4.93
INV-003402,P-002,S-020,2026-07-21,493,92,276,10,5.36
INV-003403,P-003,S-039,2026-07-21,489,92,276,12,5.32
INV-003404,P-004,S-012,2026-07-21,428,120,360,10,3.57
INV-003405,P-005,S-022,2026-07-21,487,44,132,6,11.07
INV-003406,P-006,S-047,2026-07-21,419,125,375,12,3.36
INV-003407,P-007,S-013,2026-07-21,480,106,318,4,4.53
INV-003408,P-008,S-021,2026-07-21,508,125,375,12,4.07
INV-003409,P-009,S-008,2026-07-21,518,58,174,15,8.93
INV-003410,P-010,S-025,2026-07-21,498,81,243,7,6.16
INV-003411,P-011,S-038,2026-07-21,468,84,252,15,5.58
INV-003412,P-012,S-043,2026-07-21,446,127,381,9,3.52
INV-003413,P-013,S-015,2026-07-21,379,104,312,8,3.65
INV-003414,P-014,S-029,2026-07-21,441,104,312,10,4.25
INV-003415,P-015,S-011,2026-07-21,559,125,375,15,4.48
INV-003416,P-016,S-005,2026-07-21,391,98,294,7,4.0
INV-003417,P-017,S-035,2026-07-21,537,99,297,11,5.43
INV-003418,P-018,S-025,2026-07-21,396,115,345,7,3.45
INV-003419,P-019,S-050,2026-07-21,565,81,243,14,6.99
INV-003420,P-020,S-013,2026-07-21,534,107,321,4,4.99
INV-003421,P-021,S-036,2026-07-21,525,122,366,10,4.31
INV-003422,P-022,S-033,2026-07-21,492,71,213,5,6.93
INV-003423,P-023,S-035,2026-07-21,451,92,276,11,4.91
INV-003424,P-024,S-036,2026-07-21,460,90,270,10,5.12
INV-003425,P-025,S-044,2026-07-21,508,75,225,4,6.78
INV-003426,P-026,S-023,2026-07-21,507,94,282,12,5.4
INV-003427,P-027,S-035,2026-07-21,381,83,249,11,4.6
INV-003428,P-028,S-021,2026-07-21,583,93,279,12,6.27
INV-003429,P-029,S-034,2026-07-21,450,116,348,3,3.88
INV-003430,P-030,S-039,2026-07-21,448,119,357,12,3.77
INV-003431,P-031,S-049,2026-07-21,529,109,327,13,4.85
INV-003432,P-032,S-020,2026-07-21,412,92,276,10,4.48
INV-003433,P-033,S-013,2026-07-21,459,99,297,4,4.64
INV-003434,P-034,S-016,2026-07-21,422,75,225,8,5.64
INV-003435,P-035,S-048,2026-07-21,613,47,141,13,13.06
INV-003436,P-036,S-048,2026-07-21,509,118,354,13,4.32
INV-003437,P-037,S-029,2026-07-21,483,110,330,10,4.39
INV-003438,P-038,S-036,2026-07-21,542,101,303,10,5.37
INV-003439,P-039,S-026,2026-07-21,476,114,342,15,4.18
INV-003440,P-040,S-016,2026-07-21,511,84,252,8,6.09
INV-003441,P-041,S-045,2026-07-21,442,121,363,6,3.66
INV-003442,P-042,S-014,2026-07-21,473,129,387,8,3.67
INV-003443,P-043,S-033,2026-07-21,497,87,261,5,5.71
INV-003444,P-044,S-025,2026-07-21,449,82,246,7,5.49
INV-003445,P-045,S-018,2026-07-21,588,113,339,9,5.21
INV-003446,P-046,S-036,2026-07-21,525,79,237,10,6.65
INV-003447,P-047,S-015,2026-07-21,492,124,372,8,3.97
INV-003448,P-048,S-012,2026-07-21,523,117,351,10,4.47
INV-003449,P-049,S-024,2026-07-21,420,78,234,10,5.39
INV-003450,P-050,S-037,2026-07-21,521,104,312,8,5.02
INV-003451,P-001,S-010,2026-07-22,476,88,264,5,5.42
INV-003452,P-002,S-037,2026-07-22,323,127,381,8,2.55
INV-003453,P-003,S-001,2026-07-22,328,111,333,9,2.96
INV-003454,P-004,S-003,2026-07-22,352,93,279,10,3.79
INV-003455,P-005,S-037,2026-07-22,388,77,231,8,5.05
INV-003456,P-006,S-033,2026-07-22,435,110,330,5,3.96
INV-003457,P-007,S-040,2026-07-22,408,98,294,5,4.17
INV-003458,P-008,S-003,2026-07-22,404,102,306,10,3.97
INV-003459,P-009,S-007,2026-07-22,415,101,303,3,4.12
INV-003460,P-010,S-015,2026-07-22,450,123,369,8,3.67
INV-003461,P-011,S-022,2026-07-22,455,85,255,6,5.35
INV-003462,P-012,S-005,2026-07-22,472,81,243,7,5.84
INV-003463,P-013,S-012,2026-07-22,412,124,372,10,3.32
INV-003464,P-014,S-002,2026-07-22,409,84,252,13,4.88
INV-003465,P-015,S-005,2026-07-22,464,120,360,7,3.87
INV-003466,P-016,S-005,2026-07-22,304,114,342,7,2.67
INV-003467,P-017,S-015,2026-07-22,379,82,246,8,4.62
INV-003468,P-018,S-005,2026-07-22,413,107,321,7,3.86
INV-003469,P-019,S-045,2026-07-22,459,100,300,6,4.59
INV-003470,P-020,S-046,2026-07-22,398,150,450,6,2.66
INV-003471,P-021,S-050,2026-07-22,304,126,378,14,2.42
INV-003472,P-022,S-023,2026-07-22,508,46,138,12,11.04
INV-003473,P-023,S-024,2026-07-22,397,116,348,10,3.43
INV-003474,P-024,S-019,2026-07-22,469,130,390,10,3.61
INV-003475,P-025,S-003,2026-07-22,456,111,333,10,4.11
INV-003476,P-026,S-020,2026-07-22,418,125,375,10,3.35
INV-003477,P-027,S-048,2026-07-22,492,77,231,13,6.4
INV-003478,P-028,S-036,2026-07-22,486,72,216,10,6.76
INV-003479,P-029,S-044,2026-07-22,490,134,402,4,3.66
INV-003480,P-030,S-047,2026-07-22,382,104,312,12,3.68
INV-003481,P-031,S-027,2026-07-22,434,63,189,3,6.9
INV-003482,P-032,S-002,2026-07-22,408,100,300,13,4.08
INV-003483,P-033,S-001,2026-07-22,382,109,327,9,3.51
INV-003484,P-034,S-002,2026-07-22,454,64,192,13,7.1
INV-003485,P-035,S-027,2026-07-22,483,68,204,3,7.11
INV-003486,P-036,S-033,2026-07-22,484,90,270,5,5.38
INV-003487,P-037,S-043,2026-07-22,436,109,327,9,4.01
INV-003488,P-038,S-021,2026-07-22,429,98,294,12,4.39
INV-003489,P-039,S-005,2026-07-22,429,116,348,7,3.71
INV-003490,P-040,S-026,2026-07-22,469,84,252,15,5.59
INV-003491,P-041,S-029,2026-07-22,434,100,300,10,4.34
INV-003492,P-042,S-010,2026-07-22,468,99,297,5,4.73
INV-003493,P-043,S-036,2026-07-22,355,73,219,10,4.87
INV-003494,P-044,S-003,2026-07-22,459,105,315,10,4.38
INV-003495,P-045,S-049,2026-07-22,483,95,285,13,5.09
INV-003496,P-046,S-005,2026-07-22,386,94,282,7,4.11
INV-003497,P-047,S-029,2026-07-22,403,94,282,10,4.29
INV-003498,P-048,S-027,2026-07-22,483,84,252,3,5.76
INV-003499,P-049,S-021,2026-07-22,380,83,249,12,4.58
INV-003500,P-050,S-007,2026-07-22,481,98,294,3,4.92
INV-003501,P-001,S-001,2026-07-23,377,104,312,9,3.63
INV-003502,P-002,S-010,2026-07-23,426,91,273,5,4.69
INV-003503,P-003,S-028,2026-07-23,426,89,267,3,4.79
INV-003504,P-004,S-014,2026-07-23,309,134,402,8,2.31
INV-003505,P-005,S-010,2026-07-23,351,114,342,5,3.08
INV-003506,P-006,S-045,2026-07-23,456,67,201,6,6.82
INV-003507,P-007,S-013,2026-07-23,356,133,399,4,2.68
INV-003508,P-008,S-008,2026-07-23,500,76,228,15,6.58
INV-003509,P-009,S-019,2026-07-23,392,102,306,10,3.85
INV-003510,P-010,S-045,2026-07-23,506,100,300,6,5.06
INV-003511,P-011,S-013,2026-07-23,437,107,321,4,4.09
INV-003512,P-012,S-041,2026-07-23,548,70,210,6,7.83
INV-003513,P-013,S-044,2026-07-23,405,100,300,4,4.05
INV-003514,P-014,S-049,2026-07-23,356,112,336,13,3.19
INV-003515,P-015,S-002,2026-07-23,378,115,345,13,3.29
INV-003516,P-016,S-013,2026-07-23,417,105,315,4,3.97
INV-003517,P-017,S-030,2026-07-23,453,128,384,7,3.54
INV-003518,P-018,S-044,2026-07-23,523,64,192,4,8.18
INV-003519,P-019,S-043,2026-07-23,351,81,243,9,4.34
INV-003520,P-020,S-033,2026-07-23,409,98,294,5,4.18
INV-003521,P-021,S-036,2026-07-23,547,82,246,10,6.68
INV-003522,P-022,S-024,2026-07-23,439,134,402,10,3.28
INV-003523,P-023,S-030,2026-07-23,388,118,354,7,3.29
INV-003524,P-024,S-013,2026-07-23,429,98,294,4,4.38
INV-003525,P-025,S-048,2026-07-23,352,108,324,13,3.26
INV-003526,P-026,S-010,2026-07-23,419,96,288,5,4.37
INV-003527,P-027,S-017,2026-07-23,423,111,333,14,3.81
INV-003528,P-028,S-028,2026-07-23,454,111,333,3,4.09
INV-003529,P-029,S-037,2026-07-23,454,105,315,8,4.32
INV-003530,P-030,S-015,2026-07-23,456,122,366,8,3.74
INV-003531,P-031,S-046,2026-07-23,387,140,420,6,2.76
INV-003532,P-032,S-005,2026-07-23,389,108,324,7,3.6
INV-003533,P-033,S-033,2026-07-23,430,102,306,5,4.22
INV-003534,P-034,S-007,2026-07-23,455,90,270,3,5.06
INV-003535,P-035,S-035,2026-07-23,412,64,192,11,6.45
INV-003536,P-036,S-011,2026-07-23,443,64,192,15,6.93
INV-003537,P-037,S-042,2026-07-23,428,117,351,14,3.66
INV-003538,P-038,S-040,2026-07-23,462,73,219,5,6.33
INV-003539,P-039,S-028,2026-07-23,443,104,312,3,4.27
INV-003540,P-040,S-048,2026-07-23,486,101,303,13,4.82
INV-003541,P-041,S-026,2026-07-23,430,99,297,15,4.35
INV-003542,P-042,S-005,2026-07-23,545,74,222,7,7.37
INV-003543,P-043,S-030,2026-07-23,444,118,354,7,3.76
INV-003544,P-044,S-029,2026-07-23,419,93,279,10,4.51
INV-003545,P-045,S-041,2026-07-23,445,109,327,6,4.09
INV-003546,P-046,S-024,2026-07-23,433,115,345,10,3.77
INV-003547,P-047,S-029,2026-07-23,521,93,279,10,5.6
INV-003548,P-048,S-038,2026-07-23,517,96,288,15,5.39
INV-003549,P-049,S-017,2026-07-23,443,108,324,14,4.1
INV-003550,P-050,S-031,2026-07-23,484,70,210,9,6.91
INV-003551,P-001,S-018,2026-07-24,422,111,333,9,3.8
INV-003552,P-002,S-027,2026-07-24,392,75,225,3,5.23
INV-003553,P-003,S-026,2026-07-24,475,72,216,15,6.6
INV-003554,P-004,S-025,2026-07-24,424,124,372,7,3.42
INV-003555,P-005,S-017,2026-07-24,449,114,342,14,3.94
INV-003556,P-006,S-044,2026-07-24,382,102,306,4,3.75
INV-003557,P-007,S-048,2026-07-24,415,103,309,13,4.03
INV-003558,P-008,S-032,2026-07-24,450,81,243,13,5.56
INV-003559,P-009,S-043,2026-07-24,455,84,252,9,5.42
INV-003560,P-010,S-016,2026-07-24,560,119,357,8,4.71
INV-003561,P-011,S-025,2026-07-24,408,83,249,7,4.93
INV-003562,P-012,S-042,2026-07-24,409,109,327,14,3.76
INV-003563,P-013,S-040,2026-07-24,475,82,246,5,5.8
INV-003564,P-014,S-026,2026-07-24,382,98,294,15,3.91
INV-003565,P-015,S-019,2026-07-24,422,118,354,10,3.58
INV-003566,P-016,S-003,2026-07-24,404,94,282,10,4.3
INV-003567,P-017,S-019,2026-07-24,480,73,219,10,6.59
INV-003568,P-018,S-014,2026-07-24,474,98,294,8,4.85
INV-003569,P-019,S-039,2026-07-24,363,143,429,12,2.54
INV-003570,P-020,S-012,2026-07-24,456,153,459,10,2.98
INV-003571,P-021,S-007,2026-07-24,409,99,297,3,4.14
INV-003572,P-022,S-043,2026-07-24,440,117,351,9,3.77
INV-003573,P-023,S-049,2026-07-24,402,116,348,13,3.47
INV-003574,P-024,S-029,2026-07-24,370,123,369,10,3.01
INV-003575,P-025,S-002,2026-07-24,481,86,258,13,5.59
INV-003576,P-026,S-005,2026-07-24,456,66,198,7,6.92
INV-003577,P-027,S-036,2026-07-24,410,81,243,10,5.06
INV-003578,P-028,S-046,2026-07-24,428,91,273,6,4.7
INV-003579,P-029,S-026,2026-07-24,449,142,426,15,3.17
INV-003580,P-030,S-038,2026-07-24,451,97,291,15,4.66
INV-003581,P-031,S-032,2026-07-24,427,69,207,13,6.19
INV-003582,P-032,S-037,2026-07-24,489,109,327,8,4.49
INV-003583,P-033,S-037,2026-07-24,497,130,390,8,3.82
INV-003584,P-034,S-019,2026-07-24,384,105,315,10,3.67
INV-003585,P-035,S-044,2026-07-24,438,109,327,4,4.02
INV-003586,P-036,S-043,2026-07-24,564,105,315,9,5.38
INV-003587,P-037,S-014,2026-07-24,386,141,423,8,2.74
INV-003588,P-038,S-013,2026-07-24,591,98,294,4,6.04
INV-003589,P-039,S-047,2026-07-24,458,89,267,12,5.15
INV-003590,P-040,S-020,2026-07-24,333,116,348,10,2.87
INV-003591,P-041,S-019,2026-07-24,387,91,273,10,4.25
INV-003592,P-042,S-031,2026-07-24,509,83,249,9,6.14
INV-003593,P-043,S-018,2026-07-24,462,81,243,9,5.7
INV-003594,P-044,S-041,2026-07-24,379,117,351,6,3.25
INV-003595,P-045,S-027,2026-07-24,469,100,300,3,4.7
INV-003596,P-046,S-007,2026-07-24,514,123,369,3,4.18
INV-003597,P-047,S-025,2026-07-24,462,120,360,7,3.86
INV-003598,P-048,S-046,2026-07-24,330,77,231,6,4.29
INV-003599,P-049,S-002,2026-07-24,418,119,357,13,3.52
INV-003600,P-050,S-024,2026-07-24,307,52,156,10,5.91
INV-003601,P-001,S-037,2026-07-25,469,88,264,8,5.33
INV-003602,P-002,S-032,2026-07-25,340,113,339,13,3.02
INV-003603,P-003,S-027,2026-07-25,443,115,345,3,3.86
INV-003604,P-004,S-028,2026-07-25,419,124,372,3,3.38
INV-003605,P-005,S-027,2026-07-25,405,99,297,3,4.1
INV-003606,P-006,S-044,2026-07-25,530,76,228,4,6.98
INV-003607,P-007,S-001,2026-07-25,405,119,357,9,3.4
INV-003608,P-008,S-041,2026-07-25,482,99,297,6,4.88
INV-003609,P-009,S-023,2026-07-25,394,81,243,12,4.87
INV-003610,P-010,S-045,2026-07-25,395,96,288,6,4.12
INV-003611,P-011,S-037,2026-07-25,388,114,342,8,3.41
INV-003612,P-012,S-001,2026-07-25,405,90,270,9,4.5
INV-003613,P-013,S-016,2026-07-25,434,124,372,8,3.5
INV-003614,P-014,S-023,2026-07-25,331,121,363,12,2.74
INV-003615,P-015,S-021,2026-07-25,374,65,195,12,5.77
INV-003616,P-016,S-016,2026-07-25,285,130,390,8,2.2
INV-003617,P-017,S-009,2026-07-25,425,106,318,12,4.01
INV-003618,P-018,S-031,2026-07-25,391,115,345,9,3.41
INV-003619,P-019,S-043,2026-07-25,395,106,318,9,3.73
INV-003620,P-020,S-001,2026-07-25,437,95,285,9,4.61
INV-003621,P-021,S-019,2026-07-25,494,85,255,10,5.81
INV-003622,P-022,S-035,2026-07-25,432,99,297,11,4.37
INV-003623,P-023,S-038,2026-07-25,424,113,339,15,3.76
INV-003624,P-024,S-042,2026-07-25,432,123,369,14,3.52
INV-003625,P-025,S-030,2026-07-25,490,70,210,7,7.0
INV-003626,P-026,S-019,2026-07-25,473,74,222,10,6.4
INV-003627,P-027,S-042,2026-07-25,360,74,222,14,4.87
INV-003628,P-028,S-026,2026-07-25,388,149,447,15,2.61
INV-003629,P-029,S-009,2026-07-25,413,105,315,12,3.94
INV-003630,P-030,S-036,2026-07-25,317,95,285,10,3.34
INV-003631,P-031,S-040,2026-07-25,340,116,348,5,2.94
INV-003632,P-032,S-008,2026-07-25,428,143,429,15,3.0
INV-003633,P-033,S-018,2026-07-25,415,80,240,9,5.2
INV-003634,P-034,S-044,2026-07-25,397,103,309,4,3.86
INV-003635,P-035,S-028,2026-07-25,391,132,396,3,2.97
INV-003636,P-036,S-044,2026-07-25,465,91,273,4,5.11
INV-003637,P-037,S-046,2026-07-25,385,85,255,6,4.53
INV-003638,P-038,S-032,2026-07-25,275,107,321,13,2.57
INV-003639,P-039,S-030,2026-07-25,373,95,285,7,3.93
INV-003640,P-040,S-022,2026-07-25,434,63,189,6,6.9
INV-003641,P-041,S-017,2026-07-25,405,117,351,14,3.46
INV-003642,P-042,S-048,2026-07-25,407,112,336,13,3.64
INV-003643,P-043,S-042,2026-07-25,418,76,228,14,5.51
INV-003644,P-044,S-013,2026-07-25,326,135,405,4,2.42
INV-003645,P-045,S-008,2026-07-25,410,118,354,15,3.48
INV-003646,P-046,S-036,2026-07-25,300,120,360,10,2.5
INV-003647,P-047,S-029,2026-07-25,326,90,270,10,3.63
INV-003648,P-048,S-017,2026-07-25,435,107,321,14,4.07
INV-003649,P-049,S-027,2026-07-25,421,98,294,3,4.3
INV-003650,P-050,S-007,2026-07-25,442,115,345,3,3.85
INV-003651,P-001,S-040,2026-07-26,359,120,360,5,3.0
INV-003652,P-002,S-009,2026-07-26,547,49,147,12,11.17
INV-003653,P-003,S-032,2026-07-26,428,87,261,13,4.92
INV-003654,P-004,S-005,2026-07-26,385,71,213,7,5.42
INV-003655,P-005,S-015,2026-07-26,502,88,264,8,5.71
INV-003656,P-006,S-045,2026-07-26,368,86,258,6,4.28
INV-003657,P-007,S-026,2026-07-26,409,81,243,15,5.05
INV-003658,P-008,S-041,2026-07-26,529,68,204,6,7.78
INV-003659,P-009,S-020,2026-07-26,456,89,267,10,5.12
INV-003660,P-010,S-040,2026-07-26,454,65,195,5,7.0
INV-003661,P-011,S-006,2026-07-26,385,93,279,12,4.14
INV-003662,P-012,S-038,2026-07-26,385,99,297,15,3.89
INV-003663,P-013,S-028,2026-07-26,413,84,252,3,4.92
INV-003664,P-014,S-010,2026-07-26,371,128,384,5,2.9
INV-003665,P-015,S-001,2026-07-26,431,103,309,9,4.19
INV-003666,P-016,S-003,2026-07-26,423,93,279,10,4.55
INV-003667,P-017,S-034,2026-07-26,558,71,213,3,7.86
INV-003668,P-018,S-005,2026-07-26,491,81,243,7,6.07
INV-003669,P-019,S-021,2026-07-26,449,98,294,12,4.58
INV-003670,P-020,S-019,2026-07-26,394,100,300,10,3.95
INV-003671,P-021,S-021,2026-07-26,411,119,357,12,3.46
INV-003672,P-022,S-028,2026-07-26,424,91,273,3,4.67
INV-003673,P-023,S-013,2026-07-26,455,82,246,4,5.56
INV-003674,P-024,S-032,2026-07-26,389,79,237,13,4.93
INV-003675,P-025,S-016,2026-07-26,411,87,261,8,4.73
INV-003676,P-026,S-049,2026-07-26,377,142,426,13,2.66
INV-003677,P-027,S-050,2026-07-26,447,126,378,14,3.55
INV-003678,P-028,S-009,2026-07-26,442,101,303,12,4.38
INV-003679,P-029,S-050,2026-07-26,394,124,372,14,3.19
INV-003680,P-030,S-019,2026-07-26,479,120,360,10,4.0
INV-003681,P-031,S-049,2026-07-26,500,89,267,13,5.62
INV-003682,P-032,S-020,2026-07-26,409,99,297,10,4.14
INV-003683,P-033,S-029,2026-07-26,448,112,336,10,4.01
INV-003684,P-034,S-021,2026-07-26,484,116,348,12,4.17
INV-003685,P-035,S-036,2026-07-26,527,94,282,10,5.61
INV-003686,P-036,S-010,2026-07-26,421,126,378,5,3.35
INV-003687,P-037,S-027,2026-07-26,409,126,378,3,3.25
INV-003688,P-038,S-013,2026-07-26,449,102,306,4,4.41
INV-003689,P-039,S-010,2026-07-26,447,81,243,5,5.52
INV-003690,P-040,S-013,2026-07-26,443,141,423,4,3.15
INV-003691,P-041,S-023,2026-07-26,445,123,369,12,3.62
INV-003692,P-042,S-036,2026-07-26,375,108,324,10,3.48
INV-003693,P-043,S-045,2026-07-26,404,91,273,6,4.45
INV-003694,P-044,S-026,2026-07-26,470,119,357,15,3.95
INV-003695,P-045,S-002,2026-07-26,435,100,300,13,4.36
INV-003696,P-046,S-036,2026-07-26,486,74,222,10,6.57
INV-003697,P-047,S-004,2026-07-26,375,100,300,5,3.76
INV-003698,P-048,S-044,2026-07-26,432,110,330,4,3.93
INV-003699,P-049,S-036,2026-07-26,371,109,327,10,3.41
INV-003700,P-050,S-049,2026-07-26,415,88,264,13,4.72
INV-003701,P-001,S-037,2026-07-27,457,84,252,8,5.45
INV-003702,P-002,S-024,2026-07-27,441,103,309,10,4.29
INV-003703,P-003,S-046,2026-07-27,540,81,243,6,6.68
INV-003704,P-004,S-036,2026-07-27,514,97,291,10,5.31
INV-003705,P-005,S-045,2026-07-27,474,83,249,6,5.71
INV-003706,P-006,S-048,2026-07-27,490,86,258,13,5.7
INV-003707,P-007,S-010,2026-07-27,506,98,294,5,5.17
INV-003708,P-008,S-006,2026-07-27,455,107,321,12,4.26
INV-003709,P-009,S-031,2026-07-27,471,105,315,9,4.49
INV-003710,P-010,S-041,2026-07-27,392,77,231,6,5.09
INV-003711,P-011,S-009,2026-07-27,401,102,306,12,3.93
INV-003712,P-012,S-025,2026-07-27,564,101,303,7,5.59
INV-003713,P-013,S-027,2026-07-27,438,131,393,3,3.35
INV-003714,P-014,S-015,2026-07-27,363,141,423,8,2.58
INV-003715,P-015,S-033,2026-07-27,367,79,237,5,4.65
INV-003716,P-016,S-026,2026-07-27,562,128,384,15,4.4
INV-003717,P-017,S-039,2026-07-27,468,103,309,12,4.55
INV-003718,P-018,S-048,2026-07-27,445,105,315,13,4.24
INV-003719,P-019,S-009,2026-07-27,430,76,228,12,5.66
INV-003720,P-020,S-044,2026-07-27,519,116,348,4,4.48
INV-003721,P-021,S-010,2026-07-27,364,84,252,5,4.34
INV-003722,P-022,S-029,2026-07-27,476,128,384,10,3.72
INV-003723,P-023,S-039,2026-07-27,430,74,222,12,5.81
INV-003724,P-024,S-029,2026-07-27,501,117,351,10,4.28
INV-003725,P-025,S-048,2026-07-27,518,112,336,13,4.63
INV-003726,P-026,S-010,2026-07-27,405,132,396,5,3.07
INV-003727,P-027,S-040,2026-07-27,444,126,378,5,3.53
INV-003728,P-028,S-044,2026-07-27,430,93,279,4,4.62
INV-003729,P-029,S-029,2026-07-27,531,62,186,10,8.56
INV-003730,P-030,S-041,2026-07-27,451,102,306,6,4.42
INV-003731,P-031,S-041,2026-07-27,446,127,381,6,3.51
INV-003732,P-032,S-008,2026-07-27,396,131,393,15,3.03
INV-003733,P-033,S-048,2026-07-27,426,91,273,13,4.69
INV-003734,P-034,S-011,2026-07-27,486,111,333,15,4.38
INV-003735,P-035,S-027,2026-07-27,515,78,234,3,6.61
INV-003736,P-036,S-014,2026-07-27,527,106,318,8,4.98
INV-003737,P-037,S-024,2026-07-27,512,96,288,10,5.33
INV-003738,P-038,S-035,2026-07-27,507,96,288,11,5.28
INV-003739,P-039,S-032,2026-07-27,396,90,270,13,4.41
INV-003740,P-040,S-050,2026-07-27,441,87,261,14,5.08
INV-003741,P-041,S-047,2026-07-27,469,103,309,12,4.56
INV-003742,P-042,S-033,2026-07-27,548,59,177,5,9.3
INV-003743,P-043,S-034,2026-07-27,410,97,291,3,4.23
INV-003744,P-044,S-038,2026-07-27,448,95,285,15,4.72
INV-003745,P-045,S-035,2026-07-27,462,133,399,11,3.47
INV-003746,P-046,S-036,2026-07-27,485,101,303,10,4.81
INV-003747,P-047,S-005,2026-07-27,435,61,183,7,7.14
INV-003748,P-048,S-012,2026-07-27,481,124,372,10,3.88
INV-003749,P-049,S-037,2026-07-27,567,123,369,8,4.61
INV-003750,P-050,S-028,2026-07-27,446,124,372,3,3.6
INV-003751,P-001,S-046,2026-07-28,364,123,369,6,2.96
INV-003752,P-002,S-012,2026-07-28,488,99,297,10,4.94
INV-003753,P-003,S-008,2026-07-28,418,93,279,15,4.5
INV-003754,P-004,S-018,2026-07-28,480,84,252,9,5.71
INV-003755,P-005,S-050,2026-07-28,475,107,321,14,4.44
INV-003756,P-006,S-014,2026-07-28,533,101,303,8,5.28
INV-003757,P-007,S-038,2026-07-28,530,120,360,15,4.42
INV-003758,P-008,S-045,2026-07-28,397,114,342,6,3.49
INV-003759,P-009,S-014,2026-07-28,484,109,327,8,4.44
INV-003760,P-010,S-018,2026-07-28,422,88,264,9,4.8
INV-003761,P-011,S-021,2026-07-28,473,73,219,12,6.49
INV-003762,P-012,S-020,2026-07-28,542,107,321,10,5.07
INV-003763,P-013,S-009,2026-07-28,383,106,318,12,3.62
INV-003764,P-014,S-026,2026-07-28,489,38,114,15,12.89
INV-003765,P-015,S-005,2026-07-28,501,118,354,7,4.25
INV-003766,P-016,S-024,2026-07-28,448,82,246,10,5.47
INV-003767,P-017,S-033,2026-07-28,513,107,321,5,4.8
INV-003768,P-018,S-040,2026-07-28,548,111,333,5,4.94
INV-003769,P-019,S-040,2026-07-28,403,138,414,5,2.92
INV-003770,P-020,S-027,2026-07-28,521,59,177,3,8.84
INV-003771,P-021,S-048,2026-07-28,423,105,315,13,4.04
INV-003772,P-022,S-002,2026-07-28,547,106,318,13,5.16
INV-003773,P-023,S-040,2026-07-28,621,100,300,5,6.22
INV-003774,P-024,S-012,2026-07-28,355,99,297,10,3.59
INV-003775,P-025,S-049,2026-07-28,465,102,306,13,4.57
INV-003776,P-026,S-019,2026-07-28,350,128,384,10,2.74
INV-003777,P-027,S-008,2026-07-28,453,108,324,15,4.2
INV-003778,P-028,S-006,2026-07-28,390,83,249,12,4.7
INV-003779,P-029,S-007,2026-07-28,434,109,327,3,3.99
INV-003780,P-030,S-017,2026-07-28,517,59,177,14,8.77
INV-003781,P-031,S-021,2026-07-28,496,98,294,12,5.06
INV-003782,P-032,S-016,2026-07-28,538,66,198,8,8.16
INV-003783,P-033,S-039,2026-07-28,519,102,306,12,5.1
INV-003784,P-034,S-025,2026-07-28,446,88,264,7,5.08
INV-003785,P-035,S-049,2026-07-28,489,92,276,13,5.32
INV-003786,P-036,S-027,2026-07-28,462,86,258,3,5.38
INV-003787,P-037,S-023,2026-07-28,416,95,285,12,4.38
INV-003788,P-038,S-046,2026-07-28,469,81,243,6,5.79
INV-003789,P-039,S-004,2026-07-28,493,96,288,5,5.14
INV-003790,P-040,S-007,2026-07-28,517,68,204,3,7.61
INV-003791,P-041,S-030,2026-07-28,393,120,360,7,3.28
INV-003792,P-042,S-005,2026-07-28,443,100,300,7,4.44
INV-003793,P-043,S-027,2026-07-28,418,111,333,3,3.77
INV-003794,P-044,S-014,2026-07-28,452,125,375,8,3.62
INV-003795,P-045,S-045,2026-07-28,421,101,303,6,4.17
INV-003796,P-046,S-045,2026-07-28,551,132,396,6,4.18
INV-003797,P-047,S-046,2026-07-28,493,78,234,6,6.32
INV-003798,P-048,S-035,2026-07-28,435,92,276,11,4.73
INV-003799,P-049,S-024,2026-07-28,469,60,180,10,7.82
INV-003800,P-050,S-027,2026-07-28,424,107,321,3,3.96
INV-003801,P-001,S-013,2026-07-29,494,93,279,4,5.31
INV-003802,P-002,S-043,2026-07-29,369,102,306,9,3.63
INV-003803,P-003,S-034,2026-07-29,408,99,297,3,4.12
INV-003804,P-004,S-038,2026-07-29,435,104,312,15,4.19
INV-003805,P-005,S-027,2026-07-29,389,97,291,3,4.02
INV-003806,P-006,S-002,2026-07-29,369,122,366,13,3.03
INV-003807,P-007,S-043,2026-07-29,436,110,330,9,3.97
INV-003808,P-008,S-015,2026-07-29,316,75,225,8,4.22
INV-003809,P-009,S-038,2026-07-29,443,114,342,15,3.89
INV-003810,P-010,S-033,2026-07-29,416,65,195,5,6.4
INV-003811,P-011,S-008,2026-07-29,338,121,363,15,2.8
INV-003812,P-012,S-039,2026-07-29,465,83,249,12,5.61
INV-003813,P-013,S-017,2026-07-29,522,120,360,14,4.35
INV-003814,P-014,S-001,2026-07-29,366,120,360,9,3.05
INV-003815,P-015,S-031,2026-07-29,366,119,357,9,3.08
INV-003816,P-016,S-034,2026-07-29,419,87,261,3,4.83
INV-003817,P-017,S-023,2026-07-29,390,56,168,12,6.97
INV-003818,P-018,S-007,2026-07-29,410,102,306,3,4.03
INV-003819,P-019,S-039,2026-07-29,433,121,363,12,3.58
INV-003820,P-020,S-038,2026-07-29,410,95,285,15,4.32
INV-003821,P-021,S-039,2026-07-29,393,68,204,12,5.79
INV-003822,P-022,S-028,2026-07-29,345,95,285,3,3.64
INV-003823,P-023,S-002,2026-07-29,431,101,303,13,4.27
INV-003824,P-024,S-006,2026-07-29,399,116,348,12,3.45
INV-003825,P-025,S-029,2026-07-29,444,87,261,10,5.11
INV-003826,P-026,S-012,2026-07-29,391,108,324,10,3.62
INV-003827,P-027,S-042,2026-07-29,504,100,300,14,5.04
INV-003828,P-028,S-037,2026-07-29,379,119,357,8,3.19
INV-003829,P-029,S-029,2026-07-29,412,95,285,10,4.34
INV-003830,P-030,S-019,2026-07-29,392,83,249,10,4.73
INV-003831,P-031,S-023,2026-07-29,359,114,342,12,3.15
INV-003832,P-032,S-019,2026-07-29,422,110,330,10,3.84
INV-003833,P-033,S-030,2026-07-29,469,85,255,7,5.52
INV-003834,P-034,S-008,2026-07-29,408,147,441,15,2.78
INV-003835,P-035,S-043,2026-07-29,447,56,168,9,7.99
INV-003836,P-036,S-050,2026-07-29,461,84,252,14,5.49
INV-003837,P-037,S-040,2026-07-29,425,105,315,5,4.05
INV-003838,P-038,S-002,2026-07-29,444,77,231,13,5.78
INV-003839,P-039,S-004,2026-07-29,416,104,312,5,4.0
INV-003840,P-040,S-033,2026-07-29,356,85,255,5,4.19
INV-003841,P-041,S-026,2026-07-29,346,79,237,15,4.38
INV-003842,P-042,S-023,2026-07-29,415,112,336,12,3.71
INV-003843,P-043,S-048,2026-07-29,514,65,195,13,7.91
INV-003844,P-044,S-035,2026-07-29,399,114,342,11,3.5
INV-003845,P-045,S-001,2026-07-29,365,88,264,9,4.15
INV-003846,P-046,S-047,2026-07-29,419,56,168,12,7.49
INV-003847,P-047,S-005,2026-07-29,417,58,174,7,7.2
INV-003848,P-048,S-025,2026-07-29,333,92,276,7,3.63
INV-003849,P-049,S-009,2026-07-29,489,99,297,12,4.94
INV-003850,P-050,S-017,2026-07-29,431,106,318,14,4.07
INV-003851,P-001,S-012,2026-07-30,373,133,399,10,2.81
INV-003852,P-002,S-040,2026-07-30,461,99,297,5,4.66
INV-003853,P-003,S-032,2026-07-30,496,56,168,13,8.86
INV-003854,P-004,S-028,2026-07-30,468,135,405,3,3.47
INV-003855,P-005,S-034,2026-07-30,436,75,225,3,5.81
INV-003856,P-006,S-031,2026-07-30,423,100,300,9,4.23
INV-003857,P-007,S-021,2026-07-30,451,92,276,12,4.91
INV-003858,P-008,S-011,2026-07-30,507,70,210,15,7.24
INV-003859,P-009,S-037,2026-07-30,398,95,285,8,4.19
INV-003860,P-010,S-009,2026-07-30,428,118,354,12,3.63
INV-003861,P-011,S-047,2026-07-30,363,101,303,12,3.6
INV-003862,P-012,S-041,2026-07-30,485,85,255,6,5.71
INV-003863,P-013,S-004,2026-07-30,469,93,279,5,5.05
INV-003864,P-014,S-007,2026-07-30,392,106,318,3,3.7
INV-003865,P-015,S-030,2026-07-30,431,100,300,7,4.31
INV-003866,P-016,S-043,2026-07-30,502,70,210,9,7.17
INV-003867,P-017,S-042,2026-07-30,401,84,252,14,4.77
INV-003868,P-018,S-016,2026-07-30,465,87,261,8,5.35
INV-003869,P-019,S-019,2026-07-30,445,139,417,10,3.21
INV-003870,P-020,S-050,2026-07-30,327,84,252,14,3.89
INV-003871,P-021,S-041,2026-07-30,445,118,354,6,3.77
INV-003872,P-022,S-024,2026-07-30,426,116,348,10,3.68
INV-003873,P-023,S-044,2026-07-30,440,69,207,4,6.39
INV-003874,P-024,S-042,2026-07-30,442,114,342,14,3.88
INV-003875,P-025,S-035,2026-07-30,375,97,291,11,3.87
INV-003876,P-026,S-044,2026-07-30,442,86,258,4,5.14
INV-003877,P-027,S-049,2026-07-30,417,97,291,13,4.31
INV-003878,P-028,S-027,2026-07-30,381,123,369,3,3.1
INV-003879,P-029,S-022,2026-07-30,372,68,204,6,5.48
INV-003880,P-030,S-040,2026-07-30,407,105,315,5,3.88
INV-003881,P-031,S-014,2026-07-30,412,108,324,8,3.82
INV-003882,P-032,S-008,2026-07-30,470,87,261,15,5.41
INV-003883,P-033,S-007,2026-07-30,456,41,123,3,11.14
INV-003884,P-034,S-027,2026-07-30,424,69,207,3,6.16
INV-003885,P-035,S-041,2026-07-30,425,95,285,6,4.48
INV-003886,P-036,S-014,2026-07-30,428,114,342,8,3.76
INV-003887,P-037,S-008,2026-07-30,378,116,348,15,3.27
INV-003888,P-038,S-014,2026-07-30,410,109,327,8,3.76
INV-003889,P-039,S-033,2026-07-30,433,111,333,5,3.91
INV-003890,P-040,S-001,2026-07-30,458,103,309,9,4.45
INV-003891,P-041,S-011,2026-07-30,462,58,174,15,7.97
INV-003892,P-042,S-012,2026-07-30,430,82,246,10,5.25
INV-003893,P-043,S-033,2026-07-30,404,114,342,5,3.55
INV-003894,P-044,S-035,2026-07-30,462,89,267,11,5.19
INV-003895,P-045,S-048,2026-07-30,522,96,288,13,5.44
INV-003896,P-046,S-017,2026-07-30,472,129,387,14,3.66
INV-003897,P-047,S-040,2026-07-30,512,76,228,5,6.74
INV-003898,P-048,S-001,2026-07-30,471,73,219,9,6.46
INV-003899,P-049,S-027,2026-07-30,479,124,372,3,3.87
INV-003900,P-050,S-037,2026-07-30,460,88,264,8,5.24
INV-003901,P-001,S-027,2026-07-31,417,120,360,3,3.48
INV-003902,P-002,S-040,2026-07-31,487,40,120,5,12.2
INV-003903,P-003,S-027,2026-07-31,408,82,246,3,4.99
INV-003904,P-004,S-001,2026-07-31,444,104,312,9,4.27
INV-003905,P-005,S-028,2026-07-31,485,78,234,3,6.22
INV-003906,P-006,S-004,2026-07-31,504,106,318,5,4.76
INV-003907,P-007,S-038,2026-07-31,496,135,405,15,3.68
INV-003908,P-008,S-050,2026-07-31,439,94,282,14,4.67
INV-003909,P-009,S-034,2026-07-31,373,87,261,3,4.3
INV-003910,P-010,S-027,2026-07-31,471,121,363,3,3.89
INV-003911,P-011,S-049,2026-07-31,521,105,315,13,4.97
INV-003912,P-012,S-016,2026-07-31,442,99,297,8,4.46
INV-003913,P-013,S-016,2026-07-31,464,77,231,8,6.04
INV-003914,P-014,S-002,2026-07-31,387,113,339,13,3.43
INV-003915,P-015,S-044,2026-07-31,408,100,300,4,4.09
INV-003916,P-016,S-031,2026-07-31,491,110,330,9,4.47
INV-003917,P-017,S-040,2026-07-31,387,99,297,5,3.91
INV-003918,P-018,S-029,2026-07-31,371,101,303,10,3.68
INV-003919,P-019,S-035,2026-07-31,419,115,345,11,3.65
INV-003920,P-020,S-012,2026-07-31,496,57,171,10,8.72
INV-003921,P-021,S-015,2026-07-31,447,87,261,8,5.15
INV-003922,P-022,S-011,2026-07-31,419,103,309,15,4.07
INV-003923,P-023,S-016,2026-07-31,434,126,378,8,3.45
INV-003924,P-024,S-008,2026-07-31,491,107,321,15,4.6
INV-003925,P-025,S-029,2026-07-31,473,62,186,10,7.64
INV-003926,P-026,S-041,2026-07-31,411,119,357,6,3.46
INV-003927,P-027,S-014,2026-07-31,489,96,288,8,5.1
INV-003928,P-028,S-042,2026-07-31,414,84,252,14,4.93
INV-003929,P-029,S-038,2026-07-31,535,111,333,15,4.82
INV-003930,P-030,S-004,2026-07-31,432,104,312,5,4.15
INV-003931,P-031,S-032,2026-07-31,482,85,255,13,5.68
INV-003932,P-032,S-038,2026-07-31,401,83,249,15,4.84
INV-003933,P-033,S-022,2026-07-31,383,103,309,6,3.72
INV-003934,P-034,S-046,2026-07-31,413,67,201,6,6.18
INV-003935,P-035,S-033,2026-07-31,438,148,444,5,2.96
INV-003936,P-036,S-016,2026-07-31,516,101,303,8,5.11
INV-003937,P-037,S-031,2026-07-31,508,89,267,9,5.71
INV-003938,P-038,S-011,2026-07-31,506,67,201,15,7.57
INV-003939,P-039,S-016,2026-07-31,430,109,327,8,3.95
INV-003940,P-040,S-030,2026-07-31,397,110,330,7,3.61
INV-003941,P-041,S-035,2026-07-31,447,108,324,11,4.14
INV-003942,P-042,S-032,2026-07-31,393,88,264,13,4.47
INV-003943,P-043,S-020,2026-07-31,534,71,213,10,7.53
INV-003944,P-044,S-029,2026-07-31,425,110,330,10,3.87
INV-003945,P-045,S-041,2026-07-31,517,83,249,6,6.23
INV-003946,P-046,S-005,2026-07-31,412,117,351,7,3.53
INV-003947,P-047,S-039,2026-07-31,438,114,342,12,3.85
INV-003948,P-048,S-038,2026-07-31,519,121,363,15,4.29
INV-003949,P-049,S-028,2026-07-31,507,102,306,3,4.98
INV-003950,P-050,S-022,2026-07-31,443,102,306,6,4.35
INV-003951,P-001,S-043,2026-08-01,443,121,363,9,3.67
INV-003952,P-002,S-040,2026-08-01,383,82,246,5,4.68
INV-003953,P-003,S-050,2026-08-01,468,105,315,14,4.47
INV-003954,P-004,S-029,2026-08-01,377,91,273,10,4.15
INV-003955,P-005,S-024,2026-08-01,448,116,348,10,3.87
INV-003956,P-006,S-047,2026-08-01,380,98,294,12,3.88
INV-003957,P-007,S-033,2026-08-01,347,83,249,5,4.19
INV-003958,P-008,S-029,2026-08-01,435,93,279,10,4.68
INV-003959,P-009,S-024,2026-08-01,389,109,327,10,3.58
INV-003960,P-010,S-021,2026-08-01,379,116,348,12,3.27
INV-003961,P-011,S-007,2026-08-01,344,119,357,3,2.89
INV-003962,P-012,S-023,2026-08-01,447,116,348,12,3.86
INV-003963,P-013,S-026,2026-08-01,312,105,315,15,2.98
INV-003964,P-014,S-047,2026-08-01,395,93,279,12,4.25
INV-003965,P-015,S-016,2026-08-01,396,133,399,8,2.98
INV-003966,P-016,S-015,2026-08-01,458,91,273,8,5.04
INV-003967,P-017,S-041,2026-08-01,424,122,366,6,3.48
INV-003968,P-018,S-009,2026-08-01,428,103,309,12,4.16
INV-003969,P-019,S-041,2026-08-01,460,72,216,6,6.39
INV-003970,P-020,S-020,2026-08-01,488,72,216,10,6.78
INV-003971,P-021,S-049,2026-08-01,352,108,324,13,3.26
INV-003972,P-022,S-003,2026-08-01,438,94,282,10,4.66
INV-003973,P-023,S-002,2026-08-01,372,115,345,13,3.24
INV-003974,P-024,S-037,2026-08-01,395,101,303,8,3.92
INV-003975,P-025,S-041,2026-08-01,537,72,216,6,7.46
INV-003976,P-026,S-018,2026-08-01,382,75,225,9,5.1
INV-003977,P-027,S-036,2026-08-01,453,100,300,10,4.54
INV-003978,P-028,S-043,2026-08-01,405,119,357,9,3.4
INV-003979,P-029,S-048,2026-08-01,468,111,333,13,4.22
INV-003980,P-030,S-037,2026-08-01,409,102,306,8,4.01
INV-003981,P-031,S-017,2026-08-01,505,81,243,14,6.24
INV-003982,P-032,S-027,2026-08-01,436,103,309,3,4.24
INV-003983,P-033,S-016,2026-08-01,401,83,249,8,4.84
INV-003984,P-034,S-024,2026-08-01,374,66,198,10,5.68
INV-003985,P-035,S-044,2026-08-01,342,102,306,4,3.35
INV-003986,P-036,S-036,2026-08-01,359,116,348,10,3.1
INV-003987,P-037,S-031,2026-08-01,430,134,402,9,3.21
INV-003988,P-038,S-036,2026-08-01,385,158,474,10,2.44
INV-003989,P-039,S-046,2026-08-01,364,89,267,6,4.09
INV-003990,P-040,S-024,2026-08-01,405,94,282,10,4.31
INV-003991,P-041,S-045,2026-08-01,451,94,282,6,4.8
INV-003992,P-042,S-021,2026-08-01,432,111,333,12,3.89
INV-003993,P-043,S-024,2026-08-01,407,111,333,10,3.67
INV-003994,P-044,S-027,2026-08-01,447,96,288,3,4.66
INV-003995,P-045,S-043,2026-08-01,352,117,351,9,3.01
INV-003996,P-046,S-014,2026-08-01,391,112,336,8,3.5
INV-003997,P-047,S-010,2026-08-01,378,138,414,5,2.74
INV-003998,P-048,S-032,2026-08-01,430,99,297,13,4.35
INV-003999,P-049,S-017,2026-08-01,402,110,330,14,3.66
INV-004000,P-050,S-007,2026-08-01,429,93,279,3,4.61
INV-004001,P-001,S-026,2026-08-02,467,69,207,15,6.77
INV-004002,P-002,S-010,2026-08-02,407,120,360,5,3.39
INV-004003,P-003,S-004,2026-08-02,288,95,285,5,3.03
INV-004004,P-004,S-012,2026-08-02,471,85,255,10,5.55
INV-004005,P-005,S-031,2026-08-02,396,115,345,9,3.45
INV-004006,P-006,S-029,2026-08-02,364,83,249,10,4.39
INV-004007,P-007,S-013,2026-08-02,432,91,273,4,4.76
INV-004008,P-008,S-043,2026-08-02,406,96,288,9,4.24
INV-004009,P-009,S-038,2026-08-02,466,121,363,15,3.85
INV-004010,P-010,S-026,2026-08-02,441,93,279,15,4.75
INV-004011,P-011,S-021,2026-08-02,434,126,378,12,3.45
INV-004012,P-012,S-031,2026-08-02,414,87,261,9,4.76
INV-004013,P-013,S-033,2026-08-02,495,88,264,5,5.63
INV-004014,P-014,S-004,2026-08-02,462,99,297,5,4.67
INV-004015,P-015,S-015,2026-08-02,432,109,327,8,3.96
INV-004016,P-016,S-016,2026-08-02,457,129,387,8,3.54
INV-004017,P-017,S-010,2026-08-02,472,123,369,5,3.84
INV-004018,P-018,S-016,2026-08-02,520,88,264,8,5.92
INV-004019,P-019,S-011,2026-08-02,471,132,396,15,3.57
INV-004020,P-020,S-047,2026-08-02,420,117,351,12,3.6
INV-004021,P-021,S-001,2026-08-02,400,111,333,9,3.61
INV-004022,P-022,S-036,2026-08-02,479,87,261,10,5.51
INV-004023,P-023,S-036,2026-08-02,493,97,291,10,5.09
INV-004024,P-024,S-027,2026-08-02,454,139,417,3,3.27
INV-004025,P-025,S-022,2026-08-02,460,100,300,6,4.6
INV-004026,P-026,S-033,2026-08-02,509,109,327,5,4.67
INV-004027,P-027,S-047,2026-08-02,394,93,279,12,4.24
INV-004028,P-028,S-036,2026-08-02,417,125,375,10,3.34
INV-004029,P-029,S-040,2026-08-02,441,118,354,5,3.74
INV-004030,P-030,S-009,2026-08-02,444,99,297,12,4.49
INV-004031,P-031,S-041,2026-08-02,453,120,360,6,3.77
INV-004032,P-032,S-036,2026-08-02,423,119,357,10,3.56
INV-004033,P-033,S-030,2026-08-02,443,89,267,7,4.98
INV-004034,P-034,S-023,2026-08-02,518,72,216,12,7.2
INV-004035,P-035,S-025,2026-08-02,367,95,285,7,3.87
INV-004036,P-036,S-043,2026-08-02,480,89,267,9,5.39
INV-004037,P-037,S-037,2026-08-02,382,111,333,8,3.45
INV-004038,P-038,S-017,2026-08-02,323,107,321,14,3.02
INV-004039,P-039,S-044,2026-08-02,412,68,204,4,6.07
INV-004040,P-040,S-005,2026-08-02,489,70,210,7,6.99
INV-004041,P-041,S-044,2026-08-02,426,51,153,4,8.37
INV-004042,P-042,S-006,2026-08-02,446,95,285,12,4.7
INV-004043,P-043,S-018,2026-08-02,520,73,219,9,7.13
INV-004044,P-044,S-040,2026-08-02,430,136,408,5,3.17
INV-004045,P-045,S-035,2026-08-02,462,83,249,11,5.57
INV-004046,P-046,S-001,2026-08-02,461,87,261,9,5.3
INV-004047,P-047,S-027,2026-08-02,476,82,246,3,5.81
INV-004048,P-048,S-042,2026-08-02,420,110,330,14,3.82
INV-004049,P-049,S-022,2026-08-02,350,117,351,6,3.0
INV-004050,P-050,S-003,2026-08-02,432,115,345,10,3.76
INV-004051,P-001,S-047,2026-08-03,405,103,309,12,3.94
INV-004052,P-002,S-031,2026-08-03,444,111,333,9,4.01
INV-004053,P-003,S-001,2026-08-03,448,101,303,9,4.44
INV-004054,P-004,S-028,2026-08-03,412,110,330,3,3.75
INV-004055,P-005,S-008,2026-08-03,345,125,375,15,2.76
INV-004056,P-006,S-020,2026-08-03,380,77,231,10,4.94
INV-004057,P-007,S-006,2026-08-03,493,81,243,12,6.09
INV-004058,P-008,S-001,2026-08-03,463,92,276,9,5.03
INV-004059,P-009,S-012,2026-08-03,413,135,405,10,3.06
INV-004060,P-010,S-014,2026-08-03,407,77,231,8,5.29
INV-004061,P-011,S-019,2026-08-03,387,105,315,10,3.69
INV-004062,P-012,S-036,2026-08-03,546,61,183,10,8.95
INV-004063,P-013,S-037,2026-08-03,322,108,324,8,2.98
INV-004064,P-014,S-018,2026-08-03,456,78,234,9,5.85
INV-004065,P-015,S-001,2026-08-03,392,104,312,9,3.77
INV-004066,P-016,S-026,2026-08-03,310,131,393,15,2.37
INV-004067,P-017,S-024,2026-08-03,432,67,201,10,6.46
INV-004068,P-018,S-036,2026-08-03,389,141,423,10,2.76
INV-004069,P-019,S-024,2026-08-03,424,69,207,10,6.15
INV-004070,P-020,S-003,2026-08-03,408,92,276,10,4.43
INV-004071,P-021,S-014,2026-08-03,470,88,264,8,5.34
INV-004072,P-022,S-002,2026-08-03,413,122,366,13,3.39
INV-004073,P-023,S-025,2026-08-03,449,92,276,7,4.88
INV-004074,P-024,S-009,2026-08-03,292,142,426,12,2.06
INV-004075,P-025,S-032,2026-08-03,450,114,342,13,3.95
INV-004076,P-026,S-022,2026-08-03,430,117,351,6,3.68
INV-004077,P-027,S-034,2026-08-03,410,114,342,3,3.6
INV-004078,P-028,S-009,2026-08-03,348,110,330,12,3.17
INV-004079,P-029,S-044,2026-08-03,406,98,294,4,4.15
INV-004080,P-030,S-027,2026-08-03,412,104,312,3,3.96
INV-004081,P-031,S-004,2026-08-03,415,101,303,5,4.11
INV-004082,P-032,S-021,2026-08-03,457,128,384,12,3.57
INV-004083,P-033,S-015,2026-08-03,382,111,333,8,3.45
INV-004084,P-034,S-023,2026-08-03,403,82,246,12,4.92
INV-004085,P-035,S-039,2026-08-03,349,93,279,12,3.76
INV-004086,P-036,S-021,2026-08-03,362,123,369,12,2.95
INV-004087,P-037,S-038,2026-08-03,399,90,270,15,4.44
INV-004088,P-038,S-030,2026-08-03,490,84,252,7,5.83
INV-004089,P-039,S-028,2026-08-03,444,130,390,3,3.42
INV-004090,P-040,S-009,2026-08-03,506,118,354,12,4.29
INV-004091,P-041,S-042,2026-08-03,397,101,303,14,3.93
INV-004092,P-042,S-003,2026-08-03,395,96,288,10,4.11
INV-004093,P-043,S-036,2026-08-03,491,68,204,10,7.22
INV-004094,P-044,S-043,2026-08-03,375,83,249,9,4.53
INV-004095,P-045,S-027,2026-08-03,476,108,324,3,4.41
INV-004096,P-046,S-008,2026-08-03,400,100,300,15,4.0
INV-004097,P-047,S-003,2026-08-03,475,74,222,10,6.43
INV-004098,P-048,S-014,2026-08-03,394,96,288,8,4.1
INV-004099,P-049,S-048,2026-08-03,493,65,195,13,7.59
INV-004100,P-050,S-014,2026-08-03,502,77,231,8,6.52
INV-004101,P-001,S-029,2026-08-04,458,116,348,10,3.96
INV-004102,P-002,S-045,2026-08-04,338,104,312,6,3.25
INV-004103,P-003,S-044,2026-08-04,475,90,270,4,5.29
INV-004104,P-004,S-038,2026-08-04,423,107,321,15,3.95
INV-004105,P-005,S-026,2026-08-04,392,63,189,15,6.23
INV-004106,P-006,S-029,2026-08-04,425,127,381,10,3.35
INV-004107,P-007,S-040,2026-08-04,416,112,336,5,3.72
INV-004108,P-008,S-019,2026-08-04,413,106,318,10,3.9
INV-004109,P-009,S-020,2026-08-04,435,66,198,10,6.6
INV-004110,P-010,S-024,2026-08-04,399,100,300,10,4.0
INV-004111,P-011,S-040,2026-08-04,448,95,285,5,4.72
INV-004112,P-012,S-001,2026-08-04,493,64,192,9,7.72
INV-004113,P-013,S-011,2026-08-04,490,120,360,15,4.08
INV-004114,P-014,S-034,2026-08-04,406,62,186,3,6.55
INV-004115,P-015,S-045,2026-08-04,443,78,234,6,5.68
INV-004116,P-016,S-047,2026-08-04,336,151,453,12,2.23
INV-004117,P-017,S-004,2026-08-04,343,112,336,5,3.07
INV-004118,P-018,S-050,2026-08-04,457,95,285,14,4.81
INV-004119,P-019,S-047,2026-08-04,410,126,378,12,3.26
INV-004120,P-020,S-046,2026-08-04,523,105,315,6,4.99
INV-004121,P-021,S-039,2026-08-04,441,117,351,12,3.77
INV-004122,P-022,S-019,2026-08-04,489,76,228,10,6.44
INV-004123,P-023,S-045,2026-08-04,512,98,294,6,5.23
INV-004124,P-024,S-027,2026-08-04,408,98,294,3,4.17
INV-004125,P-025,S-049,2026-08-04,415,97,291,13,4.29
INV-004126,P-026,S-013,2026-08-04,293,119,357,4,2.47
INV-004127,P-027,S-012,2026-08-04,410,124,372,10,3.31
INV-004128,P-028,S-011,2026-08-04,522,75,225,15,6.96
INV-004129,P-029,S-007,2026-08-04,393,103,309,3,3.82
INV-004130,P-030,S-040,2026-08-04,426,143,429,5,2.98
INV-004131,P-031,S-024,2026-08-04,428,76,228,10,5.64
INV-004132,P-032,S-019,2026-08-04,448,96,288,10,4.67
INV-004133,P-033,S-022,2026-08-04,465,107,321,6,4.35
INV-004134,P-034,S-014,2026-08-04,356,114,342,8,3.12
INV-004135,P-035,S-006,2026-08-04,500,92,276,12,5.44
INV-004136,P-036,S-033,2026-08-04,485,88,264,5,5.51
INV-004137,P-037,S-031,2026-08-04,455,90,270,9,5.06
INV-004138,P-038,S-006,2026-08-04,434,94,282,12,4.62
INV-004139,P-039,S-013,2026-08-04,483,80,240,4,6.05
INV-004140,P-040,S-005,2026-08-04,380,109,327,7,3.49
INV-004141,P-041,S-020,2026-08-04,500,125,375,10,4.0
INV-004142,P-042,S-004,2026-08-04,391,88,264,5,4.45
INV-004143,P-043,S-038,2026-08-04,401,155,465,15,2.59
INV-004144,P-044,S-027,2026-08-04,448,59,177,3,7.6
INV-004145,P-045,S-047,2026-08-04,440,101,303,12,4.36
INV-004146,P-046,S-005,2026-08-04,551,65,195,7,8.48
INV-004147,P-047,S-028,2026-08-04,477,106,318,3,4.51
INV-004148,P-048,S-016,2026-08-04,449,91,273,8,4.94
INV-004149,P-049,S-046,2026-08-04,498,111,333,6,4.49
INV-004150,P-050,S-046,2026-08-04,544,77,231,6,7.08
INV-004151,P-001,S-013,2026-08-05,572,55,165,4,10.41
INV-004152,P-002,S-041,2026-08-05,566,72,216,6,7.87
INV-004153,P-003,S-028,2026-08-05,517,77,231,3,6.71
INV-004154,P-004,S-045,2026-08-05,409,86,258,6,4.76
INV-004155,P-005,S-028,2026-08-05,553,82,246,3,6.75
INV-004156,P-006,S-001,2026-08-05,466,103,309,9,4.53
INV-004157,P-007,S-035,2026-08-05,416,131,393,11,3.18
INV-004158,P-008,S-017,2026-08-05,531,105,315,14,5.06
INV-004159,P-009,S-003,2026-08-05,436,100,300,10,4.36
INV-004160,P-010,S-021,2026-08-05,437,74,222,12,5.91
INV-004161,P-011,S-013,2026-08-05,440,111,333,4,3.97
INV-004162,P-012,S-047,2026-08-05,521,120,360,12,4.35
INV-004163,P-013,S-049,2026-08-05,489,125,375,13,3.92
INV-004164,P-014,S-030,2026-08-05,480,116,348,7,4.15
INV-004165,P-015,S-031,2026-08-05,397,80,240,9,4.96
INV-004166,P-016,S-013,2026-08-05,421,96,288,4,4.39
INV-004167,P-017,S-001,2026-08-05,420,100,300,9,4.2
INV-004168,P-018,S-010,2026-08-05,469,126,378,5,3.73
INV-004169,P-019,S-044,2026-08-05,481,129,387,4,3.73
INV-004170,P-020,S-039,2026-08-05,483,84,252,12,5.76
INV-004171,P-021,S-048,2026-08-05,485,111,333,13,4.37
INV-004172,P-022,S-011,2026-08-05,464,101,303,15,4.6
INV-004173,P-023,S-023,2026-08-05,457,98,294,12,4.67
INV-004174,P-024,S-026,2026-08-05,422,111,333,15,3.81
INV-004175,P-025,S-031,2026-08-05,452,107,321,9,4.23
INV-004176,P-026,S-001,2026-08-05,487,94,282,9,5.18
INV-004177,P-027,S-019,2026-08-05,381,66,198,10,5.78
INV-004178,P-028,S-026,2026-08-05,509,104,312,15,4.9
INV-004179,P-029,S-033,2026-08-05,532,95,285,5,5.61
INV-004180,P-030,S-010,2026-08-05,523,92,276,5,5.68
INV-004181,P-031,S-042,2026-08-05,496,109,327,14,4.55
INV-004182,P-032,S-010,2026-08-05,484,51,153,5,9.51
INV-004183,P-033,S-040,2026-08-05,524,114,342,5,4.6
INV-004184,P-034,S-037,2026-08-05,479,95,285,8,5.05
INV-004185,P-035,S-043,2026-08-05,505,121,363,9,4.18
INV-004186,P-036,S-037,2026-08-05,445,76,228,8,5.86
INV-004187,P-037,S-047,2026-08-05,487,109,327,12,4.47
INV-004188,P-038,S-033,2026-08-05,422,97,291,5,4.35
INV-004189,P-039,S-032,2026-08-05,438,66,198,13,6.65
INV-004190,P-040,S-047,2026-08-05,460,114,342,12,4.04
INV-004191,P-041,S-042,2026-08-05,456,94,282,14,4.85
INV-004192,P-042,S-044,2026-08-05,542,107,321,4,5.07
INV-004193,P-043,S-039,2026-08-05,428,135,405,12,3.17
INV-004194,P-044,S-025,2026-08-05,498,110,330,7,4.54
INV-004195,P-045,S-014,2026-08-05,377,149,447,8,2.54
INV-004196,P-046,S-050,2026-08-05,405,104,312,14,3.9
INV-004197,P-047,S-048,2026-08-05,453,70,210,13,6.48
INV-004198,P-048,S-050,2026-08-05,478,86,258,14,5.56
INV-004199,P-049,S-013,2026-08-05,501,77,231,4,6.51
INV-004200,P-050,S-011,2026-08-05,415,111,333,15,3.74
INV-004201,P-001,S-016,2026-08-06,395,89,267,8,4.44
INV-004202,P-002,S-049,2026-08-06,478,88,264,13,5.44
INV-004203,P-003,S-025,2026-08-06,333,69,207,7,4.83
INV-004204,P-004,S-019,2026-08-06,436,81,243,10,5.39
INV-004205,P-005,S-019,2026-08-06,510,87,261,10,5.86
INV-004206,P-006,S-047,2026-08-06,366,96,288,12,3.82
INV-004207,P-007,S-032,2026-08-06,295,91,273,13,3.25
INV-004208,P-008,S-015,2026-08-06,420,117,351,8,3.59
INV-004209,P-009,S-032,2026-08-06,413,103,309,13,4.02
INV-004210,P-010,S-002,2026-08-06,464,99,297,13,4.69
INV-004211,P-011,S-009,2026-08-06,477,92,276,12,5.19
INV-004212,P-012,S-016,2026-08-06,515,105,315,8,4.91
INV-004213,P-013,S-050,2026-08-06,366,114,342,14,3.22
INV-004214,P-014,S-015,2026-08-06,463,95,285,8,4.87
INV-004215,P-015,S-014,2026-08-06,500,147,441,8,3.41
INV-004216,P-016,S-001,2026-08-06,418,129,387,9,3.25
INV-004217,P-017,S-012,2026-08-06,523,114,342,10,4.59
INV-004218,P-018,S-013,2026-08-06,469,89,267,4,5.27
INV-004219,P-019,S-041,2026-08-06,437,101,303,6,4.33
INV-004220,P-020,S-006,2026-08-06,500,69,207,12,7.25
INV-004221,P-021,S-006,2026-08-06,450,98,294,12,4.6
INV-004222,P-022,S-037,2026-08-06,509,85,255,8,6.0
INV-004223,P-023,S-001,2026-08-06,475,98,294,9,4.86
INV-004224,P-024,S-013,2026-08-06,426,94,282,4,4.54
INV-004225,P-025,S-010,2026-08-06,442,116,348,5,3.82
INV-004226,P-026,S-036,2026-08-06,521,99,297,10,5.27
INV-004227,P-027,S-024,2026-08-06,491,129,387,10,3.81
INV-004228,P-028,S-019,2026-08-06,517,97,291,10,5.33
INV-004229,P-029,S-050,2026-08-06,441,103,309,14,4.29
INV-004230,P-030,S-030,2026-08-06,409,79,237,7,5.18
INV-004231,P-031,S-035,2026-08-06,482,110,330,11,4.38
INV-004232,P-032,S-047,2026-08-06,394,113,339,12,3.49
INV-004233,P-033,S-048,2026-08-06,537,124,372,13,4.34
INV-004234,P-034,S-045,2026-08-06,513,66,198,6,7.78
INV-004235,P-035,S-041,2026-08-06,547,83,249,6,6.6
INV-004236,P-036,S-015,2026-08-06,369,118,354,8,3.13
INV-004237,P-037,S-008,2026-08-06,528,100,300,15,5.28
INV-004238,P-038,S-025,2026-08-06,544,82,246,7,6.64
INV-004239,P-039,S-042,2026-08-06,436,104,312,14,4.2
INV-004240,P-040,S-001,2026-08-06,523,64,192,9,8.17
INV-004241,P-041,S-024,2026-08-06,417,87,261,10,4.8
INV-004242,P-042,S-017,2026-08-06,490,122,366,14,4.02
INV-004243,P-043,S-046,2026-08-06,465,120,360,6,3.88
INV-004244,P-044,S-039,2026-08-06,468,94,282,12,4.98
INV-004245,P-045,S-026,2026-08-06,532,80,240,15,6.66
INV-004246,P-046,S-047,2026-08-06,535,97,291,12,5.52
INV-004247,P-047,S-025,2026-08-06,413,107,321,7,3.86
INV-004248,P-048,S-046,2026-08-06,427,85,255,6,5.03
INV-004249,P-049,S-005,2026-08-06,400,89,267,7,4.5
INV-004250,P-050,S-036,2026-08-06,427,69,207,10,6.19
INV-004251,P-001,S-021,2026-08-07,402,52,156,12,7.75
INV-004252,P-002,S-002,2026-08-07,400,106,318,13,3.78
INV-004253,P-003,S-036,2026-08-07,457,70,210,10,6.54
INV-004254,P-004,S-003,2026-08-07,434,104,312,10,4.18
INV-004255,P-005,S-003,2026-08-07,477,92,276,10,5.19
INV-004256,P-006,S-029,2026-08-07,412,111,333,10,3.72
INV-004257,P-007,S-036,2026-08-07,406,69,207,10,5.89
INV-004258,P-008,S-028,2026-08-07,477,109,327,3,4.38
INV-004259,P-009,S-048,2026-08-07,498,85,255,13,5.86
INV-004260,P-010,S-031,2026-08-07,362,81,243,9,4.48
INV-004261,P-011,S-030,2026-08-07,410,91,273,7,4.51
INV-004262,P-012,S-004,2026-08-07,461,126,378,5,3.66
INV-004263,P-013,S-005,2026-08-07,421,106,318,7,3.98
INV-004264,P-014,S-025,2026-08-07,384,110,330,7,3.49
INV-004265,P-015,S-038,2026-08-07,387,85,255,15,4.56
INV-004266,P-016,S-031,2026-08-07,441,115,345,9,3.84
INV-004267,P-017,S-043,2026-08-07,371,104,312,9,3.57
INV-004268,P-018,S-047,2026-08-07,457,88,264,12,5.2
INV-004269,P-019,S-002,2026-08-07,467,126,378,13,3.71
INV-004270,P-020,S-002,2026-08-07,455,97,291,13,4.69
INV-004271,P-021,S-008,2026-08-07,389,91,273,15,4.28
INV-004272,P-022,S-047,2026-08-07,394,122,366,12,3.23
INV-004273,P-023,S-008,2026-08-07,417,101,303,15,4.13
INV-004274,P-024,S-006,2026-08-07,408,82,246,12,4.98
INV-004275,P-025,S-045,2026-08-07,323,112,336,6,2.89
INV-004276,P-026,S-028,2026-08-07,552,88,264,3,6.28
INV-004277,P-027,S-001,2026-08-07,400,121,363,9,3.31
INV-004278,P-028,S-012,2026-08-07,438,127,381,10,3.45
INV-004279,P-029,S-013,2026-08-07,441,91,273,4,4.85
INV-004280,P-030,S-034,2026-08-07,476,101,303,3,4.72
INV-004281,P-031,S-007,2026-08-07,530,118,354,3,4.49
INV-004282,P-032,S-028,2026-08-07,509,116,348,3,4.39
INV-004283,P-033,S-049,2026-08-07,487,77,231,13,6.33
INV-004284,P-034,S-049,2026-08-07,588,96,288,13,6.13
INV-004285,P-035,S-003,2026-08-07,398,101,303,10,3.95
INV-004286,P-036,S-030,2026-08-07,469,101,303,7,4.65
INV-004287,P-037,S-030,2026-08-07,428,135,405,7,3.17
INV-004288,P-038,S-041,2026-08-07,347,89,267,6,3.9
INV-004289,P-039,S-014,2026-08-07,387,125,375,8,3.1
INV-004290,P-040,S-035,2026-08-07,483,72,216,11,6.72
INV-004291,P-041,S-028,2026-08-07,357,96,288,3,3.73
INV-004292,P-042,S-005,2026-08-07,521,76,228,7,6.86
INV-004293,P-043,S-002,2026-08-07,434,86,258,13,5.06
INV-004294,P-044,S-038,2026-08-07,438,76,228,15,5.76
INV-004295,P-045,S-029,2026-08-07,415,73,219,10,5.7
INV-004296,P-046,S-009,2026-08-07,396,96,288,12,4.13
INV-004297,P-047,S-011,2026-08-07,504,106,318,15,4.76
INV-004298,P-048,S-007,2026-08-07,531,106,318,3,5.01
INV-004299,P-049,S-005,2026-08-07,445,89,267,7,5.0
INV-004300,P-050,S-037,2026-08-07,449,121,363,8,3.71
INV-004301,P-001,S-019,2026-08-08,408,90,270,10,4.54
INV-004302,P-002,S-045,2026-08-08,365,83,249,6,4.4
INV-004303,P-003,S-012,2026-08-08,395,110,330,10,3.6
INV-004304,P-004,S-048,2026-08-08,402,76,228,13,5.29
INV-004305,P-005,S-050,2026-08-08,408,128,384,14,3.19
INV-004306,P-006,S-005,2026-08-08,354,107,321,7,3.31
INV-004307,P-007,S-035,2026-08-08,413,88,264,11,4.7
INV-004308,P-008,S-018,2026-08-08,392,123,369,9,3.19
INV-004309,P-009,S-006,2026-08-08,375,109,327,12,3.45
INV-004310,P-010,S-004,2026-08-08,386,92,276,5,4.2
INV-004311,P-011,S-038,2026-08-08,368,107,321,15,3.45
INV-004312,P-012,S-012,2026-08-08,446,95,285,10,4.7
INV-004313,P-013,S-022,2026-08-08,499,98,294,6,5.1
INV-004314,P-014,S-021,2026-08-08,339,101,303,12,3.36
INV-004315,P-015,S-006,2026-08-08,451,88,264,12,5.13
INV-004316,P-016,S-036,2026-08-08,385,79,237,10,4.88
INV-004317,P-017,S-038,2026-08-08,402,111,333,15,3.63
INV-004318,P-018,S-044,2026-08-08,405,125,375,4,3.25
INV-004319,P-019,S-011,2026-08-08,443,95,285,15,4.67
INV-004320,P-020,S-013,2026-08-08,414,110,330,4,3.77
INV-004321,P-021,S-021,2026-08-08,336,118,354,12,2.85
INV-004322,P-022,S-045,2026-08-08,350,119,357,6,2.95
INV-004323,P-023,S-043,2026-08-08,477,76,228,9,6.28
INV-004324,P-024,S-020,2026-08-08,418,83,249,10,5.04
INV-004325,P-025,S-012,2026-08-08,303,133,399,10,2.28
INV-004326,P-026,S-031,2026-08-08,415,63,189,9,6.6
INV-004327,P-027,S-036,2026-08-08,332,122,366,10,2.73
INV-004328,P-028,S-049,2026-08-08,422,89,267,13,4.75
INV-004329,P-029,S-012,2026-08-08,389,100,300,10,3.9
INV-004330,P-030,S-013,2026-08-08,338,109,327,4,3.11
INV-004331,P-031,S-020,2026-08-08,476,108,324,10,4.41
INV-004332,P-032,S-030,2026-08-08,340,150,450,7,2.27
INV-004333,P-033,S-001,2026-08-08,420,94,282,9,4.47
INV-004334,P-034,S-049,2026-08-08,414,65,195,13,6.38
INV-004335,P-035,S-025,2026-08-08,399,110,330,7,3.63
INV-004336,P-036,S-044,2026-08-08,347,92,276,4,3.78
INV-004337,P-037,S-004,2026-08-08,395,94,282,5,4.21
INV-004338,P-038,S-006,2026-08-08,403,109,327,12,3.7
INV-004339,P-039,S-015,2026-08-08,423,110,330,8,3.85
INV-004340,P-040,S-021,2026-08-08,399,87,261,12,4.59
INV-004341,P-041,S-011,2026-08-08,444,71,213,15,6.25
INV-004342,P-042,S-038,2026-08-08,500,70,210,15,7.14
INV-004343,P-043,S-010,2026-08-08,433,119,357,5,3.65
INV-004344,P-044,S-010,2026-08-08,313,115,345,5,2.73
INV-004345,P-045,S-042,2026-08-08,413,78,234,14,5.3
INV-004346,P-046,S-017,2026-08-08,370,107,321,14,3.46
INV-004347,P-047,S-046,2026-08-08,436,90,270,6,4.85
INV-004348,P-048,S-001,2026-08-08,481,94,282,9,5.12
INV-004349,P-049,S-021,2026-08-08,414,95,285,12,4.36
INV-004350,P-050,S-001,2026-08-08,369,96,288,9,3.85
INV-004351,P-001,S-035,2026-08-09,417,109,327,11,3.83
INV-004352,P-002,S-042,2026-08-09,449,105,315,14,4.28
INV-004353,P-003,S-023,2026-08-09,388,74,222,12,5.26
INV-004354,P-004,S-028,2026-08-09,340,110,330,3,3.1
INV-004355,P-005,S-044,2026-08-09,462,101,303,4,4.58
INV-004356,P-006,S-028,2026-08-09,346,122,366,3,2.84
INV-004357,P-007,S-033,2026-08-09,454,75,225,5,6.07
INV-004358,P-008,S-047,2026-08-09,436,104,312,12,4.2
INV-004359,P-009,S-019,2026-08-09,423,98,294,10,4.32
INV-004360,P-010,S-023,2026-08-09,360,74,222,12,4.88
INV-004361,P-011,S-044,2026-08-09,264,101,303,4,2.62
INV-004362,P-012,S-031,2026-08-09,404,104,312,9,3.89
INV-004363,P-013,S-030,2026-08-09,432,91,273,7,4.75
INV-004364,P-014,S-023,2026-08-09,432,87,261,12,4.97
INV-004365,P-015,S-048,2026-08-09,311,111,333,13,2.81
INV-004366,P-016,S-049,2026-08-09,344,105,315,13,3.28
INV-004367,P-017,S-037,2026-08-09,389,126,378,8,3.09
INV-004368,P-018,S-010,2026-08-09,436,98,294,5,4.45
INV-004369,P-019,S-042,2026-08-09,446,79,237,14,5.65
INV-004370,P-020,S-037,2026-08-09,420,78,234,8,5.38
INV-004371,P-021,S-038,2026-08-09,525,101,303,15,5.2
INV-004372,P-022,S-022,2026-08-09,373,104,312,6,3.59
INV-004373,P-023,S-010,2026-08-09,411,118,354,5,3.48
INV-004374,P-024,S-020,2026-08-09,443,96,288,10,4.62
INV-004375,P-025,S-044,2026-08-09,401,97,291,4,4.14
INV-004376,P-026,S-016,2026-08-09,331,154,462,8,2.16
INV-004377,P-027,S-024,2026-08-09,411,94,282,10,4.38
INV-004378,P-028,S-004,2026-08-09,460,89,267,5,5.17
INV-004379,P-029,S-017,2026-08-09,334,83,249,14,4.03
INV-004380,P-030,S-010,2026-08-09,478,92,276,5,5.2
INV-004381,P-031,S-002,2026-08-09,403,79,237,13,5.1
INV-004382,P-032,S-013,2026-08-09,368,107,321,4,3.45
INV-004383,P-033,S-017,2026-08-09,388,94,282,14,4.13
INV-004384,P-034,S-008,2026-08-09,321,143,429,15,2.25
INV-004385,P-035,S-014,2026-08-09,395,87,261,8,4.54
INV-004386,P-036,S-032,2026-08-09,426,84,252,13,5.07
INV-004387,P-037,S-034,2026-08-09,422,104,312,3,4.06
INV-004388,P-038,S-045,2026-08-09,382,91,273,6,4.2
INV-004389,P-039,S-010,2026-08-09,352,85,255,5,4.14
INV-004390,P-040,S-039,2026-08-09,398,79,237,12,5.04
INV-004391,P-041,S-040,2026-08-09,330,101,303,5,3.27
INV-004392,P-042,S-017,2026-08-09,464,98,294,14,4.74
INV-004393,P-043,S-036,2026-08-09,367,124,372,10,2.96
INV-004394,P-044,S-016,2026-08-09,368,105,315,8,3.51
INV-004395,P-045,S-013,2026-08-09,423,109,327,4,3.89
INV-004396,P-046,S-047,2026-08-09,343,92,276,12,3.73
INV-004397,P-047,S-032,2026-08-09,438,93,279,13,4.71
INV-004398,P-048,S-001,2026-08-09,314,122,366,9,2.57
INV-004399,P-049,S-003,2026-08-09,436,101,303,10,4.32
INV-004400,P-050,S-046,2026-08-09,463,97,291,6,4.78
INV-004401,P-001,S-028,2026-08-10,431,78,234,3,5.53
INV-004402,P-002,S-038,2026-08-10,517,82,246,15,6.31
INV-004403,P-003,S-028,2026-08-10,485,99,297,3,4.9
INV-004404,P-004,S-019,2026-08-10,389,97,291,10,4.01
INV-004405,P-005,S-002,2026-08-10,475,82,246,13,5.8
INV-004406,P-006,S-017,2026-08-10,479,78,234,14,6.15
INV-004407,P-007,S-002,2026-08-10,396,114,342,13,3.47
INV-004408,P-008,S-013,2026-08-10,456,115,345,4,3.97
INV-004409,P-009,S-009,2026-08-10,320,115,345,12,2.79
INV-004410,P-010,S-013,2026-08-10,415,97,291,4,4.28
INV-004411,P-011,S-049,2026-08-10,496,114,342,13,4.35
INV-004412,P-012,S-047,2026-08-10,520,94,282,12,5.54
INV-004413,P-013,S-003,2026-08-10,430,81,243,10,5.32
INV-004414,P-014,S-037,2026-08-10,494,98,294,8,5.05
INV-004415,P-015,S-016,2026-08-10,436,96,288,8,4.55
INV-004416,P-016,S-001,2026-08-10,503,98,294,9,5.14
INV-004417,P-017,S-032,2026-08-10,454,58,174,13,7.84
INV-004418,P-018,S-044,2026-08-10,426,97,291,4,4.39
INV-004419,P-019,S-021,2026-08-10,388,134,402,12,2.9
INV-004420,P-020,S-012,2026-08-10,452,91,273,10,4.97
INV-004421,P-021,S-003,2026-08-10,418,69,207,10,6.07
INV-004422,P-022,S-029,2026-08-10,502,114,342,10,4.4
INV-004423,P-023,S-029,2026-08-10,498,92,276,10,5.41
INV-004424,P-024,S-016,2026-08-10,461,121,363,8,3.81
INV-004425,P-025,S-035,2026-08-10,512,91,273,11,5.63
INV-004426,P-026,S-043,2026-08-10,517,61,183,9,8.49
INV-004427,P-027,S-028,2026-08-10,409,113,339,3,3.62
INV-004428,P-028,S-027,2026-08-10,444,65,195,3,6.84
INV-004429,P-029,S-030,2026-08-10,406,95,285,7,4.28
INV-004430,P-030,S-020,2026-08-10,473,125,375,10,3.78
INV-004431,P-031,S-025,2026-08-10,457,124,372,7,3.69
INV-004432,P-032,S-038,2026-08-10,382,151,453,15,2.54
INV-004433,P-033,S-023,2026-08-10,405,115,345,12,3.53
INV-004434,P-034,S-035,2026-08-10,491,102,306,11,4.82
INV-004435,P-035,S-001,2026-08-10,484,100,300,9,4.85
INV-004436,P-036,S-036,2026-08-10,486,50,150,10,9.74
INV-004437,P-037,S-037,2026-08-10,433,98,294,8,4.43
INV-004438,P-038,S-004,2026-08-10,401,100,300,5,4.02
INV-004439,P-039,S-038,2026-08-10,335,60,180,15,5.59
INV-004440,P-040,S-034,2026-08-10,445,91,273,3,4.9
INV-004441,P-041,S-027,2026-08-10,491,76,228,3,6.47
INV-004442,P-042,S-020,2026-08-10,457,60,180,10,7.62
INV-004443,P-043,S-005,2026-08-10,490,91,273,7,5.39
INV-004444,P-044,S-036,2026-08-10,397,86,258,10,4.62
INV-004445,P-045,S-015,2026-08-10,439,72,216,8,6.11
INV-004446,P-046,S-031,2026-08-10,489,95,285,9,5.15
INV-004447,P-047,S-002,2026-08-10,393,129,387,13,3.05
INV-004448,P-048,S-006,2026-08-10,482,98,294,12,4.93
INV-004449,P-049,S-019,2026-08-10,503,111,333,10,4.54
INV-004450,P-050,S-033,2026-08-10,402,84,252,5,4.79
INV-004451,P-001,S-025,2026-08-11,448,121,363,7,3.7
INV-004452,P-002,S-015,2026-08-11,439,132,396,8,3.33
INV-004453,P-003,S-011,2026-08-11,380,98,294,15,3.88
INV-004454,P-004,S-040,2026-08-11,439,95,285,5,4.62
INV-004455,P-005,S-031,2026-08-11,445,91,273,9,4.89
INV-004456,P-006,S-008,2026-08-11,391,93,279,15,4.21
INV-004457,P-007,S-044,2026-08-11,362,115,345,4,3.15
INV-004458,P-008,S-022,2026-08-11,497,95,285,6,5.23
INV-004459,P-009,S-041,2026-08-11,379,102,306,6,3.72
INV-004460,P-010,S-048,2026-08-11,446,148,444,13,3.02
INV-004461,P-011,S-049,2026-08-11,417,45,135,13,9.29
INV-004462,P-012,S-014,2026-08-11,426,96,288,8,4.44
INV-004463,P-013,S-004,2026-08-11,397,102,306,5,3.9
INV-004464,P-014,S-003,2026-08-11,427,112,336,10,3.82
INV-004465,P-015,S-017,2026-08-11,443,121,363,14,3.66
INV-004466,P-016,S-036,2026-08-11,315,122,366,10,2.59
INV-004467,P-017,S-003,2026-08-11,285,120,360,10,2.38
INV-004468,P-018,S-012,2026-08-11,500,79,237,10,6.33
INV-004469,P-019,S-017,2026-08-11,409,113,339,14,3.63
INV-004470,P-020,S-044,2026-08-11,410,73,219,4,5.62
INV-004471,P-021,S-038,2026-08-11,495,96,288,15,5.16
INV-004472,P-022,S-040,2026-08-11,485,69,207,5,7.03
INV-004473,P-023,S-031,2026-08-11,459,78,234,9,5.88
INV-004474,P-024,S-019,2026-08-11,473,80,240,10,5.92
INV-004475,P-025,S-016,2026-08-11,388,69,207,8,5.63
INV-004476,P-026,S-011,2026-08-11,426,65,195,15,6.55
INV-004477,P-027,S-033,2026-08-11,456,45,135,5,10.15
INV-004478,P-028,S-021,2026-08-11,408,86,258,12,4.75
INV-004479,P-029,S-026,2026-08-11,527,95,285,15,5.55
INV-004480,P-030,S-019,2026-08-11,390,139,417,10,2.81
INV-004481,P-031,S-031,2026-08-11,508,76,228,9,6.69
INV-004482,P-032,S-018,2026-08-11,425,88,264,9,4.83
INV-004483,P-033,S-020,2026-08-11,402,136,408,10,2.96
INV-004484,P-034,S-011,2026-08-11,414,100,300,15,4.15
INV-004485,P-035,S-008,2026-08-11,455,65,195,15,7.0
INV-004486,P-036,S-037,2026-08-11,431,114,342,8,3.78
INV-004487,P-037,S-013,2026-08-11,487,85,255,4,5.73
INV-004488,P-038,S-044,2026-08-11,435,116,348,4,3.76
INV-004489,P-039,S-036,2026-08-11,554,104,312,10,5.33
INV-004490,P-040,S-033,2026-08-11,383,66,198,5,5.81
INV-004491,P-041,S-030,2026-08-11,480,99,297,7,4.85
INV-004492,P-042,S-022,2026-08-11,434,77,231,6,5.65
INV-004493,P-043,S-007,2026-08-11,458,116,348,3,3.95
INV-004494,P-044,S-003,2026-08-11,381,100,300,10,3.82
INV-004495,P-045,S-001,2026-08-11,430,99,297,9,4.35
INV-004496,P-046,S-025,2026-08-11,449,83,249,7,5.42
INV-004497,P-047,S-009,2026-08-11,352,104,312,12,3.38
INV-004498,P-048,S-006,2026-08-11,433,129,387,12,3.36
INV-004499,P-049,S-049,2026-08-11,487,66,198,13,7.38
INV-004500,P-050,S-043,2026-08-11,491,55,165,9,8.94
INV-004501,P-001,S-028,2026-08-12,356,117,351,3,3.04
INV-004502,P-002,S-035,2026-08-12,385,71,213,11,5.43
INV-004503,P-003,S-018,2026-08-12,420,90,270,9,4.68
INV-004504,P-004,S-041,2026-08-12,323,110,330,6,2.94
INV-004505,P-005,S-001,2026-08-12,482,97,291,9,4.98
INV-004506,P-006,S-002,2026-08-12,438,90,270,13,4.88
INV-004507,P-007,S-037,2026-08-12,252,137,411,8,1.84
INV-004508,P-008,S-030,2026-08-12,383,127,381,7,3.02
INV-004509,P-009,S-003,2026-08-12,441,104,312,10,4.25
INV-004510,P-010,S-017,2026-08-12,430,114,342,14,3.78
INV-004511,P-011,S-050,2026-08-12,427,83,249,14,5.15
INV-004512,P-012,S-042,2026-08-12,402,110,330,14,3.66
INV-004513,P-013,S-001,2026-08-12,373,120,360,9,3.11
INV-004514,P-014,S-005,2026-08-12,429,66,198,7,6.5
INV-004515,P-015,S-020,2026-08-12,418,129,387,10,3.25
INV-004516,P-016,S-037,2026-08-12,431,111,333,8,3.89
INV-004517,P-017,S-042,2026-08-12,375,99,297,14,3.79
INV-004518,P-018,S-013,2026-08-12,442,107,321,4,4.14
INV-004519,P-019,S-029,2026-08-12,411,90,270,10,4.58
INV-004520,P-020,S-019,2026-08-12,428,105,315,10,4.08
INV-004521,P-021,S-025,2026-08-12,426,87,261,7,4.9
INV-004522,P-022,S-021,2026-08-12,433,112,336,12,3.87
INV-004523,P-023,S-031,2026-08-12,403,88,264,9,4.59
INV-004524,P-024,S-003,2026-08-12,421,116,348,10,3.63
INV-004525,P-025,S-033,2026-08-12,446,68,204,5,6.56
INV-004526,P-026,S-002,2026-08-12,430,95,285,13,4.53
INV-004527,P-027,S-032,2026-08-12,459,66,198,13,6.95
INV-004528,P-028,S-050,2026-08-12,488,122,366,14,4.01
INV-004529,P-029,S-042,2026-08-12,364,90,270,14,4.05
INV-004530,P-030,S-039,2026-08-12,387,90,270,12,4.31
INV-004531,P-031,S-011,2026-08-12,401,124,372,15,3.23
INV-004532,P-032,S-012,2026-08-12,453,127,381,10,3.57
INV-004533,P-033,S-027,2026-08-12,387,97,291,3,4.0
INV-004534,P-034,S-001,2026-08-12,409,138,414,9,2.97
INV-004535,P-035,S-035,2026-08-12,488,105,315,11,4.65
INV-004536,P-036,S-037,2026-08-12,444,114,342,8,3.9
INV-004537,P-037,S-019,2026-08-12,480,97,291,10,4.96
INV-004538,P-038,S-016,2026-08-12,464,95,285,8,4.89
INV-004539,P-039,S-031,2026-08-12,388,119,357,9,3.26
INV-004540,P-040,S-016,2026-08-12,348,122,366,8,2.86
INV-004541,P-041,S-015,2026-08-12,329,133,399,8,2.47
INV-004542,P-042,S-045,2026-08-12,314,121,363,6,2.6
INV-004543,P-043,S-003,2026-08-12,423,104,312,10,4.07
INV-004544,P-044,S-020,2026-08-12,503,91,273,10,5.53
INV-004545,P-045,S-046,2026-08-12,469,94,282,6,4.99
INV-004546,P-046,S-034,2026-08-12,430,100,300,3,4.3
INV-004547,P-047,S-016,2026-08-12,328,66,198,8,4.97
INV-004548,P-048,S-019,2026-08-12,393,65,195,10,6.06
INV-004549,P-049,S-006,2026-08-12,406,61,183,12,6.66
INV-004550,P-050,S-021,2026-08-12,455,126,378,12,3.61
INV-004551,P-001,S-043,2026-08-13,508,74,222,9,6.86
INV-004552,P-002,S-050,2026-08-13,505,75,225,14,6.74
INV-004553,P-003,S-040,2026-08-13,395,109,327,5,3.63
INV-004554,P-004,S-012,2026-08-13,424,119,357,10,3.56
INV-004555,P-005,S-049,2026-08-13,437,157,471,13,2.78
INV-004556,P-006,S-048,2026-08-13,435,107,321,13,4.07
INV-004557,P-007,S-042,2026-08-13,406,91,273,14,4.47
INV-004558,P-008,S-048,2026-08-13,510,77,231,13,6.63
INV-004559,P-009,S-026,2026-08-13,516,69,207,15,7.49
INV-004560,P-010,S-011,2026-08-13,580,118,354,15,4.92
INV-004561,P-011,S-049,2026-08-13,281,120,360,13,2.35
INV-004562,P-012,S-039,2026-08-13,429,92,276,12,4.66
INV-004563,P-013,S-001,2026-08-13,420,101,303,9,4.16
INV-004564,P-014,S-031,2026-08-13,432,112,336,9,3.87
INV-004565,P-015,S-008,2026-08-13,430,116,348,15,3.71
INV-004566,P-016,S-034,2026-08-13,419,92,276,3,4.55
INV-004567,P-017,S-030,2026-08-13,427,129,387,7,3.31
INV-004568,P-018,S-001,2026-08-13,461,110,330,9,4.19
INV-004569,P-019,S-020,2026-08-13,485,108,324,10,4.49
INV-004570,P-020,S-021,2026-08-13,434,92,276,12,4.72
INV-004571,P-021,S-024,2026-08-13,405,94,282,10,4.32
INV-004572,P-022,S-037,2026-08-13,412,110,330,8,3.75
INV-004573,P-023,S-050,2026-08-13,465,108,324,14,4.31
INV-004574,P-024,S-040,2026-08-13,416,91,273,5,4.58
INV-004575,P-025,S-011,2026-08-13,454,106,318,15,4.29
INV-004576,P-026,S-034,2026-08-13,446,87,261,3,5.14
INV-004577,P-027,S-004,2026-08-13,470,111,333,5,4.24
INV-004578,P-028,S-045,2026-08-13,403,78,234,6,5.18
INV-004579,P-029,S-016,2026-08-13,438,102,306,8,4.3
INV-004580,P-030,S-040,2026-08-13,437,84,252,5,5.21
INV-004581,P-031,S-039,2026-08-13,424,70,210,12,6.06
INV-004582,P-032,S-018,2026-08-13,513,91,273,9,5.64
INV-004583,P-033,S-031,2026-08-13,503,63,189,9,7.99
INV-004584,P-034,S-012,2026-08-13,457,91,273,10,5.03
INV-004585,P-035,S-047,2026-08-13,447,110,330,12,4.06
INV-004586,P-036,S-044,2026-08-13,419,85,255,4,4.94
INV-004587,P-037,S-049,2026-08-13,432,126,378,13,3.43
INV-004588,P-038,S-016,2026-08-13,426,101,303,8,4.22
INV-004589,P-039,S-024,2026-08-13,498,102,306,10,4.89
INV-004590,P-040,S-021,2026-08-13,494,102,306,12,4.85
INV-004591,P-041,S-050,2026-08-13,559,78,234,14,7.18
INV-004592,P-042,S-036,2026-08-13,503,57,171,10,8.83
INV-004593,P-043,S-031,2026-08-13,476,47,141,9,10.15
INV-004594,P-044,S-016,2026-08-13,515,110,330,8,4.68
INV-004595,P-045,S-046,2026-08-13,526,61,183,6,8.63
INV-004596,P-046,S-005,2026-08-13,429,74,222,7,5.8
INV-004597,P-047,S-003,2026-08-13,408,67,201,10,6.1
INV-004598,P-048,S-036,2026-08-13,505,102,306,10,4.96
INV-004599,P-049,S-016,2026-08-13,385,137,411,8,2.81
INV-004600,P-050,S-036,2026-08-13,434,95,285,10,4.57
INV-004601,P-001,S-024,2026-08-14,459,113,339,10,4.06
INV-004602,P-002,S-047,2026-08-14,460,96,288,12,4.8
INV-004603,P-003,S-030,2026-08-14,452,113,339,7,4.0
INV-004604,P-004,S-007,2026-08-14,402,73,219,3,5.52
INV-004605,P-005,S-023,2026-08-14,373,94,282,12,3.97
INV-004606,P-006,S-032,2026-08-14,495,71,213,13,6.98
INV-004607,P-007,S-023,2026-08-14,482,107,321,12,4.51
INV-004608,P-008,S-016,2026-08-14,445,66,198,8,6.74
INV-004609,P-009,S-050,2026-08-14,416,92,276,14,4.53
INV-004610,P-010,S-039,2026-08-14,352,119,357,12,2.97
INV-004611,P-011,S-022,2026-08-14,440,116,348,6,3.79
INV-004612,P-012,S-013,2026-08-14,488,83,249,4,5.89
INV-004613,P-013,S-050,2026-08-14,390,93,279,14,4.19
INV-004614,P-014,S-030,2026-08-14,428,62,186,7,6.9
INV-004615,P-015,S-010,2026-08-14,384,113,339,5,3.4
INV-004616,P-016,S-027,2026-08-14,411,113,339,3,3.64
INV-004617,P-017,S-014,2026-08-14,481,114,342,8,4.22
INV-004618,P-018,S-001,2026-08-14,440,103,309,9,4.28
INV-004619,P-019,S-035,2026-08-14,362,109,327,11,3.32
INV-004620,P-020,S-045,2026-08-14,412,105,315,6,3.93
INV-004621,P-021,S-034,2026-08-14,526,81,243,3,6.49
INV-004622,P-022,S-007,2026-08-14,459,90,270,3,5.1
INV-004623,P-023,S-047,2026-08-14,477,88,264,12,5.43
INV-004624,P-024,S-050,2026-08-14,440,120,360,14,3.67
INV-004625,P-025,S-008,2026-08-14,421,89,267,15,4.73
INV-004626,P-026,S-037,2026-08-14,574,92,276,8,6.25
INV-004627,P-027,S-041,2026-08-14,468,127,381,6,3.69
INV-004628,P-028,S-007,2026-08-14,497,76,228,3,6.55
INV-004629,P-029,S-025,2026-08-14,455,101,303,7,4.51
INV-004630,P-030,S-041,2026-08-14,430,80,240,6,5.38
INV-004631,P-031,S-045,2026-08-14,417,105,315,6,3.97
INV-004632,P-032,S-008,2026-08-14,343,85,255,15,4.04
INV-004633,P-033,S-030,2026-08-14,331,113,339,7,2.93
INV-004634,P-034,S-041,2026-08-14,370,110,330,6,3.37
INV-004635,P-035,S-027,2026-08-14,443,82,246,3,5.41
INV-004636,P-036,S-002,2026-08-14,439,96,288,13,4.58
INV-004637,P-037,S-015,2026-08-14,369,108,324,8,3.42
INV-004638,P-038,S-040,2026-08-14,332,89,267,5,3.73
INV-004639,P-039,S-010,2026-08-14,408,88,264,5,4.65
INV-004640,P-040,S-036,2026-08-14,492,99,297,10,4.98
INV-004641,P-041,S-040,2026-08-14,354,89,267,5,3.98
INV-004642,P-042,S-039,2026-08-14,518,87,261,12,5.96
INV-004643,P-043,S-001,2026-08-14,482,108,324,9,4.46
INV-004644,P-044,S-037,2026-08-14,413,109,327,8,3.79
INV-004645,P-045,S-050,2026-08-14,424,105,315,14,4.04
INV-004646,P-046,S-033,2026-08-14,473,96,288,5,4.94
INV-004647,P-047,S-035,2026-08-14,358,106,318,11,3.38
INV-004648,P-048,S-017,2026-08-14,457,99,297,14,4.62
INV-004649,P-049,S-003,2026-08-14,423,90,270,10,4.7
INV-004650,P-050,S-025,2026-08-14,365,99,297,7,3.69
INV-004651,P-001,S-033,2026-08-15,464,57,171,5,8.15
INV-004652,P-002,S-024,2026-08-15,386,98,294,10,3.95
INV-004653,P-003,S-002,2026-08-15,463,96,288,13,4.83
INV-004654,P-004,S-003,2026-08-15,452,98,294,10,4.62
INV-004655,P-005,S-018,2026-08-15,425,91,273,9,4.68
INV-004656,P-006,S-024,2026-08-15,435,85,255,10,5.12
INV-004657,P-007,S-050,2026-08-15,350,97,291,14,3.61
INV-004658,P-008,S-029,2026-08-15,403,98,294,10,4.12
INV-004659,P-009,S-015,2026-08-15,520,115,345,8,4.52
INV-004660,P-010,S-014,2026-08-15,531,111,333,8,4.79
INV-004661,P-011,S-038,2026-08-15,443,96,288,15,4.62
INV-004662,P-012,S-016,2026-08-15,468,108,324,8,4.33
INV-004663,P-013,S-044,2026-08-15,467,61,183,4,7.66
INV-004664,P-014,S-029,2026-08-15,390,83,249,10,4.7
INV-004665,P-015,S-018,2026-08-15,475,88,264,9,5.4
INV-004666,P-016,S-012,2026-08-15,401,78,234,10,5.14
INV-004667,P-017,S-045,2026-08-15,444,93,279,6,4.78
INV-004668,P-018,S-038,2026-08-15,397,109,327,15,3.65
INV-004669,P-019,S-014,2026-08-15,421,102,306,8,4.13
INV-004670,P-020,S-011,2026-08-15,449,97,291,15,4.63
INV-004671,P-021,S-014,2026-08-15,451,99,297,8,4.56
INV-004672,P-022,S-001,2026-08-15,414,87,261,9,4.76
INV-004673,P-023,S-046,2026-08-15,537,97,291,6,5.54
INV-004674,P-024,S-009,2026-08-15,379,84,252,12,4.52
INV-004675,P-025,S-010,2026-08-15,499,77,231,5,6.49
INV-004676,P-026,S-027,2026-08-15,385,122,366,3,3.16
INV-004677,P-027,S-042,2026-08-15,451,86,258,14,5.25
INV-004678,P-028,S-007,2026-08-15,378,97,291,3,3.9
INV-004679,P-029,S-018,2026-08-15,498,69,207,9,7.22
INV-004680,P-030,S-048,2026-08-15,459,93,279,13,4.94
INV-004681,P-031,S-035,2026-08-15,379,77,231,11,4.93
INV-004682,P-032,S-038,2026-08-15,470,119,357,15,3.96
INV-004683,P-033,S-014,2026-08-15,470,89,267,8,5.29
INV-004684,P-034,S-004,2026-08-15,492,90,270,5,5.47
INV-004685,P-035,S-050,2026-08-15,401,111,333,14,3.62
INV-004686,P-036,S-010,2026-08-15,433,116,348,5,3.74
INV-004687,P-037,S-040,2026-08-15,510,98,294,5,5.21
INV-004688,P-038,S-003,2026-08-15,450,90,270,10,5.0
INV-004689,P-039,S-006,2026-08-15,482,121,363,12,3.99
INV-004690,P-040,S-011,2026-08-15,422,123,369,15,3.43
INV-004691,P-041,S-037,2026-08-15,494,84,252,8,5.89
INV-004692,P-042,S-038,2026-08-15,373,87,261,15,4.29
INV-004693,P-043,S-041,2026-08-15,394,119,357,6,3.32
INV-004694,P-044,S-050,2026-08-15,427,69,207,14,6.19
INV-004695,P-045,S-046,2026-08-15,390,115,345,6,3.39
INV-004696,P-046,S-044,2026-08-15,532,99,297,4,5.38
INV-004697,P-047,S-044,2026-08-15,470,76,228,4,6.19
INV-004698,P-048,S-050,2026-08-15,468,124,372,14,3.78
INV-004699,P-049,S-019,2026-08-15,390,92,276,10,4.24
INV-004700,P-050,S-037,2026-08-15,426,96,288,8,4.45
INV-004701,P-001,S-011,2026-08-16,380,98,294,15,3.88
INV-004702,P-002,S-030,2026-08-16,382,110,330,7,3.48
INV-004703,P-003,S-021,2026-08-16,415,113,339,12,3.67
INV-004704,P-004,S-010,2026-08-16,328,101,303,5,3.25
INV-004705,P-005,S-036,2026-08-16,337,96,288,10,3.52
INV-004706,P-006,S-046,2026-08-16,360,111,333,6,3.25
INV-004707,P-007,S-048,2026-08-16,316,130,390,13,2.44
INV-004708,P-008,S-029,2026-08-16,423,129,387,10,3.29
INV-004709,P-009,S-039,2026-08-16,453,111,333,12,4.08
INV-004710,P-010,S-026,2026-08-16,418,97,291,15,4.32
INV-004711,P-011,S-048,2026-08-16,423,78,234,13,5.43
INV-004712,P-012,S-003,2026-08-16,423,130,390,10,3.26
INV-004713,P-013,S-002,2026-08-16,465,66,198,13,7.05
INV-004714,P-014,S-026,2026-08-16,392,101,303,15,3.88
INV-004715,P-015,S-042,2026-08-16,379,124,372,14,3.06
INV-004716,P-016,S-041,2026-08-16,460,93,279,6,4.96
INV-004717,P-017,S-033,2026-08-16,317,89,267,5,3.57
INV-004718,P-018,S-040,2026-08-16,358,91,273,5,3.94
INV-004719,P-019,S-009,2026-08-16,394,121,363,12,3.26
INV-004720,P-020,S-030,2026-08-16,393,107,321,7,3.68
INV-004721,P-021,S-007,2026-08-16,452,83,249,3,5.46
INV-004722,P-022,S-031,2026-08-16,332,113,339,9,2.94
INV-004723,P-023,S-042,2026-08-16,415,94,282,14,4.42
INV-004724,P-024,S-027,2026-08-16,419,92,276,3,4.56
INV-004725,P-025,S-033,2026-08-16,364,76,228,5,4.8
INV-004726,P-026,S-020,2026-08-16,425,100,300,10,4.25
INV-004727,P-027,S-010,2026-08-16,337,148,444,5,2.28
INV-004728,P-028,S-039,2026-08-16,544,74,222,12,7.36
INV-004729,P-029,S-017,2026-08-16,309,115,345,14,2.69
INV-004730,P-030,S-042,2026-08-16,338,129,387,14,2.63
INV-004731,P-031,S-014,2026-08-16,465,73,219,8,6.38
INV-004732,P-032,S-046,2026-08-16,373,104,312,6,3.59
INV-004733,P-033,S-022,2026-08-16,337,86,258,6,3.93
INV-004734,P-034,S-025,2026-08-16,350,89,267,7,3.94
INV-004735,P-035,S-047,2026-08-16,388,66,198,12,5.88
INV-004736,P-036,S-013,2026-08-16,311,84,252,4,3.71
INV-004737,P-037,S-041,2026-08-16,411,71,213,6,5.8
INV-004738,P-038,S-015,2026-08-16,469,89,267,8,5.27
INV-004739,P-039,S-044,2026-08-16,460,82,246,4,5.62
INV-004740,P-040,S-002,2026-08-16,470,77,231,13,6.11
INV-004741,P-041,S-011,2026-08-16,287,99,297,15,2.9
INV-004742,P-042,S-019,2026-08-16,384,143,429,10,2.69
INV-004743,P-043,S-016,2026-08-16,305,112,336,8,2.73
INV-004744,P-044,S-037,2026-08-16,280,129,387,8,2.18
INV-004745,P-045,S-009,2026-08-16,422,79,237,12,5.34
INV-004746,P-046,S-031,2026-08-16,418,122,366,9,3.43
INV-004747,P-047,S-004,2026-08-16,370,117,351,5,3.17
INV-004748,P-048,S-009,2026-08-16,339,104,312,12,3.26
INV-004749,P-049,S-010,2026-08-16,383,101,303,5,3.79
INV-004750,P-050,S-018,2026-08-16,401,95,285,9,4.23
INV-004751,P-001,S-005,2026-08-17,295,98,294,7,3.01
INV-004752,P-002,S-007,2026-08-17,418,88,264,3,4.76
INV-004753,P-003,S-015,2026-08-17,477,89,267,8,5.36
INV-004754,P-004,S-009,2026-08-17,378,122,366,12,3.1
INV-004755,P-005,S-033,2026-08-17,348,98,294,5,3.55
INV-004756,P-006,S-011,2026-08-17,372,98,294,15,3.8
INV-004757,P-007,S-007,2026-08-17,324,123,369,3,2.64
INV-004758,P-008,S-005,2026-08-17,466,109,327,7,4.28
INV-004759,P-009,S-032,2026-08-17,395,115,345,13,3.44
INV-004760,P-010,S-003,2026-08-17,405,90,270,10,4.5
INV-004761,P-011,S-016,2026-08-17,364,113,339,8,3.22
INV-004762,P-012,S-001,2026-08-17,287,112,336,9,2.57
INV-004763,P-013,S-009,2026-08-17,355,102,306,12,3.48
INV-004764,P-014,S-018,2026-08-17,262,125,375,9,2.1
INV-004765,P-015,S-048,2026-08-17,327,114,342,13,2.88
INV-004766,P-016,S-026,2026-08-17,265,129,387,15,2.06
INV-004767,P-017,S-019,2026-08-17,453,95,285,10,4.78
INV-004768,P-018,S-037,2026-08-17,408,103,309,8,3.97
INV-004769,P-019,S-035,2026-08-17,361,105,315,11,3.44
INV-004770,P-020,S-009,2026-08-17,276,100,300,12,2.77
INV-004771,P-021,S-001,2026-08-17,385,74,222,9,5.21
INV-004772,P-022,S-015,2026-08-17,350,87,261,8,4.03
INV-004773,P-023,S-016,2026-08-17,414,102,306,8,4.06
INV-004774,P-024,S-050,2026-08-17,484,58,174,14,8.36
INV-004775,P-025,S-045,2026-08-17,353,81,243,6,4.36
INV-004776,P-026,S-015,2026-08-17,354,98,294,8,3.61
INV-004777,P-027,S-030,2026-08-17,346,90,270,7,3.85
INV-004778,P-028,S-049,2026-08-17,429,95,285,13,4.52
INV-004779,P-029,S-036,2026-08-17,259,133,399,10,1.95
INV-004780,P-030,S-005,2026-08-17,373,90,270,7,4.15
INV-004781,P-031,S-012,2026-08-17,396,99,297,10,4.01
INV-004782,P-032,S-005,2026-08-17,333,108,324,7,3.09
INV-004783,P-033,S-023,2026-08-17,331,113,339,12,2.93
INV-004784,P-034,S-018,2026-08-17,345,92,276,9,3.76
INV-004785,P-035,S-041,2026-08-17,371,95,285,6,3.91
INV-004786,P-036,S-026,2026-08-17,349,116,348,15,3.01
INV-004787,P-037,S-026,2026-08-17,390,96,288,15,4.07
INV-004788,P-038,S-043,2026-08-17,298,114,342,9,2.62
INV-004789,P-039,S-050,2026-08-17,314,89,267,14,3.53
INV-004790,P-040,S-046,2026-08-17,298,121,363,6,2.47
INV-004791,P-041,S-037,2026-08-17,291,71,213,8,4.1
INV-004792,P-042,S-016,2026-08-17,348,102,306,8,3.41
INV-004793,P-043,S-032,2026-08-17,350,90,270,13,3.89
INV-004794,P-044,S-008,2026-08-17,353,103,309,15,3.43
INV-004795,P-045,S-019,2026-08-17,338,104,312,10,3.25
INV-004796,P-046,S-009,2026-08-17,333,106,318,12,3.15
INV-004797,P-047,S-048,2026-08-17,323,107,321,13,3.03
INV-004798,P-048,S-032,2026-08-17,398,92,276,13,4.33
INV-004799,P-049,S-022,2026-08-17,343,129,387,6,2.67
INV-004800,P-050,S-038,2026-08-17,398,92,276,15,4.33
INV-004801,P-001,S-045,2026-08-18,438,108,324,6,4.06
INV-004802,P-002,S-020,2026-08-18,440,79,237,10,5.58
INV-004803,P-003,S-049,2026-08-18,351,118,354,13,2.98
INV-004804,P-004,S-024,2026-08-18,401,101,303,10,3.97
INV-004805,P-005,S-007,2026-08-18,368,113,339,3,3.26
INV-004806,P-006,S-004,2026-08-18,416,93,279,5,4.48
INV-004807,P-007,S-014,2026-08-18,430,98,294,8,4.39
INV-004808,P-008,S-001,2026-08-18,440,116,348,9,3.79
INV-004809,P-009,S-030,2026-08-18,440,113,339,7,3.9
INV-004810,P-010,S-046,2026-08-18,382,124,372,6,3.09
INV-004811,P-011,S-018,2026-08-18,448,94,282,9,4.77
INV-004812,P-012,S-016,2026-08-18,453,98,294,8,4.62
INV-004813,P-013,S-012,2026-08-18,383,95,285,10,4.03
INV-004814,P-014,S-027,2026-08-18,403,103,309,3,3.92
INV-004815,P-015,S-028,2026-08-18,465,96,288,3,4.85
INV-004816,P-016,S-036,2026-08-18,421,94,282,10,4.49
INV-004817,P-017,S-011,2026-08-18,426,62,186,15,6.89
INV-004818,P-018,S-016,2026-08-18,460,98,294,8,4.69
INV-004819,P-019,S-018,2026-08-18,367,77,231,9,4.77
INV-004820,P-020,S-021,2026-08-18,441,62,186,12,7.13
INV-004821,P-021,S-001,2026-08-18,334,104,312,9,3.21
INV-004822,P-022,S-028,2026-08-18,344,120,360,3,2.87
INV-004823,P-023,S-004,2026-08-18,342,103,309,5,3.33
INV-004824,P-024,S-002,2026-08-18,362,109,327,13,3.33
INV-004825,P-025,S-020,2026-08-18,380,95,285,10,4.0
INV-004826,P-026,S-011,2026-08-18,366,81,243,15,4.52
INV-004827,P-027,S-016,2026-08-18,365,170,510,8,2.15
INV-004828,P-028,S-007,2026-08-18,491,89,267,3,5.52
INV-004829,P-029,S-005,2026-08-18,404,109,327,7,3.71
INV-004830,P-030,S-039,2026-08-18,426,100,300,12,4.27
INV-004831,P-031,S-020,2026-08-18,336,99,297,10,3.4
INV-004832,P-032,S-027,2026-08-18,389,99,297,3,3.93
INV-004833,P-033,S-012,2026-08-18,494,63,189,10,7.85
INV-004834,P-034,S-022,2026-08-18,398,108,324,6,3.69
INV-004835,P-035,S-015,2026-08-18,287,96,288,8,2.99
INV-004836,P-036,S-025,2026-08-18,397,83,249,7,4.78
INV-004837,P-037,S-030,2026-08-18,477,105,315,7,4.55
INV-004838,P-038,S-038,2026-08-18,524,74,222,15,7.08
INV-004839,P-039,S-048,2026-08-18,372,109,327,13,3.42
INV-004840,P-040,S-049,2026-08-18,395,126,378,13,3.14
INV-004841,P-041,S-012,2026-08-18,386,142,426,10,2.73
INV-004842,P-042,S-031,2026-08-18,465,97,291,9,4.8
INV-004843,P-043,S-050,2026-08-18,466,119,357,14,3.92
INV-004844,P-044,S-023,2026-08-18,394,84,252,12,4.69
INV-004845,P-045,S-010,2026-08-18,390,91,273,5,4.29
INV-004846,P-046,S-048,2026-08-18,494,113,339,13,4.37
INV-004847,P-047,S-018,2026-08-18,444,109,327,9,4.08
INV-004848,P-048,S-014,2026-08-18,378,117,351,8,3.24
INV-004849,P-049,S-031,2026-08-18,500,75,225,9,6.67
INV-004850,P-050,S-030,2026-08-18,409,129,387,7,3.18
INV-004851,P-001,S-034,2026-08-19,464,112,336,3,4.15
INV-004852,P-002,S-032,2026-08-19,492,71,213,13,6.93
INV-004853,P-003,S-034,2026-08-19,427,102,306,3,4.19
INV-004854,P-004,S-045,2026-08-19,401,107,321,6,3.76
INV-004855,P-005,S-026,2026-08-19,510,66,198,15,7.74
INV-004856,P-006,S-014,2026-08-19,440,138,414,8,3.19
INV-004857,P-007,S-010,2026-08-19,455,84,252,5,5.43
INV-004858,P-008,S-041,2026-08-19,373,121,363,6,3.09
INV-004859,P-009,S-025,2026-08-19,381,78,234,7,4.89
INV-004860,P-010,S-046,2026-08-19,449,118,354,6,3.81
INV-004861,P-011,S-014,2026-08-19,375,140,420,8,2.68
INV-004862,P-012,S-023,2026-08-19,479,93,279,12,5.15
INV-004863,P-013,S-020,2026-08-19,385,103,309,10,3.74
INV-004864,P-014,S-044,2026-08-19,386,89,267,4,4.34
INV-004865,P-015,S-015,2026-08-19,325,116,348,8,2.8
INV-004866,P-016,S-016,2026-08-19,386,90,270,8,4.3
INV-004867,P-017,S-041,2026-08-19,485,63,189,6,7.7
INV-004868,P-018,S-028,2026-08-19,433,90,270,3,4.82
INV-004869,P-019,S-050,2026-08-19,503,93,279,14,5.41
INV-004870,P-020,S-039,2026-08-19,446,77,231,12,5.79
INV-004871,P-021,S-022,2026-08-19,445,72,216,6,6.19
INV-004872,P-022,S-005,2026-08-19,382,101,303,7,3.78
INV-004873,P-023,S-023,2026-08-19,560,66,198,12,8.49
INV-004874,P-024,S-004,2026-08-19,327,88,264,5,3.72
INV-004875,P-025,S-006,2026-08-19,383,118,354,12,3.25
INV-004876,P-026,S-027,2026-08-19,433,114,342,3,3.81
INV-004877,P-027,S-019,2026-08-19,440,110,330,10,4.0
INV-004878,P-028,S-029,2026-08-19,430,100,300,10,4.3
INV-004879,P-029,S-031,2026-08-19,457,87,261,9,5.26
INV-004880,P-030,S-028,2026-08-19,323,102,306,3,3.17
INV-004881,P-031,S-027,2026-08-19,475,112,336,3,4.25
INV-004882,P-032,S-010,2026-08-19,344,119,357,5,2.9
INV-004883,P-033,S-032,2026-08-19,433,71,213,13,6.1
INV-004884,P-034,S-013,2026-08-19,410,95,285,4,4.32
INV-004885,P-035,S-025,2026-08-19,423,82,246,7,5.17
INV-004886,P-036,S-027,2026-08-19,425,102,306,3,4.17
INV-004887,P-037,S-022,2026-08-19,333,100,300,6,3.33
INV-004888,P-038,S-031,2026-08-19,396,115,345,9,3.44
INV-004889,P-039,S-036,2026-08-19,354,72,216,10,4.92
INV-004890,P-040,S-005,2026-08-19,422,118,354,7,3.58
INV-004891,P-041,S-015,2026-08-19,417,121,363,8,3.45
INV-004892,P-042,S-038,2026-08-19,566,80,240,15,7.08
INV-004893,P-043,S-010,2026-08-19,370,100,300,5,3.7
INV-004894,P-044,S-001,2026-08-19,392,102,306,9,3.85
INV-004895,P-045,S-038,2026-08-19,453,129,387,15,3.52
INV-004896,P-046,S-012,2026-08-19,457,117,351,10,3.91
INV-004897,P-047,S-046,2026-08-19,480,65,195,6,7.39
INV-004898,P-048,S-006,2026-08-19,377,125,375,12,3.02
INV-004899,P-049,S-006,2026-08-19,395,85,255,12,4.65
INV-004900,P-050,S-023,2026-08-19,307,116,348,12,2.65
INV-004901,P-001,S-044,2026-08-20,451,68,204,4,6.64
INV-004902,P-002,S-036,2026-08-20,393,104,312,10,3.78
INV-004903,P-003,S-002,2026-08-20,409,108,324,13,3.79
INV-004904,P-004,S-045,2026-08-20,482,99,297,6,4.87
INV-004905,P-005,S-006,2026-08-20,425,102,306,12,4.17
INV-004906,P-006,S-045,2026-08-20,508,112,336,6,4.54
INV-004907,P-007,S-043,2026-08-20,496,119,357,9,4.18
INV-004908,P-008,S-002,2026-08-20,392,148,444,13,2.65
INV-004909,P-009,S-012,2026-08-20,434,89,267,10,4.88
INV-004910,P-010,S-020,2026-08-20,430,88,264,10,4.89
INV-004911,P-011,S-018,2026-08-20,433,107,321,9,4.06
INV-004912,P-012,S-024,2026-08-20,467,100,300,10,4.67
INV-004913,P-013,S-037,2026-08-20,456,101,303,8,4.52
INV-004914,P-014,S-044,2026-08-20,394,102,306,4,3.87
INV-004915,P-015,S-041,2026-08-20,388,83,249,6,4.68
INV-004916,P-016,S-044,2026-08-20,378,94,282,4,4.03
INV-004917,P-017,S-033,2026-08-20,503,75,225,5,6.71
INV-004918,P-018,S-014,2026-08-20,369,85,255,8,4.35
INV-004919,P-019,S-010,2026-08-20,351,93,279,5,3.78
INV-004920,P-020,S-039,2026-08-20,386,148,444,12,2.61
INV-004921,P-021,S-013,2026-08-20,418,98,294,4,4.27
INV-004922,P-022,S-048,2026-08-20,319,139,417,13,2.3
INV-004923,P-023,S-026,2026-08-20,466,98,294,15,4.76
INV-004924,P-024,S-006,2026-08-20,407,76,228,12,5.36
INV-004925,P-025,S-025,2026-08-20,388,103,309,7,3.78
INV-004926,P-026,S-034,2026-08-20,471,62,186,3,7.6
INV-004927,P-027,S-031,2026-08-20,488,66,198,9,7.39
INV-004928,P-028,S-012,2026-08-20,475,79,237,10,6.01
INV-004929,P-029,S-012,2026-08-20,358,72,216,10,4.98
INV-004930,P-030,S-018,2026-08-20,445,103,309,9,4.33
INV-004931,P-031,S-038,2026-08-20,508,57,171,15,8.93
INV-004932,P-032,S-047,2026-08-20,392,96,288,12,4.09
INV-004933,P-033,S-016,2026-08-20,494,97,291,8,5.1
INV-004934,P-034,S-034,2026-08-20,441,110,330,3,4.02
INV-004935,P-035,S-004,2026-08-20,444,62,186,5,7.16
INV-004936,P-036,S-048,2026-08-20,451,74,222,13,6.11
INV-004937,P-037,S-012,2026-08-20,437,92,276,10,4.75
INV-004938,P-038,S-024,2026-08-20,392,105,315,10,3.74
INV-004939,P-039,S-024,2026-08-20,341,81,243,10,4.22
INV-004940,P-040,S-041,2026-08-20,402,119,357,6,3.39
INV-004941,P-041,S-021,2026-08-20,381,137,411,12,2.78
INV-004942,P-042,S-046,2026-08-20,429,135,405,6,3.18
INV-004943,P-043,S-034,2026-08-20,327,120,360,3,2.73
INV-004944,P-044,S-003,2026-08-20,354,130,390,10,2.73
INV-004945,P-045,S-011,2026-08-20,452,98,294,15,4.62
INV-004946,P-046,S-004,2026-08-20,409,78,234,5,5.26
INV-004947,P-047,S-040,2026-08-20,418,105,315,5,3.99
INV-004948,P-048,S-008,2026-08-20,358,105,315,15,3.41
INV-004949,P-049,S-006,2026-08-20,504,95,285,12,5.31
INV-004950,P-050,S-036,2026-08-20,416,122,366,10,3.41
INV-004951,P-001,S-007,2026-08-21,512,115,345,3,4.45
INV-004952,P-002,S-025,2026-08-21,518,121,363,7,4.28
INV-004953,P-003,S-047,2026-08-21,538,60,180,12,8.97
INV-004954,P-004,S-003,2026-08-21,409,86,258,10,4.76
INV-004955,P-005,S-031,2026-08-21,519,55,165,9,9.45
INV-004956,P-006,S-032,2026-08-21,440,100,300,13,4.4
INV-004957,P-007,S-030,2026-08-21,481,94,282,7,5.13
INV-004958,P-008,S-014,2026-08-21,378,105,315,8,3.61
INV-004959,P-009,S-008,2026-08-21,479,85,255,15,5.64
INV-004960,P-010,S-013,2026-08-21,493,74,222,4,6.67
INV-004961,P-011,S-008,2026-08-21,436,86,258,15,5.07
INV-004962,P-012,S-027,2026-08-21,473,85,255,3,5.57
INV-004963,P-013,S-004,2026-08-21,427,111,333,5,3.85
INV-004964,P-014,S-029,2026-08-21,471,119,357,10,3.97
INV-004965,P-015,S-020,2026-08-21,509,99,297,10,5.15
INV-004966,P-016,S-024,2026-08-21,421,109,327,10,3.87
INV-004967,P-017,S-031,2026-08-21,425,79,237,9,5.38
INV-004968,P-018,S-050,2026-08-21,447,89,267,14,5.03
INV-004969,P-019,S-039,2026-08-21,471,100,300,12,4.71
INV-004970,P-020,S-029,2026-08-21,475,86,258,10,5.52
INV-004971,P-021,S-022,2026-08-21,480,114,342,6,4.21
INV-004972,P-022,S-026,2026-08-21,484,114,342,15,4.25
INV-004973,P-023,S-029,2026-08-21,467,60,180,10,7.79
INV-004974,P-024,S-049,2026-08-21,461,101,303,13,4.57
INV-004975,P-025,S-028,2026-08-21,539,81,243,3,6.66
INV-004976,P-026,S-033,2026-08-21,479,96,288,5,4.99
INV-004977,P-027,S-020,2026-08-21,458,61,183,10,7.51
INV-004978,P-028,S-031,2026-08-21,456,123,369,9,3.71
INV-004979,P-029,S-006,2026-08-21,461,77,231,12,5.99
INV-004980,P-030,S-028,2026-08-21,503,78,234,3,6.45
INV-004981,P-031,S-042,2026-08-21,519,92,276,14,5.65
INV-004982,P-032,S-003,2026-08-21,326,89,267,10,3.67
INV-004983,P-033,S-021,2026-08-21,462,122,366,12,3.79
INV-004984,P-034,S-026,2026-08-21,473,126,378,15,3.75
INV-004985,P-035,S-036,2026-08-21,465,105,315,10,4.44
INV-004986,P-036,S-004,2026-08-21,470,123,369,5,3.83
INV-004987,P-037,S-034,2026-08-21,476,132,396,3,3.61
INV-004988,P-038,S-047,2026-08-21,491,129,387,12,3.81
INV-004989,P-039,S-034,2026-08-21,567,122,366,3,4.65
INV-004990,P-040,S-041,2026-08-21,477,108,324,6,4.42
INV-004991,P-041,S-044,2026-08-21,461,112,336,4,4.12
INV-004992,P-042,S-022,2026-08-21,439,103,309,6,4.27
INV-004993,P-043,S-007,2026-08-21,402,112,336,3,3.6
INV-004994,P-044,S-005,2026-08-21,551,77,231,7,7.16
INV-004995,P-045,S-008,2026-08-21,452,123,369,15,3.68
INV-004996,P-046,S-022,2026-08-21,525,94,282,6,5.59
INV-004997,P-047,S-019,2026-08-21,462,92,276,10,5.03
INV-004998,P-048,S-020,2026-08-21,461,67,201,10,6.89
INV-004999,P-049,S-036,2026-08-21,461,115,345,10,4.01
INV-005000,P-050,S-025,2026-08-21,436,154,462,7,2.83
