operation_id,date,supplier_id,expected_delivery_date,actual_delivery_date,delay_days,order_value,sla_breach,production_capacity_pct,downtime_hours,quality_score
OP-0437,2026-05-14,S-026,2026-05-29,2026-05-29,0,225690,False,93,0,96
OP-0485,2026-05-14,S-039,2026-05-26,2026-05-26,0,85987,False,95,0,94
OP-0270,2026-05-14,S-013,2026-05-18,2026-05-18,0,161375,False,95,0,93
OP-0401,2026-05-14,S-007,2026-05-17,2026-05-17,0,436528,False,93,0,94
OP-0155,2026-05-14,S-016,2026-05-22,2026-05-22,0,247766,False,97,0,96
OP-0509,2026-05-14,S-004,2026-05-19,2026-05-27,8,298825,True,54,65,81
OP-1504,2026-05-14,S-040,2026-05-19,2026-05-19,0,293834,False,90,0,94
OP-0736,2026-05-14,S-047,2026-05-26,2026-05-26,0,171886,False,96,0,95
OP-2457,2026-05-14,S-035,2026-05-25,2026-05-25,0,67110,False,100,0,94
OP-0563,2026-05-14,S-024,2026-05-24,2026-05-30,6,456740,True,65,46,82
OP-2416,2026-05-14,S-037,2026-05-22,2026-05-23,1,227078,False,86,9,97
OP-0565,2026-05-14,S-039,2026-05-26,2026-05-26,0,478872,False,94,0,92
OP-0196,2026-05-14,S-024,2026-05-24,2026-05-24,0,394371,False,93,0,98
OP-0345,2026-05-14,S-006,2026-05-26,2026-05-28,2,140231,False,86,16,90
OP-0057,2026-05-14,S-002,2026-05-27,2026-05-27,0,94376,False,94,0,91
OP-0073,2026-05-14,S-015,2026-05-22,2026-05-24,2,164599,False,86,18,89
OP-0253,2026-05-14,S-022,2026-05-20,2026-05-20,0,356332,False,94,0,93
OP-0187,2026-05-14,S-006,2026-05-26,2026-05-26,0,413620,False,95,0,96
OP-1674,2026-05-14,S-046,2026-05-20,2026-05-20,0,215677,False,94,0,94
OP-1133,2026-05-14,S-006,2026-05-26,2026-05-26,0,65811,False,94,0,89
OP-1048,2026-05-14,S-036,2026-05-24,2026-05-25,1,395669,False,87,8,90
OP-1096,2026-05-14,S-002,2026-05-27,2026-05-27,0,419884,False,96,0,98
OP-2542,2026-05-14,S-034,2026-05-17,2026-05-17,0,87392,False,95,0,95
OP-1080,2026-05-14,S-011,2026-05-29,2026-05-29,0,216746,False,93,0,91
OP-0459,2026-05-14,S-013,2026-05-18,2026-05-22,4,82959,True,76,33,84
OP-0248,2026-05-14,S-046,2026-05-20,2026-05-20,0,467161,False,92,0,93
OP-0912,2026-05-14,S-032,2026-05-27,2026-05-28,1,392092,False,88,8,95
OP-0121,2026-05-14,S-049,2026-05-27,2026-05-27,0,236039,False,94,0,100
OP-2981,2026-05-14,S-017,2026-05-28,2026-05-28,0,234695,False,92,0,95
OP-0978,2026-05-15,S-004,2026-05-20,2026-05-20,0,408247,False,96,0,96
OP-2574,2026-05-15,S-047,2026-05-27,2026-05-29,2,283577,False,86,16,90
OP-1938,2026-05-15,S-010,2026-05-20,2026-05-20,0,133805,False,92,0,90
OP-1899,2026-05-15,S-026,2026-05-30,2026-05-30,0,339503,False,91,0,91
OP-2791,2026-05-15,S-040,2026-05-20,2026-05-20,0,299102,False,92,0,90
OP-0925,2026-05-15,S-027,2026-05-18,2026-05-18,0,160241,False,97,0,97
OP-0173,2026-05-15,S-040,2026-05-20,2026-05-20,0,242514,False,94,0,98
OP-0935,2026-05-15,S-048,2026-05-28,2026-05-28,0,264586,False,97,0,89
OP-0371,2026-05-15,S-018,2026-05-24,2026-05-24,0,95315,False,93,0,90
OP-0166,2026-05-15,S-043,2026-05-24,2026-05-24,0,11604,False,99,0,92
OP-1461,2026-05-15,S-049,2026-05-28,2026-05-28,0,84182,False,94,0,97
OP-0960,2026-05-15,S-026,2026-05-30,2026-05-30,0,12638,False,93,0,99
OP-2621,2026-05-15,S-017,2026-05-29,2026-05-29,0,172091,False,92,0,94
OP-0979,2026-05-15,S-025,2026-05-22,2026-05-23,1,214033,False,88,11,91
OP-1644,2026-05-15,S-010,2026-05-20,2026-05-20,0,296135,False,93,0,92
OP-0939,2026-05-15,S-026,2026-05-30,2026-05-30,0,56874,False,95,0,98
OP-1398,2026-05-15,S-045,2026-05-21,2026-05-21,0,464326,False,96,0,100
OP-0400,2026-05-15,S-001,2026-05-24,2026-05-24,0,346768,False,94,0,100
OP-0566,2026-05-15,S-011,2026-05-30,2026-05-30,0,298123,False,96,0,93
OP-2098,2026-05-15,S-036,2026-05-25,2026-05-25,0,40124,False,98,0,94
OP-1282,2026-05-15,S-037,2026-05-23,2026-05-23,0,253037,False,93,0,97
OP-0647,2026-05-15,S-001,2026-05-24,2026-05-24,0,459352,False,97,0,98
OP-1026,2026-05-15,S-030,2026-05-22,2026-05-24,2,226681,False,81,16,90
OP-0202,2026-05-15,S-006,2026-05-27,2026-05-31,4,72209,True,75,35,92
OP-1111,2026-05-15,S-001,2026-05-24,2026-05-24,0,169292,False,96,0,91
OP-0281,2026-05-15,S-044,2026-05-19,2026-05-19,0,463799,False,93,0,89
OP-2084,2026-05-15,S-034,2026-05-18,2026-05-18,0,442651,False,95,0,92
OP-2241,2026-05-15,S-002,2026-05-28,2026-05-29,1,127330,False,87,8,94
OP-2242,2026-05-15,S-040,2026-05-20,2026-05-24,4,296999,True,76,33,86
OP-2258,2026-05-15,S-010,2026-05-20,2026-05-30,10,113549,True,47,80,76
OP-2738,2026-05-16,S-008,2026-05-31,2026-05-31,0,349600,False,97,0,97
OP-1204,2026-05-16,S-003,2026-05-26,2026-05-28,2,353677,False,82,15,91
OP-2471,2026-05-16,S-022,2026-05-22,2026-05-22,0,261585,False,95,0,96
OP-1531,2026-05-16,S-017,2026-05-30,2026-05-30,0,77753,False,95,0,93
OP-0529,2026-05-16,S-034,2026-05-19,2026-05-19,0,72844,False,95,0,98
OP-1989,2026-05-16,S-034,2026-05-19,2026-05-19,0,234198,False,95,0,96
OP-2459,2026-05-16,S-043,2026-05-25,2026-05-25,0,337182,False,93,0,90
OP-1785,2026-05-16,S-021,2026-05-28,2026-05-28,0,444954,False,93,0,100
OP-1550,2026-05-16,S-030,2026-05-23,2026-05-24,1,443786,False,85,10,95
OP-0532,2026-05-16,S-016,2026-05-24,2026-05-25,1,150600,False,85,8,96
OP-2504,2026-05-16,S-005,2026-05-23,2026-05-27,4,284786,True,73,32,89
OP-1635,2026-05-16,S-048,2026-05-29,2026-05-29,0,36417,False,94,0,87
OP-1647,2026-05-16,S-019,2026-05-26,2026-05-26,0,146142,False,96,0,94
OP-0249,2026-05-16,S-016,2026-05-24,2026-05-24,0,85165,False,95,0,96
OP-0138,2026-05-16,S-018,2026-05-25,2026-05-26,1,176422,False,89,10,91
OP-0135,2026-05-16,S-004,2026-05-21,2026-05-22,1,338720,False,87,6,91
OP-1699,2026-05-16,S-005,2026-05-23,2026-05-23,0,303038,False,95,0,90
OP-2479,2026-05-16,S-045,2026-05-22,2026-05-22,0,380972,False,92,0,93
OP-1225,2026-05-16,S-030,2026-05-23,2026-05-24,1,93578,False,94,7,95
OP-1947,2026-05-16,S-005,2026-05-23,2026-05-23,0,376585,False,93,0,92
OP-2094,2026-05-16,S-041,2026-05-22,2026-05-22,0,277125,False,93,0,100
OP-0544,2026-05-16,S-041,2026-05-22,2026-05-22,0,93180,False,93,0,94
OP-1303,2026-05-16,S-041,2026-05-22,2026-05-22,0,33916,False,100,0,94
OP-0052,2026-05-16,S-031,2026-05-25,2026-05-25,0,100747,False,94,0,92
OP-1245,2026-05-16,S-019,2026-05-26,2026-05-26,0,209871,False,92,0,90
OP-1378,2026-05-16,S-019,2026-05-26,2026-05-26,0,111484,False,95,0,92
OP-0610,2026-05-16,S-018,2026-05-25,2026-05-25,0,215621,False,93,0,91
OP-2394,2026-05-17,S-031,2026-05-26,2026-05-27,1,77146,False,86,6,98
OP-2175,2026-05-17,S-010,2026-05-22,2026-05-22,0,459234,False,93,0,90
OP-2043,2026-05-17,S-050,2026-05-31,2026-05-31,0,316976,False,98,0,94
OP-2809,2026-05-17,S-023,2026-05-29,2026-06-03,5,330581,True,67,41,83
OP-2984,2026-05-17,S-009,2026-05-29,2026-05-29,0,422132,False,90,0,95
OP-0591,2026-05-17,S-040,2026-05-22,2026-05-26,4,353103,True,76,31,85
OP-0441,2026-05-17,S-048,2026-05-30,2026-05-31,1,262305,False,89,7,96
OP-2830,2026-05-17,S-034,2026-05-20,2026-05-20,0,221627,False,94,0,91
OP-0722,2026-05-17,S-022,2026-05-23,2026-05-23,0,435257,False,98,0,94
OP-2351,2026-05-17,S-018,2026-05-26,2026-05-26,0,84315,False,95,0,96
OP-2857,2026-05-17,S-023,2026-05-29,2026-05-29,0,455115,False,96,0,92
OP-0093,2026-05-17,S-039,2026-05-29,2026-05-29,0,413734,False,94,0,94
OP-0955,2026-05-17,S-007,2026-05-20,2026-05-24,4,93343,True,73,34,86
OP-2466,2026-05-17,S-032,2026-05-30,2026-05-30,0,199572,False,97,0,94
OP-0640,2026-05-17,S-014,2026-05-25,2026-05-25,0,123281,False,92,0,96
OP-2577,2026-05-17,S-026,2026-06-01,2026-06-02,1,197269,False,91,9,94
OP-1371,2026-05-17,S-027,2026-05-20,2026-05-21,1,192432,False,93,9,90
OP-1207,2026-05-17,S-010,2026-05-22,2026-05-22,0,193831,False,95,0,97
OP-1757,2026-05-17,S-020,2026-05-27,2026-05-27,0,340239,False,96,0,96
OP-2278,2026-05-17,S-038,2026-06-01,2026-06-01,0,105282,False,95,0,99
OP-0078,2026-05-17,S-008,2026-06-01,2026-06-05,4,438301,True,74,32,86
OP-2207,2026-05-17,S-044,2026-05-21,2026-05-22,1,205060,False,91,10,89
OP-0575,2026-05-17,S-036,2026-05-27,2026-05-27,0,400580,False,95,0,95
OP-2304,2026-05-18,S-043,2026-05-27,2026-05-30,3,297727,True,77,24,93
OP-1860,2026-05-18,S-035,2026-05-29,2026-05-29,0,444961,False,95,0,91
OP-2389,2026-05-18,S-043,2026-05-27,2026-05-27,0,147025,False,94,0,91
OP-1723,2026-05-18,S-012,2026-05-28,2026-05-28,0,474074,False,93,0,97
OP-2035,2026-05-18,S-007,2026-05-21,2026-05-21,0,323346,False,93,0,100
OP-1725,2026-05-18,S-050,2026-06-01,2026-06-01,0,111447,False,93,0,97
OP-2526,2026-05-18,S-011,2026-06-02,2026-06-05,3,261994,True,78,25,89
OP-0826,2026-05-18,S-004,2026-05-23,2026-05-28,5,434223,True,70,40,88
OP-0896,2026-05-18,S-020,2026-05-28,2026-05-28,0,328134,False,92,0,96
OP-2202,2026-05-18,S-029,2026-05-28,2026-05-28,0,489305,False,94,0,92
OP-1943,2026-05-18,S-041,2026-05-24,2026-05-24,0,250579,False,98,0,92
OP-1810,2026-05-18,S-010,2026-05-23,2026-05-23,0,114923,False,93,0,94
OP-2365,2026-05-18,S-017,2026-06-01,2026-06-01,0,167169,False,93,0,92
OP-2108,2026-05-18,S-020,2026-05-28,2026-05-29,1,194643,False,91,7,91
OP-0286,2026-05-18,S-022,2026-05-24,2026-05-27,3,220307,True,81,23,85
OP-1892,2026-05-18,S-032,2026-05-31,2026-05-31,0,426284,False,97,0,90
OP-2434,2026-05-18,S-047,2026-05-30,2026-05-30,0,317225,False,98,0,96
OP-1843,2026-05-18,S-050,2026-06-01,2026-06-01,0,248497,False,92,0,91
OP-2093,2026-05-18,S-043,2026-05-27,2026-05-27,0,143243,False,96,0,93
OP-1855,2026-05-18,S-046,2026-05-24,2026-05-28,4,142395,True,77,31,86
OP-2518,2026-05-18,S-035,2026-05-29,2026-05-29,0,149521,False,96,0,93
OP-0320,2026-05-18,S-034,2026-05-21,2026-05-21,0,238181,False,97,0,93
OP-0463,2026-05-18,S-002,2026-05-31,2026-05-31,0,455521,False,94,0,92
OP-2717,2026-05-18,S-003,2026-05-28,2026-05-28,0,245278,False,97,0,94
OP-0056,2026-05-18,S-001,2026-05-27,2026-05-28,1,226163,False,92,8,91
OP-1381,2026-05-18,S-019,2026-05-28,2026-05-28,0,403962,False,93,0,91
OP-0440,2026-05-18,S-047,2026-05-30,2026-05-30,0,175640,False,95,0,95
OP-1353,2026-05-18,S-013,2026-05-22,2026-05-22,0,150419,False,95,0,99
OP-0561,2026-05-18,S-022,2026-05-24,2026-05-31,7,201551,True,60,56,82
OP-1325,2026-05-18,S-035,2026-05-29,2026-05-30,1,121839,False,90,8,91
OP-1274,2026-05-18,S-001,2026-05-27,2026-05-28,1,430715,False,87,8,96
OP-0626,2026-05-18,S-013,2026-05-22,2026-05-22,0,135921,False,97,0,94
OP-1493,2026-05-18,S-023,2026-05-30,2026-05-31,1,151090,False,90,5,93
OP-2905,2026-05-18,S-033,2026-05-23,2026-05-23,0,419209,False,95,0,93
OP-0644,2026-05-18,S-023,2026-05-30,2026-05-30,0,155812,False,93,0,91
OP-0774,2026-05-18,S-046,2026-05-24,2026-05-25,1,14757,False,92,11,93
OP-0646,2026-05-18,S-037,2026-05-26,2026-05-26,0,342166,False,94,0,95
OP-1172,2026-05-18,S-011,2026-06-02,2026-06-02,0,308282,False,96,0,91
OP-1363,2026-05-18,S-043,2026-05-27,2026-05-27,0,222796,False,92,0,92
OP-1052,2026-05-18,S-039,2026-05-30,2026-05-31,1,477769,False,86,8,91
OP-1068,2026-05-18,S-029,2026-05-28,2026-05-29,1,68466,False,87,7,98
OP-1652,2026-05-18,S-007,2026-05-21,2026-05-21,0,464115,False,94,0,96
OP-2977,2026-05-18,S-049,2026-05-31,2026-05-31,0,159301,False,97,0,93
OP-2599,2026-05-18,S-032,2026-05-31,2026-05-31,0,192696,False,97,0,99
OP-0306,2026-05-19,S-044,2026-05-23,2026-05-23,0,477795,False,96,0,89
OP-2380,2026-05-19,S-002,2026-06-01,2026-06-01,0,406301,False,94,0,92
OP-2028,2026-05-19,S-018,2026-05-28,2026-05-28,0,396894,False,94,0,93
OP-0805,2026-05-19,S-020,2026-05-29,2026-05-29,0,351685,False,94,0,97
OP-2789,2026-05-19,S-004,2026-05-24,2026-05-26,2,383904,False,83,13,86
OP-0366,2026-05-19,S-038,2026-06-03,2026-06-03,0,66758,False,97,0,94
OP-2267,2026-05-19,S-023,2026-05-31,2026-05-31,0,19086,False,97,0,89
OP-1406,2026-05-19,S-048,2026-06-01,2026-06-01,0,202910,False,95,0,97
OP-1310,2026-05-19,S-037,2026-05-27,2026-05-27,0,37029,False,96,0,93
OP-0307,2026-05-19,S-030,2026-05-26,2026-05-26,0,376271,False,97,0,94
OP-0802,2026-05-19,S-028,2026-05-22,2026-05-22,0,262364,False,94,0,96
OP-0062,2026-05-19,S-028,2026-05-22,2026-05-22,0,246462,False,94,0,97
OP-1856,2026-05-19,S-034,2026-05-22,2026-05-22,0,14643,False,94,0,92
OP-2748,2026-05-19,S-008,2026-06-03,2026-06-08,5,376875,True,67,40,87
OP-2654,2026-05-19,S-048,2026-06-01,2026-06-01,0,190857,False,93,0,97
OP-1828,2026-05-19,S-036,2026-05-29,2026-05-29,0,173157,False,93,0,92
OP-2813,2026-05-19,S-041,2026-05-25,2026-05-25,0,363297,False,93,0,96
OP-1780,2026-05-19,S-038,2026-06-03,2026-06-03,0,94909,False,99,0,92
OP-1071,2026-05-19,S-015,2026-05-27,2026-05-27,0,77767,False,96,0,92
OP-0920,2026-05-19,S-029,2026-05-29,2026-05-29,0,273671,False,97,0,94
OP-0211,2026-05-19,S-010,2026-05-24,2026-05-24,0,252084,False,96,0,94
OP-1166,2026-05-19,S-043,2026-05-28,2026-05-28,0,169376,False,94,0,94
OP-1976,2026-05-20,S-003,2026-05-30,2026-05-30,0,437444,False,98,0,93
OP-0213,2026-05-20,S-009,2026-06-01,2026-06-05,4,424394,True,72,32,86
OP-2259,2026-05-20,S-037,2026-05-28,2026-05-30,2,154073,False,83,17,98
OP-0878,2026-05-20,S-014,2026-05-28,2026-06-02,5,389126,True,68,40,87
OP-1354,2026-05-20,S-018,2026-05-29,2026-05-29,0,268446,False,94,0,99
OP-0645,2026-05-20,S-010,2026-05-25,2026-05-28,3,441177,True,80,23,94
OP-2872,2026-05-20,S-037,2026-05-28,2026-05-28,0,358385,False,95,0,88
OP-2980,2026-05-20,S-033,2026-05-25,2026-06-03,9,57772,True,50,75,84
OP-1171,2026-05-20,S-019,2026-05-30,2026-05-30,0,31590,False,95,0,97
OP-2824,2026-05-20,S-025,2026-05-27,2026-05-27,0,477964,False,91,0,95
OP-1175,2026-05-20,S-035,2026-05-31,2026-05-31,0,138930,False,93,0,97
OP-1691,2026-05-20,S-003,2026-05-30,2026-05-30,0,296231,False,94,0,91
OP-1969,2026-05-20,S-039,2026-06-01,2026-06-01,0,28491,False,93,0,90
OP-1687,2026-05-20,S-027,2026-05-23,2026-05-23,0,488140,False,92,0,96
OP-2584,2026-05-20,S-004,2026-05-25,2026-05-26,1,292807,False,88,9,92
OP-1682,2026-05-20,S-029,2026-05-30,2026-05-30,0,218113,False,95,0,97
OP-1560,2026-05-20,S-040,2026-05-25,2026-05-25,0,448221,False,94,0,86
OP-0497,2026-05-20,S-004,2026-05-25,2026-05-29,4,450704,True,75,31,86
OP-1820,2026-05-20,S-045,2026-05-26,2026-05-26,0,280829,False,92,0,97
OP-1542,2026-05-20,S-040,2026-05-25,2026-05-25,0,420645,False,94,0,91
OP-1540,2026-05-20,S-035,2026-05-31,2026-05-31,0,22207,False,93,0,95
OP-1826,2026-05-20,S-043,2026-05-29,2026-05-29,0,296722,False,92,0,100
OP-2698,2026-05-20,S-017,2026-06-03,2026-06-03,0,292534,False,92,0,97
OP-2476,2026-05-20,S-036,2026-05-30,2026-05-31,1,435883,False,92,7,100
OP-1523,2026-05-20,S-044,2026-05-24,2026-05-25,1,49976,False,89,8,93
OP-1505,2026-05-20,S-007,2026-05-23,2026-05-23,0,451740,False,94,0,98
OP-1502,2026-05-20,S-005,2026-05-27,2026-05-27,0,227671,False,94,0,95
OP-2467,2026-05-20,S-029,2026-05-30,2026-05-30,0,171736,False,93,0,93
OP-1400,2026-05-20,S-019,2026-05-30,2026-06-01,2,371201,False,85,15,92
OP-2414,2026-05-20,S-009,2026-06-01,2026-06-02,1,59271,False,93,9,88
OP-0064,2026-05-20,S-033,2026-05-25,2026-06-01,7,55776,True,60,58,80
OP-0554,2026-05-20,S-021,2026-06-01,2026-06-04,3,171403,True,81,25,87
OP-1886,2026-05-20,S-048,2026-06-02,2026-06-03,1,323958,False,94,8,91
OP-2269,2026-05-20,S-048,2026-06-02,2026-06-02,0,160065,False,92,0,94
OP-0549,2026-05-21,S-024,2026-05-31,2026-05-31,0,272434,False,96,0,94
OP-0572,2026-05-21,S-017,2026-06-04,2026-06-04,0,86350,False,95,0,95
OP-0570,2026-05-21,S-025,2026-05-28,2026-05-28,0,232589,False,96,0,95
OP-0348,2026-05-21,S-031,2026-05-30,2026-05-31,1,393786,False,91,8,98
OP-1070,2026-05-21,S-023,2026-06-02,2026-06-02,0,27560,False,93,0,98
OP-1588,2026-05-21,S-027,2026-05-24,2026-05-26,2,130453,False,86,16,92
OP-1281,2026-05-21,S-001,2026-05-30,2026-05-30,0,58224,False,93,0,95
OP-0910,2026-05-21,S-003,2026-05-31,2026-05-31,0,314532,False,97,0,96
OP-1094,2026-05-21,S-025,2026-05-28,2026-05-29,1,293852,False,91,6,91
OP-0643,2026-05-21,S-009,2026-06-02,2026-06-14,12,478899,True,36,95,71
OP-2036,2026-05-21,S-036,2026-05-31,2026-06-01,1,74891,False,89,8,92
OP-1849,2026-05-21,S-013,2026-05-25,2026-05-26,1,383882,False,89,8,92
OP-1970,2026-05-21,S-028,2026-05-24,2026-06-03,10,215771,True,46,79,72
OP-1292,2026-05-21,S-012,2026-05-31,2026-06-01,1,128470,False,91,7,94
OP-2169,2026-05-21,S-046,2026-05-27,2026-05-27,0,93254,False,96,0,89
OP-0789,2026-05-21,S-047,2026-06-02,2026-06-02,0,115330,False,92,0,95
OP-1877,2026-05-21,S-021,2026-06-02,2026-06-02,0,431936,False,92,0,97
OP-0963,2026-05-21,S-001,2026-05-30,2026-05-30,0,120090,False,93,0,91
OP-0001,2026-05-21,S-001,2026-05-30,2026-05-30,0,206321,False,95,0,96
OP-2926,2026-05-21,S-020,2026-05-31,2026-05-31,0,371657,False,91,0,96
OP-2316,2026-05-21,S-047,2026-06-02,2026-06-02,0,496483,False,97,0,97
OP-2839,2026-05-21,S-018,2026-05-30,2026-05-30,0,210504,False,98,0,94
OP-2378,2026-05-21,S-048,2026-06-03,2026-06-04,1,250573,False,90,8,92
OP-2492,2026-05-21,S-001,2026-05-30,2026-06-01,2,17541,False,86,16,92
OP-2305,2026-05-21,S-011,2026-06-05,2026-06-05,0,431066,False,96,0,97
OP-2840,2026-05-21,S-020,2026-05-31,2026-05-31,0,196495,False,91,0,95
OP-0790,2026-05-21,S-009,2026-06-02,2026-06-02,0,186601,False,92,0,94
OP-2604,2026-05-21,S-027,2026-05-24,2026-05-26,2,392505,False,85,20,92
OP-2387,2026-05-21,S-025,2026-05-28,2026-05-28,0,49103,False,93,0,97
OP-0072,2026-05-21,S-024,2026-05-31,2026-05-31,0,41532,False,94,0,94
OP-2985,2026-05-21,S-023,2026-06-02,2026-06-02,0,451400,False,92,0,94
OP-1389,2026-05-22,S-034,2026-05-25,2026-05-25,0,371434,False,94,0,94
OP-0522,2026-05-22,S-016,2026-05-30,2026-05-30,0,30582,False,98,0,94
OP-0829,2026-05-22,S-009,2026-06-03,2026-06-03,0,101700,False,94,0,91
OP-1317,2026-05-22,S-003,2026-06-01,2026-06-01,0,460791,False,96,0,93
OP-0332,2026-05-22,S-036,2026-06-01,2026-06-02,1,381706,False,91,8,96
OP-1468,2026-05-22,S-043,2026-05-31,2026-05-31,0,239966,False,93,0,93
OP-2832,2026-05-22,S-014,2026-05-30,2026-05-30,0,170561,False,97,0,93
OP-1669,2026-05-22,S-039,2026-06-03,2026-06-03,0,347472,False,97,0,90
OP-1366,2026-05-22,S-013,2026-05-26,2026-05-26,0,273377,False,97,0,96
OP-2356,2026-05-22,S-036,2026-06-01,2026-06-01,0,260591,False,92,0,94
OP-2003,2026-05-22,S-037,2026-05-30,2026-05-30,0,279472,False,96,0,96
OP-2796,2026-05-22,S-003,2026-06-01,2026-06-01,0,281219,False,96,0,92
OP-2624,2026-05-22,S-033,2026-05-27,2026-05-27,0,348992,False,93,0,91
OP-2129,2026-05-22,S-043,2026-05-31,2026-06-01,1,377459,False,91,8,92
OP-2811,2026-05-22,S-024,2026-06-01,2026-06-01,0,410188,False,100,0,92
OP-2804,2026-05-22,S-032,2026-06-04,2026-06-08,4,69101,True,72,31,86
OP-2023,2026-05-22,S-033,2026-05-27,2026-05-27,0,190079,False,92,0,95
OP-1385,2026-05-22,S-015,2026-05-30,2026-05-30,0,81742,False,97,0,96
OP-1387,2026-05-22,S-010,2026-05-27,2026-05-27,0,198811,False,94,0,97
OP-0881,2026-05-22,S-023,2026-06-03,2026-06-03,0,434797,False,94,0,97
OP-0457,2026-05-22,S-039,2026-06-03,2026-06-03,0,369566,False,95,0,94
OP-2164,2026-05-22,S-040,2026-05-27,2026-06-05,9,478393,True,47,74,76
OP-0510,2026-05-22,S-042,2026-06-05,2026-06-05,0,21355,False,90,0,90
OP-1861,2026-05-22,S-007,2026-05-25,2026-05-26,1,202874,False,85,10,93
OP-0261,2026-05-22,S-009,2026-06-03,2026-06-03,0,142653,False,94,0,94
OP-1256,2026-05-22,S-022,2026-05-28,2026-05-28,0,221989,False,92,0,96
OP-1903,2026-05-22,S-031,2026-05-31,2026-05-31,0,457365,False,95,0,97
OP-1876,2026-05-22,S-044,2026-05-26,2026-05-26,0,200865,False,93,0,94
OP-0232,2026-05-22,S-009,2026-06-03,2026-06-04,1,26076,False,86,7,93
OP-0162,2026-05-22,S-046,2026-05-28,2026-05-30,2,444616,False,85,16,90
OP-0675,2026-05-22,S-040,2026-05-27,2026-05-27,0,339286,False,95,0,93
OP-0247,2026-05-22,S-040,2026-05-27,2026-05-27,0,29699,False,95,0,98
OP-0176,2026-05-22,S-010,2026-05-27,2026-05-27,0,204777,False,90,0,91
OP-1896,2026-05-22,S-031,2026-05-31,2026-05-31,0,488911,False,91,0,90
OP-0823,2026-05-22,S-022,2026-05-28,2026-05-28,0,233258,False,93,0,95
OP-2794,2026-05-23,S-011,2026-06-07,2026-06-07,0,211067,False,98,0,95
OP-1884,2026-05-23,S-010,2026-05-28,2026-05-28,0,303306,False,92,0,96
OP-2770,2026-05-23,S-017,2026-06-06,2026-06-06,0,242597,False,94,0,95
OP-1430,2026-05-23,S-019,2026-06-02,2026-06-02,0,176833,False,92,0,95
OP-2996,2026-05-23,S-024,2026-06-02,2026-06-02,0,434440,False,94,0,94
OP-2751,2026-05-23,S-020,2026-06-02,2026-06-02,0,252475,False,91,0,99
OP-2705,2026-05-23,S-004,2026-05-28,2026-06-20,23,151227,True,0,184,50
OP-1900,2026-05-23,S-008,2026-06-07,2026-06-07,0,218063,False,95,0,97
OP-2357,2026-05-23,S-020,2026-06-02,2026-06-02,0,450745,False,96,0,92
OP-1425,2026-05-23,S-014,2026-05-31,2026-05-31,0,287555,False,91,0,95
OP-2395,2026-05-23,S-050,2026-06-06,2026-06-06,0,126182,False,91,0,94
OP-1702,2026-05-23,S-008,2026-06-07,2026-06-07,0,223328,False,95,0,93
OP-1132,2026-05-23,S-020,2026-06-02,2026-06-02,0,428046,False,92,0,96
OP-2312,2026-05-23,S-039,2026-06-04,2026-06-05,1,238173,False,89,4,93
OP-0813,2026-05-23,S-033,2026-05-28,2026-05-28,0,421753,False,98,0,95
OP-2588,2026-05-23,S-002,2026-06-05,2026-06-05,0,118389,False,95,0,89
OP-0145,2026-05-23,S-030,2026-05-30,2026-06-04,5,293746,True,73,38,83
OP-2497,2026-05-23,S-027,2026-05-26,2026-05-26,0,285823,False,90,0,99
OP-0206,2026-05-23,S-045,2026-05-29,2026-05-29,0,443652,False,94,0,92
OP-1012,2026-05-23,S-012,2026-06-02,2026-06-02,0,303698,False,94,0,99
OP-0406,2026-05-23,S-022,2026-05-29,2026-05-29,0,229273,False,94,0,92
OP-0651,2026-05-23,S-001,2026-06-01,2026-06-01,0,385303,False,98,0,86
OP-0061,2026-05-23,S-015,2026-05-31,2026-06-08,8,192941,True,54,62,81
OP-1146,2026-05-23,S-013,2026-05-27,2026-05-28,1,273559,False,88,8,92
OP-0016,2026-05-23,S-009,2026-06-04,2026-06-04,0,44872,False,94,0,92
OP-0636,2026-05-23,S-050,2026-06-06,2026-06-06,0,51167,False,91,0,91
OP-1614,2026-05-24,S-044,2026-05-28,2026-05-29,1,469817,False,86,9,93
OP-0931,2026-05-24,S-032,2026-06-06,2026-06-06,0,350437,False,93,0,90
OP-2488,2026-05-24,S-013,2026-05-28,2026-06-01,4,480253,True,76,30,82
OP-2648,2026-05-24,S-020,2026-06-03,2026-06-03,0,320348,False,97,0,91
OP-0502,2026-05-24,S-033,2026-05-29,2026-05-31,2,161734,False,82,16,93
OP-1539,2026-05-24,S-042,2026-06-07,2026-06-09,2,119723,False,84,14,86
OP-1650,2026-05-24,S-018,2026-06-02,2026-06-02,0,211579,False,94,0,97
OP-1790,2026-05-24,S-047,2026-06-05,2026-06-07,2,274308,False,78,17,83
OP-0460,2026-05-24,S-017,2026-06-07,2026-06-07,0,63492,False,96,0,95
OP-1907,2026-05-24,S-010,2026-05-29,2026-06-03,5,217224,True,67,44,89
OP-2070,2026-05-24,S-050,2026-06-07,2026-06-07,0,439040,False,95,0,95
OP-0629,2026-05-24,S-043,2026-06-02,2026-06-02,0,71685,False,95,0,100
OP-1478,2026-05-24,S-045,2026-05-30,2026-05-30,0,75023,False,93,0,91
OP-0984,2026-05-24,S-033,2026-05-29,2026-06-02,4,386573,True,70,30,85
OP-2902,2026-05-24,S-018,2026-06-02,2026-06-02,0,434962,False,98,0,94
OP-2317,2026-05-24,S-025,2026-05-31,2026-05-31,0,299953,False,94,0,93
OP-2147,2026-05-24,S-021,2026-06-05,2026-06-05,0,124948,False,96,0,93
OP-0702,2026-05-24,S-032,2026-06-06,2026-06-06,0,206582,False,94,0,93
OP-2243,2026-05-24,S-006,2026-06-05,2026-06-06,1,241164,False,88,7,99
OP-2818,2026-05-24,S-012,2026-06-03,2026-06-03,0,364728,False,95,0,98
OP-2110,2026-05-24,S-016,2026-06-01,2026-06-01,0,289737,False,93,0,94
OP-0750,2026-05-24,S-047,2026-06-05,2026-06-05,0,213400,False,95,0,100
OP-2775,2026-05-24,S-046,2026-05-30,2026-05-30,0,275718,False,98,0,96
OP-2742,2026-05-24,S-016,2026-06-01,2026-06-01,0,425399,False,94,0,98
OP-0534,2026-05-24,S-033,2026-05-29,2026-05-29,0,365125,False,92,0,92
OP-0002,2026-05-24,S-036,2026-06-03,2026-06-03,0,221892,False,95,0,93
OP-0012,2026-05-24,S-036,2026-06-03,2026-06-23,20,486767,True,0,158,59
OP-2291,2026-05-24,S-033,2026-05-29,2026-05-29,0,383323,False,94,0,92
OP-0360,2026-05-24,S-046,2026-05-30,2026-05-30,0,364283,False,97,0,94
OP-2343,2026-05-24,S-042,2026-06-07,2026-06-09,2,466745,False,82,16,90
OP-1445,2026-05-24,S-021,2026-06-05,2026-06-07,2,181965,False,84,15,86
OP-0652,2026-05-25,S-002,2026-06-07,2026-06-07,0,180719,False,95,0,91
OP-2912,2026-05-25,S-016,2026-06-02,2026-06-02,0,104856,False,96,0,96
OP-1189,2026-05-25,S-035,2026-06-05,2026-06-09,4,121373,True,74,31,88
OP-1123,2026-05-25,S-009,2026-06-06,2026-06-06,0,156379,False,90,0,96
OP-0686,2026-05-25,S-007,2026-05-28,2026-05-28,0,117868,False,97,0,99
OP-2435,2026-05-25,S-038,2026-06-09,2026-06-09,0,152129,False,94,0,97
OP-2874,2026-05-25,S-008,2026-06-09,2026-06-12,3,133671,True,81,20,84
OP-1242,2026-05-25,S-015,2026-06-02,2026-06-02,0,137671,False,93,0,94
OP-0410,2026-05-25,S-041,2026-05-31,2026-06-17,17,150822,True,12,136,64
OP-1102,2026-05-25,S-002,2026-06-07,2026-06-07,0,498920,False,96,0,97
OP-2537,2026-05-25,S-025,2026-06-01,2026-06-01,0,87266,False,91,0,100
OP-0911,2026-05-25,S-001,2026-06-03,2026-06-08,5,449215,True,71,41,81
OP-2686,2026-05-25,S-002,2026-06-07,2026-06-08,1,472494,False,87,6,92
OP-1457,2026-05-25,S-050,2026-06-08,2026-06-08,0,270195,False,95,0,98
OP-1585,2026-05-25,S-012,2026-06-04,2026-06-14,10,325216,True,45,82,74
OP-1616,2026-05-25,S-029,2026-06-04,2026-06-04,0,414796,False,95,0,94
OP-1648,2026-05-25,S-001,2026-06-03,2026-06-08,5,338468,True,73,40,86
OP-2819,2026-05-25,S-036,2026-06-04,2026-06-04,0,356118,False,90,0,91
OP-0578,2026-05-25,S-033,2026-05-30,2026-05-30,0,129148,False,94,0,94
OP-2593,2026-05-25,S-026,2026-06-09,2026-06-09,0,125568,False,95,0,95
OP-1677,2026-05-25,S-008,2026-06-09,2026-06-09,0,198754,False,96,0,92
OP-1324,2026-05-25,S-022,2026-05-31,2026-05-31,0,207513,False,94,0,97
OP-1320,2026-05-25,S-021,2026-06-06,2026-06-08,2,88984,False,86,17,94
OP-0446,2026-05-25,S-027,2026-05-28,2026-05-28,0,31301,False,94,0,93
OP-1706,2026-05-25,S-038,2026-06-09,2026-06-09,0,252323,False,95,0,92
OP-1768,2026-05-25,S-010,2026-05-30,2026-05-30,0,117120,False,92,0,96
OP-0036,2026-05-25,S-026,2026-06-09,2026-06-09,0,496428,False,97,0,97
OP-1773,2026-05-25,S-029,2026-06-04,2026-06-05,1,337457,False,93,8,94
OP-1427,2026-05-25,S-049,2026-06-07,2026-06-08,1,424188,False,89,6,91
OP-0846,2026-05-25,S-016,2026-06-02,2026-06-02,0,198875,False,93,0,94
OP-1032,2026-05-25,S-038,2026-06-09,2026-06-09,0,20981,False,94,0,92
OP-2210,2026-05-25,S-025,2026-06-01,2026-06-01,0,109815,False,95,0,97
OP-0239,2026-05-25,S-002,2026-06-07,2026-06-07,0,64430,False,92,0,94
OP-2376,2026-05-25,S-006,2026-06-06,2026-06-06,0,258754,False,97,0,100
OP-2245,2026-05-25,S-021,2026-06-06,2026-06-06,0,50093,False,95,0,94
OP-0754,2026-05-25,S-003,2026-06-04,2026-06-04,0,319858,False,94,0,91
OP-2141,2026-05-25,S-013,2026-05-29,2026-05-29,0,134379,False,99,0,98
OP-2103,2026-05-25,S-017,2026-06-08,2026-06-08,0,348743,False,97,0,86
OP-2201,2026-05-25,S-042,2026-06-08,2026-06-11,3,373155,True,80,24,85
OP-1932,2026-05-25,S-003,2026-06-04,2026-06-04,0,107176,False,93,0,95
OP-0874,2026-05-25,S-021,2026-06-06,2026-06-06,0,320130,False,94,0,95
OP-2206,2026-05-25,S-046,2026-05-31,2026-05-31,0,185397,False,94,0,94
OP-1036,2026-05-25,S-003,2026-06-04,2026-06-11,7,406047,True,64,57,78
OP-0608,2026-05-26,S-003,2026-06-05,2026-06-05,0,413033,False,90,0,94
OP-1767,2026-05-26,S-002,2026-06-08,2026-06-08,0,164359,False,97,0,93
OP-1305,2026-05-26,S-003,2026-06-05,2026-06-06,1,78318,False,86,9,92
OP-1705,2026-05-26,S-048,2026-06-08,2026-06-08,0,473232,False,96,0,92
OP-0334,2026-05-26,S-024,2026-06-05,2026-06-17,12,108710,True,39,96,72
OP-0139,2026-05-26,S-009,2026-06-07,2026-06-07,0,457737,False,97,0,94
OP-0430,2026-05-26,S-024,2026-06-05,2026-06-05,0,231800,False,97,0,97
OP-2626,2026-05-26,S-002,2026-06-08,2026-06-08,0,418704,False,95,0,100
OP-0969,2026-05-26,S-014,2026-06-03,2026-06-03,0,93026,False,92,0,97
OP-2769,2026-05-26,S-004,2026-05-31,2026-05-31,0,200618,False,92,0,93
OP-1609,2026-05-26,S-044,2026-05-30,2026-05-30,0,42406,False,92,0,94
OP-1600,2026-05-26,S-009,2026-06-07,2026-06-07,0,350638,False,95,0,92
OP-2072,2026-05-26,S-035,2026-06-06,2026-06-06,0,38752,False,92,0,94
OP-2750,2026-05-26,S-045,2026-06-01,2026-06-01,0,114442,False,92,0,94
OP-0936,2026-05-26,S-025,2026-06-02,2026-06-02,0,144206,False,94,0,94
OP-1483,2026-05-26,S-023,2026-06-07,2026-06-07,0,26987,False,94,0,92
OP-0308,2026-05-26,S-035,2026-06-06,2026-06-06,0,347407,False,92,0,94
OP-1577,2026-05-26,S-001,2026-06-04,2026-06-10,6,366953,True,64,48,81
OP-0777,2026-05-26,S-047,2026-06-07,2026-06-07,0,304010,False,92,0,100
OP-1515,2026-05-26,S-029,2026-06-05,2026-06-05,0,89496,False,93,0,93
OP-0501,2026-05-26,S-005,2026-06-02,2026-06-02,0,365310,False,93,0,91
OP-2091,2026-05-26,S-043,2026-06-04,2026-06-04,0,304344,False,95,0,100
OP-1814,2026-05-26,S-045,2026-06-01,2026-06-01,0,396345,False,91,0,94
OP-0814,2026-05-26,S-038,2026-06-10,2026-06-10,0,26427,False,95,0,91
OP-0222,2026-05-26,S-003,2026-06-05,2026-06-05,0,127596,False,95,0,100
OP-1093,2026-05-26,S-011,2026-06-10,2026-06-10,0,359905,False,93,0,97
OP-2260,2026-05-26,S-024,2026-06-05,2026-06-06,1,337559,False,93,10,92
OP-1184,2026-05-26,S-033,2026-05-31,2026-05-31,0,74136,False,91,0,95
OP-2967,2026-05-26,S-025,2026-06-02,2026-06-02,0,246935,False,95,0,93
OP-0365,2026-05-26,S-044,2026-05-30,2026-05-30,0,157750,False,94,0,97
OP-0421,2026-05-27,S-027,2026-05-30,2026-05-30,0,229693,False,97,0,94
OP-2280,2026-05-27,S-012,2026-06-06,2026-06-06,0,444259,False,94,0,97
OP-1434,2026-05-27,S-008,2026-06-11,2026-06-12,1,233661,False,86,8,95
OP-2437,2026-05-27,S-035,2026-06-07,2026-06-07,0,28493,False,97,0,100
OP-1503,2026-05-27,S-029,2026-06-06,2026-06-06,0,386443,False,96,0,94
OP-0663,2026-05-27,S-008,2026-06-11,2026-06-11,0,487198,False,97,0,97
OP-0477,2026-05-27,S-004,2026-06-01,2026-06-01,0,456143,False,95,0,92
OP-1996,2026-05-27,S-013,2026-05-31,2026-05-31,0,318998,False,94,0,96
OP-2334,2026-05-27,S-037,2026-06-04,2026-06-05,1,250690,False,90,9,96
OP-1412,2026-05-27,S-009,2026-06-08,2026-06-08,0,66371,False,93,0,98
OP-2071,2026-05-27,S-016,2026-06-04,2026-06-04,0,396337,False,94,0,95
OP-0943,2026-05-27,S-048,2026-06-09,2026-06-09,0,248282,False,96,0,87
OP-0097,2026-05-27,S-002,2026-06-09,2026-06-09,0,197347,False,96,0,97
OP-0257,2026-05-27,S-041,2026-06-02,2026-06-02,0,424279,False,92,0,98
OP-1800,2026-05-27,S-048,2026-06-09,2026-06-09,0,439389,False,96,0,95
OP-0903,2026-05-27,S-008,2026-06-11,2026-06-12,1,101733,False,86,8,89
OP-0100,2026-05-27,S-024,2026-06-06,2026-06-06,0,323653,False,100,0,94
OP-0517,2026-05-27,S-016,2026-06-04,2026-06-04,0,202244,False,94,0,95
OP-2307,2026-05-27,S-033,2026-06-01,2026-06-01,0,77496,False,94,0,96
OP-2402,2026-05-27,S-039,2026-06-08,2026-06-08,0,316062,False,97,0,95
OP-0953,2026-05-27,S-025,2026-06-03,2026-06-03,0,174274,False,93,0,91
OP-0855,2026-05-28,S-020,2026-06-07,2026-06-07,0,275215,False,98,0,87
OP-2096,2026-05-28,S-001,2026-06-06,2026-06-06,0,200992,False,93,0,92
OP-1942,2026-05-28,S-003,2026-06-07,2026-07-09,32,487002,True,0,260,50
OP-1417,2026-05-28,S-012,2026-06-07,2026-06-07,0,160103,False,93,0,94
OP-2934,2026-05-28,S-036,2026-06-07,2026-06-07,0,368677,False,91,0,93
OP-0574,2026-05-28,S-022,2026-06-03,2026-06-06,3,440613,True,79,25,88
OP-0679,2026-05-28,S-029,2026-06-07,2026-06-07,0,138468,False,100,0,96
OP-1685,2026-05-28,S-044,2026-06-01,2026-06-01,0,69137,False,96,0,93
OP-1019,2026-05-28,S-042,2026-06-11,2026-06-11,0,151378,False,95,0,96
OP-2294,2026-05-28,S-036,2026-06-07,2026-06-07,0,382807,False,95,0,92
OP-1365,2026-05-28,S-044,2026-06-01,2026-06-01,0,357688,False,94,0,95
OP-0114,2026-05-28,S-039,2026-06-09,2026-06-09,0,282183,False,97,0,96
OP-0537,2026-05-28,S-021,2026-06-09,2026-06-09,0,300808,False,92,0,97
OP-1357,2026-05-28,S-017,2026-06-11,2026-06-20,9,246217,True,50,72,72
OP-0049,2026-05-28,S-041,2026-06-03,2026-06-03,0,194660,False,96,0,95
OP-1350,2026-05-28,S-020,2026-06-07,2026-06-08,1,433906,False,89,8,93
OP-1254,2026-05-28,S-034,2026-05-31,2026-05-31,0,228446,False,94,0,95
OP-1965,2026-05-28,S-028,2026-05-31,2026-05-31,0,70004,False,93,0,99
OP-1267,2026-05-28,S-010,2026-06-02,2026-06-02,0,304529,False,93,0,97
OP-0143,2026-05-28,S-005,2026-06-04,2026-06-04,0,233569,False,98,0,98
OP-1029,2026-05-28,S-004,2026-06-02,2026-06-02,0,383838,False,95,0,95
OP-2667,2026-05-28,S-026,2026-06-12,2026-06-12,0,452869,False,92,0,95
OP-1891,2026-05-28,S-023,2026-06-09,2026-06-10,1,437329,False,89,5,94
OP-2178,2026-05-28,S-042,2026-06-11,2026-06-12,1,447433,False,91,10,95
OP-1841,2026-05-28,S-011,2026-06-12,2026-06-12,0,388325,False,93,0,96
OP-0434,2026-05-28,S-034,2026-05-31,2026-06-01,1,189656,False,90,9,93
OP-1925,2026-05-28,S-013,2026-06-01,2026-06-01,0,33828,False,93,0,93
OP-0268,2026-05-28,S-025,2026-06-04,2026-06-04,0,179456,False,96,0,95
OP-2871,2026-05-28,S-017,2026-06-11,2026-06-11,0,225131,False,91,0,94
OP-2731,2026-05-28,S-023,2026-06-09,2026-06-09,0,196158,False,92,0,90
OP-1327,2026-05-28,S-018,2026-06-06,2026-06-06,0,127262,False,92,0,96
OP-1338,2026-05-28,S-038,2026-06-12,2026-06-12,0,201077,False,96,0,99
OP-0439,2026-05-28,S-043,2026-06-06,2026-06-06,0,35086,False,92,0,94
OP-2298,2026-05-28,S-014,2026-06-05,2026-06-06,1,470942,False,88,8,90
OP-0301,2026-05-29,S-027,2026-06-01,2026-06-02,1,421802,False,89,7,96
OP-1465,2026-05-29,S-004,2026-06-03,2026-06-06,3,174777,True,78,23,86
OP-0354,2026-05-29,S-036,2026-06-08,2026-06-21,13,391804,True,28,105,69
OP-2643,2026-05-29,S-002,2026-06-11,2026-06-11,0,230403,False,96,0,90
OP-0087,2026-05-29,S-003,2026-06-08,2026-06-08,0,358105,False,96,0,95
OP-1098,2026-05-29,S-049,2026-06-11,2026-06-14,3,285237,True,79,24,85
OP-2089,2026-05-29,S-007,2026-06-01,2026-06-01,0,341946,False,95,0,88
OP-0314,2026-05-29,S-045,2026-06-04,2026-06-12,8,490878,True,56,65,76
OP-0782,2026-05-29,S-037,2026-06-06,2026-06-06,0,458001,False,95,0,96
OP-0915,2026-05-29,S-016,2026-06-06,2026-06-06,0,62951,False,96,0,96
OP-2203,2026-05-29,S-031,2026-06-07,2026-06-07,0,366874,False,95,0,99
OP-0792,2026-05-29,S-020,2026-06-08,2026-06-08,0,258802,False,96,0,91
OP-1185,2026-05-29,S-008,2026-06-13,2026-06-23,10,421714,True,45,82,76
OP-0616,2026-05-29,S-042,2026-06-12,2026-06-12,0,424210,False,95,0,89
OP-1272,2026-05-29,S-031,2026-06-07,2026-06-08,1,239280,False,89,8,94
OP-0986,2026-05-29,S-036,2026-06-08,2026-06-10,2,423891,False,85,15,93
OP-1431,2026-05-29,S-041,2026-06-04,2026-06-04,0,49066,False,93,0,98
OP-2929,2026-05-29,S-014,2026-06-06,2026-06-06,0,275276,False,94,0,91
OP-2870,2026-05-29,S-024,2026-06-08,2026-06-08,0,55520,False,95,0,94
OP-0044,2026-05-29,S-044,2026-06-02,2026-06-02,0,92372,False,94,0,94
OP-1988,2026-05-29,S-030,2026-06-05,2026-06-07,2,10142,False,86,16,91
OP-0642,2026-05-29,S-042,2026-06-12,2026-06-12,0,435741,False,93,0,92
OP-2133,2026-05-29,S-031,2026-06-07,2026-06-07,0,331663,False,94,0,92
OP-1214,2026-05-29,S-016,2026-06-06,2026-06-07,1,50618,False,95,10,89
OP-1195,2026-05-29,S-038,2026-06-13,2026-06-14,1,236206,False,92,8,94
OP-0882,2026-05-29,S-006,2026-06-10,2026-06-10,0,290773,False,92,0,94
OP-1210,2026-05-29,S-041,2026-06-04,2026-06-04,0,32886,False,93,0,91
OP-2771,2026-05-29,S-005,2026-06-05,2026-06-07,2,50733,False,83,17,89
OP-0381,2026-05-29,S-035,2026-06-09,2026-06-09,0,268689,False,96,0,95
OP-2404,2026-05-29,S-049,2026-06-11,2026-06-11,0,102139,False,93,0,98
OP-0804,2026-05-29,S-025,2026-06-05,2026-06-06,1,240409,False,89,8,93
OP-1231,2026-05-29,S-015,2026-06-06,2026-06-06,0,21866,False,96,0,90
OP-1224,2026-05-30,S-011,2026-06-14,2026-06-14,0,24021,False,94,0,92
OP-2715,2026-05-30,S-036,2026-06-09,2026-06-09,0,443712,False,94,0,94
OP-2918,2026-05-30,S-038,2026-06-14,2026-06-14,0,403467,False,91,0,94
OP-0094,2026-05-30,S-033,2026-06-04,2026-06-04,0,429697,False,96,0,94
OP-1104,2026-05-30,S-004,2026-06-04,2026-06-07,3,409427,True,79,22,90
OP-0042,2026-05-30,S-009,2026-06-11,2026-06-11,0,396178,False,94,0,91
OP-2931,2026-05-30,S-009,2026-06-11,2026-06-11,0,231003,False,93,0,99
OP-1462,2026-05-30,S-042,2026-06-13,2026-06-13,0,295088,False,96,0,95
OP-2326,2026-05-30,S-021,2026-06-11,2026-06-11,0,95786,False,94,0,95
OP-2333,2026-05-30,S-027,2026-06-02,2026-06-02,0,405841,False,91,0,91
OP-2763,2026-05-30,S-013,2026-06-03,2026-06-03,0,463283,False,93,0,95
OP-0542,2026-05-30,S-031,2026-06-08,2026-06-09,1,123172,False,87,8,96
OP-0199,2026-05-30,S-014,2026-06-07,2026-06-07,0,296043,False,95,0,92
OP-2256,2026-05-30,S-013,2026-06-03,2026-06-03,0,97304,False,96,0,95
OP-0358,2026-05-30,S-017,2026-06-13,2026-06-13,0,180017,False,95,0,93
OP-0819,2026-05-30,S-005,2026-06-06,2026-06-08,2,76448,False,83,16,95
OP-0384,2026-05-30,S-039,2026-06-11,2026-06-11,0,450215,False,92,0,96
OP-0352,2026-05-30,S-036,2026-06-09,2026-06-09,0,227822,False,93,0,91
OP-1994,2026-05-30,S-009,2026-06-11,2026-06-11,0,287816,False,93,0,100
OP-1759,2026-05-30,S-012,2026-06-09,2026-06-09,0,449713,False,94,0,94
OP-1622,2026-05-30,S-048,2026-06-12,2026-06-12,0,260249,False,93,0,100
OP-1941,2026-05-30,S-039,2026-06-11,2026-06-11,0,353175,False,99,0,98
OP-2033,2026-05-30,S-020,2026-06-09,2026-06-09,0,213379,False,94,0,93
OP-2632,2026-05-30,S-038,2026-06-14,2026-06-14,0,51253,False,93,0,93
OP-1866,2026-05-30,S-007,2026-06-02,2026-06-02,0,206790,False,95,0,98
OP-2002,2026-05-30,S-009,2026-06-11,2026-06-11,0,34400,False,91,0,92
OP-0351,2026-05-30,S-032,2026-06-12,2026-06-12,0,29919,False,97,0,94
OP-1846,2026-05-30,S-023,2026-06-11,2026-06-20,9,261517,True,48,72,73
OP-0130,2026-05-30,S-003,2026-06-09,2026-06-09,0,188940,False,93,0,93
OP-2022,2026-05-31,S-034,2026-06-03,2026-06-03,0,245711,False,96,0,93
OP-0394,2026-05-31,S-047,2026-06-12,2026-06-12,0,49404,False,99,0,93
OP-2442,2026-05-31,S-011,2026-06-15,2026-06-15,0,353579,False,93,0,100
OP-1202,2026-05-31,S-044,2026-06-04,2026-06-04,0,461250,False,97,0,97
OP-1838,2026-05-31,S-017,2026-06-14,2026-06-14,0,318040,False,96,0,93
OP-0424,2026-05-31,S-028,2026-06-03,2026-06-03,0,455199,False,93,0,93
OP-2170,2026-05-31,S-001,2026-06-09,2026-06-09,0,267808,False,97,0,99
OP-0880,2026-05-31,S-036,2026-06-10,2026-06-10,0,303660,False,96,0,94
OP-1760,2026-05-31,S-041,2026-06-06,2026-06-06,0,344919,False,92,0,92
OP-2503,2026-05-31,S-047,2026-06-12,2026-06-12,0,345331,False,94,0,92
OP-0379,2026-05-31,S-008,2026-06-15,2026-06-23,8,312403,True,58,64,81
OP-2522,2026-05-31,S-049,2026-06-13,2026-06-13,0,324579,False,94,0,95
OP-0588,2026-05-31,S-050,2026-06-14,2026-06-14,0,421799,False,95,0,93
OP-0250,2026-05-31,S-014,2026-06-08,2026-06-08,0,363679,False,95,0,94
OP-1164,2026-05-31,S-036,2026-06-10,2026-06-10,0,25398,False,96,0,90
OP-1850,2026-05-31,S-027,2026-06-03,2026-06-03,0,237790,False,94,0,89
OP-0317,2026-05-31,S-035,2026-06-11,2026-06-11,0,176055,False,98,0,93
OP-0678,2026-05-31,S-031,2026-06-09,2026-06-09,0,447053,False,90,0,98
OP-2020,2026-05-31,S-038,2026-06-15,2026-06-15,0,47197,False,95,0,94
OP-1934,2026-05-31,S-028,2026-06-03,2026-06-07,4,455332,True,71,32,85
OP-0188,2026-05-31,S-042,2026-06-14,2026-06-14,0,111420,False,91,0,99
OP-0047,2026-06-01,S-048,2026-06-14,2026-06-14,0,411281,False,96,0,97
OP-2572,2026-06-01,S-019,2026-06-11,2026-06-11,0,11021,False,97,0,89
OP-0766,2026-06-01,S-034,2026-06-04,2026-06-04,0,296860,False,96,0,97
OP-2228,2026-06-01,S-024,2026-06-11,2026-06-11,0,74394,False,95,0,96
OP-0133,2026-06-01,S-002,2026-06-14,2026-06-14,0,383559,False,95,0,94
OP-1837,2026-06-01,S-044,2026-06-05,2026-06-05,0,13915,False,96,0,93
OP-2314,2026-06-01,S-026,2026-06-16,2026-06-16,0,471117,False,93,0,94
OP-0658,2026-06-01,S-008,2026-06-16,2026-06-20,4,143917,True,75,32,90
OP-1014,2026-06-01,S-031,2026-06-10,2026-06-10,0,225687,False,94,0,91
OP-0445,2026-06-01,S-030,2026-06-08,2026-06-08,0,194461,False,94,0,93
OP-2808,2026-06-01,S-002,2026-06-14,2026-06-14,0,413418,False,94,0,97
OP-2318,2026-06-01,S-014,2026-06-09,2026-06-09,0,414627,False,93,0,97
OP-1993,2026-06-01,S-041,2026-06-07,2026-06-07,0,131613,False,96,0,97
OP-0858,2026-06-01,S-007,2026-06-04,2026-06-17,13,338024,True,27,106,62
OP-2453,2026-06-01,S-012,2026-06-11,2026-06-11,0,251160,False,94,0,96
OP-0125,2026-06-01,S-036,2026-06-11,2026-06-12,1,132040,False,87,8,95
OP-0055,2026-06-01,S-031,2026-06-10,2026-06-10,0,94719,False,99,0,95
OP-0714,2026-06-01,S-006,2026-06-13,2026-06-13,0,159148,False,100,0,94
OP-2482,2026-06-01,S-017,2026-06-15,2026-06-15,0,124740,False,92,0,93
OP-0492,2026-06-01,S-037,2026-06-09,2026-06-09,0,124724,False,94,0,92
OP-2251,2026-06-01,S-041,2026-06-07,2026-06-07,0,487880,False,92,0,95
OP-2849,2026-06-01,S-036,2026-06-11,2026-06-11,0,43440,False,94,0,97
OP-2371,2026-06-01,S-018,2026-06-10,2026-06-10,0,180790,False,95,0,96
OP-0930,2026-06-01,S-013,2026-06-05,2026-06-10,5,253222,True,68,41,85
OP-0535,2026-06-01,S-049,2026-06-14,2026-06-14,0,384997,False,92,0,94
OP-2030,2026-06-01,S-015,2026-06-09,2026-06-16,7,391343,True,60,56,76
OP-2994,2026-06-01,S-005,2026-06-08,2026-06-08,0,270493,False,93,0,97
OP-1011,2026-06-01,S-008,2026-06-16,2026-06-16,0,380921,False,94,0,90
OP-2942,2026-06-01,S-036,2026-06-11,2026-06-17,6,88123,True,65,44,86
OP-1452,2026-06-01,S-016,2026-06-09,2026-06-10,1,350303,False,90,8,89
OP-0923,2026-06-01,S-011,2026-06-16,2026-06-16,0,153770,False,94,0,93
OP-0904,2026-06-01,S-026,2026-06-16,2026-06-17,1,93895,False,93,13,96
OP-1827,2026-06-01,S-008,2026-06-16,2026-06-16,0,399579,False,95,0,94
OP-0876,2026-06-01,S-011,2026-06-16,2026-06-16,0,85871,False,98,0,91
OP-1420,2026-06-01,S-017,2026-06-15,2026-06-15,0,368332,False,93,0,94
OP-1215,2026-06-01,S-045,2026-06-07,2026-06-07,0,272636,False,95,0,95
OP-0769,2026-06-01,S-046,2026-06-07,2026-06-07,0,214338,False,94,0,94
OP-2420,2026-06-02,S-025,2026-06-09,2026-06-09,0,455025,False,100,0,94
OP-0818,2026-06-02,S-018,2026-06-11,2026-06-12,1,147209,False,91,6,91
OP-2065,2026-06-02,S-010,2026-06-07,2026-06-07,0,232453,False,93,0,100
OP-0886,2026-06-02,S-025,2026-06-09,2026-06-10,1,23948,False,90,8,90
OP-1499,2026-06-02,S-007,2026-06-05,2026-07-01,26,449131,True,0,208,50
OP-1548,2026-06-02,S-019,2026-06-12,2026-06-12,0,274060,False,95,0,93
OP-0856,2026-06-02,S-015,2026-06-10,2026-06-10,0,147431,False,94,0,93
OP-1935,2026-06-02,S-029,2026-06-12,2026-06-12,0,262362,False,96,0,93
OP-2940,2026-06-02,S-003,2026-06-12,2026-06-12,0,335528,False,96,0,93
OP-1618,2026-06-02,S-027,2026-06-05,2026-06-05,0,446730,False,96,0,96
OP-2074,2026-06-02,S-011,2026-06-17,2026-06-17,0,386923,False,91,0,92
OP-0402,2026-06-02,S-013,2026-06-06,2026-06-07,1,185088,False,91,7,94
OP-0423,2026-06-02,S-004,2026-06-07,2026-06-07,0,308780,False,94,0,92
OP-0164,2026-06-02,S-009,2026-06-14,2026-06-15,1,445987,False,89,9,92
OP-1393,2026-06-02,S-043,2026-06-11,2026-06-11,0,69029,False,95,0,94
OP-1728,2026-06-02,S-007,2026-06-05,2026-06-19,14,312941,True,25,112,69
OP-1695,2026-06-02,S-044,2026-06-06,2026-06-06,0,253038,False,93,0,93
OP-1010,2026-06-03,S-032,2026-06-16,2026-06-17,1,473081,False,89,9,93
OP-2915,2026-06-03,S-037,2026-06-11,2026-06-11,0,229797,False,93,0,96
OP-2876,2026-06-03,S-018,2026-06-12,2026-06-13,1,166551,False,94,6,95
OP-2156,2026-06-03,S-005,2026-06-10,2026-06-10,0,116741,False,93,0,93
OP-2150,2026-06-03,S-040,2026-06-08,2026-06-08,0,400672,False,91,0,91
OP-2415,2026-06-03,S-033,2026-06-08,2026-06-09,1,381979,False,90,8,95
OP-1576,2026-06-03,S-039,2026-06-15,2026-06-15,0,285826,False,97,0,90
OP-0899,2026-06-03,S-033,2026-06-08,2026-06-08,0,45935,False,94,0,97
OP-1870,2026-06-03,S-029,2026-06-13,2026-06-13,0,393864,False,94,0,99
OP-0541,2026-06-03,S-047,2026-06-15,2026-06-15,0,344790,False,90,0,96
OP-0110,2026-06-03,S-019,2026-06-13,2026-06-15,2,210638,False,86,19,90
OP-1633,2026-06-03,S-046,2026-06-09,2026-06-09,0,358590,False,94,0,92
OP-0112,2026-06-03,S-011,2026-06-18,2026-06-18,0,14560,False,97,0,95
OP-1319,2026-06-03,S-010,2026-06-08,2026-06-10,2,490639,False,85,15,90
OP-0296,2026-06-03,S-044,2026-06-07,2026-06-07,0,431224,False,95,0,97
OP-1027,2026-06-03,S-018,2026-06-12,2026-06-12,0,294421,False,97,0,92
OP-2128,2026-06-03,S-034,2026-06-06,2026-06-07,1,486870,False,88,9,93
OP-0753,2026-06-03,S-038,2026-06-18,2026-06-18,0,259932,False,96,0,96
OP-0980,2026-06-03,S-022,2026-06-09,2026-06-28,19,332402,True,0,150,52
OP-2581,2026-06-03,S-001,2026-06-12,2026-06-20,8,244298,True,53,62,77
OP-1429,2026-06-03,S-050,2026-06-17,2026-06-17,0,140060,False,92,0,93
OP-1017,2026-06-03,S-004,2026-06-08,2026-06-08,0,470496,False,97,0,95
OP-2399,2026-06-03,S-022,2026-06-09,2026-06-10,1,467647,False,90,9,87
OP-2778,2026-06-03,S-004,2026-06-08,2026-06-08,0,448349,False,96,0,97
OP-2008,2026-06-03,S-012,2026-06-13,2026-06-13,0,360021,False,95,0,97
OP-2377,2026-06-03,S-040,2026-06-08,2026-06-08,0,208785,False,94,0,95
OP-0700,2026-06-04,S-004,2026-06-09,2026-06-19,10,280741,True,49,83,78
OP-0233,2026-06-04,S-043,2026-06-13,2026-06-13,0,320554,False,94,0,94
OP-2490,2026-06-04,S-041,2026-06-10,2026-06-11,1,306620,False,91,8,94
OP-1815,2026-06-04,S-040,2026-06-09,2026-06-10,1,301003,False,91,6,90
OP-1044,2026-06-04,S-014,2026-06-12,2026-06-16,4,430041,True,73,32,90
OP-2935,2026-06-04,S-047,2026-06-16,2026-06-16,0,55362,False,95,0,96
OP-0217,2026-06-04,S-027,2026-06-07,2026-06-07,0,235056,False,96,0,91
OP-0945,2026-06-04,S-011,2026-06-19,2026-06-26,7,225890,True,61,56,78
OP-1794,2026-06-04,S-029,2026-06-14,2026-06-14,0,266009,False,94,0,89
OP-0455,2026-06-04,S-022,2026-06-10,2026-06-11,1,148124,False,88,8,96
OP-2623,2026-06-04,S-022,2026-06-10,2026-06-10,0,182759,False,95,0,91
OP-0835,2026-06-04,S-038,2026-06-19,2026-06-19,0,111906,False,91,0,94
OP-0333,2026-06-04,S-041,2026-06-10,2026-06-10,0,99748,False,97,0,95
OP-2090,2026-06-04,S-038,2026-06-19,2026-06-19,0,259497,False,96,0,92
OP-1464,2026-06-04,S-028,2026-06-07,2026-06-08,1,291590,False,89,7,90
OP-2640,2026-06-04,S-037,2026-06-12,2026-06-12,0,224714,False,95,0,91
OP-0305,2026-06-04,S-011,2026-06-19,2026-06-19,0,440086,False,94,0,95
OP-0456,2026-06-04,S-043,2026-06-13,2026-06-14,1,490908,False,87,8,90
OP-1578,2026-06-04,S-015,2026-06-12,2026-07-05,23,377334,True,0,186,50
OP-1580,2026-06-04,S-025,2026-06-11,2026-06-11,0,86344,False,95,0,95
OP-2786,2026-06-04,S-028,2026-06-07,2026-06-07,0,165065,False,90,0,95
OP-1948,2026-06-04,S-031,2026-06-13,2026-06-14,1,409891,False,87,8,94
OP-2855,2026-06-04,S-007,2026-06-07,2026-06-11,4,120107,True,76,30,89
OP-0613,2026-06-04,S-035,2026-06-15,2026-06-15,0,49062,False,95,0,90
OP-0420,2026-06-04,S-029,2026-06-14,2026-06-16,2,422617,False,84,12,94
OP-1747,2026-06-04,S-023,2026-06-16,2026-06-17,1,168518,False,90,9,89
OP-2166,2026-06-04,S-028,2026-06-07,2026-06-07,0,261048,False,93,0,96
OP-1041,2026-06-05,S-049,2026-06-18,2026-06-18,0,101145,False,96,0,94
OP-0464,2026-06-05,S-027,2026-06-08,2026-06-08,0,367442,False,92,0,94
OP-0313,2026-06-05,S-046,2026-06-11,2026-06-11,0,499409,False,100,0,93
OP-1512,2026-06-05,S-041,2026-06-11,2026-07-02,21,55163,True,0,166,52
OP-0297,2026-06-05,S-037,2026-06-13,2026-06-13,0,375017,False,96,0,92
OP-2664,2026-06-05,S-009,2026-06-17,2026-06-17,0,65051,False,95,0,90
OP-1592,2026-06-05,S-006,2026-06-17,2026-06-17,0,199678,False,98,0,95
OP-2743,2026-06-05,S-020,2026-06-15,2026-06-16,1,270848,False,88,7,91
OP-0167,2026-06-05,S-012,2026-06-15,2026-06-15,0,385750,False,94,0,97
OP-2425,2026-06-05,S-002,2026-06-18,2026-06-18,0,40467,False,92,0,94
OP-0762,2026-06-05,S-010,2026-06-10,2026-06-10,0,211850,False,92,0,93
OP-1484,2026-06-05,S-020,2026-06-15,2026-06-15,0,223244,False,93,0,89
OP-0489,2026-06-05,S-006,2026-06-17,2026-06-18,1,125967,False,93,8,93
OP-1594,2026-06-05,S-024,2026-06-15,2026-06-15,0,70518,False,93,0,98
OP-1868,2026-06-05,S-027,2026-06-08,2026-06-08,0,368456,False,93,0,94
OP-2113,2026-06-05,S-018,2026-06-14,2026-06-26,12,121045,True,36,96,69
OP-0344,2026-06-05,S-040,2026-06-10,2026-06-10,0,155452,False,95,0,96
OP-2393,2026-06-05,S-010,2026-06-10,2026-06-10,0,380752,False,93,0,91
OP-0254,2026-06-05,S-029,2026-06-15,2026-06-15,0,100880,False,97,0,97
OP-0035,2026-06-05,S-002,2026-06-18,2026-06-18,0,316061,False,94,0,98
OP-1741,2026-06-05,S-029,2026-06-15,2026-06-16,1,236342,False,89,8,91
OP-2524,2026-06-05,S-004,2026-06-10,2026-06-11,1,265709,False,90,7,92
OP-2914,2026-06-05,S-005,2026-06-12,2026-06-12,0,412244,False,90,0,93
OP-1318,2026-06-05,S-021,2026-06-17,2026-07-12,25,162693,True,0,199,50
OP-2041,2026-06-05,S-022,2026-06-11,2026-06-11,0,333210,False,97,0,92
OP-0075,2026-06-05,S-043,2026-06-14,2026-06-14,0,190079,False,93,0,92
OP-1987,2026-06-05,S-005,2026-06-12,2026-06-12,0,229750,False,93,0,98
OP-0593,2026-06-05,S-015,2026-06-13,2026-06-13,0,357816,False,96,0,100
OP-2538,2026-06-05,S-050,2026-06-19,2026-06-30,11,447703,True,39,91,76
OP-2829,2026-06-05,S-043,2026-06-14,2026-06-14,0,156214,False,98,0,91
OP-0589,2026-06-05,S-002,2026-06-18,2026-06-20,2,460309,False,85,18,91
OP-2144,2026-06-05,S-034,2026-06-08,2026-06-08,0,99775,False,93,0,88
OP-1367,2026-06-05,S-007,2026-06-08,2026-06-08,0,465030,False,93,0,90
OP-1015,2026-06-05,S-029,2026-06-15,2026-06-15,0,184437,False,95,0,93
OP-1182,2026-06-05,S-050,2026-06-19,2026-06-19,0,293877,False,97,0,91
OP-1467,2026-06-05,S-032,2026-06-18,2026-06-19,1,78980,False,91,10,94
OP-0983,2026-06-06,S-031,2026-06-15,2026-06-15,0,73993,False,91,0,97
OP-0890,2026-06-06,S-015,2026-06-14,2026-06-24,10,218633,True,43,80,80
OP-0982,2026-06-06,S-026,2026-06-21,2026-06-26,5,97110,True,71,40,82
OP-0716,2026-06-06,S-009,2026-06-18,2026-06-19,1,223216,False,91,7,90
OP-0956,2026-06-06,S-048,2026-06-19,2026-06-19,0,256801,False,97,0,97
OP-0770,2026-06-06,S-004,2026-06-11,2026-06-12,1,413437,False,89,10,97
OP-1835,2026-06-06,S-009,2026-06-18,2026-06-18,0,38994,False,98,0,95
OP-1516,2026-06-06,S-007,2026-06-09,2026-06-09,0,292792,False,90,0,90
OP-2483,2026-06-06,S-046,2026-06-12,2026-06-12,0,305459,False,94,0,88
OP-0194,2026-06-06,S-046,2026-06-12,2026-06-13,1,254552,False,93,9,93
OP-1589,2026-06-06,S-028,2026-06-09,2026-06-11,2,212988,False,84,15,91
OP-2494,2026-06-06,S-047,2026-06-18,2026-06-18,0,62660,False,96,0,94
OP-0620,2026-06-06,S-044,2026-06-10,2026-06-11,1,369109,False,91,9,93
OP-0272,2026-06-06,S-030,2026-06-13,2026-06-13,0,300160,False,94,0,92
OP-2706,2026-06-06,S-015,2026-06-14,2026-06-14,0,108445,False,95,0,96
OP-0482,2026-06-06,S-011,2026-06-21,2026-06-21,0,264856,False,95,0,94
OP-2712,2026-06-06,S-038,2026-06-21,2026-06-21,0,204388,False,95,0,91
OP-1449,2026-06-06,S-030,2026-06-13,2026-06-13,0,185436,False,94,0,96
OP-0659,2026-06-06,S-033,2026-06-11,2026-06-12,1,405290,False,84,8,90
OP-2800,2026-06-06,S-031,2026-06-15,2026-06-15,0,478087,False,98,0,89
OP-1587,2026-06-06,S-032,2026-06-19,2026-06-19,0,125854,False,96,0,91
OP-2922,2026-06-06,S-012,2026-06-16,2026-06-16,0,206369,False,97,0,100
OP-0180,2026-06-06,S-047,2026-06-18,2026-06-18,0,482373,False,96,0,93
OP-1562,2026-06-07,S-038,2026-06-22,2026-06-22,0,39600,False,98,0,97
OP-2217,2026-06-07,S-004,2026-06-12,2026-06-12,0,207187,False,95,0,96
OP-1825,2026-06-07,S-008,2026-06-22,2026-06-22,0,220517,False,92,0,96
OP-1632,2026-06-07,S-050,2026-06-21,2026-06-21,0,371498,False,94,0,93
OP-0468,2026-06-07,S-028,2026-06-10,2026-06-16,6,495731,True,70,50,81
OP-1533,2026-06-07,S-011,2026-06-22,2026-06-22,0,474539,False,91,0,94
OP-2114,2026-06-07,S-023,2026-06-19,2026-06-20,1,62468,False,85,8,93
OP-1771,2026-06-07,S-026,2026-06-22,2026-06-22,0,397779,False,96,0,94
OP-1049,2026-06-07,S-039,2026-06-19,2026-06-19,0,477269,False,96,0,97
OP-1831,2026-06-07,S-003,2026-06-17,2026-06-17,0,42437,False,98,0,97
OP-2185,2026-06-07,S-019,2026-06-17,2026-06-17,0,230315,False,94,0,97
OP-1660,2026-06-07,S-019,2026-06-17,2026-06-17,0,169262,False,95,0,91
OP-0538,2026-06-07,S-029,2026-06-17,2026-06-17,0,161106,False,95,0,93
OP-1513,2026-06-07,S-029,2026-06-17,2026-06-18,1,136536,False,88,8,96
OP-0528,2026-06-07,S-008,2026-06-22,2026-06-22,0,470542,False,96,0,96
OP-2848,2026-06-07,S-024,2026-06-17,2026-06-19,2,26328,False,83,20,94
OP-0370,2026-06-07,S-023,2026-06-19,2026-06-19,0,417021,False,94,0,99
OP-0050,2026-06-07,S-008,2026-06-22,2026-06-23,1,153217,False,89,9,94
OP-2369,2026-06-07,S-037,2026-06-15,2026-06-16,1,446817,False,91,8,94
OP-0807,2026-06-07,S-025,2026-06-14,2026-06-14,0,355541,False,95,0,94
OP-1361,2026-06-07,S-035,2026-06-18,2026-06-18,0,313216,False,91,0,94
OP-1241,2026-06-07,S-009,2026-06-19,2026-06-19,0,241791,False,99,0,95
OP-0768,2026-06-07,S-041,2026-06-13,2026-06-13,0,11974,False,91,0,94
OP-1000,2026-06-07,S-023,2026-06-19,2026-06-25,6,321099,True,66,47,84
OP-0703,2026-06-07,S-006,2026-06-19,2026-06-19,0,392754,False,93,0,94
OP-2233,2026-06-08,S-033,2026-06-13,2026-06-13,0,461907,False,92,0,86
OP-2105,2026-06-08,S-015,2026-06-16,2026-06-16,0,215224,False,95,0,99
OP-0765,2026-06-08,S-050,2026-06-22,2026-06-24,2,310479,False,86,15,93
OP-2205,2026-06-08,S-001,2026-06-17,2026-06-17,0,293797,False,89,0,95
OP-0825,2026-06-08,S-033,2026-06-13,2026-06-13,0,66310,False,95,0,96
OP-0838,2026-06-08,S-036,2026-06-18,2026-06-19,1,253855,False,90,11,89
OP-0244,2026-06-08,S-016,2026-06-16,2026-06-16,0,324851,False,90,0,95
OP-2275,2026-06-08,S-044,2026-06-12,2026-06-12,0,499819,False,93,0,95
OP-2101,2026-06-08,S-038,2026-06-23,2026-06-23,0,401126,False,92,0,96
OP-0788,2026-06-08,S-039,2026-06-20,2026-06-20,0,418793,False,92,0,95
OP-1154,2026-06-08,S-043,2026-06-17,2026-06-17,0,328062,False,92,0,93
OP-1428,2026-06-08,S-008,2026-06-23,2026-06-25,2,497437,False,89,20,91
OP-1008,2026-06-08,S-005,2026-06-15,2026-06-16,1,82702,False,85,9,94
OP-0506,2026-06-08,S-043,2026-06-17,2026-06-17,0,133433,False,97,0,99
OP-1563,2026-06-08,S-018,2026-06-17,2026-06-17,0,88513,False,96,0,92
OP-0661,2026-06-08,S-036,2026-06-18,2026-06-18,0,253641,False,95,0,94
OP-0479,2026-06-08,S-017,2026-06-22,2026-06-30,8,226873,True,52,64,71
OP-0584,2026-06-08,S-013,2026-06-12,2026-06-13,1,402846,False,90,8,90
OP-0582,2026-06-08,S-029,2026-06-18,2026-06-18,0,55633,False,97,0,100
OP-1627,2026-06-08,S-013,2026-06-12,2026-06-12,0,72912,False,91,0,95
OP-1291,2026-06-08,S-035,2026-06-19,2026-06-19,0,183234,False,91,0,92
OP-1138,2026-06-08,S-002,2026-06-21,2026-06-23,2,357771,False,83,17,90
OP-0418,2026-06-08,S-039,2026-06-20,2026-06-20,0,185486,False,91,0,98
OP-1804,2026-06-08,S-048,2026-06-21,2026-06-23,2,419141,False,85,16,91
OP-1273,2026-06-08,S-022,2026-06-14,2026-06-15,1,208621,False,95,7,93
OP-0928,2026-06-08,S-050,2026-06-22,2026-06-22,0,237457,False,96,0,93
OP-2699,2026-06-09,S-008,2026-06-24,2026-06-25,1,53871,False,91,3,92
OP-0816,2026-06-09,S-026,2026-06-24,2026-06-25,1,224338,False,90,8,98
OP-2059,2026-06-09,S-017,2026-06-23,2026-06-23,0,127127,False,94,0,89
OP-1217,2026-06-09,S-005,2026-06-16,2026-06-16,0,282763,False,94,0,88
OP-2739,2026-06-09,S-039,2026-06-21,2026-06-21,0,422116,False,97,0,96
OP-1205,2026-06-09,S-045,2026-06-15,2026-06-15,0,418980,False,94,0,98
OP-1145,2026-06-09,S-011,2026-06-24,2026-06-24,0,343946,False,96,0,92
OP-2896,2026-06-09,S-042,2026-06-23,2026-06-23,0,241386,False,96,0,90
OP-2932,2026-06-09,S-021,2026-06-21,2026-06-21,0,476747,False,94,0,99
OP-1249,2026-06-09,S-016,2026-06-17,2026-06-17,0,330704,False,93,0,95
OP-2694,2026-06-09,S-016,2026-06-17,2026-06-17,0,385024,False,94,0,95
OP-1341,2026-06-09,S-034,2026-06-12,2026-06-12,0,43486,False,95,0,98
OP-2507,2026-06-09,S-041,2026-06-15,2026-06-15,0,285066,False,96,0,96
OP-2450,2026-06-09,S-043,2026-06-18,2026-06-18,0,39444,False,94,0,97
OP-1982,2026-06-09,S-049,2026-06-22,2026-06-22,0,350914,False,98,0,97
OP-1379,2026-06-09,S-034,2026-06-12,2026-06-12,0,52911,False,93,0,97
OP-1426,2026-06-09,S-031,2026-06-18,2026-06-19,1,119025,False,93,8,95
OP-2323,2026-06-09,S-011,2026-06-24,2026-06-24,0,54512,False,96,0,92
OP-1519,2026-06-09,S-026,2026-06-24,2026-06-24,0,92847,False,96,0,96
OP-2272,2026-06-09,S-048,2026-06-22,2026-06-25,3,331004,True,78,24,89
OP-2223,2026-06-09,S-043,2026-06-18,2026-06-18,0,162722,False,97,0,96
OP-0867,2026-06-09,S-001,2026-06-18,2026-06-18,0,269199,False,94,0,89
OP-1704,2026-06-09,S-023,2026-06-21,2026-06-21,0,181881,False,94,0,94
OP-2123,2026-06-09,S-049,2026-06-22,2026-06-22,0,110978,False,93,0,92
OP-1956,2026-06-09,S-046,2026-06-15,2026-06-15,0,117363,False,95,0,97
OP-2592,2026-06-09,S-006,2026-06-21,2026-06-21,0,333021,False,88,0,93
OP-1122,2026-06-09,S-035,2026-06-20,2026-06-20,0,433810,False,89,0,96
OP-3000,2026-06-09,S-033,2026-06-14,2026-06-14,0,355980,False,95,0,90
OP-0007,2026-06-09,S-036,2026-06-19,2026-06-20,1,284187,False,89,8,90
OP-0022,2026-06-09,S-035,2026-06-20,2026-06-20,0,60283,False,93,0,96
OP-0625,2026-06-09,S-002,2026-06-22,2026-06-22,0,185053,False,96,0,89
OP-0298,2026-06-09,S-039,2026-06-21,2026-06-21,0,84110,False,96,0,91
OP-0511,2026-06-09,S-029,2026-06-19,2026-06-20,1,237772,False,90,8,90
OP-0302,2026-06-09,S-010,2026-06-14,2026-06-14,0,309354,False,96,0,97
OP-0310,2026-06-09,S-024,2026-06-19,2026-06-26,7,308592,True,60,57,82
OP-0122,2026-06-09,S-012,2026-06-19,2026-06-19,0,148936,False,98,0,90
OP-0160,2026-06-09,S-021,2026-06-21,2026-06-21,0,423699,False,95,0,95
OP-0397,2026-06-09,S-015,2026-06-17,2026-06-17,0,194194,False,92,0,99
OP-0786,2026-06-10,S-025,2026-06-17,2026-06-17,0,353117,False,93,0,92
OP-0269,2026-06-10,S-043,2026-06-19,2026-06-19,0,326552,False,93,0,91
OP-0292,2026-06-10,S-012,2026-06-20,2026-06-20,0,37290,False,96,0,93
OP-0389,2026-06-10,S-024,2026-06-20,2026-06-20,0,490563,False,95,0,96
OP-0487,2026-06-10,S-031,2026-06-19,2026-06-19,0,460136,False,97,0,91
OP-1646,2026-06-10,S-045,2026-06-16,2026-06-16,0,182268,False,95,0,89
OP-2252,2026-06-10,S-028,2026-06-13,2026-06-13,0,265614,False,93,0,93
OP-1530,2026-06-10,S-012,2026-06-20,2026-06-21,1,493803,False,87,8,88
OP-1526,2026-06-10,S-027,2026-06-13,2026-06-13,0,255209,False,95,0,98
OP-1269,2026-06-10,S-025,2026-06-17,2026-06-17,0,278667,False,94,0,94
OP-1252,2026-06-10,S-031,2026-06-19,2026-06-19,0,499673,False,95,0,93
OP-1198,2026-06-10,S-024,2026-06-20,2026-06-20,0,280474,False,94,0,96
OP-1753,2026-06-10,S-041,2026-06-16,2026-06-16,0,321133,False,92,0,91
OP-0234,2026-06-10,S-045,2026-06-16,2026-06-17,1,337231,False,91,8,97
OP-2126,2026-06-10,S-026,2026-06-25,2026-06-25,0,407200,False,94,0,95
OP-2325,2026-06-10,S-004,2026-06-15,2026-06-22,7,495088,True,60,55,81
OP-0071,2026-06-10,S-046,2026-06-16,2026-06-16,0,462694,False,94,0,94
OP-2619,2026-06-10,S-006,2026-06-22,2026-06-22,0,405571,False,97,0,94
OP-2591,2026-06-10,S-002,2026-06-23,2026-06-23,0,153849,False,96,0,94
OP-2508,2026-06-10,S-032,2026-06-23,2026-07-10,17,289926,True,9,131,64
OP-2309,2026-06-10,S-017,2026-06-24,2026-06-29,5,421234,True,72,41,81
OP-2431,2026-06-10,S-039,2026-06-22,2026-06-23,1,450699,False,89,8,91
OP-2429,2026-06-10,S-047,2026-06-22,2026-06-22,0,36173,False,94,0,97
OP-0888,2026-06-10,S-032,2026-06-23,2026-06-23,0,68818,False,95,0,98
OP-0191,2026-06-10,S-005,2026-06-17,2026-06-17,0,454785,False,95,0,100
OP-2352,2026-06-10,S-015,2026-06-18,2026-06-23,5,282968,True,72,39,88
OP-2423,2026-06-10,S-028,2026-06-13,2026-06-13,0,197897,False,98,0,95
OP-1151,2026-06-11,S-015,2026-06-19,2026-06-23,4,128438,True,76,35,84
OP-2947,2026-06-11,S-009,2026-06-23,2026-06-27,4,10476,True,75,28,88
OP-0635,2026-06-11,S-039,2026-06-23,2026-06-23,0,161597,False,97,0,93
OP-0634,2026-06-11,S-003,2026-06-21,2026-06-22,1,270583,False,92,8,93
OP-0033,2026-06-11,S-022,2026-06-17,2026-06-17,0,210329,False,96,0,100
OP-2781,2026-06-11,S-041,2026-06-17,2026-06-17,0,408853,False,92,0,98
OP-1396,2026-06-11,S-020,2026-06-21,2026-06-21,0,446871,False,94,0,90
OP-1455,2026-06-11,S-045,2026-06-17,2026-06-18,1,14424,False,90,8,95
OP-2695,2026-06-11,S-048,2026-06-24,2026-06-24,0,488747,False,95,0,92
OP-2157,2026-06-11,S-044,2026-06-15,2026-06-15,0,150479,False,96,0,94
OP-2127,2026-06-11,S-005,2026-06-18,2026-06-18,0,321031,False,94,0,93
OP-0937,2026-06-11,S-010,2026-06-16,2026-06-16,0,434655,False,91,0,87
OP-2501,2026-06-11,S-006,2026-06-23,2026-06-23,0,249525,False,93,0,90
OP-0285,2026-06-11,S-036,2026-06-21,2026-06-21,0,199383,False,97,0,93
OP-1786,2026-06-11,S-016,2026-06-19,2026-06-19,0,100029,False,90,0,92
OP-0153,2026-06-11,S-013,2026-06-15,2026-06-15,0,102721,False,92,0,98
OP-1834,2026-06-11,S-019,2026-06-21,2026-06-21,0,34436,False,94,0,94
OP-1842,2026-06-11,S-001,2026-06-20,2026-06-21,1,425620,False,91,7,94
OP-2468,2026-06-11,S-025,2026-06-18,2026-06-19,1,435531,False,88,11,90
OP-2027,2026-06-11,S-019,2026-06-21,2026-06-21,0,424620,False,92,0,100
OP-2031,2026-06-11,S-014,2026-06-19,2026-06-19,0,423861,False,99,0,98
OP-2534,2026-06-11,S-011,2026-06-26,2026-06-26,0,307597,False,95,0,90
OP-1769,2026-06-11,S-002,2026-06-24,2026-06-24,0,275122,False,91,0,99
OP-1894,2026-06-11,S-036,2026-06-21,2026-06-22,1,369660,False,88,9,87
OP-0773,2026-06-11,S-015,2026-06-19,2026-06-30,11,470344,True,40,88,74
OP-0828,2026-06-11,S-025,2026-06-18,2026-06-18,0,42913,False,94,0,91
OP-1671,2026-06-12,S-037,2026-06-20,2026-07-03,13,458785,True,29,105,71
OP-1657,2026-06-12,S-043,2026-06-21,2026-06-21,0,302769,False,95,0,98
OP-1506,2026-06-12,S-021,2026-06-24,2026-06-25,1,298772,False,90,6,96
OP-1784,2026-06-12,S-033,2026-06-17,2026-06-23,6,379043,True,66,49,90
OP-1697,2026-06-12,S-004,2026-06-17,2026-06-18,1,188824,False,85,9,97
OP-2864,2026-06-12,S-049,2026-06-25,2026-06-25,0,475139,False,96,0,94
OP-2519,2026-06-12,S-034,2026-06-15,2026-06-15,0,295911,False,97,0,90
OP-0727,2026-06-12,S-049,2026-06-25,2026-06-25,0,432651,False,94,0,89
OP-0435,2026-06-12,S-023,2026-06-24,2026-07-03,9,111228,True,49,75,77
OP-2261,2026-06-12,S-008,2026-06-27,2026-07-05,8,472198,True,50,64,76
OP-1038,2026-06-12,S-042,2026-06-26,2026-06-26,0,17708,False,95,0,99
OP-1570,2026-06-12,S-031,2026-06-21,2026-06-21,0,195692,False,97,0,94
OP-1021,2026-06-12,S-013,2026-06-16,2026-06-16,0,294581,False,90,0,98
OP-2579,2026-06-12,S-025,2026-06-19,2026-06-19,0,259915,False,92,0,99
OP-2248,2026-06-12,S-007,2026-06-15,2026-06-17,2,76424,False,85,17,87
OP-0124,2026-06-12,S-029,2026-06-22,2026-06-22,0,302003,False,90,0,92
OP-1023,2026-06-12,S-018,2026-06-21,2026-06-26,5,157124,True,71,40,83
OP-0236,2026-06-12,S-018,2026-06-21,2026-06-21,0,209198,False,94,0,96
OP-1486,2026-06-12,S-039,2026-06-24,2026-06-25,1,393685,False,89,8,90
OP-0259,2026-06-12,S-031,2026-06-21,2026-06-21,0,270118,False,94,0,90
OP-1936,2026-06-12,S-003,2026-06-22,2026-06-22,0,325924,False,92,0,96
OP-1130,2026-06-12,S-033,2026-06-17,2026-06-17,0,482818,False,96,0,96
OP-1343,2026-06-12,S-039,2026-06-24,2026-06-24,0,335382,False,97,0,92
OP-2703,2026-06-12,S-034,2026-06-15,2026-06-15,0,139610,False,96,0,95
OP-2353,2026-06-12,S-003,2026-06-22,2026-06-24,2,163548,False,83,18,93
OP-1680,2026-06-12,S-014,2026-06-20,2026-06-20,0,413241,False,95,0,90
OP-0070,2026-06-12,S-025,2026-06-19,2026-06-19,0,362538,False,94,0,93
OP-1368,2026-06-12,S-043,2026-06-21,2026-07-05,14,481742,True,23,113,61
OP-2990,2026-06-12,S-008,2026-06-27,2026-06-27,0,30642,False,94,0,94
OP-2986,2026-06-12,S-029,2026-06-22,2026-06-22,0,163307,False,93,0,94
OP-0147,2026-06-12,S-007,2026-06-15,2026-06-17,2,311718,False,86,20,91
OP-0971,2026-06-12,S-022,2026-06-18,2026-06-18,0,192502,False,95,0,95
OP-0461,2026-06-12,S-042,2026-06-26,2026-06-27,1,27689,False,91,6,97
OP-0362,2026-06-12,S-011,2026-06-27,2026-06-27,0,257428,False,94,0,94
OP-2183,2026-06-12,S-026,2026-06-27,2026-06-27,0,362921,False,95,0,97
OP-2034,2026-06-12,S-015,2026-06-20,2026-06-20,0,354025,False,94,0,90
OP-0395,2026-06-13,S-047,2026-06-25,2026-06-25,0,22400,False,95,0,99
OP-0718,2026-06-13,S-019,2026-06-23,2026-06-23,0,426614,False,97,0,90
OP-2798,2026-06-13,S-007,2026-06-16,2026-06-16,0,25721,False,98,0,92
OP-1022,2026-06-13,S-017,2026-06-27,2026-06-27,0,465072,False,95,0,98
OP-2799,2026-06-13,S-028,2026-06-16,2026-06-16,0,498027,False,96,0,96
OP-2095,2026-06-13,S-003,2026-06-23,2026-06-23,0,93719,False,96,0,93
OP-1510,2026-06-13,S-012,2026-06-23,2026-06-23,0,478193,False,95,0,95
OP-2263,2026-06-13,S-049,2026-06-26,2026-06-27,1,24573,False,88,7,99
OP-2595,2026-06-13,S-006,2026-06-25,2026-06-27,2,493972,False,83,20,86
OP-0927,2026-06-13,S-032,2026-06-26,2026-06-26,0,64639,False,93,0,98
OP-2306,2026-06-13,S-040,2026-06-18,2026-06-18,0,489174,False,95,0,86
OP-2598,2026-06-13,S-013,2026-06-17,2026-06-17,0,138778,False,96,0,95
OP-0976,2026-06-13,S-003,2026-06-23,2026-06-23,0,115507,False,96,0,97
OP-1808,2026-06-13,S-029,2026-06-23,2026-06-23,0,193754,False,92,0,97
OP-2485,2026-06-13,S-006,2026-06-25,2026-06-25,0,371002,False,94,0,92
OP-2118,2026-06-13,S-010,2026-06-18,2026-06-19,1,320269,False,92,7,93
OP-0665,2026-06-13,S-041,2026-06-19,2026-06-20,1,373887,False,92,8,92
OP-0947,2026-06-13,S-022,2026-06-19,2026-06-19,0,232240,False,95,0,94
OP-2761,2026-06-13,S-034,2026-06-16,2026-06-16,0,145953,False,97,0,95
OP-0291,2026-06-13,S-031,2026-06-22,2026-06-22,0,288387,False,96,0,96
OP-0295,2026-06-13,S-031,2026-06-22,2026-06-22,0,295370,False,95,0,90
OP-0966,2026-06-13,S-036,2026-06-23,2026-06-23,0,238825,False,95,0,97
OP-0443,2026-06-13,S-034,2026-06-16,2026-06-16,0,96131,False,92,0,91
OP-2780,2026-06-13,S-031,2026-06-22,2026-06-22,0,49160,False,92,0,97
OP-2697,2026-06-13,S-048,2026-06-26,2026-06-26,0,291662,False,94,0,92
OP-2566,2026-06-13,S-035,2026-06-24,2026-06-24,0,124143,False,95,0,96
OP-2669,2026-06-13,S-031,2026-06-22,2026-06-22,0,121636,False,95,0,89
OP-0171,2026-06-13,S-014,2026-06-21,2026-06-26,5,344269,True,67,41,89
OP-2139,2026-06-13,S-026,2026-06-28,2026-06-28,0,367293,False,98,0,90
OP-2565,2026-06-13,S-021,2026-06-25,2026-06-25,0,124930,False,94,0,98
OP-0252,2026-06-13,S-041,2026-06-19,2026-06-19,0,339039,False,94,0,94
OP-2955,2026-06-13,S-023,2026-06-25,2026-06-26,1,353943,False,90,7,90
OP-1782,2026-06-13,S-016,2026-06-21,2026-06-21,0,384114,False,95,0,96
OP-2675,2026-06-13,S-005,2026-06-20,2026-06-20,0,410100,False,95,0,96
OP-0631,2026-06-13,S-020,2026-06-23,2026-06-23,0,361474,False,97,0,94
OP-2733,2026-06-13,S-011,2026-06-28,2026-07-01,3,252655,True,81,22,89
OP-2726,2026-06-13,S-030,2026-06-20,2026-06-22,2,47321,False,86,18,92
OP-1557,2026-06-13,S-014,2026-06-21,2026-06-21,0,315174,False,92,0,91
OP-0865,2026-06-13,S-005,2026-06-20,2026-06-20,0,430206,False,92,0,89
OP-1776,2026-06-13,S-007,2026-06-16,2026-06-16,0,361147,False,95,0,94
OP-1525,2026-06-13,S-023,2026-06-25,2026-06-25,0,156312,False,96,0,97
OP-2971,2026-06-13,S-012,2026-06-23,2026-06-23,0,360420,False,93,0,92
OP-0677,2026-06-13,S-003,2026-06-23,2026-06-24,1,322577,False,91,8,92
OP-0887,2026-06-13,S-017,2026-06-27,2026-06-27,0,221684,False,90,0,94
OP-2910,2026-06-13,S-045,2026-06-19,2026-06-19,0,123102,False,94,0,89
OP-1046,2026-06-13,S-039,2026-06-25,2026-06-25,0,288005,False,95,0,89
OP-0670,2026-06-14,S-035,2026-06-25,2026-06-27,2,200589,False,85,16,86
OP-2212,2026-06-14,S-013,2026-06-18,2026-06-18,0,119336,False,95,0,99
OP-0952,2026-06-14,S-050,2026-06-28,2026-06-28,0,44055,False,96,0,100
OP-2184,2026-06-14,S-010,2026-06-19,2026-06-19,0,359928,False,93,0,93
OP-2516,2026-06-14,S-032,2026-06-27,2026-06-27,0,449130,False,94,0,94
OP-2826,2026-06-14,S-003,2026-06-24,2026-06-24,0,27940,False,96,0,92
OP-1686,2026-06-14,S-032,2026-06-27,2026-06-27,0,251074,False,96,0,91
OP-0951,2026-06-14,S-050,2026-06-28,2026-07-02,4,329517,True,77,32,87
OP-0513,2026-06-14,S-029,2026-06-24,2026-06-26,2,216266,False,84,13,91
OP-1442,2026-06-14,S-040,2026-06-19,2026-06-19,0,29326,False,93,0,93
OP-2358,2026-06-14,S-049,2026-06-27,2026-06-27,0,188933,False,93,0,93
OP-2707,2026-06-14,S-045,2026-06-20,2026-06-21,1,241694,False,89,8,89
OP-1713,2026-06-14,S-049,2026-06-27,2026-06-27,0,84061,False,95,0,93
OP-1155,2026-06-14,S-002,2026-06-27,2026-06-27,0,219294,False,95,0,98
OP-1369,2026-06-14,S-005,2026-06-21,2026-06-21,0,344072,False,94,0,99
OP-1125,2026-06-14,S-032,2026-06-27,2026-06-27,0,111241,False,95,0,93
OP-2107,2026-06-14,S-039,2026-06-26,2026-06-28,2,266789,False,86,15,91
OP-1222,2026-06-14,S-042,2026-06-28,2026-06-28,0,34326,False,92,0,98
OP-0031,2026-06-14,S-046,2026-06-20,2026-06-20,0,377004,False,98,0,97
OP-2563,2026-06-14,S-014,2026-06-22,2026-06-22,0,333159,False,94,0,91
OP-2085,2026-06-14,S-037,2026-06-22,2026-06-24,2,351121,False,85,16,88
OP-0761,2026-06-14,S-008,2026-06-29,2026-06-29,0,346373,False,90,0,94
OP-1645,2026-06-14,S-050,2026-06-28,2026-06-28,0,382640,False,94,0,97
OP-1823,2026-06-14,S-048,2026-06-27,2026-06-27,0,446656,False,96,0,90
OP-1314,2026-06-14,S-016,2026-06-22,2026-06-23,1,30651,False,88,8,90
OP-2430,2026-06-15,S-019,2026-06-25,2026-06-25,0,377427,False,96,0,96
OP-0992,2026-06-15,S-045,2026-06-21,2026-06-21,0,38369,False,95,0,91
OP-0998,2026-06-15,S-046,2026-06-21,2026-06-21,0,180820,False,96,0,99
OP-0386,2026-06-15,S-025,2026-06-22,2026-06-22,0,464637,False,93,0,95
OP-1485,2026-06-15,S-021,2026-06-27,2026-06-27,0,166502,False,100,0,98
OP-2806,2026-06-15,S-040,2026-06-20,2026-07-02,12,189534,True,35,94,75
OP-1906,2026-06-15,S-035,2026-06-26,2026-06-26,0,286358,False,96,0,92
OP-2058,2026-06-15,S-029,2026-06-25,2026-06-26,1,446019,False,89,9,94
OP-0262,2026-06-15,S-003,2026-06-25,2026-06-25,0,317684,False,95,0,95
OP-0748,2026-06-15,S-032,2026-06-28,2026-06-29,1,190296,False,91,10,95
OP-2063,2026-06-15,S-013,2026-06-19,2026-06-19,0,13535,False,92,0,100
OP-0105,2026-06-15,S-032,2026-06-28,2026-06-28,0,17609,False,93,0,91
OP-0627,2026-06-15,S-045,2026-06-21,2026-06-21,0,476267,False,98,0,98
OP-0637,2026-06-15,S-002,2026-06-28,2026-06-28,0,198363,False,95,0,94
OP-0918,2026-06-15,S-033,2026-06-20,2026-07-01,11,122044,True,40,88,75
OP-2578,2026-06-15,S-044,2026-06-19,2026-06-20,1,148143,False,89,6,92
OP-1711,2026-06-15,S-006,2026-06-27,2026-07-07,10,10541,True,42,80,75
OP-1255,2026-06-15,S-019,2026-06-25,2026-06-25,0,401348,False,96,0,95
OP-2464,2026-06-15,S-018,2026-06-24,2026-06-24,0,278689,False,94,0,95
OP-0791,2026-06-15,S-007,2026-06-18,2026-06-24,6,163755,True,63,47,91
OP-2589,2026-06-15,S-028,2026-06-18,2026-06-19,1,247677,False,87,8,96
OP-1787,2026-06-15,S-005,2026-06-22,2026-06-22,0,92067,False,91,0,96
OP-2336,2026-06-15,S-016,2026-06-23,2026-06-23,0,391646,False,95,0,96
OP-1698,2026-06-15,S-010,2026-06-20,2026-06-20,0,436030,False,92,0,98
OP-0137,2026-06-15,S-028,2026-06-18,2026-06-20,2,419544,False,85,16,90
OP-2086,2026-06-15,S-046,2026-06-21,2026-06-21,0,177831,False,94,0,94
OP-2428,2026-06-15,S-022,2026-06-21,2026-06-21,0,292091,False,96,0,92
OP-0126,2026-06-15,S-008,2026-06-30,2026-06-30,0,490272,False,93,0,92
OP-2785,2026-06-16,S-025,2026-06-23,2026-06-23,0,296750,False,95,0,93
OP-2489,2026-06-16,S-016,2026-06-24,2026-06-24,0,364771,False,92,0,91
OP-1613,2026-06-16,S-037,2026-06-24,2026-06-24,0,97397,False,94,0,93
OP-1421,2026-06-16,S-016,2026-06-24,2026-06-24,0,244376,False,95,0,95
OP-0303,2026-06-16,S-043,2026-06-25,2026-06-27,2,350715,False,87,10,97
OP-2787,2026-06-16,S-046,2026-06-22,2026-06-22,0,236652,False,91,0,90
OP-0525,2026-06-16,S-014,2026-06-24,2026-06-24,0,49657,False,99,0,97
OP-0820,2026-06-16,S-019,2026-06-26,2026-06-26,0,378599,False,97,0,96
OP-0377,2026-06-16,S-002,2026-06-29,2026-06-29,0,70659,False,97,0,95
OP-0958,2026-06-16,S-046,2026-06-22,2026-06-23,1,353600,False,87,9,96
OP-1375,2026-06-16,S-009,2026-06-28,2026-06-28,0,221611,False,96,0,95
OP-2888,2026-06-16,S-050,2026-06-30,2026-07-01,1,228721,False,88,8,93
OP-0175,2026-06-16,S-047,2026-06-28,2026-06-28,0,450982,False,97,0,92
OP-1727,2026-06-16,S-015,2026-06-24,2026-06-24,0,204767,False,95,0,98
OP-2239,2026-06-16,S-035,2026-06-27,2026-06-27,0,404825,False,95,0,93
OP-0413,2026-06-16,S-039,2026-06-28,2026-06-28,0,61654,False,96,0,97
OP-1162,2026-06-16,S-007,2026-06-19,2026-06-19,0,448934,False,95,0,95
OP-2966,2026-06-16,S-034,2026-06-19,2026-06-19,0,468993,False,98,0,91
OP-0195,2026-06-16,S-011,2026-07-01,2026-07-28,27,203767,True,0,216,50
OP-0845,2026-06-16,S-021,2026-06-28,2026-06-29,1,441931,False,90,9,98
OP-1188,2026-06-16,S-029,2026-06-26,2026-06-26,0,279119,False,98,0,93
OP-2898,2026-06-16,S-021,2026-06-28,2026-06-28,0,18569,False,95,0,91
OP-2529,2026-06-16,S-018,2026-06-25,2026-06-25,0,264918,False,94,0,92
OP-2042,2026-06-16,S-045,2026-06-22,2026-06-22,0,204636,False,90,0,92
OP-2810,2026-06-16,S-017,2026-06-30,2026-06-30,0,29591,False,97,0,97
OP-0416,2026-06-16,S-033,2026-06-21,2026-06-26,5,478737,True,68,41,84
OP-0852,2026-06-16,S-017,2026-06-30,2026-06-30,0,170482,False,94,0,93
OP-1301,2026-06-16,S-046,2026-06-22,2026-06-22,0,442073,False,93,0,95
OP-0850,2026-06-17,S-018,2026-06-26,2026-06-26,0,118660,False,95,0,93
OP-1152,2026-06-17,S-020,2026-06-27,2026-06-28,1,87419,False,91,8,94
OP-1153,2026-06-17,S-008,2026-07-02,2026-07-02,0,26590,False,92,0,97
OP-2392,2026-06-17,S-019,2026-06-27,2026-06-29,2,197074,False,85,22,94
OP-0266,2026-06-17,S-047,2026-06-29,2026-07-01,2,466562,False,88,16,87
OP-1168,2026-06-17,S-006,2026-06-29,2026-06-30,1,107683,False,85,7,85
OP-2734,2026-06-17,S-043,2026-06-26,2026-06-26,0,139891,False,96,0,95
OP-0006,2026-06-17,S-018,2026-06-26,2026-06-26,0,112525,False,95,0,97
OP-2684,2026-06-17,S-041,2026-06-23,2026-06-25,2,368305,False,82,15,93
OP-1472,2026-06-17,S-016,2026-06-25,2026-06-25,0,150254,False,97,0,97
OP-0237,2026-06-17,S-021,2026-06-29,2026-06-29,0,406957,False,97,0,94
OP-2469,2026-06-17,S-023,2026-06-29,2026-06-29,0,22388,False,94,0,94
OP-0462,2026-06-17,S-021,2026-06-29,2026-06-29,0,136027,False,95,0,95
OP-1150,2026-06-17,S-043,2026-06-26,2026-06-26,0,480837,False,96,0,97
OP-2204,2026-06-17,S-023,2026-06-29,2026-06-29,0,235579,False,98,0,97
OP-1139,2026-06-17,S-010,2026-06-22,2026-06-22,0,327244,False,94,0,91
OP-1112,2026-06-17,S-027,2026-06-20,2026-06-20,0,466637,False,97,0,89
OP-1247,2026-06-17,S-014,2026-06-25,2026-06-28,3,219671,True,77,23,80
OP-1967,2026-06-17,S-008,2026-07-02,2026-07-02,0,147379,False,91,0,95
OP-1668,2026-06-17,S-042,2026-07-01,2026-07-01,0,45283,False,95,0,100
OP-1295,2026-06-18,S-043,2026-06-27,2026-06-28,1,476344,False,88,10,92
OP-0336,2026-06-18,S-028,2026-06-21,2026-06-22,1,491348,False,92,8,97
OP-2696,2026-06-18,S-007,2026-06-21,2026-06-21,0,374940,False,99,0,97
OP-0685,2026-06-18,S-008,2026-07-03,2026-07-04,1,304016,False,92,7,91
OP-2167,2026-06-18,S-014,2026-06-26,2026-06-26,0,459031,False,95,0,96
OP-1973,2026-06-18,S-027,2026-06-21,2026-07-06,15,285239,True,18,118,63
OP-1836,2026-06-18,S-027,2026-06-21,2026-06-21,0,77365,False,93,0,93
OP-0407,2026-06-18,S-028,2026-06-21,2026-06-21,0,253301,False,92,0,96
OP-0271,2026-06-18,S-011,2026-07-03,2026-07-03,0,76018,False,94,0,98
OP-0833,2026-06-18,S-010,2026-06-23,2026-06-23,0,269287,False,95,0,97
OP-0962,2026-06-18,S-033,2026-06-23,2026-06-23,0,453135,False,97,0,100
OP-1694,2026-06-18,S-040,2026-06-23,2026-06-23,0,167012,False,97,0,91
OP-2238,2026-06-18,S-009,2026-06-30,2026-06-30,0,100965,False,96,0,92
OP-1246,2026-06-18,S-032,2026-07-01,2026-07-01,0,279745,False,91,0,97
OP-0897,2026-06-18,S-046,2026-06-24,2026-06-24,0,59398,False,92,0,95
OP-2746,2026-06-18,S-045,2026-06-24,2026-06-24,0,318814,False,95,0,91
OP-1796,2026-06-18,S-006,2026-06-30,2026-06-30,0,296687,False,96,0,92
OP-1799,2026-06-18,S-044,2026-06-22,2026-06-22,0,180164,False,96,0,92
OP-2140,2026-06-18,S-003,2026-06-28,2026-06-28,0,419684,False,97,0,91
OP-2880,2026-06-18,S-003,2026-06-28,2026-06-28,0,125711,False,95,0,95
OP-2007,2026-06-18,S-037,2026-06-26,2026-06-28,2,444896,False,81,16,84
OP-0692,2026-06-18,S-012,2026-06-28,2026-06-28,0,220371,False,93,0,94
OP-1945,2026-06-18,S-034,2026-06-21,2026-06-21,0,12289,False,91,0,92
OP-0940,2026-06-18,S-028,2026-06-21,2026-06-21,0,400158,False,95,0,91
OP-2436,2026-06-18,S-029,2026-06-28,2026-06-28,0,48418,False,96,0,100
OP-0483,2026-06-19,S-021,2026-07-01,2026-07-01,0,247905,False,99,0,93
OP-1084,2026-06-19,S-036,2026-06-29,2026-06-29,0,484255,False,93,0,93
OP-1302,2026-06-19,S-033,2026-06-24,2026-07-05,11,394069,True,42,88,73
OP-1756,2026-06-19,S-025,2026-06-26,2026-06-27,1,236083,False,91,8,95
OP-1322,2026-06-19,S-012,2026-06-29,2026-06-30,1,151904,False,89,8,100
OP-2148,2026-06-19,S-020,2026-06-29,2026-06-29,0,457769,False,95,0,95
OP-1463,2026-06-19,S-044,2026-06-23,2026-06-23,0,147147,False,94,0,89
OP-2561,2026-06-19,S-038,2026-07-04,2026-07-04,0,360540,False,96,0,92
OP-0697,2026-06-19,S-017,2026-07-03,2026-07-04,1,12922,False,93,7,97
OP-2132,2026-06-19,S-042,2026-07-03,2026-07-03,0,362797,False,95,0,96
OP-0579,2026-06-19,S-006,2026-07-01,2026-07-01,0,455245,False,94,0,93
OP-2907,2026-06-19,S-049,2026-07-02,2026-07-02,0,290493,False,96,0,92
OP-2097,2026-06-19,S-021,2026-07-01,2026-07-01,0,195637,False,99,0,93
OP-0032,2026-06-19,S-035,2026-06-30,2026-06-30,0,466044,False,95,0,96
OP-0393,2026-06-19,S-021,2026-07-01,2026-07-01,0,23571,False,94,0,97
OP-2827,2026-06-19,S-044,2026-06-23,2026-06-23,0,33936,False,100,0,90
OP-0977,2026-06-19,S-046,2026-06-25,2026-06-25,0,122383,False,95,0,94
OP-1258,2026-06-19,S-026,2026-07-04,2026-07-05,1,110101,False,89,9,94
OP-2279,2026-06-19,S-007,2026-06-22,2026-06-24,2,448466,False,86,15,95
OP-0512,2026-06-19,S-026,2026-07-04,2026-07-04,0,137636,False,94,0,95
OP-2440,2026-06-19,S-007,2026-06-22,2026-06-22,0,347786,False,97,0,96
OP-0696,2026-06-19,S-011,2026-07-04,2026-07-12,8,170406,True,54,62,78
OP-2757,2026-06-19,S-038,2026-07-04,2026-07-06,2,148439,False,86,15,93
OP-0691,2026-06-19,S-044,2026-06-23,2026-06-23,0,473840,False,96,0,92
OP-1902,2026-06-19,S-024,2026-06-29,2026-06-30,1,342969,False,90,8,91
OP-2112,2026-06-19,S-008,2026-07-04,2026-07-04,0,422816,False,93,0,96
OP-2491,2026-06-19,S-026,2026-07-04,2026-07-04,0,423389,False,93,0,92
OP-1905,2026-06-19,S-037,2026-06-27,2026-06-27,0,346593,False,95,0,99
OP-0267,2026-06-20,S-032,2026-07-03,2026-07-04,1,25504,False,91,8,93
OP-2903,2026-06-20,S-025,2026-06-27,2026-06-27,0,213168,False,97,0,94
OP-2282,2026-06-20,S-044,2026-06-24,2026-06-24,0,202285,False,91,0,95
OP-1774,2026-06-20,S-049,2026-07-03,2026-07-09,6,208558,True,60,43,86
OP-0115,2026-06-20,S-017,2026-07-04,2026-07-04,0,86929,False,94,0,94
OP-1977,2026-06-20,S-019,2026-06-30,2026-07-01,1,140210,False,93,8,92
OP-2709,2026-06-20,S-038,2026-07-05,2026-07-06,1,473251,False,88,8,96
OP-0467,2026-06-20,S-041,2026-06-26,2026-06-26,0,342748,False,95,0,93
OP-2226,2026-06-20,S-021,2026-07-02,2026-07-02,0,40465,False,93,0,95
OP-1394,2026-06-20,S-003,2026-06-30,2026-06-30,0,486016,False,95,0,100
OP-0058,2026-06-20,S-010,2026-06-25,2026-06-25,0,273372,False,99,0,96
OP-0449,2026-06-20,S-029,2026-06-30,2026-06-30,0,361958,False,92,0,89
OP-0772,2026-06-20,S-003,2026-06-30,2026-06-30,0,103420,False,91,0,92
OP-1544,2026-06-20,S-020,2026-06-30,2026-06-30,0,267601,False,95,0,92
OP-1819,2026-06-20,S-022,2026-06-26,2026-06-26,0,468065,False,95,0,97
OP-1572,2026-06-20,S-048,2026-07-03,2026-07-03,0,77689,False,94,0,97
OP-1817,2026-06-20,S-011,2026-07-05,2026-07-11,6,482072,True,66,48,84
OP-2456,2026-06-20,S-020,2026-06-30,2026-07-01,1,384567,False,88,9,89
OP-1218,2026-06-20,S-034,2026-06-23,2026-06-23,0,352045,False,90,0,95
OP-1013,2026-06-20,S-032,2026-07-03,2026-07-08,5,306126,True,69,42,86
OP-2354,2026-06-20,S-031,2026-06-29,2026-06-29,0,84613,False,96,0,89
OP-0004,2026-06-20,S-013,2026-06-24,2026-06-24,0,198644,False,96,0,94
OP-2335,2026-06-20,S-021,2026-07-02,2026-07-02,0,275213,False,92,0,94
OP-2749,2026-06-20,S-002,2026-07-03,2026-07-03,0,43782,False,95,0,95
OP-2995,2026-06-20,S-002,2026-07-03,2026-07-04,1,65623,False,92,10,89
OP-2641,2026-06-20,S-027,2026-06-23,2026-06-23,0,60383,False,96,0,96
OP-2663,2026-06-20,S-048,2026-07-03,2026-07-03,0,454101,False,97,0,100
OP-1336,2026-06-20,S-028,2026-06-23,2026-06-23,0,328863,False,95,0,90
OP-1522,2026-06-21,S-013,2026-06-25,2026-06-25,0,369480,False,96,0,96
OP-1926,2026-06-21,S-021,2026-07-03,2026-07-04,1,417908,False,88,9,94
OP-0721,2026-06-21,S-024,2026-07-01,2026-07-01,0,270188,False,97,0,95
OP-1625,2026-06-21,S-025,2026-06-28,2026-06-28,0,225160,False,96,0,94
OP-2262,2026-06-21,S-032,2026-07-04,2026-07-04,0,89209,False,92,0,94
OP-0088,2026-06-21,S-007,2026-06-24,2026-06-26,2,72126,False,82,16,92
OP-1208,2026-06-21,S-036,2026-07-01,2026-07-01,0,235248,False,94,0,94
OP-0857,2026-06-21,S-019,2026-07-01,2026-07-01,0,308344,False,96,0,95
OP-1791,2026-06-21,S-042,2026-07-05,2026-07-06,1,194562,False,88,6,91
OP-2119,2026-06-21,S-029,2026-07-01,2026-07-01,0,350827,False,94,0,93
OP-0740,2026-06-21,S-048,2026-07-04,2026-07-04,0,320223,False,94,0,92
OP-1413,2026-06-21,S-028,2026-06-24,2026-06-25,1,308057,False,91,9,93
OP-2554,2026-06-21,S-003,2026-07-01,2026-07-01,0,351850,False,93,0,92
OP-1488,2026-06-21,S-040,2026-06-26,2026-06-27,1,339197,False,92,8,93
OP-2102,2026-06-21,S-041,2026-06-27,2026-06-27,0,357435,False,97,0,92
OP-0117,2026-06-21,S-027,2026-06-24,2026-06-25,1,288005,False,92,9,95
OP-0053,2026-06-21,S-023,2026-07-03,2026-07-11,8,333931,True,55,67,74
OP-2253,2026-06-21,S-005,2026-06-28,2026-06-30,2,495440,False,82,17,89
OP-0346,2026-06-21,S-045,2026-06-27,2026-06-27,0,275544,False,94,0,100
OP-1749,2026-06-21,S-045,2026-06-27,2026-06-27,0,109213,False,95,0,98
OP-0309,2026-06-21,S-031,2026-06-30,2026-07-07,7,402932,True,57,54,86
OP-1124,2026-06-21,S-028,2026-06-24,2026-06-24,0,328078,False,95,0,94
OP-2049,2026-06-21,S-036,2026-07-01,2026-07-02,1,63236,False,88,9,94
OP-0454,2026-06-21,S-019,2026-07-01,2026-07-01,0,395119,False,95,0,91
OP-2276,2026-06-21,S-019,2026-07-01,2026-07-01,0,341205,False,97,0,94
OP-0458,2026-06-21,S-007,2026-06-24,2026-06-24,0,18956,False,95,0,91
OP-1238,2026-06-21,S-026,2026-07-06,2026-07-15,9,90887,True,48,69,77
OP-2606,2026-06-21,S-024,2026-07-01,2026-07-01,0,140522,False,93,0,91
OP-1289,2026-06-21,S-006,2026-07-03,2026-07-03,0,305612,False,94,0,95
OP-2037,2026-06-21,S-036,2026-07-01,2026-07-01,0,270904,False,95,0,92
OP-1675,2026-06-21,S-036,2026-07-01,2026-07-01,0,165977,False,97,0,96
OP-2982,2026-06-21,S-024,2026-07-01,2026-07-01,0,357276,False,95,0,95
OP-1859,2026-06-21,S-042,2026-07-05,2026-07-05,0,148488,False,96,0,89
OP-0617,2026-06-21,S-031,2026-06-30,2026-06-30,0,164395,False,94,0,97
OP-0417,2026-06-22,S-044,2026-06-26,2026-06-26,0,278159,False,95,0,100
OP-1277,2026-06-22,S-041,2026-06-28,2026-06-28,0,195583,False,97,0,90
OP-2439,2026-06-22,S-006,2026-07-04,2026-07-05,1,419428,False,88,9,88
OP-0785,2026-06-22,S-043,2026-07-01,2026-07-01,0,371014,False,96,0,95
OP-1066,2026-06-22,S-029,2026-07-02,2026-07-03,1,308046,False,88,10,94
OP-1813,2026-06-22,S-023,2026-07-04,2026-07-04,0,371218,False,94,0,96
OP-1433,2026-06-22,S-050,2026-07-06,2026-07-06,0,182404,False,94,0,89
OP-0546,2026-06-22,S-040,2026-06-27,2026-06-27,0,262126,False,95,0,94
OP-2182,2026-06-22,S-019,2026-07-02,2026-07-02,0,213604,False,96,0,98
OP-1929,2026-06-22,S-011,2026-07-07,2026-07-07,0,460664,False,94,0,98
OP-2673,2026-06-22,S-021,2026-07-04,2026-07-04,0,473940,False,92,0,99
OP-0207,2026-06-22,S-021,2026-07-04,2026-07-04,0,475540,False,96,0,94
OP-1034,2026-06-22,S-030,2026-06-29,2026-06-29,0,444397,False,93,0,99
OP-0347,2026-06-22,S-026,2026-07-07,2026-07-07,0,216325,False,93,0,89
OP-1020,2026-06-22,S-019,2026-07-02,2026-07-02,0,47728,False,94,0,99
OP-1951,2026-06-22,S-040,2026-06-27,2026-06-27,0,82414,False,95,0,97
OP-0504,2026-06-22,S-003,2026-07-02,2026-07-02,0,180814,False,96,0,100
OP-1329,2026-06-22,S-040,2026-06-27,2026-06-27,0,72508,False,93,0,99
OP-1720,2026-06-22,S-039,2026-07-04,2026-07-05,1,306562,False,90,9,94
OP-0273,2026-06-22,S-001,2026-07-01,2026-07-01,0,419905,False,93,0,93
OP-0226,2026-06-22,S-022,2026-06-28,2026-06-28,0,270265,False,92,0,89
OP-2397,2026-06-22,S-016,2026-06-30,2026-06-30,0,294171,False,91,0,89
OP-2700,2026-06-22,S-006,2026-07-04,2026-07-04,0,103142,False,95,0,94
OP-1991,2026-06-22,S-042,2026-07-06,2026-07-08,2,431867,False,80,14,92
OP-0577,2026-06-22,S-044,2026-06-26,2026-06-27,1,78696,False,89,6,89
OP-1571,2026-06-22,S-033,2026-06-27,2026-06-28,1,258646,False,87,11,94
OP-0812,2026-06-22,S-050,2026-07-06,2026-07-06,0,298169,False,97,0,92
OP-1565,2026-06-22,S-003,2026-07-02,2026-07-07,5,70472,True,71,39,88
OP-1858,2026-06-22,S-012,2026-07-02,2026-07-02,0,170609,False,94,0,92
OP-1060,2026-06-22,S-034,2026-06-25,2026-06-25,0,463929,False,96,0,94
OP-0521,2026-06-23,S-049,2026-07-06,2026-07-06,0,232011,False,94,0,95
OP-1191,2026-06-23,S-010,2026-06-28,2026-07-02,4,331761,True,74,30,83
OP-2054,2026-06-23,S-049,2026-07-06,2026-07-06,0,140630,False,96,0,98
OP-1253,2026-06-23,S-002,2026-07-06,2026-07-06,0,211369,False,98,0,91
OP-0615,2026-06-23,S-045,2026-06-29,2026-06-29,0,108853,False,96,0,89
OP-2287,2026-06-23,S-024,2026-07-03,2026-07-27,24,173095,True,0,191,50
OP-2192,2026-06-23,S-047,2026-07-05,2026-07-06,1,469984,False,93,9,93
OP-0465,2026-06-23,S-046,2026-06-29,2026-06-29,0,204017,False,95,0,89
OP-1056,2026-06-23,S-045,2026-06-29,2026-07-04,5,344854,True,73,37,85
OP-2179,2026-06-23,S-020,2026-07-03,2026-07-05,2,411673,False,83,17,91
OP-2801,2026-06-23,S-029,2026-07-03,2026-07-03,0,178012,False,93,0,92
OP-2822,2026-06-23,S-019,2026-07-03,2026-07-03,0,12210,False,94,0,99
OP-2702,2026-06-23,S-021,2026-07-05,2026-07-05,0,161342,False,93,0,89
OP-2265,2026-06-23,S-033,2026-06-28,2026-06-28,0,129653,False,93,0,95
OP-0827,2026-06-23,S-038,2026-07-08,2026-07-08,0,68174,False,95,0,93
OP-1830,2026-06-23,S-019,2026-07-03,2026-07-05,2,234228,False,84,14,93
OP-2190,2026-06-23,S-021,2026-07-05,2026-07-05,0,101649,False,97,0,96
OP-0909,2026-06-23,S-002,2026-07-06,2026-07-06,0,69511,False,98,0,100
OP-1803,2026-06-23,S-020,2026-07-03,2026-07-03,0,452391,False,95,0,100
OP-1025,2026-06-23,S-020,2026-07-03,2026-07-05,2,87510,False,82,14,91
OP-0668,2026-06-23,S-005,2026-06-30,2026-07-02,2,217109,False,86,17,91
OP-0654,2026-06-23,S-036,2026-07-03,2026-07-03,0,379660,False,95,0,91
OP-1765,2026-06-23,S-002,2026-07-06,2026-07-06,0,51605,False,96,0,96
OP-2969,2026-06-23,S-009,2026-07-05,2026-07-05,0,227834,False,95,0,99
OP-1751,2026-06-23,S-029,2026-07-03,2026-07-03,0,19225,False,94,0,89
OP-2575,2026-06-23,S-033,2026-06-28,2026-06-28,0,299340,False,95,0,90
OP-0603,2026-06-23,S-015,2026-07-01,2026-07-05,4,286350,True,75,32,92
OP-1737,2026-06-23,S-036,2026-07-03,2026-07-06,3,160810,True,79,28,87
OP-0024,2026-06-24,S-032,2026-07-07,2026-07-10,3,93257,True,78,24,91
OP-1183,2026-06-24,S-014,2026-07-02,2026-07-08,6,224330,True,66,48,78
OP-2283,2026-06-24,S-041,2026-06-30,2026-06-30,0,28700,False,95,0,92
OP-1873,2026-06-24,S-001,2026-07-03,2026-07-03,0,40066,False,93,0,97
OP-1863,2026-06-24,S-031,2026-07-03,2026-07-06,3,296953,True,78,24,91
OP-2788,2026-06-24,S-044,2026-06-28,2026-06-28,0,377058,False,97,0,94
OP-2230,2026-06-24,S-015,2026-07-02,2026-07-03,1,479342,False,88,11,95
OP-2983,2026-06-24,S-006,2026-07-06,2026-07-06,0,62928,False,93,0,97
OP-0158,2026-06-24,S-009,2026-07-06,2026-07-06,0,102611,False,92,0,93
OP-2198,2026-06-24,S-035,2026-07-05,2026-07-05,0,263427,False,91,0,95
OP-2979,2026-06-24,S-033,2026-06-29,2026-06-29,0,26815,False,90,0,93
OP-2231,2026-06-24,S-013,2026-06-28,2026-07-04,6,156370,True,60,51,81
OP-1701,2026-06-24,S-012,2026-07-04,2026-07-04,0,270701,False,95,0,90
OP-1399,2026-06-24,S-010,2026-06-29,2026-06-29,0,130329,False,92,0,98
OP-2257,2026-06-24,S-016,2026-07-02,2026-07-03,1,423328,False,88,8,89
OP-1778,2026-06-24,S-017,2026-07-08,2026-07-08,0,87896,False,97,0,98
OP-0906,2026-06-24,S-002,2026-07-07,2026-07-07,0,48016,False,99,0,97
OP-0065,2026-06-24,S-012,2026-07-04,2026-07-04,0,203878,False,94,0,95
OP-0926,2026-06-24,S-031,2026-07-03,2026-07-03,0,372505,False,93,0,96
OP-2391,2026-06-24,S-017,2026-07-08,2026-07-13,5,255151,True,71,40,84
OP-1453,2026-06-24,S-029,2026-07-04,2026-07-04,0,479766,False,96,0,90
OP-2647,2026-06-24,S-020,2026-07-04,2026-07-04,0,61809,False,94,0,95
OP-0475,2026-06-24,S-047,2026-07-06,2026-07-06,0,57687,False,94,0,91
OP-2346,2026-06-24,S-015,2026-07-02,2026-07-02,0,184941,False,94,0,94
OP-1077,2026-06-24,S-043,2026-07-03,2026-07-03,0,453890,False,94,0,99
OP-1919,2026-06-24,S-039,2026-07-06,2026-07-07,1,472579,False,88,11,89
OP-1985,2026-06-24,S-014,2026-07-02,2026-07-05,3,68922,True,80,22,94
OP-2509,2026-06-24,S-040,2026-06-29,2026-06-29,0,411484,False,96,0,94
OP-1481,2026-06-24,S-020,2026-07-04,2026-07-04,0,30554,False,95,0,91
OP-0084,2026-06-24,S-004,2026-06-29,2026-07-01,2,274762,False,86,18,92
OP-1603,2026-06-24,S-032,2026-07-07,2026-07-18,11,101577,True,44,86,75
OP-1270,2026-06-24,S-006,2026-07-06,2026-07-06,0,440161,False,93,0,96
OP-1473,2026-06-24,S-018,2026-07-03,2026-07-03,0,53978,False,93,0,94
OP-0536,2026-06-24,S-014,2026-07-02,2026-07-02,0,96306,False,95,0,94
OP-2138,2026-06-24,S-010,2026-06-29,2026-06-29,0,440546,False,95,0,100
OP-1392,2026-06-25,S-018,2026-07-04,2026-07-04,0,354768,False,96,0,95
OP-2006,2026-06-25,S-027,2026-06-28,2026-06-28,0,94506,False,98,0,100
OP-2445,2026-06-25,S-008,2026-07-10,2026-08-07,28,347130,True,0,223,50
OP-1466,2026-06-25,S-040,2026-06-30,2026-06-30,0,14531,False,94,0,96
OP-2385,2026-06-25,S-009,2026-07-07,2026-07-07,0,66986,False,96,0,97
OP-0905,2026-06-25,S-014,2026-07-03,2026-07-05,2,61547,False,87,18,86
OP-2046,2026-06-25,S-038,2026-07-10,2026-07-10,0,85398,False,97,0,90
OP-2605,2026-06-25,S-016,2026-07-03,2026-07-03,0,73954,False,94,0,92
OP-2741,2026-06-25,S-032,2026-07-08,2026-07-08,0,82843,False,96,0,95
OP-1100,2026-06-25,S-042,2026-07-09,2026-07-09,0,305262,False,98,0,93
OP-1103,2026-06-25,S-015,2026-07-03,2026-07-03,0,286822,False,94,0,97
OP-1414,2026-06-25,S-012,2026-07-05,2026-07-06,1,331539,False,92,9,92
OP-2513,2026-06-25,S-017,2026-07-09,2026-07-10,1,117914,False,88,14,90
OP-1688,2026-06-25,S-029,2026-07-05,2026-07-06,1,64853,False,89,8,94
OP-2805,2026-06-25,S-035,2026-07-06,2026-07-06,0,262590,False,96,0,96
OP-2704,2026-06-25,S-011,2026-07-10,2026-07-10,0,438731,False,95,0,91
OP-1213,2026-06-25,S-050,2026-07-09,2026-07-09,0,38116,False,97,0,91
OP-0152,2026-06-25,S-002,2026-07-08,2026-07-10,2,265072,False,85,18,92
OP-0089,2026-06-25,S-015,2026-07-03,2026-07-03,0,458657,False,91,0,95
OP-2104,2026-06-25,S-027,2026-06-28,2026-07-03,5,179438,True,70,40,89
OP-1853,2026-06-25,S-014,2026-07-03,2026-07-03,0,57244,False,96,0,93
OP-2197,2026-06-25,S-037,2026-07-03,2026-07-03,0,19886,False,91,0,95
OP-1216,2026-06-25,S-040,2026-06-30,2026-07-01,1,290189,False,86,8,93
OP-1351,2026-06-25,S-045,2026-07-01,2026-07-01,0,360512,False,94,0,98
OP-0523,2026-06-26,S-043,2026-07-05,2026-07-05,0,243533,False,93,0,99
OP-1347,2026-06-26,S-017,2026-07-10,2026-07-12,2,345254,False,88,16,93
OP-2362,2026-06-26,S-048,2026-07-09,2026-07-09,0,65575,False,96,0,95
OP-1405,2026-06-26,S-001,2026-07-05,2026-07-09,4,59199,True,72,35,90
OP-2116,2026-06-26,S-025,2026-07-03,2026-07-03,0,134486,False,96,0,89
OP-0331,2026-06-26,S-028,2026-06-29,2026-06-29,0,320418,False,94,0,97
OP-2225,2026-06-26,S-015,2026-07-04,2026-07-06,2,421198,False,82,15,94
OP-1050,2026-06-26,S-024,2026-07-06,2026-07-07,1,335426,False,89,8,93
OP-0919,2026-06-26,S-048,2026-07-09,2026-07-09,0,209326,False,94,0,95
OP-0408,2026-06-26,S-017,2026-07-10,2026-07-18,8,84641,True,56,65,75
OP-2828,2026-06-26,S-042,2026-07-10,2026-07-10,0,403515,False,95,0,96
OP-0486,2026-06-26,S-025,2026-07-03,2026-07-04,1,105390,False,93,9,89
OP-1789,2026-06-26,S-050,2026-07-10,2026-07-10,0,156381,False,91,0,96
OP-1912,2026-06-26,S-002,2026-07-09,2026-07-09,0,318341,False,90,0,91
OP-0847,2026-06-26,S-048,2026-07-09,2026-07-09,0,288376,False,94,0,92
OP-0657,2026-06-26,S-019,2026-07-06,2026-07-06,0,49366,False,93,0,94
OP-1165,2026-06-26,S-030,2026-07-03,2026-07-04,1,235513,False,89,9,82
OP-1176,2026-06-26,S-049,2026-07-09,2026-07-09,0,497956,False,95,0,90
OP-0496,2026-06-26,S-003,2026-07-06,2026-07-07,1,124322,False,93,12,87
OP-0436,2026-06-26,S-038,2026-07-11,2026-07-11,0,110801,False,92,0,99
OP-0131,2026-06-26,S-002,2026-07-09,2026-07-09,0,155431,False,93,0,96
OP-1197,2026-06-26,S-033,2026-07-01,2026-07-01,0,413723,False,93,0,97
OP-1862,2026-06-26,S-025,2026-07-03,2026-07-03,0,240447,False,92,0,92
OP-1805,2026-06-26,S-019,2026-07-06,2026-07-07,1,403020,False,88,7,93
OP-2451,2026-06-26,S-004,2026-07-01,2026-07-01,0,159022,False,98,0,98
OP-0712,2026-06-26,S-043,2026-07-05,2026-07-06,1,463024,False,88,9,96
OP-0388,2026-06-26,S-016,2026-07-04,2026-07-04,0,431860,False,93,0,89
OP-0299,2026-06-26,S-049,2026-07-09,2026-07-10,1,355670,False,88,7,91
OP-0709,2026-06-26,S-030,2026-07-03,2026-07-03,0,368342,False,96,0,92
OP-0660,2026-06-27,S-024,2026-07-07,2026-07-07,0,304935,False,93,0,99
OP-2939,2026-06-27,S-034,2026-06-30,2026-06-30,0,267145,False,97,0,92
OP-1278,2026-06-27,S-002,2026-07-10,2026-07-10,0,30793,False,97,0,99
OP-2688,2026-06-27,S-032,2026-07-10,2026-07-10,0,489940,False,94,0,97
OP-2069,2026-06-27,S-027,2026-06-30,2026-06-30,0,223625,False,96,0,92
OP-2838,2026-06-27,S-047,2026-07-09,2026-07-09,0,350902,False,98,0,96
OP-2427,2026-06-27,S-034,2026-06-30,2026-07-01,1,226470,False,86,10,92
OP-2916,2026-06-27,S-005,2026-07-04,2026-07-11,7,142585,True,60,53,75
OP-0796,2026-06-27,S-003,2026-07-07,2026-07-10,3,268119,True,77,24,92
OP-1089,2026-06-27,S-030,2026-07-04,2026-07-04,0,350227,False,93,0,91
OP-0282,2026-06-27,S-040,2026-07-02,2026-07-02,0,280734,False,95,0,95
OP-2687,2026-06-27,S-030,2026-07-04,2026-07-08,4,29228,True,74,34,82
OP-1781,2026-06-27,S-007,2026-06-30,2026-06-30,0,273835,False,97,0,94
OP-2613,2026-06-27,S-003,2026-07-07,2026-07-07,0,359988,False,96,0,96
OP-2723,2026-06-27,S-031,2026-07-06,2026-07-06,0,383357,False,94,0,94
OP-2843,2026-06-27,S-023,2026-07-09,2026-07-09,0,253010,False,93,0,99
OP-1304,2026-06-27,S-013,2026-07-01,2026-07-02,1,74325,False,86,11,94
OP-1173,2026-06-27,S-026,2026-07-12,2026-07-12,0,370589,False,98,0,95
OP-1235,2026-06-27,S-050,2026-07-11,2026-07-11,0,68111,False,95,0,90
OP-2636,2026-06-27,S-027,2026-06-30,2026-06-30,0,290400,False,99,0,94
OP-0875,2026-06-27,S-042,2026-07-11,2026-07-11,0,441639,False,93,0,99
OP-2836,2026-06-27,S-048,2026-07-10,2026-07-13,3,53165,True,81,24,89
OP-0189,2026-06-27,S-032,2026-07-10,2026-07-10,0,49653,False,95,0,96
OP-2224,2026-06-27,S-031,2026-07-06,2026-07-06,0,406658,False,95,0,95
OP-0693,2026-06-27,S-009,2026-07-09,2026-07-09,0,35501,False,98,0,97
OP-0229,2026-06-28,S-037,2026-07-06,2026-07-07,1,489693,False,91,6,89
OP-2767,2026-06-28,S-045,2026-07-04,2026-07-04,0,324142,False,96,0,90
OP-2313,2026-06-28,S-037,2026-07-06,2026-07-06,0,338119,False,92,0,91
OP-2319,2026-06-28,S-007,2026-07-01,2026-07-01,0,328643,False,95,0,93
OP-1352,2026-06-28,S-025,2026-07-05,2026-07-06,1,232789,False,90,8,90
OP-0469,2026-06-28,S-002,2026-07-11,2026-07-12,1,157077,False,91,8,94
OP-1641,2026-06-28,S-041,2026-07-04,2026-07-05,1,269313,False,88,5,90
OP-1681,2026-06-28,S-035,2026-07-09,2026-07-10,1,143735,False,87,9,97
OP-0102,2026-06-28,S-032,2026-07-11,2026-07-11,0,130391,False,93,0,92
OP-0957,2026-06-28,S-008,2026-07-13,2026-07-13,0,88937,False,97,0,93
OP-0390,2026-06-28,S-034,2026-07-01,2026-07-01,0,291416,False,97,0,90
OP-1953,2026-06-28,S-040,2026-07-03,2026-07-03,0,315244,False,93,0,97
OP-0842,2026-06-28,S-036,2026-07-08,2026-07-08,0,222401,False,95,0,99
OP-1199,2026-06-28,S-049,2026-07-11,2026-07-16,5,284426,True,71,42,81
OP-1537,2026-06-28,S-030,2026-07-05,2026-07-05,0,310812,False,98,0,95
OP-2053,2026-06-28,S-015,2026-07-06,2026-07-17,11,118169,True,41,88,74
OP-2390,2026-06-28,S-047,2026-07-10,2026-07-10,0,377673,False,92,0,92
OP-2567,2026-06-28,S-002,2026-07-11,2026-07-11,0,136349,False,96,0,90
OP-0318,2026-06-28,S-033,2026-07-03,2026-07-09,6,356210,True,66,52,85
OP-1579,2026-06-28,S-031,2026-07-07,2026-07-07,0,313089,False,97,0,94
OP-1746,2026-06-28,S-019,2026-07-08,2026-07-09,1,259039,False,89,6,92
OP-2347,2026-06-28,S-045,2026-07-04,2026-07-04,0,485907,False,95,0,91
OP-1968,2026-06-28,S-035,2026-07-09,2026-07-09,0,268569,False,96,0,94
OP-0256,2026-06-28,S-048,2026-07-11,2026-07-11,0,496423,False,96,0,95
OP-2145,2026-06-28,S-032,2026-07-11,2026-07-12,1,300149,False,85,9,93
OP-1995,2026-06-29,S-002,2026-07-12,2026-07-12,0,307961,False,96,0,93
OP-0562,2026-06-29,S-009,2026-07-11,2026-07-11,0,80718,False,93,0,95
OP-1495,2026-06-29,S-046,2026-07-05,2026-07-06,1,380631,False,88,8,92
OP-2661,2026-06-29,S-050,2026-07-13,2026-07-13,0,50852,False,93,0,92
OP-2286,2026-06-29,S-008,2026-07-14,2026-07-15,1,74000,False,91,8,97
OP-2544,2026-06-29,S-027,2026-07-02,2026-07-02,0,190106,False,95,0,92
OP-1018,2026-06-29,S-021,2026-07-11,2026-07-11,0,452766,False,98,0,93
OP-2758,2026-06-29,S-001,2026-07-08,2026-07-08,0,25841,False,96,0,93
OP-1651,2026-06-29,S-045,2026-07-05,2026-07-05,0,334569,False,94,0,96
OP-0277,2026-06-29,S-005,2026-07-06,2026-07-15,9,100681,True,47,72,72
OP-2635,2026-06-29,S-046,2026-07-05,2026-07-05,0,344261,False,93,0,98
OP-1497,2026-06-29,S-018,2026-07-08,2026-07-08,0,452453,False,96,0,95
OP-0170,2026-06-29,S-028,2026-07-02,2026-07-03,1,147875,False,91,8,97
OP-1511,2026-06-29,S-020,2026-07-09,2026-07-10,1,333005,False,90,10,96
OP-1313,2026-06-29,S-017,2026-07-13,2026-07-16,3,251023,True,77,24,94
OP-1634,2026-06-29,S-014,2026-07-07,2026-07-07,0,273592,False,96,0,92
OP-0494,2026-06-29,S-013,2026-07-03,2026-07-13,10,162184,True,41,79,77
OP-0029,2026-06-29,S-006,2026-07-11,2026-07-11,0,414995,False,97,0,98
OP-2364,2026-06-29,S-001,2026-07-08,2026-07-08,0,367282,False,96,0,95
OP-2881,2026-06-29,S-012,2026-07-09,2026-07-10,1,127740,False,91,8,95
OP-2136,2026-06-29,S-017,2026-07-13,2026-07-13,0,415012,False,92,0,94
OP-0621,2026-06-29,S-030,2026-07-06,2026-07-06,0,419612,False,95,0,92
OP-1779,2026-06-30,S-044,2026-07-04,2026-07-04,0,269712,False,94,0,96
OP-2875,2026-06-30,S-038,2026-07-15,2026-07-15,0,41103,False,96,0,93
OP-2885,2026-06-30,S-024,2026-07-10,2026-07-14,4,305434,True,77,32,85
OP-2901,2026-06-30,S-031,2026-07-09,2026-07-09,0,447157,False,96,0,91
OP-1742,2026-06-30,S-019,2026-07-10,2026-07-11,1,401794,False,91,12,87
OP-0839,2026-06-30,S-044,2026-07-04,2026-07-09,5,432203,True,67,41,84
OP-1931,2026-06-30,S-044,2026-07-04,2026-07-04,0,372159,False,95,0,97
OP-0710,2026-06-30,S-028,2026-07-03,2026-07-04,1,129497,False,90,4,88
OP-2462,2026-06-30,S-035,2026-07-11,2026-07-11,0,468758,False,92,0,89
OP-1509,2026-06-30,S-048,2026-07-13,2026-07-18,5,365871,True,67,41,85
OP-0841,2026-06-30,S-004,2026-07-05,2026-07-05,0,369538,False,94,0,96
OP-2535,2026-06-30,S-002,2026-07-13,2026-07-13,0,131576,False,94,0,99
OP-0312,2026-06-30,S-035,2026-07-11,2026-07-11,0,456381,False,95,0,95
OP-1551,2026-06-30,S-017,2026-07-14,2026-07-16,2,314126,False,83,17,87
OP-0656,2026-06-30,S-032,2026-07-13,2026-07-13,0,173760,False,93,0,95
OP-0495,2026-06-30,S-029,2026-07-10,2026-07-10,0,148773,False,94,0,95
OP-0964,2026-06-30,S-050,2026-07-14,2026-07-22,8,143445,True,52,62,77
OP-1975,2026-06-30,S-016,2026-07-08,2026-07-08,0,440055,False,94,0,91
OP-0111,2026-06-30,S-031,2026-07-09,2026-07-09,0,455466,False,98,0,94
OP-0605,2026-06-30,S-029,2026-07-10,2026-07-10,0,293198,False,95,0,95
OP-1615,2026-06-30,S-016,2026-07-08,2026-07-08,0,105535,False,96,0,94
OP-1872,2026-06-30,S-016,2026-07-08,2026-07-09,1,458002,False,87,8,90
OP-1339,2026-06-30,S-024,2026-07-10,2026-07-10,0,313345,False,94,0,92
OP-1639,2026-06-30,S-025,2026-07-07,2026-07-07,0,155891,False,92,0,99
OP-1444,2026-06-30,S-028,2026-07-03,2026-07-07,4,120452,True,70,31,86
OP-0473,2026-07-01,S-046,2026-07-07,2026-07-07,0,483941,False,95,0,98
OP-1783,2026-07-01,S-014,2026-07-09,2026-07-11,2,340757,False,85,17,90
OP-2001,2026-07-01,S-018,2026-07-10,2026-07-10,0,251217,False,95,0,94
OP-1923,2026-07-01,S-032,2026-07-14,2026-07-14,0,109510,False,93,0,96
OP-1448,2026-07-01,S-031,2026-07-10,2026-07-10,0,494794,False,94,0,88
OP-1653,2026-07-01,S-001,2026-07-10,2026-07-17,7,142479,True,57,56,81
OP-1404,2026-07-01,S-025,2026-07-08,2026-07-08,0,23958,False,95,0,93
OP-1857,2026-07-01,S-045,2026-07-07,2026-07-07,0,324641,False,96,0,91
OP-0387,2026-07-01,S-036,2026-07-11,2026-07-11,0,456535,False,98,0,99
OP-1750,2026-07-01,S-045,2026-07-07,2026-07-08,1,492478,False,85,8,90
OP-0491,2026-07-01,S-036,2026-07-11,2026-07-11,0,97184,False,92,0,94
OP-1986,2026-07-01,S-005,2026-07-08,2026-07-08,0,216375,False,96,0,91
OP-1500,2026-07-01,S-022,2026-07-07,2026-07-07,0,365592,False,93,0,92
OP-1340,2026-07-01,S-009,2026-07-13,2026-07-13,0,26306,False,98,0,96
OP-2481,2026-07-01,S-016,2026-07-09,2026-07-09,0,369846,False,98,0,97
OP-0730,2026-07-01,S-025,2026-07-08,2026-07-09,1,365614,False,94,8,94
OP-0046,2026-07-01,S-023,2026-07-13,2026-07-13,0,195915,False,95,0,89
OP-0181,2026-07-01,S-018,2026-07-10,2026-07-15,5,496677,True,68,43,84
OP-1203,2026-07-01,S-012,2026-07-11,2026-07-11,0,54872,False,93,0,95
OP-1309,2026-07-01,S-031,2026-07-10,2026-07-10,0,215130,False,93,0,93
OP-0854,2026-07-01,S-032,2026-07-14,2026-07-15,1,441398,False,91,11,96
OP-1134,2026-07-01,S-034,2026-07-04,2026-07-04,0,122156,False,96,0,93
OP-1257,2026-07-01,S-021,2026-07-13,2026-07-13,0,474325,False,92,0,95
OP-2424,2026-07-01,S-014,2026-07-09,2026-07-09,0,402327,False,93,0,100
OP-2714,2026-07-01,S-019,2026-07-11,2026-07-11,0,212216,False,94,0,90
OP-0037,2026-07-01,S-024,2026-07-11,2026-07-12,1,37084,False,91,8,91
OP-2860,2026-07-01,S-016,2026-07-09,2026-07-10,1,220957,False,89,7,95
OP-2447,2026-07-01,S-036,2026-07-11,2026-07-11,0,331421,False,95,0,92
OP-0568,2026-07-01,S-006,2026-07-13,2026-07-13,0,345623,False,95,0,95
OP-2803,2026-07-01,S-007,2026-07-04,2026-07-08,4,390838,True,73,32,87
OP-0039,2026-07-02,S-018,2026-07-11,2026-07-11,0,414484,False,94,0,87
OP-1116,2026-07-02,S-017,2026-07-16,2026-07-16,0,217828,False,94,0,94
OP-0450,2026-07-02,S-044,2026-07-06,2026-07-06,0,34278,False,93,0,97
OP-0759,2026-07-02,S-007,2026-07-05,2026-07-19,14,201385,True,28,109,67
OP-2652,2026-07-02,S-022,2026-07-08,2026-07-08,0,77672,False,97,0,96
OP-2384,2026-07-02,S-050,2026-07-16,2026-07-16,0,30225,False,96,0,91
OP-1294,2026-07-02,S-049,2026-07-15,2026-07-16,1,22580,False,87,9,92
OP-0079,2026-07-02,S-026,2026-07-17,2026-07-17,0,131328,False,93,0,100
OP-1893,2026-07-02,S-043,2026-07-11,2026-07-11,0,329176,False,88,0,96
OP-0177,2026-07-02,S-029,2026-07-12,2026-07-15,3,463542,True,79,23,93
OP-0840,2026-07-02,S-017,2026-07-16,2026-07-21,5,494682,True,70,41,82
OP-0163,2026-07-02,S-029,2026-07-12,2026-07-12,0,372691,False,95,0,100
OP-2708,2026-07-02,S-025,2026-07-09,2026-07-09,0,232386,False,92,0,93
OP-0193,2026-07-02,S-011,2026-07-17,2026-07-17,0,33537,False,95,0,93
OP-1244,2026-07-02,S-029,2026-07-12,2026-07-12,0,296698,False,94,0,99
OP-0682,2026-07-02,S-039,2026-07-14,2026-07-14,0,469153,False,96,0,92
OP-2505,2026-07-02,S-019,2026-07-12,2026-07-13,1,53813,False,91,8,90
OP-2553,2026-07-02,S-007,2026-07-05,2026-07-07,2,205817,False,84,16,90
OP-0564,2026-07-02,S-015,2026-07-10,2026-07-10,0,165000,False,95,0,91
OP-0576,2026-07-02,S-018,2026-07-11,2026-07-11,0,353802,False,98,0,89
OP-0869,2026-07-02,S-049,2026-07-15,2026-07-16,1,122390,False,95,8,94
OP-2968,2026-07-02,S-006,2026-07-14,2026-07-14,0,360964,False,98,0,95
OP-2005,2026-07-02,S-041,2026-07-08,2026-07-08,0,345569,False,96,0,99
OP-1724,2026-07-02,S-046,2026-07-08,2026-07-08,0,490264,False,92,0,97
OP-0316,2026-07-02,S-025,2026-07-09,2026-07-09,0,77440,False,93,0,90
OP-2900,2026-07-02,S-031,2026-07-11,2026-07-11,0,205516,False,94,0,92
OP-2879,2026-07-02,S-043,2026-07-11,2026-07-11,0,62403,False,98,0,93
OP-1693,2026-07-03,S-025,2026-07-10,2026-07-10,0,292823,False,89,0,94
OP-1296,2026-07-03,S-002,2026-07-16,2026-07-16,0,174413,False,95,0,91
OP-2962,2026-07-03,S-049,2026-07-16,2026-07-16,0,177825,False,96,0,93
OP-2963,2026-07-03,S-028,2026-07-06,2026-07-06,0,211740,False,94,0,96
OP-0516,2026-07-03,S-016,2026-07-11,2026-07-11,0,44143,False,93,0,89
OP-2550,2026-07-03,S-032,2026-07-16,2026-07-16,0,83411,False,92,0,91
OP-2401,2026-07-03,S-016,2026-07-11,2026-07-11,0,486779,False,93,0,94
OP-1219,2026-07-03,S-036,2026-07-13,2026-07-17,4,360682,True,72,32,82
OP-0851,2026-07-03,S-044,2026-07-07,2026-07-08,1,252889,False,89,8,92
OP-1910,2026-07-03,S-003,2026-07-13,2026-07-13,0,185398,False,93,0,93
OP-0241,2026-07-03,S-003,2026-07-13,2026-07-13,0,435549,False,96,0,93
OP-1761,2026-07-03,S-024,2026-07-13,2026-07-13,0,205389,False,94,0,92
OP-2213,2026-07-03,S-014,2026-07-11,2026-07-11,0,158925,False,94,0,96
OP-1582,2026-07-03,S-021,2026-07-15,2026-07-15,0,272676,False,94,0,92
OP-0185,2026-07-03,S-049,2026-07-16,2026-07-16,0,82185,False,93,0,92
OP-2168,2026-07-03,S-043,2026-07-12,2026-07-12,0,54768,False,94,0,91
OP-2131,2026-07-03,S-028,2026-07-06,2026-07-06,0,232637,False,96,0,92
OP-2052,2026-07-03,S-016,2026-07-11,2026-07-11,0,42912,False,97,0,91
OP-1998,2026-07-03,S-041,2026-07-09,2026-07-09,0,401019,False,91,0,95
OP-2568,2026-07-03,S-018,2026-07-12,2026-07-12,0,60566,False,93,0,100
OP-2646,2026-07-03,S-023,2026-07-15,2026-07-15,0,339837,False,93,0,93
OP-0096,2026-07-03,S-044,2026-07-07,2026-07-07,0,173925,False,94,0,91
OP-1949,2026-07-03,S-009,2026-07-15,2026-07-15,0,171262,False,93,0,88
OP-0067,2026-07-03,S-015,2026-07-11,2026-07-11,0,12450,False,95,0,95
OP-0380,2026-07-03,S-016,2026-07-11,2026-07-16,5,107056,True,71,42,89
OP-2142,2026-07-03,S-003,2026-07-13,2026-07-24,11,425105,True,36,89,70
OP-0338,2026-07-03,S-048,2026-07-16,2026-07-16,0,344113,False,93,0,93
OP-0151,2026-07-03,S-046,2026-07-09,2026-07-09,0,420440,False,95,0,99
OP-0470,2026-07-04,S-003,2026-07-14,2026-07-15,1,481530,False,89,7,95
OP-2616,2026-07-04,S-003,2026-07-14,2026-07-14,0,258717,False,93,0,92
OP-2548,2026-07-04,S-045,2026-07-10,2026-07-10,0,393925,False,94,0,95
OP-1128,2026-07-04,S-032,2026-07-17,2026-07-17,0,419175,False,97,0,94
OP-2237,2026-07-04,S-028,2026-07-07,2026-07-07,0,158284,False,90,0,100
OP-2547,2026-07-04,S-042,2026-07-18,2026-07-18,0,401223,False,95,0,94
OP-2689,2026-07-04,S-029,2026-07-14,2026-07-14,0,128493,False,95,0,94
OP-0128,2026-07-04,S-043,2026-07-13,2026-07-13,0,226325,False,91,0,94
OP-1928,2026-07-04,S-004,2026-07-09,2026-07-09,0,442754,False,94,0,99
OP-2076,2026-07-04,S-014,2026-07-12,2026-07-12,0,345251,False,96,0,96
OP-2682,2026-07-04,S-005,2026-07-11,2026-07-11,0,210817,False,92,0,96
OP-2480,2026-07-04,S-046,2026-07-10,2026-07-10,0,400048,False,93,0,91
OP-1933,2026-07-04,S-049,2026-07-17,2026-07-17,0,23839,False,94,0,96
OP-1163,2026-07-04,S-040,2026-07-09,2026-07-09,0,326733,False,92,0,94
OP-1606,2026-07-04,S-014,2026-07-12,2026-07-13,1,68288,False,92,9,95
OP-0674,2026-07-04,S-039,2026-07-16,2026-07-16,0,490063,False,93,0,93
OP-0798,2026-07-04,S-001,2026-07-13,2026-07-13,0,226509,False,97,0,94
OP-0149,2026-07-04,S-044,2026-07-08,2026-07-08,0,30402,False,93,0,95
OP-0077,2026-07-04,S-023,2026-07-16,2026-07-16,0,326997,False,95,0,98
OP-1822,2026-07-04,S-023,2026-07-16,2026-07-16,0,72689,False,94,0,94
OP-0210,2026-07-04,S-028,2026-07-07,2026-07-07,0,87300,False,98,0,95
OP-1712,2026-07-04,S-045,2026-07-10,2026-07-10,0,153181,False,99,0,91
OP-2177,2026-07-04,S-032,2026-07-17,2026-07-18,1,274248,False,87,8,91
OP-1710,2026-07-04,S-041,2026-07-10,2026-07-10,0,354318,False,97,0,96
OP-0216,2026-07-04,S-039,2026-07-16,2026-07-16,0,157662,False,96,0,98
OP-1440,2026-07-04,S-048,2026-07-17,2026-07-17,0,54028,False,94,0,94
OP-0168,2026-07-04,S-005,2026-07-11,2026-07-11,0,315081,False,94,0,94
OP-0742,2026-07-04,S-036,2026-07-14,2026-07-22,8,444363,True,55,64,82
OP-2163,2026-07-04,S-035,2026-07-15,2026-07-16,1,220097,False,88,9,90
OP-1684,2026-07-04,S-044,2026-07-08,2026-07-08,0,49378,False,97,0,96
OP-1792,2026-07-04,S-039,2026-07-16,2026-07-16,0,466103,False,95,0,95
OP-2355,2026-07-04,S-033,2026-07-09,2026-07-09,0,325933,False,92,0,97
OP-0200,2026-07-04,S-009,2026-07-16,2026-07-16,0,360770,False,96,0,97
OP-0214,2026-07-04,S-010,2026-07-09,2026-07-09,0,262811,False,95,0,94
OP-0989,2026-07-04,S-038,2026-07-19,2026-07-19,0,345478,False,92,0,97
OP-0863,2026-07-04,S-008,2026-07-19,2026-07-19,0,497229,False,95,0,92
OP-2375,2026-07-04,S-009,2026-07-16,2026-07-16,0,85734,False,97,0,98
OP-2784,2026-07-04,S-048,2026-07-17,2026-07-23,6,53428,True,67,48,84
OP-0382,2026-07-04,S-005,2026-07-11,2026-07-14,3,386266,True,79,25,90
OP-1664,2026-07-04,S-003,2026-07-14,2026-07-14,0,421107,False,94,0,90
OP-2941,2026-07-04,S-032,2026-07-17,2026-07-17,0,276963,False,95,0,95
OP-2740,2026-07-04,S-004,2026-07-09,2026-07-18,9,214508,True,45,72,70
OP-0011,2026-07-04,S-037,2026-07-12,2026-07-12,0,429772,False,97,0,99
OP-2766,2026-07-04,S-032,2026-07-17,2026-07-17,0,249365,False,94,0,94
OP-1480,2026-07-04,S-002,2026-07-17,2026-07-17,0,220426,False,96,0,90
OP-2120,2026-07-04,S-021,2026-07-16,2026-07-16,0,234807,False,94,0,93
OP-1395,2026-07-04,S-007,2026-07-07,2026-07-07,0,21243,False,90,0,93
OP-0319,2026-07-05,S-010,2026-07-10,2026-07-10,0,473342,False,95,0,94
OP-0797,2026-07-05,S-003,2026-07-15,2026-07-16,1,341079,False,90,8,89
OP-2919,2026-07-05,S-022,2026-07-11,2026-07-11,0,42972,False,93,0,90
OP-2951,2026-07-05,S-012,2026-07-15,2026-07-15,0,13729,False,96,0,97
OP-2014,2026-07-05,S-005,2026-07-12,2026-07-12,0,391215,False,96,0,97
OP-1770,2026-07-05,S-030,2026-07-12,2026-07-28,16,367775,True,12,127,58
OP-2596,2026-07-05,S-017,2026-07-19,2026-07-19,0,309498,False,98,0,100
OP-1053,2026-07-05,S-037,2026-07-13,2026-07-14,1,386463,False,89,7,94
OP-1583,2026-07-05,S-001,2026-07-14,2026-07-15,1,473140,False,88,7,94
OP-0403,2026-07-05,S-017,2026-07-19,2026-07-20,1,87335,False,90,11,91
OP-1126,2026-07-05,S-004,2026-07-10,2026-07-12,2,398425,False,87,15,86
OP-0972,2026-07-05,S-046,2026-07-11,2026-07-11,0,123171,False,94,0,91
OP-1848,2026-07-05,S-016,2026-07-13,2026-07-13,0,175658,False,95,0,95
OP-1108,2026-07-05,S-009,2026-07-17,2026-07-17,0,387242,False,92,0,95
OP-0999,2026-07-05,S-024,2026-07-15,2026-07-15,0,29206,False,95,0,92
OP-0794,2026-07-05,S-036,2026-07-15,2026-07-15,0,434753,False,97,0,94
OP-2659,2026-07-05,S-015,2026-07-13,2026-07-31,18,91175,True,1,143,58
OP-0453,2026-07-05,S-005,2026-07-12,2026-07-13,1,127278,False,87,9,90
OP-2776,2026-07-05,S-028,2026-07-08,2026-07-08,0,103467,False,95,0,98
OP-1085,2026-07-05,S-033,2026-07-10,2026-07-11,1,360056,False,87,8,92
OP-1879,2026-07-05,S-040,2026-07-10,2026-07-15,5,464493,True,72,43,81
OP-0908,2026-07-05,S-004,2026-07-10,2026-07-10,0,125802,False,96,0,91
OP-2039,2026-07-05,S-040,2026-07-10,2026-07-10,0,313893,False,96,0,93
OP-0422,2026-07-05,S-029,2026-07-15,2026-07-15,0,134984,False,97,0,98
OP-1234,2026-07-05,S-018,2026-07-14,2026-07-16,2,137727,False,88,16,91
OP-0280,2026-07-05,S-031,2026-07-14,2026-07-14,0,331596,False,95,0,97
OP-1487,2026-07-05,S-002,2026-07-18,2026-07-23,5,379539,True,69,39,88
OP-0284,2026-07-05,S-043,2026-07-14,2026-07-14,0,441704,False,96,0,94
OP-0815,2026-07-05,S-043,2026-07-14,2026-07-14,0,399682,False,95,0,96
OP-1248,2026-07-05,S-026,2026-07-20,2026-07-23,3,446727,True,80,23,86
OP-1345,2026-07-05,S-050,2026-07-19,2026-07-19,0,118493,False,92,0,88
OP-0505,2026-07-05,S-027,2026-07-08,2026-07-08,0,380952,False,96,0,92
OP-2528,2026-07-05,S-003,2026-07-15,2026-07-17,2,71252,False,85,19,95
OP-2388,2026-07-05,S-046,2026-07-11,2026-07-11,0,204134,False,93,0,90
OP-0251,2026-07-05,S-028,2026-07-08,2026-07-08,0,251106,False,93,0,86
OP-1380,2026-07-05,S-010,2026-07-10,2026-07-10,0,104647,False,91,0,97
OP-1196,2026-07-06,S-030,2026-07-13,2026-07-13,0,402205,False,93,0,97
OP-2690,2026-07-06,S-015,2026-07-14,2026-07-14,0,139169,False,93,0,95
OP-2078,2026-07-06,S-046,2026-07-12,2026-07-13,1,77755,False,86,7,93
OP-2608,2026-07-06,S-005,2026-07-13,2026-07-22,9,149196,True,49,72,72
OP-0520,2026-07-06,S-009,2026-07-18,2026-07-18,0,409131,False,93,0,96
OP-2506,2026-07-06,S-015,2026-07-14,2026-07-15,1,343404,False,91,8,86
OP-2320,2026-07-06,S-018,2026-07-15,2026-07-15,0,166225,False,90,0,94
OP-0723,2026-07-06,S-047,2026-07-18,2026-07-19,1,468363,False,91,8,92
OP-0290,2026-07-06,S-027,2026-07-09,2026-07-10,1,243012,False,88,5,94
OP-2061,2026-07-06,S-024,2026-07-16,2026-07-16,0,247446,False,96,0,95
OP-2158,2026-07-06,S-035,2026-07-17,2026-07-18,1,229658,False,87,6,89
OP-1596,2026-07-06,S-028,2026-07-09,2026-07-09,0,179143,False,96,0,94
OP-1575,2026-07-06,S-004,2026-07-11,2026-07-13,2,126781,False,83,16,90
OP-2350,2026-07-06,S-043,2026-07-15,2026-07-15,0,277253,False,95,0,93
OP-2747,2026-07-06,S-036,2026-07-16,2026-07-16,0,416902,False,97,0,89
OP-2795,2026-07-06,S-034,2026-07-09,2026-07-09,0,158824,False,93,0,93
OP-2954,2026-07-06,S-018,2026-07-15,2026-07-15,0,379381,False,96,0,94
OP-0383,2026-07-06,S-050,2026-07-20,2026-07-20,0,132338,False,97,0,91
OP-2271,2026-07-06,S-026,2026-07-21,2026-07-30,9,211625,True,53,74,82
OP-2199,2026-07-06,S-025,2026-07-13,2026-07-13,0,427098,False,97,0,99
OP-0404,2026-07-06,S-008,2026-07-21,2026-07-23,2,219854,False,81,16,95
OP-0775,2026-07-06,S-017,2026-07-20,2026-07-20,0,325966,False,95,0,96
OP-2617,2026-07-06,S-037,2026-07-14,2026-07-15,1,489264,False,91,8,91
OP-1193,2026-07-06,S-049,2026-07-19,2026-07-19,0,489887,False,93,0,94
OP-0003,2026-07-07,S-037,2026-07-15,2026-07-16,1,154232,False,90,12,96
OP-0396,2026-07-07,S-049,2026-07-20,2026-07-20,0,212742,False,95,0,95
OP-0622,2026-07-07,S-023,2026-07-19,2026-07-20,1,78513,False,88,8,90
OP-1092,2026-07-07,S-024,2026-07-17,2026-07-17,0,26856,False,95,0,93
OP-1251,2026-07-07,S-031,2026-07-16,2026-07-16,0,238166,False,94,0,99
OP-0810,2026-07-07,S-042,2026-07-21,2026-07-21,0,269097,False,96,0,87
OP-0967,2026-07-07,S-010,2026-07-12,2026-07-13,1,358152,False,90,7,98
OP-0959,2026-07-07,S-017,2026-07-21,2026-07-21,0,294246,False,94,0,93
OP-2340,2026-07-07,S-024,2026-07-17,2026-07-18,1,438592,False,88,11,97
OP-1179,2026-07-07,S-047,2026-07-19,2026-07-20,1,229611,False,87,8,98
OP-0063,2026-07-07,S-047,2026-07-19,2026-07-19,0,129087,False,95,0,98
OP-1051,2026-07-07,S-043,2026-07-16,2026-07-16,0,95980,False,94,0,93
OP-1643,2026-07-07,S-013,2026-07-11,2026-07-11,0,205404,False,93,0,87
OP-2754,2026-07-07,S-023,2026-07-19,2026-07-20,1,394744,False,87,10,95
OP-2756,2026-07-07,S-022,2026-07-13,2026-07-13,0,402754,False,89,0,95
OP-0699,2026-07-07,S-030,2026-07-14,2026-07-23,9,152866,True,53,73,76
OP-1460,2026-07-07,S-033,2026-07-12,2026-07-13,1,124785,False,93,12,92
OP-2774,2026-07-07,S-009,2026-07-19,2026-07-19,0,279953,False,96,0,93
OP-0607,2026-07-07,S-023,2026-07-19,2026-07-21,2,32994,False,84,15,90
OP-2783,2026-07-07,S-028,2026-07-10,2026-07-10,0,149587,False,95,0,96
OP-1692,2026-07-07,S-019,2026-07-17,2026-07-17,0,484487,False,95,0,97
OP-0808,2026-07-07,S-024,2026-07-17,2026-07-18,1,366698,False,86,9,98
OP-1129,2026-07-07,S-044,2026-07-11,2026-07-11,0,65991,False,94,0,99
OP-2067,2026-07-07,S-007,2026-07-10,2026-07-10,0,187592,False,97,0,97
OP-0005,2026-07-07,S-028,2026-07-10,2026-07-10,0,271960,False,96,0,95
OP-2920,2026-07-07,S-006,2026-07-19,2026-07-19,0,18328,False,97,0,99
OP-2908,2026-07-07,S-033,2026-07-12,2026-07-16,4,228074,True,78,32,85
OP-0150,2026-07-07,S-026,2026-07-22,2026-07-23,1,281089,False,91,9,90
OP-2925,2026-07-07,S-004,2026-07-12,2026-07-14,2,138374,False,88,12,85
OP-0836,2026-07-07,S-039,2026-07-19,2026-07-19,0,182747,False,97,0,97
OP-0735,2026-07-07,S-031,2026-07-16,2026-07-16,0,230977,False,96,0,100
OP-0141,2026-07-07,S-044,2026-07-11,2026-07-25,14,38513,True,25,113,65
OP-2281,2026-07-07,S-023,2026-07-19,2026-07-19,0,148060,False,90,0,98
OP-0339,2026-07-07,S-036,2026-07-17,2026-07-21,4,100573,True,75,31,86
OP-2288,2026-07-07,S-031,2026-07-16,2026-07-16,0,237503,False,92,0,96
OP-2891,2026-07-07,S-035,2026-07-18,2026-07-18,0,40482,False,98,0,94
OP-2057,2026-07-07,S-032,2026-07-20,2026-07-20,0,327787,False,95,0,95
OP-1772,2026-07-07,S-014,2026-07-15,2026-07-15,0,281114,False,94,0,94
OP-0156,2026-07-07,S-028,2026-07-10,2026-07-10,0,354681,False,95,0,96
OP-2010,2026-07-08,S-038,2026-07-23,2026-07-23,0,237442,False,93,0,99
OP-2959,2026-07-08,S-003,2026-07-18,2026-07-31,13,66361,True,25,104,67
OP-0817,2026-07-08,S-036,2026-07-18,2026-07-20,2,186603,False,85,16,92
OP-2026,2026-07-08,S-050,2026-07-22,2026-07-22,0,171119,False,95,0,91
OP-2146,2026-07-08,S-048,2026-07-21,2026-07-21,0,451031,False,95,0,88
OP-1471,2026-07-08,S-025,2026-07-15,2026-07-15,0,209253,False,97,0,96
OP-2725,2026-07-08,S-003,2026-07-18,2026-07-18,0,58290,False,96,0,95
OP-1415,2026-07-08,S-026,2026-07-23,2026-07-29,6,402104,True,64,48,83
OP-2722,2026-07-08,S-049,2026-07-21,2026-07-21,0,466661,False,97,0,94
OP-2153,2026-07-08,S-037,2026-07-16,2026-07-17,1,351169,False,92,8,89
OP-0844,2026-07-08,S-025,2026-07-15,2026-07-16,1,477724,False,89,6,95
OP-1554,2026-07-08,S-043,2026-07-17,2026-07-17,0,387360,False,97,0,92
OP-2073,2026-07-08,S-021,2026-07-20,2026-07-20,0,30379,False,93,0,92
OP-2530,2026-07-08,S-043,2026-07-17,2026-07-18,1,23309,False,89,6,90
OP-1612,2026-07-08,S-003,2026-07-18,2026-07-18,0,31512,False,97,0,97
OP-0405,2026-07-08,S-043,2026-07-17,2026-07-17,0,186319,False,92,0,92
OP-2866,2026-07-08,S-049,2026-07-21,2026-07-25,4,23309,True,76,32,88
OP-0938,2026-07-08,S-004,2026-07-13,2026-07-21,8,466008,True,51,68,76
OP-0438,2026-07-08,S-020,2026-07-18,2026-07-18,0,100855,False,95,0,98
OP-1113,2026-07-08,S-034,2026-07-11,2026-07-12,1,201044,False,93,6,92
OP-1974,2026-07-08,S-040,2026-07-13,2026-07-13,0,120394,False,95,0,96
OP-2913,2026-07-08,S-025,2026-07-15,2026-07-15,0,329818,False,94,0,95
OP-2693,2026-07-08,S-036,2026-07-18,2026-08-10,23,245265,True,0,180,50
OP-0215,2026-07-08,S-023,2026-07-20,2026-07-20,0,242569,False,97,0,98
OP-1119,2026-07-08,S-026,2026-07-23,2026-07-31,8,65315,True,52,68,80
OP-0590,2026-07-08,S-017,2026-07-22,2026-07-22,0,424424,False,94,0,93
OP-0161,2026-07-08,S-002,2026-07-21,2026-07-21,0,19688,False,94,0,94
OP-0681,2026-07-08,S-009,2026-07-20,2026-07-21,1,60599,False,86,8,92
OP-2998,2026-07-08,S-038,2026-07-23,2026-07-24,1,435706,False,86,8,91
OP-1355,2026-07-09,S-039,2026-07-21,2026-07-21,0,336225,False,93,0,93
OP-0924,2026-07-09,S-044,2026-07-13,2026-07-14,1,91268,False,88,8,94
OP-0732,2026-07-09,S-040,2026-07-14,2026-07-14,0,125956,False,93,0,97
OP-1666,2026-07-09,S-034,2026-07-12,2026-07-12,0,136219,False,97,0,97
OP-1335,2026-07-09,S-033,2026-07-14,2026-07-14,0,340805,False,97,0,100
OP-2348,2026-07-09,S-041,2026-07-15,2026-07-15,0,86934,False,98,0,95
OP-0706,2026-07-09,S-003,2026-07-19,2026-07-19,0,244827,False,93,0,87
OP-0708,2026-07-09,S-045,2026-07-15,2026-07-15,0,277213,False,97,0,100
OP-0949,2026-07-09,S-041,2026-07-15,2026-07-15,0,453386,False,96,0,93
OP-2187,2026-07-09,S-043,2026-07-18,2026-07-18,0,48273,False,97,0,95
OP-0599,2026-07-09,S-009,2026-07-21,2026-07-21,0,377298,False,91,0,95
OP-0553,2026-07-09,S-030,2026-07-16,2026-07-16,0,357648,False,94,0,94
OP-0030,2026-07-09,S-042,2026-07-23,2026-07-23,0,288249,False,94,0,96
OP-2549,2026-07-09,S-038,2026-07-24,2026-07-24,0,74206,False,93,0,90
OP-2018,2026-07-09,S-044,2026-07-13,2026-07-13,0,442360,False,95,0,92
OP-2498,2026-07-09,S-007,2026-07-12,2026-07-17,5,280190,True,71,37,83
OP-1109,2026-07-09,S-027,2026-07-12,2026-07-12,0,35500,False,96,0,91
OP-0349,2026-07-09,S-005,2026-07-16,2026-07-24,8,112427,True,56,65,75
OP-2422,2026-07-09,S-041,2026-07-15,2026-07-17,2,107238,False,86,18,92
OP-1954,2026-07-09,S-005,2026-07-16,2026-07-18,2,156989,False,83,14,91
OP-1142,2026-07-09,S-042,2026-07-23,2026-07-23,0,188724,False,94,0,95
OP-2637,2026-07-09,S-031,2026-07-18,2026-07-23,5,317072,True,70,40,82
OP-1491,2026-07-09,S-043,2026-07-18,2026-07-18,0,107720,False,94,0,91
OP-0480,2026-07-09,S-013,2026-07-13,2026-07-13,0,36796,False,93,0,94
OP-2040,2026-07-09,S-022,2026-07-15,2026-07-15,0,86706,False,94,0,95
OP-1629,2026-07-09,S-037,2026-07-17,2026-07-17,0,60806,False,95,0,94
OP-2465,2026-07-09,S-029,2026-07-19,2026-07-20,1,142474,False,92,8,89
OP-1240,2026-07-09,S-004,2026-07-14,2026-07-17,3,486128,True,82,26,93
OP-2122,2026-07-09,S-007,2026-07-12,2026-07-12,0,147120,False,93,0,97
OP-2536,2026-07-09,S-008,2026-07-24,2026-07-29,5,161386,True,67,39,81
OP-0367,2026-07-09,S-036,2026-07-19,2026-07-19,0,479116,False,96,0,92
OP-1105,2026-07-10,S-015,2026-07-18,2026-07-18,0,487186,False,92,0,95
OP-0159,2026-07-10,S-018,2026-07-19,2026-07-19,0,178487,False,95,0,98
OP-0183,2026-07-10,S-031,2026-07-19,2026-07-19,0,177649,False,96,0,100
OP-1574,2026-07-10,S-006,2026-07-22,2026-07-22,0,151029,False,95,0,98
OP-2080,2026-07-10,S-007,2026-07-13,2026-07-13,0,253402,False,94,0,95
OP-0898,2026-07-10,S-027,2026-07-13,2026-07-13,0,479982,False,93,0,89
OP-1532,2026-07-10,S-030,2026-07-17,2026-07-17,0,181104,False,95,0,95
OP-0119,2026-07-10,S-036,2026-07-20,2026-07-20,0,442831,False,94,0,95
OP-0662,2026-07-10,S-033,2026-07-15,2026-07-15,0,84813,False,90,0,97
OP-2976,2026-07-10,S-043,2026-07-19,2026-07-19,0,453859,False,97,0,94
OP-1559,2026-07-10,S-035,2026-07-21,2026-07-21,0,135669,False,98,0,95
OP-1382,2026-07-10,S-010,2026-07-15,2026-07-20,5,463304,True,70,37,90
OP-1178,2026-07-10,S-047,2026-07-22,2026-07-22,0,221169,False,95,0,91
OP-2911,2026-07-10,S-035,2026-07-21,2026-07-22,1,214036,False,92,9,93
OP-1937,2026-07-10,S-025,2026-07-17,2026-07-17,0,264986,False,92,0,95
OP-1344,2026-07-10,S-011,2026-07-25,2026-07-25,0,204950,False,95,0,94
OP-0174,2026-07-10,S-012,2026-07-20,2026-07-20,0,59264,False,93,0,98
OP-1683,2026-07-10,S-023,2026-07-22,2026-07-22,0,15469,False,97,0,92
OP-1054,2026-07-10,S-049,2026-07-23,2026-07-23,0,301781,False,93,0,97
OP-0806,2026-07-10,S-002,2026-07-23,2026-07-23,0,345718,False,93,0,96
OP-2151,2026-07-10,S-020,2026-07-20,2026-07-20,0,295331,False,92,0,91
OP-0985,2026-07-10,S-040,2026-07-15,2026-07-15,0,224270,False,92,0,98
OP-2418,2026-07-10,S-012,2026-07-20,2026-07-20,0,425807,False,90,0,96
OP-2449,2026-07-10,S-039,2026-07-22,2026-07-24,2,209192,False,84,16,87
OP-1031,2026-07-10,S-027,2026-07-13,2026-07-13,0,22900,False,93,0,95
OP-2814,2026-07-10,S-014,2026-07-18,2026-07-18,0,352805,False,95,0,96
OP-1459,2026-07-10,S-048,2026-07-23,2026-07-23,0,81570,False,94,0,98
OP-0041,2026-07-10,S-036,2026-07-20,2026-07-21,1,172895,False,89,8,97
OP-2845,2026-07-10,S-023,2026-07-22,2026-07-22,0,172754,False,94,0,100
OP-0780,2026-07-10,S-039,2026-07-22,2026-07-23,1,141814,False,91,8,92
OP-1620,2026-07-10,S-028,2026-07-13,2026-07-14,1,61541,False,92,8,94
OP-0531,2026-07-11,S-020,2026-07-21,2026-07-22,1,158373,False,92,5,95
OP-1411,2026-07-11,S-021,2026-07-23,2026-07-23,0,411544,False,95,0,99
OP-1766,2026-07-11,S-025,2026-07-18,2026-07-18,0,288678,False,95,0,91
OP-2413,2026-07-11,S-025,2026-07-18,2026-07-19,1,368434,False,89,8,95
OP-2921,2026-07-11,S-002,2026-07-24,2026-07-25,1,158574,False,88,7,95
OP-1553,2026-07-11,S-034,2026-07-14,2026-07-14,0,445086,False,95,0,97
OP-1555,2026-07-11,S-031,2026-07-20,2026-07-20,0,325178,False,94,0,95
OP-1734,2026-07-11,S-016,2026-07-19,2026-07-20,1,342492,False,91,8,91
OP-1422,2026-07-11,S-036,2026-07-21,2026-07-25,4,394842,True,73,34,90
OP-2569,2026-07-11,S-017,2026-07-25,2026-08-12,18,113990,True,3,142,58
OP-1568,2026-07-11,S-020,2026-07-21,2026-07-21,0,267068,False,95,0,93
OP-0583,2026-07-11,S-011,2026-07-26,2026-07-26,0,191407,False,98,0,97
OP-2056,2026-07-11,S-048,2026-07-24,2026-07-25,1,252322,False,88,7,86
OP-1334,2026-07-11,S-032,2026-07-24,2026-07-26,2,458700,False,82,15,91
OP-1443,2026-07-11,S-025,2026-07-18,2026-07-18,0,319034,False,96,0,95
OP-2716,2026-07-11,S-050,2026-07-25,2026-07-25,0,211935,False,95,0,89
OP-0355,2026-07-11,S-015,2026-07-19,2026-07-19,0,274967,False,94,0,93
OP-0103,2026-07-11,S-015,2026-07-19,2026-07-19,0,116291,False,93,0,94
OP-1088,2026-07-11,S-001,2026-07-20,2026-07-21,1,195508,False,87,7,93
OP-0933,2026-07-11,S-036,2026-07-21,2026-07-21,0,252251,False,95,0,96
OP-0676,2026-07-11,S-020,2026-07-21,2026-07-22,1,325580,False,89,12,93
OP-1922,2026-07-11,S-034,2026-07-14,2026-07-14,0,365405,False,95,0,84
OP-1663,2026-07-11,S-040,2026-07-16,2026-07-16,0,57698,False,92,0,95
OP-2601,2026-07-11,S-042,2026-07-25,2026-07-25,0,431856,False,95,0,91
OP-1921,2026-07-11,S-028,2026-07-14,2026-07-15,1,12155,False,86,8,94
OP-1140,2026-07-11,S-010,2026-07-16,2026-07-16,0,177288,False,94,0,96
OP-2895,2026-07-11,S-037,2026-07-19,2026-07-20,1,236896,False,88,6,89
OP-0116,2026-07-11,S-050,2026-07-25,2026-07-25,0,421529,False,94,0,94
OP-2629,2026-07-11,S-026,2026-07-26,2026-07-26,0,156208,False,95,0,94
OP-0043,2026-07-11,S-043,2026-07-20,2026-07-20,0,99810,False,92,0,93
OP-0154,2026-07-11,S-030,2026-07-18,2026-07-18,0,171594,False,94,0,93
OP-1918,2026-07-11,S-014,2026-07-19,2026-07-19,0,40059,False,94,0,96
OP-2625,2026-07-11,S-024,2026-07-21,2026-07-21,0,222277,False,95,0,99
OP-2180,2026-07-11,S-041,2026-07-17,2026-07-18,1,287977,False,90,5,94
OP-2863,2026-07-12,S-040,2026-07-17,2026-07-17,0,394479,False,97,0,95
OP-0192,2026-07-12,S-007,2026-07-15,2026-07-15,0,313850,False,95,0,86
OP-2958,2026-07-12,S-014,2026-07-20,2026-07-24,4,378197,True,72,35,87
OP-0123,2026-07-12,S-044,2026-07-16,2026-07-16,0,283259,False,92,0,94
OP-2792,2026-07-12,S-029,2026-07-22,2026-07-22,0,67739,False,94,0,96
OP-0228,2026-07-12,S-030,2026-07-19,2026-07-20,1,411558,False,91,8,92
OP-2582,2026-07-12,S-046,2026-07-18,2026-07-18,0,240246,False,97,0,94
OP-2752,2026-07-12,S-042,2026-07-26,2026-07-26,0,294188,False,96,0,97
OP-2853,2026-07-12,S-034,2026-07-15,2026-07-15,0,138559,False,92,0,90
OP-2973,2026-07-12,S-026,2026-07-27,2026-07-27,0,264474,False,96,0,95
OP-0849,2026-07-12,S-012,2026-07-22,2026-07-22,0,430335,False,92,0,96
OP-1377,2026-07-12,S-006,2026-07-24,2026-07-25,1,33002,False,86,6,91
OP-0580,2026-07-12,S-034,2026-07-15,2026-07-16,1,275460,False,92,8,90
OP-1436,2026-07-12,S-044,2026-07-16,2026-07-16,0,224278,False,94,0,100
OP-0758,2026-07-12,S-012,2026-07-22,2026-07-24,2,418262,False,82,16,89
OP-0916,2026-07-12,S-007,2026-07-15,2026-07-15,0,298511,False,95,0,98
OP-1752,2026-07-12,S-005,2026-07-19,2026-07-19,0,466164,False,94,0,89
OP-1091,2026-07-12,S-006,2026-07-24,2026-07-24,0,139262,False,93,0,94
OP-0974,2026-07-12,S-024,2026-07-22,2026-07-22,0,188920,False,94,0,92
OP-0741,2026-07-12,S-049,2026-07-25,2026-07-25,0,115051,False,96,0,97
OP-0515,2026-07-12,S-027,2026-07-15,2026-07-15,0,421994,False,91,0,99
OP-0567,2026-07-12,S-048,2026-07-25,2026-08-02,8,405954,True,54,64,80
OP-0604,2026-07-13,S-032,2026-07-26,2026-07-26,0,224153,False,95,0,95
OP-2974,2026-07-13,S-030,2026-07-20,2026-07-20,0,268091,False,93,0,92
OP-1212,2026-07-13,S-018,2026-07-22,2026-07-22,0,57289,False,89,0,97
OP-2713,2026-07-13,S-019,2026-07-23,2026-07-23,0,496184,False,97,0,95
OP-0873,2026-07-13,S-005,2026-07-20,2026-07-20,0,35309,False,94,0,95
OP-2773,2026-07-13,S-008,2026-07-28,2026-07-28,0,307288,False,93,0,95
OP-0009,2026-07-13,S-032,2026-07-26,2026-07-26,0,145144,False,96,0,91
OP-1543,2026-07-13,S-042,2026-07-27,2026-07-27,0,332237,False,97,0,97
OP-0701,2026-07-13,S-047,2026-07-25,2026-07-25,0,387182,False,96,0,95
OP-1816,2026-07-13,S-026,2026-07-28,2026-07-28,0,426831,False,93,0,97
OP-1940,2026-07-13,S-044,2026-07-17,2026-07-17,0,343353,False,97,0,92
OP-0498,2026-07-13,S-030,2026-07-20,2026-07-20,0,453362,False,96,0,96
OP-2327,2026-07-13,S-003,2026-07-23,2026-07-27,4,249312,True,78,30,87
OP-0954,2026-07-13,S-049,2026-07-26,2026-07-26,0,26212,False,94,0,94
OP-2495,2026-07-13,S-040,2026-07-18,2026-07-19,1,366703,False,92,7,91
OP-2081,2026-07-13,S-037,2026-07-21,2026-07-21,0,384121,False,94,0,87
OP-0474,2026-07-13,S-008,2026-07-28,2026-07-29,1,215501,False,88,8,90
OP-0054,2026-07-13,S-009,2026-07-25,2026-07-26,1,332798,False,91,8,95
OP-1298,2026-07-13,S-043,2026-07-22,2026-07-23,1,101765,False,87,10,94
OP-0186,2026-07-13,S-041,2026-07-19,2026-07-20,1,220324,False,89,5,90
OP-1439,2026-07-13,S-004,2026-07-18,2026-07-18,0,181773,False,98,0,92
OP-1290,2026-07-13,S-013,2026-07-17,2026-07-17,0,397152,False,91,0,94
OP-2408,2026-07-13,S-003,2026-07-23,2026-07-23,0,156062,False,97,0,89
OP-1638,2026-07-13,S-037,2026-07-21,2026-07-21,0,464591,False,98,0,96
OP-0671,2026-07-13,S-030,2026-07-20,2026-07-20,0,76176,False,92,0,94
OP-2186,2026-07-13,S-046,2026-07-19,2026-07-19,0,428534,False,95,0,96
OP-2044,2026-07-14,S-016,2026-07-22,2026-07-22,0,495896,False,91,0,96
OP-2992,2026-07-14,S-027,2026-07-17,2026-07-17,0,180583,False,89,0,100
OP-1279,2026-07-14,S-045,2026-07-20,2026-07-22,2,418133,False,82,16,82
OP-1762,2026-07-14,S-022,2026-07-20,2026-07-21,1,104686,False,89,9,91
OP-0132,2026-07-14,S-022,2026-07-20,2026-07-20,0,193662,False,91,0,93
OP-1331,2026-07-14,S-018,2026-07-23,2026-07-23,0,106341,False,91,0,100
OP-2342,2026-07-14,S-027,2026-07-17,2026-07-17,0,485029,False,94,0,90
OP-1887,2026-07-14,S-032,2026-07-27,2026-07-28,1,328416,False,90,8,86
OP-2944,2026-07-14,S-018,2026-07-23,2026-07-23,0,410320,False,94,0,95
OP-2943,2026-07-14,S-043,2026-07-23,2026-07-23,0,319554,False,93,0,94
OP-1595,2026-07-14,S-019,2026-07-24,2026-07-24,0,88250,False,95,0,87
OP-2989,2026-07-14,S-033,2026-07-19,2026-07-19,0,374219,False,94,0,95
OP-2322,2026-07-14,S-020,2026-07-24,2026-07-25,1,431163,False,89,8,97
OP-1676,2026-07-14,S-037,2026-07-22,2026-07-25,3,96449,True,81,22,84
OP-1192,2026-07-14,S-005,2026-07-21,2026-07-21,0,467918,False,96,0,92
OP-1807,2026-07-14,S-036,2026-07-24,2026-07-24,0,98823,False,95,0,94
OP-0781,2026-07-14,S-032,2026-07-27,2026-07-27,0,349891,False,94,0,97
OP-1156,2026-07-14,S-036,2026-07-24,2026-07-25,1,420969,False,91,6,96
OP-1441,2026-07-14,S-040,2026-07-19,2026-07-30,11,19459,True,41,89,72
OP-2191,2026-07-14,S-041,2026-07-20,2026-07-20,0,149127,False,98,0,94
OP-0861,2026-07-14,S-040,2026-07-19,2026-07-20,1,77106,False,91,9,86
OP-1801,2026-07-14,S-031,2026-07-23,2026-07-23,0,14903,False,94,0,90
OP-2679,2026-07-14,S-028,2026-07-17,2026-07-17,0,386317,False,95,0,93
OP-2721,2026-07-14,S-013,2026-07-18,2026-07-18,0,70253,False,93,0,92
OP-0698,2026-07-14,S-016,2026-07-22,2026-07-22,0,105634,False,94,0,96
OP-1229,2026-07-14,S-005,2026-07-21,2026-07-21,0,262266,False,94,0,90
OP-0597,2026-07-15,S-040,2026-07-20,2026-07-20,0,334321,False,98,0,95
OP-0598,2026-07-15,S-034,2026-07-18,2026-07-18,0,369619,False,98,0,93
OP-2856,2026-07-15,S-032,2026-07-28,2026-07-28,0,448643,False,97,0,90
OP-2359,2026-07-15,S-024,2026-07-25,2026-07-27,2,243220,False,86,12,93
OP-1888,2026-07-15,S-001,2026-07-24,2026-07-24,0,290501,False,95,0,93
OP-2360,2026-07-15,S-047,2026-07-27,2026-07-28,1,53950,False,88,6,91
OP-0895,2026-07-15,S-043,2026-07-24,2026-07-24,0,276892,False,98,0,93
OP-2850,2026-07-15,S-007,2026-07-18,2026-07-18,0,366762,False,96,0,94
OP-0028,2026-07-15,S-019,2026-07-25,2026-07-25,0,499876,False,96,0,93
OP-2842,2026-07-15,S-001,2026-07-24,2026-07-24,0,146233,False,95,0,96
OP-0357,2026-07-15,S-029,2026-07-25,2026-07-25,0,241010,False,94,0,98
OP-0900,2026-07-15,S-001,2026-07-24,2026-07-24,0,152958,False,93,0,94
OP-2930,2026-07-15,S-009,2026-07-27,2026-07-27,0,133670,False,93,0,93
OP-0013,2026-07-15,S-012,2026-07-25,2026-07-28,3,311171,True,82,24,85
OP-2852,2026-07-15,S-043,2026-07-24,2026-07-24,0,406035,False,93,0,96
OP-2560,2026-07-15,S-032,2026-07-28,2026-07-28,0,360987,False,97,0,93
OP-1833,2026-07-15,S-021,2026-07-27,2026-07-27,0,366733,False,95,0,91
OP-2219,2026-07-15,S-002,2026-07-28,2026-07-28,0,266236,False,93,0,94
OP-0108,2026-07-15,S-027,2026-07-18,2026-07-18,0,238627,False,97,0,96
OP-1764,2026-07-15,S-043,2026-07-24,2026-07-24,0,38747,False,95,0,93
OP-1418,2026-07-15,S-008,2026-07-30,2026-07-30,0,446244,False,97,0,95
OP-0238,2026-07-15,S-021,2026-07-27,2026-07-27,0,181703,False,97,0,91
OP-2458,2026-07-15,S-017,2026-07-29,2026-07-29,0,308070,False,95,0,97
OP-0666,2026-07-15,S-014,2026-07-23,2026-07-23,0,218870,False,96,0,100
OP-0481,2026-07-15,S-050,2026-07-29,2026-07-29,0,303861,False,92,0,92
OP-1057,2026-07-15,S-013,2026-07-19,2026-07-19,0,310731,False,95,0,98
OP-0690,2026-07-15,S-041,2026-07-21,2026-07-21,0,328655,False,94,0,95
OP-0508,2026-07-15,S-007,2026-07-18,2026-07-18,0,58229,False,95,0,91
OP-2960,2026-07-15,S-048,2026-07-28,2026-07-28,0,288488,False,93,0,95
OP-1016,2026-07-15,S-039,2026-07-27,2026-07-27,0,204452,False,91,0,95
OP-0092,2026-07-15,S-042,2026-07-29,2026-07-30,1,301055,False,87,11,92
OP-1881,2026-07-15,S-015,2026-07-23,2026-07-30,7,247372,True,58,54,77
OP-0076,2026-07-15,S-017,2026-07-29,2026-07-30,1,430940,False,90,7,92
OP-1263,2026-07-15,S-002,2026-07-28,2026-07-28,0,167757,False,94,0,99
OP-0987,2026-07-15,S-023,2026-07-27,2026-08-01,5,453919,True,71,39,80
OP-0988,2026-07-15,S-011,2026-07-30,2026-07-31,1,368987,False,91,8,96
OP-2950,2026-07-15,S-026,2026-07-30,2026-07-30,0,200668,False,93,0,94
OP-2017,2026-07-15,S-021,2026-07-27,2026-07-27,0,382094,False,98,0,89
OP-1262,2026-07-15,S-010,2026-07-20,2026-07-20,0,489444,False,96,0,89
OP-0204,2026-07-16,S-007,2026-07-19,2026-07-19,0,20956,False,92,0,93
OP-1410,2026-07-16,S-006,2026-07-28,2026-07-28,0,128574,False,92,0,93
OP-1416,2026-07-16,S-005,2026-07-23,2026-07-23,0,292505,False,96,0,94
OP-0104,2026-07-16,S-043,2026-07-25,2026-07-25,0,140577,False,95,0,93
OP-0363,2026-07-16,S-009,2026-07-28,2026-07-29,1,481532,False,89,9,96
OP-2525,2026-07-16,S-026,2026-07-31,2026-07-31,0,80461,False,94,0,94
OP-0342,2026-07-16,S-020,2026-07-26,2026-07-26,0,262018,False,93,0,96
OP-2045,2026-07-16,S-014,2026-07-24,2026-07-24,0,484523,False,93,0,86
OP-2867,2026-07-16,S-029,2026-07-26,2026-07-26,0,256898,False,93,0,97
OP-1432,2026-07-16,S-001,2026-07-25,2026-07-25,0,300315,False,96,0,91
OP-0235,2026-07-16,S-030,2026-07-23,2026-07-27,4,351984,True,73,32,84
OP-1293,2026-07-16,S-024,2026-07-26,2026-07-26,0,488301,False,95,0,92
OP-1602,2026-07-16,S-026,2026-07-31,2026-07-31,0,372176,False,93,0,94
OP-2268,2026-07-16,S-003,2026-07-26,2026-07-26,0,395113,False,92,0,96
OP-1561,2026-07-16,S-038,2026-07-31,2026-08-01,1,107170,False,90,6,92
OP-0914,2026-07-16,S-047,2026-07-28,2026-07-28,0,264283,False,97,0,93
OP-1055,2026-07-16,S-017,2026-07-30,2026-08-15,16,453216,True,15,128,65
OP-2869,2026-07-16,S-036,2026-07-26,2026-07-28,2,141675,False,81,15,91
OP-1115,2026-07-16,S-047,2026-07-28,2026-07-28,0,451668,False,93,0,95
OP-1403,2026-07-16,S-034,2026-07-19,2026-07-19,0,280305,False,96,0,96
OP-1809,2026-07-16,S-042,2026-07-30,2026-07-30,0,445539,False,95,0,97
OP-0415,2026-07-16,S-031,2026-07-25,2026-07-25,0,42575,False,94,0,93
OP-1763,2026-07-16,S-017,2026-07-30,2026-08-17,18,188668,True,6,142,58
OP-0444,2026-07-16,S-013,2026-07-20,2026-07-20,0,216740,False,92,0,95
OP-0414,2026-07-16,S-035,2026-07-27,2026-07-27,0,490474,False,95,0,92
OP-1223,2026-07-16,S-047,2026-07-28,2026-07-28,0,29428,False,94,0,98
OP-0883,2026-07-16,S-048,2026-07-29,2026-07-29,0,68697,False,92,0,91
OP-0165,2026-07-16,S-023,2026-07-28,2026-07-30,2,80062,False,86,16,95
OP-0021,2026-07-16,S-036,2026-07-26,2026-07-26,0,287104,False,95,0,100
OP-1722,2026-07-16,S-010,2026-07-21,2026-07-21,0,127554,False,96,0,95
OP-1714,2026-07-17,S-013,2026-07-21,2026-07-21,0,426912,False,93,0,94
OP-0628,2026-07-17,S-046,2026-07-23,2026-07-23,0,158631,False,96,0,94
OP-1732,2026-07-17,S-033,2026-07-22,2026-07-22,0,361946,False,95,0,94
OP-1002,2026-07-17,S-011,2026-08-01,2026-08-01,0,418483,False,95,0,100
OP-1914,2026-07-17,S-009,2026-07-29,2026-07-29,0,491179,False,92,0,97
OP-1655,2026-07-17,S-045,2026-07-23,2026-07-23,0,343797,False,94,0,91
OP-0330,2026-07-17,S-012,2026-07-27,2026-08-02,6,215376,True,66,46,81
OP-0560,2026-07-17,S-041,2026-07-23,2026-07-23,0,82565,False,97,0,95
OP-0335,2026-07-17,S-005,2026-07-24,2026-08-01,8,201124,True,51,65,79
OP-0713,2026-07-17,S-015,2026-07-25,2026-07-26,1,313433,False,88,9,94
OP-2987,2026-07-17,S-007,2026-07-20,2026-07-21,1,157703,False,94,7,98
OP-2545,2026-07-17,S-032,2026-07-30,2026-07-31,1,202247,False,87,8,88
OP-2329,2026-07-17,S-029,2026-07-27,2026-07-27,0,74940,False,97,0,94
OP-0864,2026-07-17,S-037,2026-07-25,2026-07-25,0,258496,False,95,0,95
OP-0315,2026-07-17,S-005,2026-07-24,2026-07-24,0,453412,False,91,0,93
OP-1890,2026-07-17,S-046,2026-07-23,2026-07-23,0,73039,False,95,0,99
OP-2221,2026-07-17,S-049,2026-07-30,2026-07-30,0,183429,False,93,0,95
OP-0902,2026-07-17,S-010,2026-07-22,2026-07-22,0,394632,False,95,0,94
OP-1143,2026-07-17,S-036,2026-07-27,2026-07-27,0,61068,False,94,0,94
OP-2134,2026-07-17,S-015,2026-07-25,2026-07-27,2,295697,False,84,15,89
OP-1237,2026-07-17,S-014,2026-07-25,2026-07-25,0,128562,False,93,0,92
OP-1370,2026-07-17,S-006,2026-07-29,2026-07-29,0,466521,False,92,0,94
OP-2077,2026-07-17,S-034,2026-07-20,2026-07-20,0,152445,False,94,0,93
OP-0872,2026-07-17,S-024,2026-07-27,2026-07-27,0,131384,False,100,0,93
OP-1148,2026-07-17,S-010,2026-07-22,2026-07-22,0,252885,False,92,0,95
OP-2308,2026-07-17,S-026,2026-08-01,2026-08-01,0,462641,False,98,0,91
OP-2603,2026-07-17,S-021,2026-07-29,2026-07-29,0,350003,False,96,0,94
OP-2558,2026-07-18,S-031,2026-07-27,2026-07-27,0,345731,False,96,0,94
OP-0198,2026-07-18,S-041,2026-07-24,2026-07-24,0,325639,False,90,0,96
OP-2710,2026-07-18,S-028,2026-07-21,2026-07-21,0,234289,False,93,0,95
OP-1482,2026-07-18,S-033,2026-07-23,2026-07-23,0,289529,False,96,0,91
OP-0801,2026-07-18,S-049,2026-07-31,2026-08-01,1,74127,False,88,8,97
OP-2345,2026-07-18,S-016,2026-07-26,2026-07-29,3,148741,True,80,24,95
OP-0744,2026-07-18,S-008,2026-08-02,2026-08-02,0,434911,False,94,0,98
OP-0208,2026-07-18,S-001,2026-07-27,2026-08-04,8,391011,True,56,64,80
OP-1731,2026-07-18,S-029,2026-07-28,2026-07-28,0,122165,False,94,0,92
OP-1508,2026-07-18,S-007,2026-07-21,2026-07-21,0,258115,False,91,0,98
OP-0514,2026-07-18,S-015,2026-07-26,2026-07-26,0,99509,False,90,0,97
OP-0866,2026-07-18,S-036,2026-07-28,2026-07-28,0,121841,False,94,0,94
OP-0069,2026-07-18,S-043,2026-07-27,2026-07-27,0,218464,False,94,0,94
OP-1228,2026-07-18,S-001,2026-07-27,2026-07-27,0,14708,False,97,0,96
OP-1033,2026-07-18,S-046,2026-07-24,2026-07-24,0,248081,False,92,0,92
OP-1005,2026-07-18,S-050,2026-08-01,2026-08-01,0,489443,False,92,0,93
OP-0082,2026-07-18,S-021,2026-07-30,2026-07-30,0,494947,False,92,0,95
OP-2370,2026-07-18,S-002,2026-07-31,2026-07-31,0,27039,False,94,0,98
OP-2583,2026-07-18,S-047,2026-07-30,2026-07-30,0,28472,False,95,0,96
OP-0428,2026-07-18,S-049,2026-07-31,2026-07-31,0,271962,False,93,0,96
OP-1678,2026-07-18,S-023,2026-07-30,2026-08-01,2,88956,False,81,19,92
OP-0680,2026-07-18,S-048,2026-07-31,2026-07-31,0,94006,False,96,0,98
OP-1797,2026-07-18,S-041,2026-07-24,2026-07-24,0,383948,False,96,0,96
OP-1200,2026-07-18,S-039,2026-07-30,2026-07-30,0,405606,False,94,0,100
OP-2644,2026-07-18,S-027,2026-07-21,2026-07-21,0,31011,False,95,0,92
OP-1106,2026-07-18,S-031,2026-07-27,2026-07-27,0,124653,False,97,0,99
OP-2386,2026-07-18,S-008,2026-08-02,2026-08-02,0,408219,False,93,0,98
OP-1619,2026-07-18,S-024,2026-07-28,2026-07-28,0,22051,False,98,0,90
OP-2533,2026-07-18,S-032,2026-07-31,2026-07-31,0,133737,False,95,0,97
OP-1631,2026-07-18,S-040,2026-07-23,2026-07-24,1,386561,False,87,8,89
OP-2899,2026-07-18,S-007,2026-07-21,2026-07-21,0,411269,False,94,0,92
OP-2718,2026-07-19,S-017,2026-08-02,2026-08-02,0,151593,False,93,0,93
OP-0809,2026-07-19,S-009,2026-07-31,2026-07-31,0,82172,False,95,0,94
OP-0757,2026-07-19,S-033,2026-07-24,2026-07-25,1,138106,False,87,8,90
OP-0559,2026-07-19,S-017,2026-08-02,2026-08-02,0,98269,False,96,0,96
OP-0209,2026-07-19,S-045,2026-07-25,2026-07-25,0,80956,False,93,0,91
OP-2048,2026-07-19,S-018,2026-07-28,2026-07-28,0,32014,False,94,0,100
OP-1895,2026-07-19,S-008,2026-08-03,2026-08-03,0,480785,False,92,0,96
OP-0340,2026-07-19,S-007,2026-07-22,2026-07-22,0,31499,False,93,0,93
OP-2400,2026-07-19,S-034,2026-07-22,2026-07-22,0,255732,False,93,0,95
OP-0476,2026-07-19,S-044,2026-07-23,2026-07-25,2,343667,False,87,16,95
OP-2311,2026-07-19,S-023,2026-07-31,2026-07-31,0,233401,False,94,0,99
OP-0922,2026-07-19,S-009,2026-07-31,2026-07-31,0,420714,False,93,0,97
OP-2324,2026-07-19,S-029,2026-07-29,2026-07-29,0,369892,False,96,0,100
OP-2520,2026-07-19,S-024,2026-07-29,2026-07-30,1,317582,False,88,8,96
OP-0543,2026-07-19,S-015,2026-07-27,2026-07-28,1,175295,False,85,6,93
OP-2299,2026-07-19,S-008,2026-08-03,2026-08-03,0,470508,False,93,0,96
OP-2032,2026-07-19,S-022,2026-07-25,2026-07-25,0,413428,False,95,0,96
OP-0870,2026-07-19,S-034,2026-07-22,2026-07-22,0,349443,False,97,0,95
OP-2645,2026-07-19,S-036,2026-07-29,2026-07-29,0,466494,False,97,0,98
OP-0996,2026-07-19,S-034,2026-07-22,2026-07-22,0,316221,False,93,0,91
OP-1601,2026-07-19,S-007,2026-07-22,2026-07-23,1,224089,False,89,8,98
OP-1476,2026-07-19,S-006,2026-07-31,2026-07-31,0,370113,False,93,0,97
OP-1390,2026-07-19,S-030,2026-07-26,2026-07-27,1,177577,False,90,8,93
OP-0609,2026-07-19,S-016,2026-07-27,2026-07-27,0,55570,False,94,0,98
OP-1333,2026-07-19,S-007,2026-07-22,2026-07-24,2,80111,False,83,14,94
OP-1297,2026-07-19,S-028,2026-07-22,2026-07-22,0,58712,False,97,0,100
OP-1447,2026-07-19,S-050,2026-08-02,2026-08-06,4,393349,True,72,31,88
OP-1438,2026-07-19,S-031,2026-07-28,2026-07-28,0,79067,False,97,0,96
OP-0778,2026-07-20,S-016,2026-07-28,2026-07-30,2,321847,False,78,15,91
OP-1538,2026-07-20,S-010,2026-07-25,2026-07-25,0,294344,False,94,0,94
OP-1721,2026-07-20,S-029,2026-07-30,2026-07-31,1,338161,False,90,6,88
OP-1117,2026-07-20,S-033,2026-07-25,2026-07-25,0,330604,False,95,0,90
OP-0726,2026-07-20,S-031,2026-07-29,2026-07-29,0,270071,False,97,0,95
OP-2777,2026-07-20,S-016,2026-07-28,2026-07-28,0,114196,False,95,0,98
OP-1851,2026-07-20,S-029,2026-07-30,2026-07-30,0,302969,False,92,0,99
OP-0385,2026-07-20,S-043,2026-07-29,2026-07-29,0,421587,False,93,0,89
OP-1978,2026-07-20,S-001,2026-07-29,2026-07-29,0,200427,False,99,0,94
OP-0240,2026-07-20,S-005,2026-07-27,2026-07-27,0,124254,False,94,0,94
OP-2892,2026-07-20,S-037,2026-07-28,2026-08-02,5,276557,True,69,40,84
OP-0373,2026-07-20,S-010,2026-07-25,2026-07-25,0,75990,False,90,0,97
OP-0649,2026-07-20,S-037,2026-07-28,2026-07-29,1,135001,False,88,8,95
OP-1086,2026-07-20,S-044,2026-07-24,2026-08-05,12,78209,True,36,96,70
OP-0638,2026-07-20,S-042,2026-08-03,2026-08-03,0,112313,False,96,0,94
OP-2512,2026-07-20,S-027,2026-07-23,2026-08-26,34,214434,True,0,274,50
OP-2816,2026-07-20,S-003,2026-07-30,2026-07-30,0,167596,False,97,0,96
OP-1690,2026-07-20,S-018,2026-07-29,2026-07-29,0,117084,False,94,0,98
OP-1793,2026-07-20,S-038,2026-08-04,2026-08-06,2,87269,False,83,15,94
OP-2236,2026-07-20,S-037,2026-07-28,2026-07-28,0,19855,False,93,0,100
OP-1719,2026-07-20,S-001,2026-07-29,2026-07-31,2,462877,False,86,16,84
OP-0891,2026-07-21,S-001,2026-07-30,2026-07-30,0,127746,False,93,0,96
OP-0618,2026-07-21,S-005,2026-07-28,2026-07-28,0,402723,False,98,0,96
OP-1059,2026-07-21,S-026,2026-08-05,2026-08-05,0,67886,False,94,0,93
OP-2025,2026-07-21,S-044,2026-07-25,2026-07-25,0,189255,False,95,0,92
OP-2161,2026-07-21,S-050,2026-08-04,2026-08-05,1,17093,False,89,9,95
OP-2290,2026-07-21,S-009,2026-08-02,2026-08-02,0,161923,False,93,0,95
OP-2060,2026-07-21,S-049,2026-08-03,2026-08-03,0,259585,False,95,0,87
OP-2886,2026-07-21,S-018,2026-07-30,2026-08-01,2,423384,False,85,16,86
OP-2273,2026-07-21,S-019,2026-07-31,2026-08-01,1,119586,False,90,10,96
OP-0834,2026-07-21,S-038,2026-08-05,2026-08-05,0,232041,False,96,0,93
OP-1062,2026-07-21,S-016,2026-07-29,2026-07-29,0,29929,False,95,0,97
OP-2952,2026-07-21,S-026,2026-08-05,2026-08-05,0,491373,False,98,0,100
OP-2642,2026-07-21,S-028,2026-07-24,2026-07-24,0,407215,False,96,0,93
OP-2079,2026-07-21,S-006,2026-08-02,2026-08-02,0,295149,False,94,0,94
OP-2075,2026-07-21,S-012,2026-07-31,2026-07-31,0,49208,False,92,0,95
OP-2050,2026-07-21,S-006,2026-08-02,2026-08-02,0,77730,False,94,0,100
OP-1101,2026-07-21,S-039,2026-08-02,2026-08-02,0,375397,False,97,0,94
OP-1040,2026-07-21,S-003,2026-07-31,2026-08-01,1,346747,False,90,7,89
OP-2135,2026-07-21,S-031,2026-07-30,2026-07-30,0,477973,False,95,0,93
OP-2232,2026-07-21,S-025,2026-07-28,2026-07-29,1,480906,False,87,7,94
OP-2470,2026-07-21,S-029,2026-07-31,2026-07-31,0,117932,False,93,0,99
OP-1075,2026-07-21,S-017,2026-08-04,2026-08-04,0,337065,False,97,0,94
OP-0419,2026-07-21,S-026,2026-08-05,2026-08-06,1,453538,False,90,8,93
OP-2631,2026-07-21,S-045,2026-07-27,2026-07-27,0,66823,False,96,0,92
OP-0993,2026-07-21,S-005,2026-07-28,2026-07-28,0,315937,False,92,0,94
OP-2674,2026-07-21,S-037,2026-07-29,2026-07-29,0,468673,False,96,0,95
OP-1854,2026-07-21,S-020,2026-07-31,2026-08-01,1,10208,False,90,8,94
OP-2208,2026-07-21,S-043,2026-07-30,2026-07-30,0,190308,False,98,0,94
OP-2433,2026-07-21,S-002,2026-08-03,2026-08-03,0,155467,False,98,0,93
OP-0602,2026-07-21,S-012,2026-07-31,2026-07-31,0,52882,False,94,0,93
OP-2831,2026-07-21,S-018,2026-07-30,2026-07-30,0,458816,False,95,0,95
OP-1177,2026-07-21,S-023,2026-08-02,2026-08-02,0,328119,False,95,0,97
OP-0889,2026-07-21,S-001,2026-07-30,2026-07-31,1,449745,False,90,8,97
OP-0059,2026-07-22,S-031,2026-07-31,2026-07-31,0,28932,False,94,0,98
OP-2012,2026-07-22,S-048,2026-08-04,2026-08-04,0,411204,False,94,0,100
OP-0426,2026-07-22,S-013,2026-07-26,2026-07-27,1,213285,False,91,6,86
OP-1451,2026-07-22,S-005,2026-07-29,2026-07-30,1,194569,False,91,10,87
OP-2765,2026-07-22,S-033,2026-07-27,2026-07-27,0,32534,False,97,0,95
OP-0019,2026-07-22,S-016,2026-07-30,2026-07-30,0,462281,False,92,0,98
OP-0832,2026-07-22,S-013,2026-07-26,2026-08-01,6,351902,True,68,48,83
OP-2551,2026-07-22,S-026,2026-08-06,2026-08-06,0,426677,False,96,0,93
OP-2744,2026-07-22,S-049,2026-08-04,2026-08-04,0,240505,False,95,0,87
OP-1423,2026-07-22,S-025,2026-07-29,2026-07-29,0,67889,False,95,0,97
OP-0500,2026-07-22,S-032,2026-08-04,2026-08-04,0,452415,False,94,0,91
OP-2737,2026-07-22,S-020,2026-08-01,2026-08-01,0,282204,False,94,0,98
OP-2293,2026-07-22,S-001,2026-07-31,2026-07-31,0,38757,False,98,0,99
OP-1494,2026-07-22,S-022,2026-07-28,2026-08-03,6,138768,True,63,48,81
OP-1358,2026-07-22,S-017,2026-08-05,2026-08-15,10,173775,True,40,81,78
OP-2115,2026-07-22,S-018,2026-07-31,2026-08-06,6,342360,True,65,48,86
OP-2285,2026-07-22,S-013,2026-07-26,2026-07-26,0,174630,False,99,0,96
OP-2475,2026-07-22,S-050,2026-08-05,2026-08-05,0,346633,False,96,0,94
OP-1386,2026-07-22,S-046,2026-07-28,2026-07-28,0,498637,False,94,0,93
OP-0705,2026-07-22,S-019,2026-08-01,2026-08-02,1,270356,False,91,8,93
OP-1332,2026-07-22,S-035,2026-08-02,2026-08-02,0,408363,False,98,0,98
OP-1867,2026-07-22,S-036,2026-08-01,2026-08-01,0,178148,False,93,0,98
OP-1209,2026-07-22,S-030,2026-07-29,2026-07-30,1,54598,False,89,8,93
OP-1120,2026-07-22,S-007,2026-07-25,2026-07-27,2,124620,False,83,15,92
OP-1227,2026-07-22,S-035,2026-08-02,2026-08-10,8,367012,True,54,63,79
OP-1754,2026-07-22,S-013,2026-07-26,2026-07-26,0,82638,False,93,0,99
OP-1997,2026-07-22,S-033,2026-07-27,2026-07-28,1,419619,False,88,9,90
OP-0893,2026-07-22,S-029,2026-08-01,2026-08-01,0,366545,False,95,0,94
OP-0633,2026-07-22,S-040,2026-07-27,2026-07-27,0,458528,False,94,0,93
OP-2953,2026-07-22,S-039,2026-08-03,2026-08-03,0,160872,False,94,0,97
OP-0859,2026-07-23,S-019,2026-08-02,2026-08-02,0,213647,False,98,0,94
OP-0901,2026-07-23,S-050,2026-08-06,2026-08-07,1,267202,False,86,9,92
OP-1076,2026-07-23,S-036,2026-08-02,2026-08-10,8,117132,True,53,62,77
OP-1064,2026-07-23,S-040,2026-07-28,2026-08-06,9,360801,True,50,73,75
OP-1518,2026-07-23,S-029,2026-08-02,2026-08-09,7,204040,True,58,58,74
OP-1878,2026-07-23,S-017,2026-08-06,2026-08-06,0,228700,False,93,0,96
OP-1458,2026-07-23,S-034,2026-07-26,2026-07-26,0,152261,False,99,0,93
OP-0142,2026-07-23,S-045,2026-07-29,2026-07-29,0,415095,False,93,0,92
OP-1475,2026-07-23,S-048,2026-08-05,2026-08-05,0,456051,False,92,0,94
OP-1507,2026-07-23,S-011,2026-08-07,2026-08-08,1,332600,False,88,8,94
OP-2328,2026-07-23,S-003,2026-08-02,2026-08-02,0,359065,False,93,0,91
OP-0026,2026-07-23,S-005,2026-07-30,2026-07-30,0,469472,False,94,0,91
OP-2610,2026-07-23,S-015,2026-07-31,2026-07-31,0,189799,False,94,0,95
OP-1708,2026-07-23,S-003,2026-08-02,2026-08-02,0,175132,False,96,0,89
OP-2229,2026-07-23,S-024,2026-08-02,2026-08-04,2,469960,False,84,14,95
OP-2171,2026-07-23,S-009,2026-08-04,2026-08-04,0,424007,False,92,0,98
OP-1373,2026-07-23,S-036,2026-08-02,2026-08-02,0,48889,False,96,0,95
OP-1642,2026-07-23,S-037,2026-07-31,2026-07-31,0,465825,False,92,0,90
OP-2602,2026-07-23,S-008,2026-08-07,2026-08-07,0,376539,False,92,0,97
OP-0557,2026-07-23,S-002,2026-08-05,2026-08-05,0,346214,False,95,0,89
OP-1190,2026-07-23,S-040,2026-07-28,2026-07-28,0,363819,False,96,0,98
OP-2543,2026-07-23,S-004,2026-07-28,2026-07-28,0,47095,False,95,0,96
OP-0322,2026-07-23,S-014,2026-07-31,2026-07-31,0,195656,False,98,0,96
OP-2215,2026-07-23,S-023,2026-08-04,2026-08-05,1,99449,False,94,8,94
OP-2130,2026-07-23,S-021,2026-08-04,2026-08-05,1,310705,False,90,8,94
OP-2732,2026-07-24,S-039,2026-08-05,2026-08-05,0,142236,False,93,0,92
OP-2691,2026-07-24,S-031,2026-08-02,2026-08-02,0,138170,False,94,0,96
OP-2284,2026-07-24,S-003,2026-08-03,2026-08-03,0,382810,False,95,0,95
OP-0830,2026-07-24,S-011,2026-08-08,2026-08-08,0,186068,False,94,0,94
OP-0224,2026-07-24,S-040,2026-07-29,2026-07-29,0,101642,False,94,0,96
OP-0601,2026-07-24,S-044,2026-07-28,2026-07-28,0,104373,False,96,0,94
OP-1364,2026-07-24,S-027,2026-07-27,2026-07-27,0,166411,False,90,0,92
OP-0134,2026-07-24,S-020,2026-08-03,2026-08-04,1,301232,False,93,7,91
OP-2125,2026-07-24,S-006,2026-08-05,2026-08-05,0,446790,False,98,0,97
OP-1058,2026-07-24,S-017,2026-08-07,2026-08-08,1,330067,False,87,10,92
OP-0343,2026-07-24,S-025,2026-07-31,2026-07-31,0,355402,False,91,0,93
OP-0530,2026-07-24,S-008,2026-08-08,2026-08-18,10,483221,True,44,78,79
OP-1962,2026-07-24,S-029,2026-08-03,2026-08-05,2,91997,False,85,20,91
OP-0431,2026-07-24,S-008,2026-08-08,2026-08-10,2,411402,False,88,16,92
OP-0328,2026-07-24,S-038,2026-08-08,2026-08-09,1,464016,False,89,7,94
OP-1777,2026-07-24,S-020,2026-08-03,2026-08-03,0,174844,False,91,0,96
OP-1114,2026-07-24,S-023,2026-08-05,2026-08-10,5,14105,True,73,38,83
OP-2760,2026-07-24,S-043,2026-08-02,2026-08-02,0,238940,False,95,0,95
OP-0038,2026-07-24,S-003,2026-08-03,2026-08-08,5,206573,True,71,40,84
OP-0148,2026-07-24,S-001,2026-08-02,2026-08-02,0,79015,False,95,0,93
OP-1709,2026-07-24,S-048,2026-08-06,2026-08-07,1,325153,False,92,9,90
OP-1407,2026-07-24,S-037,2026-08-01,2026-08-03,2,206975,False,90,17,92
OP-0264,2026-07-24,S-041,2026-07-30,2026-07-30,0,175784,False,94,0,88
OP-0300,2026-07-24,S-032,2026-08-06,2026-08-06,0,15910,False,96,0,97
OP-1534,2026-07-24,S-024,2026-08-03,2026-08-04,1,177524,False,87,8,93
OP-2499,2026-07-24,S-001,2026-08-02,2026-08-02,0,450044,False,98,0,96
OP-1598,2026-07-24,S-040,2026-07-29,2026-07-29,0,163417,False,94,0,94
OP-2448,2026-07-24,S-002,2026-08-06,2026-08-07,1,133565,False,91,7,94
OP-2607,2026-07-24,S-007,2026-07-27,2026-07-27,0,216254,False,97,0,91
OP-0048,2026-07-24,S-011,2026-08-08,2026-08-09,1,180238,False,87,8,91
OP-1517,2026-07-24,S-028,2026-07-27,2026-07-27,0,29058,False,94,0,98
OP-0490,2026-07-24,S-008,2026-08-08,2026-08-09,1,440084,False,91,7,99
OP-1037,2026-07-24,S-023,2026-08-05,2026-08-05,0,246013,False,94,0,97
OP-2677,2026-07-24,S-020,2026-08-03,2026-08-03,0,139899,False,94,0,96
OP-2500,2026-07-24,S-025,2026-07-31,2026-08-10,10,164835,True,48,80,67
OP-2515,2026-07-24,S-047,2026-08-05,2026-08-05,0,433657,False,91,0,94
OP-2586,2026-07-24,S-037,2026-08-01,2026-08-01,0,216615,False,93,0,96
OP-0746,2026-07-24,S-028,2026-07-27,2026-07-28,1,201676,False,91,6,95
OP-2270,2026-07-25,S-029,2026-08-04,2026-08-04,0,315996,False,95,0,97
OP-2671,2026-07-25,S-018,2026-08-03,2026-08-03,0,496103,False,97,0,99
OP-2666,2026-07-25,S-020,2026-08-04,2026-08-04,0,126518,False,97,0,99
OP-2220,2026-07-25,S-023,2026-08-06,2026-08-06,0,390341,False,95,0,92
OP-1159,2026-07-25,S-015,2026-08-02,2026-08-04,2,328198,False,82,14,95
OP-2004,2026-07-25,S-038,2026-08-09,2026-08-10,1,47665,False,90,5,94
OP-1552,2026-07-25,S-026,2026-08-09,2026-08-10,1,168497,False,87,6,92
OP-1337,2026-07-25,S-016,2026-08-02,2026-08-02,0,404089,False,96,0,95
OP-2571,2026-07-25,S-001,2026-08-03,2026-08-11,8,131975,True,52,62,78
OP-2015,2026-07-25,S-046,2026-07-31,2026-07-31,0,292588,False,98,0,100
OP-0399,2026-07-25,S-008,2026-08-09,2026-08-11,2,322542,False,85,16,83
OP-2844,2026-07-25,S-001,2026-08-03,2026-08-23,20,414830,True,0,159,53
OP-1157,2026-07-25,S-017,2026-08-08,2026-08-08,0,344575,False,91,0,94
OP-0587,2026-07-25,S-039,2026-08-06,2026-08-06,0,84620,False,97,0,93
OP-2011,2026-07-25,S-017,2026-08-08,2026-08-11,3,330409,True,83,23,90
OP-2083,2026-07-25,S-045,2026-07-31,2026-07-31,0,24642,False,96,0,97
OP-0448,2026-07-25,S-003,2026-08-04,2026-08-04,0,241972,False,98,0,92
OP-2403,2026-07-25,S-027,2026-07-28,2026-07-28,0,117121,False,91,0,97
OP-0653,2026-07-25,S-004,2026-07-30,2026-08-04,5,195098,True,71,37,86
OP-2594,2026-07-25,S-020,2026-08-04,2026-08-04,0,221708,False,93,0,95
OP-1581,2026-07-25,S-021,2026-08-06,2026-08-06,0,329160,False,93,0,94
OP-0630,2026-07-25,S-045,2026-07-31,2026-08-03,3,299640,True,77,24,90
OP-0040,2026-07-25,S-021,2026-08-06,2026-08-06,0,34361,False,95,0,98
OP-2948,2026-07-25,S-003,2026-08-04,2026-08-06,2,362422,False,88,12,88
OP-0632,2026-07-25,S-042,2026-08-08,2026-08-08,0,424625,False,96,0,93
OP-1999,2026-07-26,S-008,2026-08-10,2026-08-10,0,316480,False,93,0,92
OP-2793,2026-07-26,S-045,2026-08-01,2026-08-01,0,351303,False,91,0,90
OP-2331,2026-07-26,S-024,2026-08-05,2026-08-05,0,418017,False,92,0,89
OP-1744,2026-07-26,S-024,2026-08-05,2026-08-08,3,437065,True,81,20,84
OP-1844,2026-07-26,S-016,2026-08-03,2026-08-03,0,499216,False,95,0,97
OP-1984,2026-07-26,S-037,2026-08-03,2026-08-03,0,314355,False,94,0,94
OP-1604,2026-07-26,S-041,2026-08-01,2026-08-02,1,283151,False,85,8,93
OP-0197,2026-07-26,S-034,2026-07-29,2026-07-30,1,487738,False,88,8,88
OP-2254,2026-07-26,S-013,2026-07-30,2026-07-30,0,227178,False,97,0,95
OP-0941,2026-07-26,S-017,2026-08-09,2026-08-09,0,427404,False,95,0,96
OP-1610,2026-07-26,S-001,2026-08-04,2026-08-04,0,39673,False,96,0,96
OP-0973,2026-07-26,S-046,2026-08-01,2026-08-17,16,473947,True,15,128,61
OP-2121,2026-07-26,S-002,2026-08-08,2026-08-08,0,12692,False,91,0,91
OP-1099,2026-07-26,S-031,2026-08-04,2026-08-06,2,35793,False,84,15,94
OP-1659,2026-07-26,S-021,2026-08-07,2026-08-07,0,102747,False,96,0,90
OP-1136,2026-07-26,S-039,2026-08-07,2026-08-07,0,61180,False,97,0,89
OP-1259,2026-07-26,S-018,2026-08-04,2026-08-04,0,105113,False,95,0,98
OP-0843,2026-07-26,S-015,2026-08-03,2026-08-05,2,436979,False,85,14,90
OP-1045,2026-07-26,S-010,2026-07-31,2026-08-02,2,453235,False,86,20,95
OP-2109,2026-07-26,S-043,2026-08-04,2026-08-05,1,361496,False,89,9,95
OP-2906,2026-07-26,S-035,2026-08-06,2026-08-07,1,285733,False,87,6,95
OP-2406,2026-07-26,S-011,2026-08-10,2026-08-10,0,73396,False,91,0,98
OP-1141,2026-07-26,S-004,2026-07-31,2026-08-13,13,476689,True,31,103,77
OP-2999,2026-07-26,S-003,2026-08-05,2026-08-05,0,85745,False,99,0,99
OP-2735,2026-07-26,S-023,2026-08-07,2026-08-07,0,407872,False,94,0,95
OP-0221,2026-07-26,S-004,2026-07-31,2026-08-02,2,465943,False,83,13,95
OP-1908,2026-07-26,S-044,2026-07-30,2026-07-30,0,123483,False,94,0,88
OP-2361,2026-07-26,S-041,2026-08-01,2026-08-01,0,172222,False,95,0,93
OP-0083,2026-07-26,S-049,2026-08-08,2026-08-08,0,68406,False,92,0,92
OP-1158,2026-07-26,S-036,2026-08-05,2026-08-06,1,104431,False,88,4,93
OP-0080,2026-07-26,S-037,2026-08-03,2026-08-03,0,493450,False,93,0,91
OP-2055,2026-07-26,S-025,2026-08-02,2026-08-02,0,373073,False,94,0,96
OP-1299,2026-07-26,S-031,2026-08-04,2026-08-04,0,232899,False,94,0,100
OP-0230,2026-07-26,S-025,2026-08-02,2026-08-02,0,37376,False,95,0,95
OP-1211,2026-07-27,S-042,2026-08-10,2026-08-10,0,266097,False,92,0,96
OP-1916,2026-07-27,S-029,2026-08-06,2026-08-06,0,14320,False,91,0,96
OP-0350,2026-07-27,S-018,2026-08-05,2026-08-05,0,59127,False,97,0,97
OP-2234,2026-07-27,S-017,2026-08-10,2026-08-11,1,299487,False,95,9,91
OP-1847,2026-07-27,S-045,2026-08-02,2026-08-02,0,185292,False,99,0,96
OP-1239,2026-07-27,S-003,2026-08-06,2026-08-11,5,16477,True,70,39,84
OP-1885,2026-07-27,S-019,2026-08-06,2026-08-06,0,268224,False,96,0,88
OP-0743,2026-07-27,S-048,2026-08-09,2026-08-09,0,394376,False,94,0,92
OP-1913,2026-07-27,S-042,2026-08-10,2026-08-10,0,92966,False,95,0,96
OP-2627,2026-07-27,S-011,2026-08-11,2026-08-11,0,263004,False,92,0,97
OP-0990,2026-07-27,S-016,2026-08-04,2026-08-05,1,170651,False,88,7,92
OP-1599,2026-07-27,S-036,2026-08-06,2026-08-12,6,59491,True,66,49,88
OP-1469,2026-07-27,S-043,2026-08-05,2026-08-08,3,85423,True,82,25,85
OP-0581,2026-07-27,S-002,2026-08-09,2026-08-09,0,434165,False,94,0,95
OP-2728,2026-07-27,S-029,2026-08-06,2026-08-06,0,333216,False,92,0,95
OP-0518,2026-07-27,S-032,2026-08-09,2026-08-09,0,196490,False,98,0,91
OP-0086,2026-07-27,S-025,2026-08-03,2026-08-03,0,212015,False,95,0,94
OP-2300,2026-07-27,S-030,2026-08-03,2026-08-03,0,161308,False,94,0,97
OP-2303,2026-07-27,S-022,2026-08-02,2026-08-02,0,75608,False,96,0,97
OP-2779,2026-07-27,S-042,2026-08-10,2026-08-10,0,393497,False,99,0,93
OP-0433,2026-07-27,S-023,2026-08-08,2026-08-09,1,204299,False,90,10,94
OP-0045,2026-07-27,S-018,2026-08-05,2026-08-06,1,210961,False,89,4,100
OP-1566,2026-07-27,S-030,2026-08-03,2026-08-03,0,423205,False,97,0,94
OP-2165,2026-07-27,S-044,2026-07-31,2026-07-31,0,200646,False,92,0,93
OP-2823,2026-07-27,S-005,2026-08-03,2026-08-03,0,406764,False,96,0,91
OP-2337,2026-07-27,S-017,2026-08-10,2026-08-10,0,334570,False,95,0,95
OP-1569,2026-07-27,S-034,2026-07-30,2026-07-30,0,371126,False,96,0,97
OP-2124,2026-07-27,S-002,2026-08-09,2026-08-10,1,63752,False,86,6,93
OP-1586,2026-07-27,S-017,2026-08-10,2026-08-11,1,345518,False,90,8,95
OP-1081,2026-07-27,S-038,2026-08-11,2026-08-11,0,222658,False,96,0,96
OP-2172,2026-07-27,S-003,2026-08-06,2026-08-06,0,248992,False,93,0,98
OP-2473,2026-07-28,S-047,2026-08-09,2026-08-11,2,392129,False,84,19,96
OP-2452,2026-07-28,S-027,2026-07-31,2026-07-31,0,367244,False,93,0,96
OP-1187,2026-07-28,S-031,2026-08-06,2026-08-06,0,438892,False,92,0,95
OP-0201,2026-07-28,S-037,2026-08-05,2026-08-05,0,30427,False,96,0,100
OP-2510,2026-07-28,S-041,2026-08-03,2026-08-03,0,249582,False,92,0,94
OP-2296,2026-07-28,S-044,2026-08-01,2026-08-03,2,186318,False,90,14,90
OP-0144,2026-07-28,S-019,2026-08-07,2026-08-07,0,428475,False,97,0,92
OP-1121,2026-07-28,S-045,2026-08-03,2026-08-03,0,223738,False,94,0,95
OP-1383,2026-07-28,S-044,2026-08-01,2026-08-02,1,149141,False,89,8,97
OP-1307,2026-07-28,S-009,2026-08-09,2026-08-09,0,215334,False,97,0,93
OP-2552,2026-07-28,S-042,2026-08-11,2026-08-11,0,68978,False,95,0,96
OP-2379,2026-07-28,S-006,2026-08-09,2026-08-09,0,385306,False,94,0,98
OP-0283,2026-07-28,S-009,2026-08-09,2026-08-15,6,411910,True,68,48,86
OP-2692,2026-07-28,S-047,2026-08-09,2026-08-10,1,25105,False,89,8,96
OP-1521,2026-07-28,S-026,2026-08-12,2026-08-12,0,478486,False,95,0,98
OP-0311,2026-07-28,S-045,2026-08-03,2026-08-03,0,283788,False,96,0,99
OP-1567,2026-07-28,S-047,2026-08-09,2026-08-10,1,473570,False,87,8,93
OP-0884,2026-07-28,S-037,2026-08-05,2026-08-05,0,369532,False,95,0,98
OP-0711,2026-07-28,S-046,2026-08-03,2026-08-03,0,102423,False,95,0,92
OP-1990,2026-07-28,S-044,2026-08-01,2026-08-08,7,67486,True,62,56,79
OP-0337,2026-07-28,S-037,2026-08-05,2026-08-05,0,419014,False,92,0,95
OP-2837,2026-07-28,S-013,2026-08-01,2026-08-01,0,279121,False,94,0,92
OP-2946,2026-07-28,S-013,2026-08-01,2026-08-01,0,417413,False,94,0,90
OP-1700,2026-07-28,S-038,2026-08-12,2026-08-12,0,351797,False,92,0,94
OP-1920,2026-07-28,S-046,2026-08-03,2026-08-03,0,450557,False,95,0,97
OP-1640,2026-07-28,S-034,2026-07-31,2026-07-31,0,373981,False,93,0,92
OP-2672,2026-07-28,S-019,2026-08-07,2026-08-07,0,47163,False,96,0,94
OP-1514,2026-07-28,S-017,2026-08-11,2026-08-11,0,329262,False,93,0,98
OP-2924,2026-07-28,S-032,2026-08-10,2026-08-10,0,361622,False,94,0,93
OP-1180,2026-07-29,S-010,2026-08-03,2026-08-03,0,272540,False,93,0,95
OP-0862,2026-07-29,S-022,2026-08-04,2026-08-04,0,199099,False,95,0,93
OP-0276,2026-07-29,S-039,2026-08-10,2026-08-10,0,37031,False,97,0,100
OP-2923,2026-07-29,S-001,2026-08-07,2026-08-07,0,125903,False,93,0,96
OP-0683,2026-07-29,S-029,2026-08-08,2026-08-08,0,317475,False,96,0,93
OP-2600,2026-07-29,S-001,2026-08-07,2026-08-07,0,358357,False,96,0,91
OP-0258,2026-07-29,S-002,2026-08-11,2026-08-12,1,206078,False,88,8,94
OP-2486,2026-07-29,S-047,2026-08-10,2026-08-10,0,285340,False,96,0,94
OP-1608,2026-07-29,S-036,2026-08-08,2026-08-08,0,134050,False,92,0,92
OP-0684,2026-07-29,S-034,2026-08-01,2026-08-12,11,79915,True,41,86,71
OP-1617,2026-07-29,S-026,2026-08-13,2026-08-13,0,451194,False,93,0,95
OP-2556,2026-07-29,S-010,2026-08-03,2026-08-03,0,127681,False,96,0,88
OP-2846,2026-07-29,S-002,2026-08-11,2026-08-17,6,301849,True,64,47,86
OP-0109,2026-07-29,S-032,2026-08-11,2026-08-11,0,465919,False,96,0,93
OP-1730,2026-07-29,S-021,2026-08-10,2026-08-10,0,468721,False,96,0,95
OP-1541,2026-07-29,S-047,2026-08-10,2026-08-10,0,406254,False,96,0,91
OP-2514,2026-07-29,S-036,2026-08-08,2026-08-09,1,56749,False,90,8,92
OP-1306,2026-07-29,S-026,2026-08-13,2026-08-18,5,402802,True,66,40,81
OP-0614,2026-07-29,S-041,2026-08-04,2026-08-15,11,207683,True,41,90,73
OP-2620,2026-07-29,S-036,2026-08-08,2026-08-08,0,85810,False,93,0,95
OP-1626,2026-07-29,S-020,2026-08-08,2026-08-08,0,251412,False,94,0,95
OP-1883,2026-07-29,S-010,2026-08-03,2026-08-03,0,404971,False,96,0,90
OP-2297,2026-07-30,S-016,2026-08-07,2026-08-07,0,286893,False,94,0,96
OP-2656,2026-07-30,S-027,2026-08-02,2026-08-02,0,389572,False,95,0,92
OP-1030,2026-07-30,S-034,2026-08-02,2026-08-03,1,376581,False,88,8,94
OP-2016,2026-07-30,S-029,2026-08-09,2026-08-09,0,430774,False,91,0,96
OP-2576,2026-07-30,S-031,2026-08-08,2026-08-10,2,493458,False,84,18,90
OP-1818,2026-07-30,S-012,2026-08-09,2026-08-13,4,374372,True,74,30,91
OP-0288,2026-07-30,S-034,2026-08-02,2026-08-02,0,167976,False,98,0,97
OP-1003,2026-07-30,S-033,2026-08-04,2026-08-12,8,168388,True,51,63,83
OP-1349,2026-07-30,S-041,2026-08-05,2026-08-05,0,242120,False,97,0,94
OP-1236,2026-07-30,S-017,2026-08-13,2026-08-19,6,293259,True,63,46,83
OP-1082,2026-07-30,S-004,2026-08-04,2026-08-09,5,53191,True,75,41,82
OP-1264,2026-07-30,S-029,2026-08-09,2026-08-09,0,119924,False,98,0,96
OP-2658,2026-07-30,S-036,2026-08-09,2026-08-15,6,35743,True,65,50,82
OP-1958,2026-07-30,S-010,2026-08-04,2026-08-04,0,467169,False,92,0,94
OP-2833,2026-07-30,S-047,2026-08-11,2026-08-11,0,427785,False,94,0,92
OP-0294,2026-07-30,S-032,2026-08-12,2026-08-12,0,218965,False,93,0,91
OP-0129,2026-07-30,S-035,2026-08-10,2026-08-10,0,335376,False,97,0,92
OP-1915,2026-07-30,S-043,2026-08-08,2026-08-08,0,146909,False,97,0,95
OP-0466,2026-07-30,S-025,2026-08-06,2026-08-06,0,115096,False,94,0,91
OP-2859,2026-07-30,S-041,2026-08-05,2026-08-06,1,454583,False,93,6,92
OP-2255,2026-07-30,S-043,2026-08-08,2026-08-08,0,443314,False,97,0,95
OP-1679,2026-07-31,S-004,2026-08-05,2026-08-05,0,403825,False,95,0,96
OP-1287,2026-07-31,S-002,2026-08-13,2026-08-14,1,28447,False,92,8,88
OP-2398,2026-07-31,S-008,2026-08-15,2026-08-20,5,192597,True,67,40,83
OP-2066,2026-07-31,S-035,2026-08-11,2026-08-11,0,378131,False,93,0,95
OP-0190,2026-07-31,S-021,2026-08-12,2026-08-13,1,449713,False,89,5,93
OP-0060,2026-07-31,S-040,2026-08-05,2026-08-05,0,390655,False,94,0,100
OP-0392,2026-07-31,S-044,2026-08-04,2026-08-04,0,79702,False,94,0,95
OP-0014,2026-07-31,S-025,2026-08-07,2026-08-09,2,271534,False,86,20,100
OP-1007,2026-07-31,S-032,2026-08-13,2026-08-14,1,152293,False,88,8,94
OP-2372,2026-07-31,S-025,2026-08-07,2026-08-08,1,478316,False,88,7,88
OP-2332,2026-07-31,S-007,2026-08-03,2026-08-03,0,56245,False,94,0,90
OP-0965,2026-07-31,S-005,2026-08-07,2026-08-08,1,122018,False,86,8,89
OP-2341,2026-07-31,S-030,2026-08-07,2026-08-07,0,34516,False,94,0,93
OP-1174,2026-07-31,S-009,2026-08-12,2026-08-13,1,278840,False,87,11,93
OP-1590,2026-07-31,S-046,2026-08-06,2026-08-06,0,335246,False,89,0,88
OP-0017,2026-07-31,S-029,2026-08-10,2026-08-10,0,235449,False,97,0,96
OP-0585,2026-07-31,S-036,2026-08-10,2026-08-10,0,338794,False,92,0,94
OP-1726,2026-07-31,S-010,2026-08-05,2026-08-05,0,398376,False,96,0,97
OP-0573,2026-07-31,S-028,2026-08-03,2026-08-03,0,308142,False,91,0,98
OP-1409,2026-07-31,S-025,2026-08-07,2026-08-07,0,203510,False,92,0,96
OP-1775,2026-07-31,S-035,2026-08-11,2026-08-12,1,150373,False,90,7,94
OP-0545,2026-07-31,S-028,2026-08-03,2026-08-03,0,437312,False,95,0,94
OP-2676,2026-07-31,S-019,2026-08-10,2026-08-10,0,80281,False,93,0,97
OP-1736,2026-07-31,S-007,2026-08-03,2026-08-04,1,40948,False,91,6,92
OP-2628,2026-07-31,S-036,2026-08-10,2026-08-16,6,468544,True,65,51,83
OP-2159,2026-07-31,S-016,2026-08-08,2026-08-08,0,480308,False,94,0,94
OP-0776,2026-08-01,S-035,2026-08-12,2026-08-12,0,392714,False,97,0,96
OP-0327,2026-08-01,S-036,2026-08-11,2026-08-11,0,414310,False,90,0,95
OP-1232,2026-08-01,S-038,2026-08-16,2026-08-16,0,293774,False,95,0,98
OP-0991,2026-08-01,S-006,2026-08-13,2026-08-13,0,326183,False,93,0,96
OP-0994,2026-08-01,S-007,2026-08-04,2026-08-05,1,281525,False,89,8,95
OP-0182,2026-08-01,S-005,2026-08-08,2026-08-09,1,411650,False,93,9,88
OP-0225,2026-08-01,S-003,2026-08-11,2026-08-13,2,151807,False,86,16,95
OP-1435,2026-08-01,S-033,2026-08-06,2026-08-06,0,237066,False,95,0,99
OP-2302,2026-08-01,S-041,2026-08-07,2026-08-11,4,294509,True,76,31,81
OP-1957,2026-08-01,S-022,2026-08-07,2026-08-08,1,95352,False,88,8,91
OP-0098,2026-08-01,S-025,2026-08-08,2026-08-08,0,223036,False,95,0,97
OP-0231,2026-08-01,S-033,2026-08-06,2026-08-06,0,410327,False,94,0,90
OP-2539,2026-08-01,S-013,2026-08-05,2026-08-05,0,76323,False,94,0,95
OP-2541,2026-08-01,S-002,2026-08-14,2026-08-14,0,352392,False,95,0,87
OP-0648,2026-08-01,S-015,2026-08-09,2026-08-09,0,247789,False,96,0,98
OP-2368,2026-08-01,S-033,2026-08-06,2026-08-19,13,115437,True,30,101,70
OP-0719,2026-08-01,S-003,2026-08-11,2026-08-15,4,455577,True,72,32,90
OP-2381,2026-08-01,S-029,2026-08-11,2026-08-15,4,208880,True,74,30,84
OP-2160,2026-08-01,S-019,2026-08-11,2026-08-11,0,413118,False,95,0,95
OP-2396,2026-08-01,S-014,2026-08-09,2026-08-12,3,396194,True,78,24,93
OP-0101,2026-08-01,S-013,2026-08-05,2026-08-05,0,36433,False,92,0,94
OP-2196,2026-08-01,S-017,2026-08-15,2026-08-15,0,48248,False,94,0,94
OP-1028,2026-08-01,S-035,2026-08-12,2026-08-12,0,214706,False,93,0,93
OP-2622,2026-08-01,S-013,2026-08-05,2026-08-08,3,40583,True,77,23,93
OP-0287,2026-08-01,S-017,2026-08-15,2026-08-15,0,102943,False,96,0,88
OP-2570,2026-08-01,S-037,2026-08-09,2026-08-10,1,314196,False,90,8,94
OP-0728,2026-08-01,S-016,2026-08-09,2026-08-09,0,188630,False,96,0,90
OP-1137,2026-08-01,S-005,2026-08-08,2026-08-08,0,353660,False,91,0,95
OP-0503,2026-08-01,S-002,2026-08-14,2026-08-14,0,450572,False,93,0,95
OP-2099,2026-08-01,S-044,2026-08-05,2026-08-07,2,210460,False,85,13,89
OP-2455,2026-08-01,S-017,2026-08-15,2026-08-22,7,150112,True,62,56,86
OP-1527,2026-08-01,S-017,2026-08-15,2026-08-15,0,185372,False,96,0,99
OP-1284,2026-08-01,S-002,2026-08-14,2026-08-25,11,251513,True,40,88,72
OP-1672,2026-08-01,S-032,2026-08-14,2026-08-14,0,459896,False,95,0,95
OP-1271,2026-08-01,S-014,2026-08-09,2026-08-09,0,359569,False,95,0,94
OP-2478,2026-08-01,S-017,2026-08-15,2026-08-15,0,209725,False,96,0,93
OP-0811,2026-08-01,S-018,2026-08-10,2026-08-11,1,300055,False,89,10,93
OP-1391,2026-08-01,S-036,2026-08-11,2026-08-11,0,428441,False,93,0,92
OP-2991,2026-08-02,S-043,2026-08-11,2026-08-11,0,251260,False,96,0,100
OP-2264,2026-08-02,S-027,2026-08-05,2026-08-09,4,64489,True,76,32,87
OP-1840,2026-08-02,S-004,2026-08-07,2026-08-08,1,114606,False,87,9,94
OP-0551,2026-08-02,S-003,2026-08-12,2026-08-12,0,78155,False,90,0,93
OP-2461,2026-08-02,S-032,2026-08-15,2026-08-15,0,205478,False,94,0,93
OP-1630,2026-08-02,S-025,2026-08-09,2026-08-09,0,226737,False,95,0,96
OP-1083,2026-08-02,S-028,2026-08-05,2026-08-06,1,224650,False,90,8,89
OP-2247,2026-08-02,S-038,2026-08-17,2026-08-17,0,401910,False,97,0,93
OP-0555,2026-08-02,S-047,2026-08-14,2026-08-14,0,350051,False,93,0,96
OP-1233,2026-08-02,S-018,2026-08-11,2026-08-11,0,205701,False,94,0,97
OP-0606,2026-08-02,S-044,2026-08-06,2026-08-06,0,378211,False,95,0,94
OP-0929,2026-08-02,S-015,2026-08-10,2026-08-10,0,443084,False,96,0,93
OP-1758,2026-08-02,S-037,2026-08-10,2026-08-10,0,257471,False,97,0,93
OP-2834,2026-08-02,S-024,2026-08-12,2026-08-28,16,118425,True,17,127,58
OP-2564,2026-08-02,S-032,2026-08-15,2026-08-15,0,347812,False,94,0,95
OP-1549,2026-08-02,S-004,2026-08-07,2026-08-08,1,11750,False,87,9,96
OP-2038,2026-08-02,S-018,2026-08-11,2026-08-11,0,466657,False,96,0,93
OP-1169,2026-08-02,S-024,2026-08-12,2026-08-12,0,332420,False,97,0,95
OP-1992,2026-08-02,S-033,2026-08-07,2026-08-14,7,187273,True,60,54,86
OP-0527,2026-08-02,S-021,2026-08-14,2026-08-15,1,341285,False,89,8,92
OP-1061,2026-08-02,S-022,2026-08-08,2026-08-09,1,46802,False,92,8,91
OP-1529,2026-08-02,S-040,2026-08-07,2026-08-07,0,27588,False,96,0,93
OP-1824,2026-08-02,S-021,2026-08-14,2026-08-14,0,470177,False,95,0,99
OP-1067,2026-08-02,S-011,2026-08-17,2026-08-18,1,365578,False,90,8,94
OP-0090,2026-08-02,S-012,2026-08-12,2026-08-12,0,386767,False,97,0,99
OP-1597,2026-08-02,S-046,2026-08-08,2026-08-08,0,141935,False,94,0,94
OP-2820,2026-08-02,S-030,2026-08-09,2026-08-14,5,309321,True,69,39,82
OP-1131,2026-08-02,S-038,2026-08-17,2026-08-17,0,276688,False,94,0,93
OP-1966,2026-08-02,S-050,2026-08-16,2026-08-16,0,146301,False,93,0,95
OP-2815,2026-08-02,S-031,2026-08-11,2026-08-12,1,162357,False,92,8,94
OP-2665,2026-08-03,S-003,2026-08-13,2026-08-13,0,484972,False,99,0,96
OP-0118,2026-08-03,S-017,2026-08-17,2026-08-18,1,166561,False,90,9,96
OP-1490,2026-08-03,S-048,2026-08-16,2026-08-16,0,108514,False,94,0,98
OP-1795,2026-08-03,S-037,2026-08-11,2026-08-19,8,364903,True,55,64,79
OP-1901,2026-08-03,S-021,2026-08-15,2026-08-16,1,270659,False,86,8,93
OP-0586,2026-08-03,S-002,2026-08-16,2026-08-16,0,27147,False,93,0,97
OP-0020,2026-08-03,S-011,2026-08-18,2026-08-18,0,206438,False,96,0,91
OP-2972,2026-08-03,S-039,2026-08-15,2026-08-15,0,232617,False,97,0,93
OP-2051,2026-08-03,S-019,2026-08-13,2026-08-13,0,462924,False,93,0,96
OP-1665,2026-08-03,S-018,2026-08-12,2026-08-12,0,205287,False,93,0,96
OP-2100,2026-08-03,S-015,2026-08-11,2026-08-11,0,191538,False,95,0,95
OP-1869,2026-08-03,S-012,2026-08-13,2026-08-13,0,368544,False,93,0,95
OP-0997,2026-08-03,S-034,2026-08-06,2026-08-07,1,16122,False,89,8,93
OP-0907,2026-08-03,S-038,2026-08-18,2026-08-18,0,173778,False,95,0,93
OP-2068,2026-08-03,S-001,2026-08-12,2026-08-20,8,13438,True,53,62,81
OP-0729,2026-08-03,S-036,2026-08-13,2026-08-13,0,114807,False,95,0,96
OP-2412,2026-08-03,S-033,2026-08-08,2026-08-08,0,283478,False,94,0,100
OP-0720,2026-08-03,S-010,2026-08-08,2026-08-08,0,331577,False,91,0,92
OP-1564,2026-08-03,S-041,2026-08-09,2026-08-10,1,119474,False,89,12,91
OP-2701,2026-08-03,S-038,2026-08-18,2026-08-18,0,388559,False,95,0,89
OP-1437,2026-08-03,S-032,2026-08-16,2026-08-17,1,433328,False,90,7,92
OP-0107,2026-08-03,S-026,2026-08-18,2026-08-18,0,395354,False,96,0,91
OP-1265,2026-08-03,S-025,2026-08-10,2026-08-11,1,479415,False,90,8,92
OP-2562,2026-08-03,S-004,2026-08-08,2026-08-18,10,308397,True,46,80,77
OP-1118,2026-08-03,S-022,2026-08-09,2026-08-09,0,64364,False,92,0,98
OP-0359,2026-08-03,S-041,2026-08-09,2026-08-09,0,455713,False,98,0,84
OP-2841,2026-08-03,S-003,2026-08-13,2026-08-16,3,475241,True,79,26,89
OP-2680,2026-08-03,S-050,2026-08-17,2026-08-17,0,437325,False,95,0,96
OP-0795,2026-08-03,S-003,2026-08-13,2026-08-14,1,418553,False,91,8,90
OP-1628,2026-08-03,S-031,2026-08-12,2026-08-12,0,93821,False,92,0,96
OP-0488,2026-08-03,S-034,2026-08-06,2026-08-06,0,291224,False,95,0,91
OP-1959,2026-08-03,S-043,2026-08-12,2026-08-29,17,161911,True,15,137,61
OP-1573,2026-08-03,S-046,2026-08-09,2026-08-09,0,262268,False,92,0,92
OP-1446,2026-08-03,S-020,2026-08-13,2026-08-13,0,378253,False,94,0,96
OP-1829,2026-08-03,S-013,2026-08-07,2026-08-07,0,298579,False,95,0,97
OP-1944,2026-08-03,S-044,2026-08-07,2026-08-08,1,97827,False,95,11,86
OP-2957,2026-08-04,S-027,2026-08-07,2026-08-12,5,27044,True,72,40,84
OP-2961,2026-08-04,S-033,2026-08-09,2026-08-12,3,97120,True,78,24,90
OP-2970,2026-08-04,S-011,2026-08-19,2026-08-19,0,478074,False,92,0,98
OP-0391,2026-08-04,S-021,2026-08-16,2026-08-16,0,303932,False,95,0,98
OP-0885,2026-08-04,S-045,2026-08-10,2026-08-11,1,60291,False,91,8,92
OP-2978,2026-08-04,S-046,2026-08-10,2026-08-11,1,295651,False,88,4,93
OP-0442,2026-08-04,S-032,2026-08-17,2026-08-20,3,239993,True,80,24,87
OP-1716,2026-08-04,S-007,2026-08-07,2026-08-07,0,182448,False,94,0,95
OP-2493,2026-08-04,S-020,2026-08-14,2026-08-17,3,354693,True,78,24,86
OP-2218,2026-08-04,S-049,2026-08-17,2026-08-17,0,329197,False,94,0,93
OP-2762,2026-08-04,S-018,2026-08-13,2026-08-23,10,346977,True,42,80,76
OP-2092,2026-08-04,S-047,2026-08-16,2026-08-16,0,443240,False,91,0,93
OP-2590,2026-08-04,S-001,2026-08-13,2026-08-16,3,413480,True,80,27,92
OP-1520,2026-08-04,S-028,2026-08-07,2026-08-09,2,310485,False,85,16,88
OP-1356,2026-08-04,S-023,2026-08-16,2026-08-16,0,337296,False,93,0,97
OP-0611,2026-08-04,S-013,2026-08-08,2026-08-09,1,392216,False,92,7,93
OP-0499,2026-08-04,S-010,2026-08-09,2026-08-09,0,381812,False,93,0,96
OP-1001,2026-08-04,S-025,2026-08-11,2026-08-11,0,94225,False,96,0,95
OP-2338,2026-08-04,S-017,2026-08-18,2026-08-18,0,426091,False,96,0,90
OP-0278,2026-08-04,S-028,2026-08-07,2026-08-07,0,374200,False,97,0,93
OP-1308,2026-08-04,S-021,2026-08-16,2026-08-22,6,479976,True,67,48,84
OP-2719,2026-08-04,S-022,2026-08-10,2026-08-11,1,68364,False,86,10,99
OP-1930,2026-08-04,S-029,2026-08-14,2026-08-14,0,329068,False,97,0,93
OP-1300,2026-08-04,S-030,2026-08-11,2026-08-11,0,217458,False,94,0,96
OP-1917,2026-08-04,S-032,2026-08-17,2026-08-18,1,273172,False,90,8,94
OP-0552,2026-08-04,S-019,2026-08-14,2026-08-14,0,210890,False,91,0,90
OP-0783,2026-08-04,S-032,2026-08-17,2026-08-17,0,490780,False,91,0,98
OP-2521,2026-08-04,S-005,2026-08-11,2026-08-17,6,34563,True,62,50,79
OP-0364,2026-08-04,S-045,2026-08-10,2026-08-11,1,168769,False,92,6,90
OP-0913,2026-08-04,S-006,2026-08-16,2026-08-16,0,24513,False,91,0,96
OP-0106,2026-08-04,S-002,2026-08-17,2026-08-17,0,177732,False,93,0,92
OP-2216,2026-08-04,S-039,2026-08-16,2026-08-16,0,36609,False,90,0,100
OP-0227,2026-08-04,S-014,2026-08-12,2026-08-12,0,88205,False,96,0,100
OP-0687,2026-08-04,S-036,2026-08-14,2026-08-14,0,428360,False,94,0,98
OP-1079,2026-08-05,S-036,2026-08-15,2026-08-15,0,421028,False,97,0,94
OP-0095,2026-08-05,S-019,2026-08-15,2026-08-15,0,158481,False,93,0,93
OP-2651,2026-08-05,S-034,2026-08-08,2026-08-08,0,484400,False,93,0,94
OP-0091,2026-08-05,S-039,2026-08-17,2026-08-17,0,338490,False,96,0,97
OP-0023,2026-08-05,S-026,2026-08-20,2026-08-20,0,226205,False,97,0,96
OP-0871,2026-08-05,S-042,2026-08-19,2026-08-19,0,133322,False,97,0,93
OP-2736,2026-08-05,S-034,2026-08-08,2026-08-08,0,488671,False,92,0,94
OP-2753,2026-08-05,S-043,2026-08-14,2026-08-14,0,461530,False,97,0,91
OP-1181,2026-08-05,S-046,2026-08-11,2026-08-11,0,486890,False,98,0,97
OP-0946,2026-08-05,S-047,2026-08-17,2026-08-18,1,75902,False,92,8,92
OP-2531,2026-08-05,S-002,2026-08-18,2026-08-19,1,141467,False,89,8,90
OP-1194,2026-08-05,S-021,2026-08-17,2026-08-18,1,80982,False,92,8,97
OP-2862,2026-08-05,S-005,2026-08-12,2026-08-13,1,159014,False,86,9,92
OP-0140,2026-08-05,S-033,2026-08-10,2026-08-10,0,376657,False,98,0,95
OP-2937,2026-08-05,S-032,2026-08-18,2026-08-24,6,158044,True,65,49,79
OP-2502,2026-08-05,S-032,2026-08-18,2026-08-18,0,288325,False,96,0,96
OP-0688,2026-08-05,S-020,2026-08-15,2026-08-15,0,226500,False,92,0,92
OP-0803,2026-08-05,S-012,2026-08-15,2026-08-16,1,23550,False,87,11,94
OP-1924,2026-08-05,S-026,2026-08-20,2026-08-20,0,285696,False,96,0,100
OP-1733,2026-08-05,S-019,2026-08-15,2026-08-15,0,46374,False,96,0,96
OP-1535,2026-08-05,S-050,2026-08-19,2026-08-19,0,337159,False,93,0,92
OP-2047,2026-08-05,S-028,2026-08-08,2026-08-08,0,73361,False,94,0,95
OP-2155,2026-08-05,S-034,2026-08-08,2026-08-08,0,33323,False,96,0,99
OP-1546,2026-08-05,S-028,2026-08-08,2026-08-08,0,194509,False,94,0,96
OP-1547,2026-08-05,S-013,2026-08-09,2026-08-09,0,488968,False,97,0,99
OP-2405,2026-08-05,S-016,2026-08-13,2026-08-13,0,339696,False,93,0,93
OP-1266,2026-08-05,S-040,2026-08-10,2026-08-10,0,277344,False,95,0,94
OP-1718,2026-08-05,S-010,2026-08-10,2026-08-10,0,419739,False,95,0,91
OP-1673,2026-08-05,S-025,2026-08-12,2026-08-12,0,374554,False,95,0,94
OP-2195,2026-08-05,S-031,2026-08-14,2026-08-14,0,231901,False,92,0,91
OP-0246,2026-08-05,S-022,2026-08-11,2026-08-11,0,295839,False,99,0,95
OP-2349,2026-08-05,S-043,2026-08-14,2026-08-14,0,181921,False,97,0,90
OP-1662,2026-08-05,S-046,2026-08-11,2026-08-11,0,460224,False,96,0,94
OP-0848,2026-08-05,S-017,2026-08-19,2026-08-26,7,231004,True,59,56,80
OP-2222,2026-08-05,S-014,2026-08-13,2026-08-13,0,442633,False,96,0,93
OP-1623,2026-08-05,S-025,2026-08-12,2026-08-13,1,97051,False,91,9,94
OP-1864,2026-08-05,S-023,2026-08-17,2026-08-17,0,392898,False,96,0,94
OP-2249,2026-08-05,S-025,2026-08-12,2026-08-12,0,119253,False,93,0,97
OP-1904,2026-08-05,S-033,2026-08-10,2026-08-19,9,12225,True,50,73,73
OP-1360,2026-08-05,S-034,2026-08-08,2026-08-08,0,293503,False,94,0,94
OP-2301,2026-08-05,S-014,2026-08-13,2026-08-13,0,432755,False,93,0,90
OP-0203,2026-08-05,S-018,2026-08-14,2026-08-14,0,485768,False,96,0,99
OP-2244,2026-08-05,S-024,2026-08-15,2026-08-15,0,255944,False,94,0,90
OP-1882,2026-08-05,S-019,2026-08-15,2026-08-15,0,87037,False,96,0,98
OP-1729,2026-08-05,S-035,2026-08-16,2026-08-18,2,133027,False,87,15,92
OP-0592,2026-08-05,S-046,2026-08-11,2026-08-12,1,176983,False,91,7,92
OP-1745,2026-08-06,S-044,2026-08-10,2026-08-10,0,229939,False,94,0,92
OP-2724,2026-08-06,S-037,2026-08-14,2026-08-14,0,335900,False,93,0,98
OP-0600,2026-08-06,S-026,2026-08-21,2026-08-21,0,363230,False,93,0,88
OP-1715,2026-08-06,S-012,2026-08-16,2026-08-16,0,11896,False,97,0,96
OP-0641,2026-08-06,S-002,2026-08-19,2026-08-19,0,51871,False,92,0,97
OP-1201,2026-08-06,S-044,2026-08-10,2026-08-10,0,331786,False,93,0,95
OP-0547,2026-08-06,S-043,2026-08-15,2026-08-15,0,174811,False,94,0,98
OP-2310,2026-08-06,S-019,2026-08-16,2026-08-16,0,394844,False,96,0,96
OP-1144,2026-08-06,S-013,2026-08-10,2026-08-10,0,87270,False,96,0,94
OP-0799,2026-08-06,S-048,2026-08-19,2026-09-01,13,101086,True,28,104,69
OP-0745,2026-08-06,S-017,2026-08-20,2026-08-20,0,86835,False,98,0,91
OP-1689,2026-08-06,S-039,2026-08-18,2026-08-18,0,307898,False,92,0,100
OP-0376,2026-08-06,S-008,2026-08-21,2026-08-22,1,103068,False,88,6,93
OP-1226,2026-08-06,S-045,2026-08-12,2026-08-13,1,429310,False,92,8,93
OP-2484,2026-08-06,S-028,2026-08-09,2026-08-13,4,392131,True,75,33,87
OP-2878,2026-08-06,S-031,2026-08-15,2026-08-15,0,214129,False,93,0,94
OP-1250,2026-08-06,S-050,2026-08-20,2026-08-20,0,433891,False,98,0,93
OP-2997,2026-08-06,S-011,2026-08-21,2026-08-21,0,419130,False,100,0,95
OP-0892,2026-08-06,S-032,2026-08-19,2026-08-19,0,482493,False,96,0,95
OP-2772,2026-08-06,S-023,2026-08-18,2026-08-19,1,179031,False,91,10,94
OP-0612,2026-08-06,S-043,2026-08-15,2026-08-16,1,72294,False,90,8,89
OP-2496,2026-08-06,S-043,2026-08-15,2026-08-15,0,302344,False,98,0,98
OP-2472,2026-08-06,S-038,2026-08-21,2026-08-21,0,457085,False,91,0,91
OP-0623,2026-08-06,S-016,2026-08-14,2026-08-14,0,419597,False,92,0,92
OP-2064,2026-08-06,S-002,2026-08-19,2026-08-19,0,303767,False,96,0,99
OP-0694,2026-08-06,S-022,2026-08-12,2026-08-12,0,198568,False,93,0,89
OP-1898,2026-08-06,S-013,2026-08-10,2026-08-10,0,166972,False,95,0,97
OP-1170,2026-08-07,S-038,2026-08-22,2026-08-22,0,17354,False,96,0,94
OP-0411,2026-08-07,S-043,2026-08-16,2026-08-17,1,322341,False,89,6,96
OP-0205,2026-08-07,S-031,2026-08-16,2026-08-16,0,174473,False,94,0,94
OP-1798,2026-08-07,S-035,2026-08-18,2026-08-18,0,274056,False,96,0,88
OP-0369,2026-08-07,S-001,2026-08-16,2026-08-16,0,390125,False,93,0,91
OP-2890,2026-08-07,S-049,2026-08-20,2026-08-20,0,88669,False,96,0,95
OP-0894,2026-08-07,S-008,2026-08-22,2026-08-22,0,200619,False,93,0,96
OP-2292,2026-08-07,S-036,2026-08-17,2026-08-17,0,243435,False,98,0,91
OP-0375,2026-08-07,S-015,2026-08-15,2026-08-16,1,410997,False,92,8,92
OP-1160,2026-08-07,S-048,2026-08-20,2026-08-20,0,326455,False,94,0,95
OP-0821,2026-08-07,S-041,2026-08-13,2026-08-13,0,361928,False,97,0,97
OP-2851,2026-08-07,S-030,2026-08-14,2026-08-14,0,298236,False,95,0,95
OP-1095,2026-08-07,S-035,2026-08-18,2026-08-18,0,364111,False,94,0,96
OP-1611,2026-08-07,S-043,2026-08-16,2026-08-16,0,381076,False,92,0,91
OP-2194,2026-08-07,S-049,2026-08-20,2026-08-21,1,441502,False,94,8,88
OP-0341,2026-08-07,S-008,2026-08-22,2026-08-26,4,473849,True,73,33,81
OP-2933,2026-08-07,S-002,2026-08-20,2026-08-20,0,191169,False,93,0,95
OP-0824,2026-08-07,S-018,2026-08-16,2026-08-16,0,161183,False,94,0,97
OP-2174,2026-08-07,S-022,2026-08-13,2026-08-14,1,188174,False,92,9,87
OP-2152,2026-08-07,S-043,2026-08-16,2026-08-16,0,494126,False,96,0,97
OP-2149,2026-08-07,S-026,2026-08-22,2026-08-25,3,329530,True,78,20,85
OP-2768,2026-08-07,S-007,2026-08-10,2026-08-11,1,62000,False,91,9,89
OP-2143,2026-08-07,S-014,2026-08-15,2026-08-15,0,428085,False,92,0,94
OP-2711,2026-08-07,S-018,2026-08-16,2026-08-16,0,311510,False,95,0,89
OP-1501,2026-08-07,S-024,2026-08-17,2026-09-04,18,233955,True,1,144,61
OP-2088,2026-08-07,S-012,2026-08-17,2026-08-17,0,427308,False,95,0,96
OP-0689,2026-08-07,S-001,2026-08-16,2026-08-17,1,103205,False,93,8,96
OP-2162,2026-08-07,S-048,2026-08-20,2026-08-20,0,401382,False,95,0,94
OP-2532,2026-08-07,S-012,2026-08-17,2026-08-19,2,152818,False,80,14,90
OP-0184,2026-08-07,S-005,2026-08-14,2026-08-14,0,115237,False,93,0,96
OP-2443,2026-08-07,S-017,2026-08-21,2026-08-21,0,460177,False,97,0,95
OP-2382,2026-08-07,S-006,2026-08-19,2026-08-19,0,223447,False,93,0,94
OP-2546,2026-08-07,S-003,2026-08-17,2026-08-18,1,69225,False,89,9,90
OP-2438,2026-08-07,S-023,2026-08-19,2026-08-27,8,56403,True,56,64,79
OP-1658,2026-08-08,S-039,2026-08-20,2026-08-20,0,385277,False,93,0,95
OP-0212,2026-08-08,S-030,2026-08-15,2026-08-15,0,393670,False,95,0,97
OP-1911,2026-08-08,S-026,2026-08-23,2026-09-14,22,146484,True,0,177,50
OP-0289,2026-08-08,S-003,2026-08-18,2026-08-18,0,193993,False,93,0,90
OP-1498,2026-08-08,S-008,2026-08-23,2026-08-23,0,273064,False,91,0,96
OP-2729,2026-08-08,S-023,2026-08-20,2026-08-20,0,391462,False,94,0,95
OP-1496,2026-08-08,S-046,2026-08-14,2026-08-14,0,416571,False,99,0,96
OP-0398,2026-08-08,S-025,2026-08-15,2026-08-16,1,452350,False,93,11,92
OP-2181,2026-08-08,S-035,2026-08-19,2026-08-19,0,304733,False,96,0,97
OP-1811,2026-08-08,S-001,2026-08-17,2026-08-26,9,286146,True,49,72,78
OP-2956,2026-08-08,S-031,2026-08-17,2026-08-18,1,426174,False,87,8,95
OP-0733,2026-08-08,S-001,2026-08-17,2026-08-17,0,467720,False,97,0,97
OP-1063,2026-08-08,S-038,2026-08-23,2026-08-24,1,295804,False,88,8,88
OP-1147,2026-08-08,S-022,2026-08-14,2026-08-29,15,244950,True,20,121,65
OP-1812,2026-08-08,S-003,2026-08-18,2026-08-18,0,242624,False,97,0,92
OP-2678,2026-08-08,S-045,2026-08-14,2026-08-14,0,397894,False,95,0,93
OP-2887,2026-08-08,S-016,2026-08-16,2026-08-16,0,102566,False,95,0,92
OP-1470,2026-08-08,S-026,2026-08-23,2026-08-23,0,456139,False,94,0,89
OP-2559,2026-08-08,S-026,2026-08-23,2026-08-23,0,329803,False,96,0,93
OP-1388,2026-08-08,S-009,2026-08-20,2026-08-20,0,149418,False,95,0,93
OP-2835,2026-08-08,S-022,2026-08-14,2026-08-15,1,335393,False,85,6,87
OP-1593,2026-08-08,S-021,2026-08-20,2026-08-20,0,490544,False,96,0,97
OP-2344,2026-08-08,S-029,2026-08-18,2026-08-19,1,72266,False,86,8,93
OP-2227,2026-08-08,S-018,2026-08-17,2026-08-17,0,75377,False,94,0,99
OP-0008,2026-08-08,S-005,2026-08-15,2026-08-19,4,30742,True,78,31,85
OP-1979,2026-08-08,S-050,2026-08-22,2026-08-23,1,180911,False,92,6,92
OP-1528,2026-08-08,S-005,2026-08-15,2026-08-15,0,245268,False,93,0,100
OP-2633,2026-08-08,S-013,2026-08-12,2026-08-12,0,172092,False,96,0,95
OP-0452,2026-08-08,S-010,2026-08-13,2026-08-13,0,270479,False,94,0,100
OP-2021,2026-08-08,S-004,2026-08-13,2026-08-22,9,33810,True,47,72,78
OP-1004,2026-08-08,S-027,2026-08-11,2026-08-11,0,447580,False,99,0,94
OP-1006,2026-08-08,S-036,2026-08-18,2026-08-18,0,278800,False,90,0,97
OP-2807,2026-08-08,S-034,2026-08-11,2026-08-11,0,311618,False,95,0,92
OP-0242,2026-08-09,S-014,2026-08-17,2026-08-26,9,162269,True,49,72,80
OP-2884,2026-08-09,S-037,2026-08-17,2026-08-17,0,193972,False,92,0,95
OP-2634,2026-08-09,S-023,2026-08-21,2026-08-21,0,183467,False,96,0,92
OP-2649,2026-08-09,S-028,2026-08-12,2026-08-12,0,460007,False,97,0,90
OP-0558,2026-08-09,S-034,2026-08-12,2026-08-13,1,282085,False,88,8,94
OP-1107,2026-08-09,S-015,2026-08-17,2026-08-17,0,338453,False,94,0,92
OP-2668,2026-08-09,S-009,2026-08-21,2026-08-21,0,471673,False,94,0,92
OP-1230,2026-08-09,S-007,2026-08-12,2026-08-13,1,26867,False,87,10,86
OP-1397,2026-08-09,S-014,2026-08-17,2026-08-17,0,93355,False,96,0,92
OP-2889,2026-08-09,S-045,2026-08-15,2026-09-10,26,101960,True,0,208,50
OP-1260,2026-08-09,S-018,2026-08-18,2026-08-19,1,276999,False,93,10,94
OP-2407,2026-08-09,S-025,2026-08-16,2026-08-16,0,196796,False,92,0,97
OP-1939,2026-08-09,S-001,2026-08-18,2026-08-18,0,325681,False,92,0,93
OP-1950,2026-08-09,S-018,2026-08-18,2026-08-18,0,479050,False,94,0,90
OP-0478,2026-08-09,S-030,2026-08-16,2026-08-17,1,411212,False,91,8,91
OP-0329,2026-08-09,S-030,2026-08-16,2026-08-16,0,455876,False,93,0,94
OP-2797,2026-08-09,S-021,2026-08-21,2026-08-21,0,455145,False,93,0,97
OP-2790,2026-08-09,S-050,2026-08-23,2026-08-23,0,14314,False,96,0,94
OP-2176,2026-08-09,S-037,2026-08-17,2026-08-17,0,335502,False,95,0,93
OP-1556,2026-08-09,S-024,2026-08-19,2026-08-19,0,229358,False,96,0,89
OP-0704,2026-08-09,S-045,2026-08-15,2026-08-20,5,260394,True,69,38,85
OP-1707,2026-08-09,S-023,2026-08-21,2026-08-21,0,295630,False,94,0,95
OP-1206,2026-08-09,S-038,2026-08-24,2026-08-24,0,254810,False,96,0,96
OP-2411,2026-08-09,S-028,2026-08-12,2026-08-12,0,187857,False,95,0,98
OP-0099,2026-08-09,S-024,2026-08-19,2026-08-19,0,239023,False,97,0,97
OP-1069,2026-08-09,S-023,2026-08-21,2026-08-21,0,464420,False,92,0,93
OP-0779,2026-08-09,S-017,2026-08-23,2026-08-23,0,20152,False,96,0,90
OP-0368,2026-08-09,S-027,2026-08-12,2026-08-15,3,75078,True,79,24,91
OP-2927,2026-08-09,S-050,2026-08-23,2026-08-23,0,216057,False,96,0,95
OP-1312,2026-08-09,S-026,2026-08-24,2026-09-02,9,471402,True,47,72,79
OP-1167,2026-08-09,S-047,2026-08-21,2026-08-21,0,330720,False,95,0,94
OP-1348,2026-08-09,S-033,2026-08-14,2026-08-20,6,143412,True,65,50,86
OP-2277,2026-08-09,S-003,2026-08-19,2026-08-23,4,188138,True,77,32,89
OP-1359,2026-08-09,S-015,2026-08-17,2026-08-22,5,38820,True,68,37,86
OP-2330,2026-08-09,S-046,2026-08-15,2026-08-15,0,345894,False,95,0,96
OP-1376,2026-08-09,S-006,2026-08-21,2026-08-21,0,158953,False,95,0,97
OP-0378,2026-08-09,S-019,2026-08-19,2026-08-19,0,493998,False,95,0,94
OP-2904,2026-08-09,S-014,2026-08-17,2026-08-17,0,394282,False,94,0,90
OP-0027,2026-08-09,S-033,2026-08-14,2026-08-19,5,382571,True,73,42,86
OP-0372,2026-08-10,S-022,2026-08-16,2026-08-16,0,426943,False,93,0,95
OP-0755,2026-08-10,S-028,2026-08-13,2026-08-13,0,49108,False,95,0,100
OP-0146,2026-08-10,S-039,2026-08-22,2026-08-22,0,411025,False,93,0,93
OP-2653,2026-08-10,S-003,2026-08-20,2026-08-20,0,274948,False,94,0,96
OP-1743,2026-08-10,S-022,2026-08-16,2026-08-16,0,88193,False,96,0,90
OP-2289,2026-08-10,S-022,2026-08-16,2026-08-16,0,446002,False,97,0,90
OP-2029,2026-08-10,S-045,2026-08-16,2026-09-02,17,319613,True,10,137,63
OP-0326,2026-08-10,S-025,2026-08-17,2026-08-17,0,380231,False,98,0,96
OP-2193,2026-08-10,S-042,2026-08-24,2026-08-24,0,167853,False,96,0,92
OP-0493,2026-08-10,S-008,2026-08-25,2026-08-30,5,235453,True,69,40,83
OP-0767,2026-08-10,S-016,2026-08-18,2026-08-18,0,57971,False,97,0,97
OP-0594,2026-08-10,S-032,2026-08-23,2026-08-24,1,235137,False,85,8,96
OP-1315,2026-08-10,S-020,2026-08-20,2026-08-20,0,462918,False,97,0,95
OP-2639,2026-08-10,S-037,2026-08-18,2026-08-18,0,353785,False,97,0,97
OP-1717,2026-08-10,S-015,2026-08-18,2026-08-18,0,110032,False,93,0,91
OP-2825,2026-08-10,S-027,2026-08-13,2026-08-13,0,401010,False,96,0,92
OP-1703,2026-08-10,S-043,2026-08-19,2026-08-19,0,333455,False,96,0,95
OP-1283,2026-08-10,S-045,2026-08-16,2026-08-17,1,353276,False,92,6,91
OP-1536,2026-08-10,S-007,2026-08-13,2026-08-13,0,434181,False,95,0,92
OP-2612,2026-08-10,S-016,2026-08-18,2026-08-19,1,492632,False,90,8,95
OP-0970,2026-08-10,S-010,2026-08-15,2026-08-15,0,434816,False,94,0,95
OP-0081,2026-08-10,S-025,2026-08-17,2026-08-17,0,375334,False,95,0,96
OP-1328,2026-08-10,S-017,2026-08-24,2026-08-24,0,463938,False,96,0,96
OP-2154,2026-08-11,S-043,2026-08-20,2026-08-20,0,457661,False,91,0,95
OP-2463,2026-08-11,S-004,2026-08-16,2026-08-17,1,223546,False,88,9,86
OP-0771,2026-08-11,S-031,2026-08-20,2026-08-20,0,43723,False,94,0,95
OP-1039,2026-08-11,S-026,2026-08-26,2026-08-27,1,401128,False,91,12,93
OP-0409,2026-08-11,S-036,2026-08-21,2026-09-12,22,65919,True,0,177,55
OP-2938,2026-08-11,S-031,2026-08-20,2026-08-21,1,17930,False,91,6,92
OP-0374,2026-08-11,S-008,2026-08-26,2026-08-30,4,347160,True,76,29,87
OP-0760,2026-08-11,S-021,2026-08-23,2026-08-23,0,416899,False,94,0,95
OP-2683,2026-08-11,S-019,2026-08-21,2026-08-26,5,81582,True,70,39,87
OP-1276,2026-08-11,S-016,2026-08-19,2026-08-19,0,431768,False,93,0,91
OP-2444,2026-08-11,S-033,2026-08-16,2026-08-16,0,214942,False,97,0,94
OP-1073,2026-08-11,S-041,2026-08-17,2026-08-18,1,174413,False,93,11,90
OP-1738,2026-08-11,S-039,2026-08-23,2026-08-23,0,379392,False,97,0,94
OP-2363,2026-08-11,S-011,2026-08-26,2026-08-26,0,259801,False,95,0,95
OP-0569,2026-08-11,S-032,2026-08-24,2026-08-24,0,53586,False,95,0,92
OP-0451,2026-08-11,S-023,2026-08-23,2026-08-23,0,478049,False,96,0,99
OP-2630,2026-08-11,S-018,2026-08-20,2026-08-20,0,58627,False,96,0,93
OP-1649,2026-08-11,S-037,2026-08-19,2026-08-20,1,441117,False,92,7,94
OP-0243,2026-08-11,S-045,2026-08-17,2026-08-17,0,426869,False,95,0,93
OP-1372,2026-08-11,S-001,2026-08-20,2026-08-20,0,457206,False,100,0,94
OP-1983,2026-08-11,S-008,2026-08-26,2026-08-26,0,432588,False,95,0,99
OP-2802,2026-08-11,S-013,2026-08-15,2026-08-15,0,444330,False,94,0,95
OP-2188,2026-08-11,S-016,2026-08-19,2026-08-19,0,429546,False,96,0,100
OP-0066,2026-08-11,S-049,2026-08-24,2026-08-24,0,481853,False,97,0,94
OP-2321,2026-08-11,S-037,2026-08-19,2026-08-19,0,440270,False,97,0,95
OP-0068,2026-08-11,S-012,2026-08-21,2026-08-21,0,43572,False,92,0,93
OP-1454,2026-08-12,S-017,2026-08-26,2026-08-26,0,493047,False,97,0,93
OP-2373,2026-08-12,S-003,2026-08-22,2026-08-22,0,196475,False,98,0,93
OP-0274,2026-08-12,S-015,2026-08-20,2026-08-20,0,184104,False,96,0,100
OP-2587,2026-08-12,S-045,2026-08-18,2026-08-18,0,276962,False,95,0,91
OP-2235,2026-08-12,S-018,2026-08-21,2026-08-22,1,170686,False,88,7,90
OP-2421,2026-08-12,S-050,2026-08-26,2026-08-26,0,465349,False,93,0,90
OP-1621,2026-08-12,S-034,2026-08-15,2026-08-15,0,102525,False,93,0,97
OP-2446,2026-08-12,S-017,2026-08-26,2026-08-26,0,304014,False,97,0,90
OP-0787,2026-08-12,S-025,2026-08-19,2026-08-19,0,209924,False,96,0,99
OP-0279,2026-08-12,S-040,2026-08-17,2026-08-17,0,211653,False,93,0,91
OP-2087,2026-08-12,S-003,2026-08-22,2026-08-22,0,321603,False,97,0,96
OP-2865,2026-08-12,S-040,2026-08-17,2026-09-10,24,101828,True,0,191,53
OP-0519,2026-08-12,S-005,2026-08-19,2026-08-19,0,208939,False,94,0,98
OP-1221,2026-08-12,S-020,2026-08-22,2026-08-22,0,37676,False,93,0,95
OP-1637,2026-08-12,S-032,2026-08-25,2026-09-01,7,89000,True,58,57,74
OP-2893,2026-08-12,S-018,2026-08-21,2026-08-21,0,470977,False,93,0,94
OP-1321,2026-08-12,S-013,2026-08-16,2026-08-16,0,366790,False,96,0,99
OP-0717,2026-08-12,S-025,2026-08-19,2026-08-19,0,108594,False,94,0,92
OP-0596,2026-08-12,S-033,2026-08-17,2026-08-17,0,288327,False,94,0,98
OP-2877,2026-08-12,S-007,2026-08-15,2026-08-24,9,307843,True,46,73,75
OP-2873,2026-08-12,S-018,2026-08-21,2026-08-22,1,103985,False,88,8,90
OP-1311,2026-08-12,S-046,2026-08-18,2026-08-18,0,147571,False,95,0,96
OP-1545,2026-08-12,S-050,2026-08-26,2026-08-26,0,489218,False,96,0,92
OP-2821,2026-08-12,S-046,2026-08-18,2026-08-18,0,259075,False,96,0,95
OP-0548,2026-08-12,S-039,2026-08-24,2026-08-24,0,493333,False,91,0,92
OP-2655,2026-08-12,S-036,2026-08-22,2026-08-22,0,56870,False,96,0,91
OP-0724,2026-08-12,S-006,2026-08-24,2026-08-26,2,296066,False,83,16,92
OP-0325,2026-08-12,S-022,2026-08-18,2026-08-18,0,302910,False,95,0,94
OP-0263,2026-08-12,S-012,2026-08-22,2026-09-04,13,54114,True,28,104,72
OP-2988,2026-08-12,S-050,2026-08-26,2026-08-26,0,406070,False,93,0,98
OP-1865,2026-08-12,S-011,2026-08-27,2026-08-27,0,154986,False,96,0,94
OP-1802,2026-08-12,S-014,2026-08-20,2026-08-21,1,237123,False,92,6,88
OP-2274,2026-08-12,S-019,2026-08-22,2026-08-22,0,24614,False,92,0,95
OP-1946,2026-08-13,S-031,2026-08-22,2026-09-12,21,303992,True,0,165,50
OP-0323,2026-08-13,S-013,2026-08-17,2026-08-17,0,234505,False,93,0,94
OP-0157,2026-08-13,S-039,2026-08-25,2026-08-26,1,378902,False,90,5,92
OP-2730,2026-08-13,S-029,2026-08-23,2026-08-23,0,197107,False,95,0,95
OP-1268,2026-08-13,S-036,2026-08-23,2026-08-24,1,145335,False,92,7,93
OP-0293,2026-08-13,S-031,2026-08-22,2026-08-23,1,338356,False,93,8,95
OP-1839,2026-08-13,S-038,2026-08-28,2026-08-28,0,274066,False,94,0,94
OP-0793,2026-08-13,S-038,2026-08-28,2026-08-28,0,175427,False,94,0,97
OP-1960,2026-08-13,S-030,2026-08-20,2026-08-20,0,200783,False,97,0,89
OP-1963,2026-08-13,S-038,2026-08-28,2026-08-28,0,178494,False,94,0,98
OP-1636,2026-08-13,S-045,2026-08-19,2026-08-19,0,173329,False,92,0,93
OP-2339,2026-08-13,S-032,2026-08-26,2026-08-26,0,402832,False,93,0,92
OP-2573,2026-08-13,S-031,2026-08-22,2026-08-22,0,153796,False,93,0,94
OP-0764,2026-08-13,S-025,2026-08-20,2026-08-20,0,245536,False,99,0,93
OP-2817,2026-08-13,S-049,2026-08-26,2026-08-26,0,261216,False,96,0,100
OP-2764,2026-08-13,S-007,2026-08-16,2026-08-16,0,140842,False,94,0,94
OP-1971,2026-08-13,S-046,2026-08-19,2026-08-19,0,28303,False,96,0,95
OP-1607,2026-08-13,S-048,2026-08-26,2026-09-02,7,382533,True,60,56,76
OP-2426,2026-08-13,S-012,2026-08-23,2026-08-24,1,54121,False,90,10,91
OP-2917,2026-08-13,S-042,2026-08-27,2026-08-27,0,382026,False,95,0,94
OP-1087,2026-08-13,S-044,2026-08-17,2026-08-17,0,54152,False,96,0,91
OP-0010,2026-08-13,S-036,2026-08-23,2026-08-23,0,461032,False,97,0,95
OP-1065,2026-08-13,S-050,2026-08-27,2026-08-27,0,491149,False,91,0,98
OP-1286,2026-08-13,S-013,2026-08-17,2026-08-17,0,25241,False,93,0,95
OP-0472,2026-08-13,S-005,2026-08-20,2026-08-20,0,359870,False,94,0,95
OP-2882,2026-08-13,S-035,2026-08-24,2026-08-31,7,67628,True,61,55,84
OP-0669,2026-08-13,S-020,2026-08-23,2026-08-23,0,224382,False,97,0,93
OP-1097,2026-08-13,S-006,2026-08-25,2026-08-25,0,222786,False,95,0,99
OP-2965,2026-08-13,S-034,2026-08-16,2026-08-16,0,106589,False,94,0,93
OP-0737,2026-08-13,S-002,2026-08-26,2026-08-27,1,313777,False,92,7,89
OP-2897,2026-08-13,S-036,2026-08-23,2026-08-23,0,372682,False,90,0,96
OP-0136,2026-08-13,S-004,2026-08-18,2026-08-18,0,446364,False,93,0,92
OP-1149,2026-08-13,S-004,2026-08-18,2026-08-19,1,283605,False,89,8,92
OP-1897,2026-08-13,S-016,2026-08-21,2026-08-21,0,409309,False,91,0,90
OP-2383,2026-08-13,S-019,2026-08-23,2026-08-23,0,50213,False,98,0,89
OP-1090,2026-08-13,S-002,2026-08-26,2026-08-26,0,237595,False,92,0,99
OP-0260,2026-08-13,S-010,2026-08-18,2026-08-18,0,53497,False,91,0,93
OP-2727,2026-08-14,S-006,2026-08-26,2026-08-27,1,416032,False,89,8,88
OP-2410,2026-08-14,S-036,2026-08-24,2026-08-25,1,66899,False,86,11,96
OP-2812,2026-08-14,S-038,2026-08-29,2026-08-29,0,383532,False,96,0,91
OP-2000,2026-08-14,S-029,2026-08-24,2026-08-25,1,416147,False,89,9,98
OP-1074,2026-08-14,S-012,2026-08-24,2026-08-24,0,290637,False,94,0,98
OP-2477,2026-08-14,S-029,2026-08-24,2026-08-24,0,89087,False,95,0,96
OP-0074,2026-08-14,S-026,2026-08-29,2026-08-30,1,163155,False,92,5,95
OP-2660,2026-08-14,S-033,2026-08-19,2026-08-26,7,370455,True,60,57,84
OP-0556,2026-08-14,S-003,2026-08-24,2026-08-24,0,230029,False,92,0,91
OP-1558,2026-08-14,S-021,2026-08-26,2026-08-26,0,71356,False,99,0,94
OP-0356,2026-08-14,S-008,2026-08-29,2026-09-10,12,454868,True,36,95,68
OP-0484,2026-08-14,S-026,2026-08-29,2026-08-29,0,233487,False,95,0,93
OP-0113,2026-08-14,S-049,2026-08-27,2026-08-27,0,457867,False,96,0,94
OP-0526,2026-08-14,S-024,2026-08-24,2026-08-24,0,499990,False,96,0,95
OP-2419,2026-08-14,S-027,2026-08-17,2026-08-17,0,291147,False,93,0,96
OP-1474,2026-08-14,S-007,2026-08-17,2026-08-17,0,43401,False,95,0,95
OP-0051,2026-08-14,S-025,2026-08-21,2026-08-22,1,348005,False,86,8,92
OP-2585,2026-08-14,S-037,2026-08-22,2026-08-22,0,317529,False,92,0,93
OP-0172,2026-08-14,S-045,2026-08-20,2026-08-20,0,23952,False,96,0,98
OP-0763,2026-08-14,S-034,2026-08-17,2026-08-17,0,220262,False,98,0,94
OP-1477,2026-08-14,S-021,2026-08-26,2026-08-26,0,69839,False,93,0,92
OP-0533,2026-08-14,S-007,2026-08-17,2026-08-20,3,445827,True,77,23,86
OP-1489,2026-08-14,S-027,2026-08-17,2026-08-17,0,209527,False,97,0,98
OP-2609,2026-08-14,S-032,2026-08-27,2026-08-31,4,433528,True,72,32,88
OP-1043,2026-08-14,S-022,2026-08-20,2026-08-20,0,181832,False,96,0,92
OP-0650,2026-08-14,S-050,2026-08-28,2026-08-28,0,212691,False,97,0,93
OP-1220,2026-08-14,S-042,2026-08-28,2026-09-06,9,461576,True,51,73,78
OP-0944,2026-08-15,S-005,2026-08-22,2026-08-22,0,463913,False,94,0,93
OP-1110,2026-08-15,S-049,2026-08-28,2026-08-30,2,13463,False,83,15,92
OP-1670,2026-08-15,S-040,2026-08-20,2026-08-22,2,424158,False,85,16,94
OP-1955,2026-08-15,S-048,2026-08-28,2026-08-28,0,10459,False,94,0,93
OP-0995,2026-08-15,S-041,2026-08-21,2026-08-21,0,475325,False,99,0,93
OP-1874,2026-08-15,S-036,2026-08-25,2026-09-07,13,485704,True,30,104,68
OP-1889,2026-08-15,S-030,2026-08-22,2026-08-22,0,49780,False,92,0,97
OP-2246,2026-08-15,S-027,2026-08-18,2026-08-20,2,376307,False,86,17,92
OP-1981,2026-08-15,S-044,2026-08-19,2026-08-19,0,471584,False,90,0,93
OP-2211,2026-08-15,S-022,2026-08-21,2026-08-21,0,439222,False,95,0,98
OP-1852,2026-08-15,S-048,2026-08-28,2026-08-28,0,498506,False,96,0,91
OP-0672,2026-08-15,S-022,2026-08-21,2026-08-21,0,209138,False,95,0,92
OP-0412,2026-08-15,S-045,2026-08-21,2026-08-21,0,12539,False,94,0,92
OP-0917,2026-08-15,S-038,2026-08-30,2026-08-30,0,270913,False,93,0,91
OP-0715,2026-08-15,S-002,2026-08-28,2026-08-28,0,164795,False,92,0,92
OP-0734,2026-08-15,S-038,2026-08-30,2026-08-30,0,265832,False,97,0,93
OP-0245,2026-08-15,S-015,2026-08-23,2026-08-27,4,357742,True,73,34,83
OP-2993,2026-08-15,S-042,2026-08-29,2026-08-29,0,246214,False,97,0,100
OP-0800,2026-08-15,S-019,2026-08-25,2026-08-25,0,21261,False,93,0,93
OP-1035,2026-08-15,S-043,2026-08-24,2026-08-24,0,392228,False,95,0,99
OP-2759,2026-08-15,S-007,2026-08-18,2026-08-18,0,49397,False,94,0,98
OP-1909,2026-08-15,S-007,2026-08-18,2026-08-20,2,384988,False,81,14,94
OP-0822,2026-08-15,S-030,2026-08-22,2026-08-22,0,21827,False,95,0,96
OP-2597,2026-08-15,S-040,2026-08-20,2026-08-20,0,110330,False,91,0,94
OP-2019,2026-08-15,S-046,2026-08-21,2026-08-21,0,370783,False,92,0,95
OP-1821,2026-08-15,S-005,2026-08-22,2026-09-05,14,267668,True,24,112,61
OP-1456,2026-08-15,S-048,2026-08-28,2026-08-28,0,462869,False,94,0,93
OP-2782,2026-08-15,S-049,2026-08-28,2026-08-28,0,469350,False,95,0,95
OP-1880,2026-08-15,S-025,2026-08-22,2026-08-22,0,171909,False,93,0,94
OP-2858,2026-08-15,S-012,2026-08-25,2026-08-25,0,479566,False,92,0,93
OP-1661,2026-08-15,S-011,2026-08-30,2026-08-30,0,470490,False,94,0,97
OP-0179,2026-08-15,S-043,2026-08-24,2026-08-24,0,336914,False,96,0,93
OP-0550,2026-08-15,S-020,2026-08-25,2026-08-25,0,353071,False,96,0,91
OP-0220,2026-08-15,S-031,2026-08-24,2026-08-24,0,462169,False,96,0,95
OP-1024,2026-08-16,S-029,2026-08-26,2026-08-26,0,488780,False,92,0,91
OP-1735,2026-08-16,S-027,2026-08-19,2026-08-20,1,157864,False,89,6,94
OP-2454,2026-08-16,S-036,2026-08-26,2026-08-26,0,137746,False,95,0,90
OP-2137,2026-08-16,S-044,2026-08-20,2026-08-20,0,260829,False,95,0,100
OP-1479,2026-08-16,S-040,2026-08-21,2026-08-24,3,318847,True,78,24,87
OP-2240,2026-08-16,S-042,2026-08-30,2026-09-08,9,386749,True,48,75,81
OP-0218,2026-08-16,S-003,2026-08-26,2026-08-26,0,282822,False,94,0,94
OP-2117,2026-08-16,S-048,2026-08-29,2026-08-29,0,269026,False,92,0,91
OP-1285,2026-08-16,S-025,2026-08-23,2026-08-25,2,38670,False,85,17,89
OP-2945,2026-08-16,S-001,2026-08-25,2026-08-25,0,135601,False,97,0,89
OP-0950,2026-08-16,S-024,2026-08-26,2026-08-26,0,140939,False,96,0,93
OP-0695,2026-08-16,S-033,2026-08-21,2026-08-21,0,391441,False,94,0,89
OP-1135,2026-08-16,S-009,2026-08-28,2026-09-13,16,334883,True,13,128,63
OP-2062,2026-08-16,S-039,2026-08-28,2026-08-28,0,86948,False,93,0,91
OP-2009,2026-08-16,S-049,2026-08-29,2026-08-29,0,488345,False,94,0,99
OP-0321,2026-08-16,S-023,2026-08-28,2026-08-28,0,342769,False,95,0,95
OP-2657,2026-08-16,S-046,2026-08-22,2026-08-22,0,341287,False,97,0,96
OP-2527,2026-08-16,S-026,2026-08-31,2026-09-02,2,32444,False,83,17,87
OP-0981,2026-08-16,S-026,2026-08-31,2026-09-10,10,35195,True,46,82,73
OP-2487,2026-08-16,S-015,2026-08-24,2026-08-24,0,258260,False,96,0,95
OP-1972,2026-08-16,S-019,2026-08-26,2026-08-26,0,69776,False,95,0,92
OP-0120,2026-08-16,S-033,2026-08-21,2026-08-31,10,123517,True,44,79,77
OP-2409,2026-08-16,S-019,2026-08-26,2026-08-27,1,259059,False,91,7,93
OP-0127,2026-08-16,S-006,2026-08-28,2026-09-02,5,38158,True,71,42,84
OP-0664,2026-08-16,S-008,2026-08-31,2026-08-31,0,294130,False,95,0,86
OP-0540,2026-08-16,S-021,2026-08-28,2026-08-30,2,130772,False,81,15,88
OP-2883,2026-08-16,S-003,2026-08-26,2026-08-28,2,257761,False,84,16,89
OP-1330,2026-08-16,S-049,2026-08-29,2026-08-29,0,205433,False,96,0,95
OP-1656,2026-08-16,S-025,2026-08-23,2026-08-23,0,426034,False,94,0,97
OP-2894,2026-08-17,S-033,2026-08-22,2026-08-24,2,301216,False,87,17,89
OP-1755,2026-08-17,S-029,2026-08-27,2026-08-27,0,382200,False,93,0,94
OP-0756,2026-08-17,S-043,2026-08-26,2026-08-27,1,362455,False,92,10,94
OP-0921,2026-08-17,S-041,2026-08-23,2026-08-24,1,472090,False,89,11,95
OP-0932,2026-08-17,S-027,2026-08-20,2026-08-20,0,315178,False,95,0,99
OP-0471,2026-08-17,S-040,2026-08-22,2026-08-22,0,226482,False,98,0,96
OP-1326,2026-08-17,S-031,2026-08-26,2026-08-26,0,419070,False,99,0,95
OP-1696,2026-08-17,S-024,2026-08-27,2026-08-27,0,332048,False,94,0,96
OP-1605,2026-08-17,S-035,2026-08-28,2026-09-21,24,38552,True,0,192,50
OP-2517,2026-08-17,S-030,2026-08-24,2026-08-31,7,281269,True,59,56,82
OP-0265,2026-08-17,S-043,2026-08-26,2026-08-26,0,393581,False,95,0,93
OP-1127,2026-08-17,S-019,2026-08-27,2026-08-28,1,194720,False,90,8,99
OP-2670,2026-08-17,S-048,2026-08-30,2026-08-31,1,66484,False,89,8,95
OP-1288,2026-08-17,S-036,2026-08-27,2026-09-03,7,482543,True,58,56,81
OP-0571,2026-08-17,S-007,2026-08-20,2026-08-30,10,394423,True,44,79,73
OP-0275,2026-08-17,S-033,2026-08-22,2026-08-25,3,456366,True,81,24,89
OP-2200,2026-08-17,S-033,2026-08-22,2026-08-23,1,410960,False,87,8,93
OP-0948,2026-08-17,S-023,2026-08-29,2026-08-29,0,77115,False,94,0,96
OP-2618,2026-08-17,S-016,2026-08-25,2026-08-25,0,13308,False,94,0,89
OP-0877,2026-08-17,S-031,2026-08-26,2026-08-26,0,389374,False,95,0,93
OP-0432,2026-08-17,S-033,2026-08-22,2026-08-24,2,216670,False,82,16,94
OP-1408,2026-08-17,S-034,2026-08-20,2026-08-20,0,22559,False,92,0,95
OP-0879,2026-08-17,S-037,2026-08-25,2026-08-28,3,154781,True,78,23,93
OP-2662,2026-08-17,S-038,2026-09-01,2026-09-02,1,58974,False,89,8,95
OP-0223,2026-08-17,S-005,2026-08-24,2026-08-24,0,358645,False,93,0,94
OP-0784,2026-08-17,S-043,2026-08-26,2026-08-26,0,411760,False,92,0,95
OP-1952,2026-08-17,S-036,2026-08-27,2026-08-27,0,257980,False,94,0,90
OP-1591,2026-08-17,S-009,2026-08-29,2026-08-29,0,488286,False,95,0,94
OP-0752,2026-08-17,S-030,2026-08-24,2026-09-11,18,276276,True,3,144,59
OP-0831,2026-08-17,S-025,2026-08-24,2026-08-25,1,380788,False,89,7,93
OP-1346,2026-08-17,S-011,2026-09-01,2026-09-04,3,417873,True,77,25,88
OP-0975,2026-08-17,S-024,2026-08-27,2026-08-27,0,462772,False,90,0,93
OP-2755,2026-08-17,S-023,2026-08-29,2026-08-29,0,465353,False,97,0,97
OP-2936,2026-08-17,S-034,2026-08-20,2026-08-20,0,38846,False,92,0,97
OP-1362,2026-08-18,S-046,2026-08-24,2026-08-24,0,275877,False,95,0,95
OP-2975,2026-08-18,S-046,2026-08-24,2026-09-03,10,225671,True,47,80,68
OP-0595,2026-08-18,S-012,2026-08-28,2026-08-28,0,412196,False,92,0,98
OP-0655,2026-08-18,S-006,2026-08-30,2026-09-08,9,53584,True,46,72,74
OP-1384,2026-08-18,S-042,2026-09-01,2026-09-16,15,168017,True,24,122,63
OP-2909,2026-08-18,S-025,2026-08-25,2026-08-25,0,64427,False,95,0,92
OP-1875,2026-08-18,S-022,2026-08-24,2026-08-27,3,109061,True,82,26,91
OP-1342,2026-08-18,S-048,2026-08-31,2026-08-31,0,302748,False,97,0,93
OP-2611,2026-08-18,S-038,2026-09-02,2026-09-03,1,208696,False,87,9,92
OP-1374,2026-08-18,S-015,2026-08-26,2026-08-27,1,245418,False,91,8,91
OP-0749,2026-08-18,S-026,2026-09-02,2026-09-03,1,201767,False,87,9,94
OP-1740,2026-08-18,S-030,2026-08-25,2026-08-25,0,404608,False,97,0,94
OP-1401,2026-08-18,S-019,2026-08-28,2026-08-28,0,391960,False,94,0,97
OP-2474,2026-08-18,S-038,2026-09-02,2026-09-02,0,235442,False,95,0,91
OP-0739,2026-08-18,S-039,2026-08-30,2026-08-30,0,495433,False,93,0,93
OP-2638,2026-08-18,S-030,2026-08-25,2026-08-25,0,249539,False,96,0,96
OP-0747,2026-08-18,S-041,2026-08-24,2026-08-24,0,473239,False,96,0,97
OP-0639,2026-08-18,S-015,2026-08-26,2026-08-26,0,206102,False,94,0,88
OP-2847,2026-08-18,S-018,2026-08-27,2026-08-27,0,447920,False,91,0,92
OP-0961,2026-08-18,S-041,2026-08-24,2026-08-25,1,481163,False,87,12,93
OP-1964,2026-08-18,S-024,2026-08-28,2026-08-30,2,104866,False,86,17,93
OP-0324,2026-08-18,S-030,2026-08-25,2026-08-25,0,177252,False,98,0,92
OP-1667,2026-08-18,S-026,2026-09-02,2026-09-02,0,452763,False,94,0,97
OP-0034,2026-08-18,S-024,2026-08-28,2026-08-30,2,368249,False,87,16,90
OP-2024,2026-08-18,S-031,2026-08-27,2026-08-27,0,245589,False,95,0,96
OP-1748,2026-08-18,S-037,2026-08-26,2026-08-27,1,203275,False,90,10,99
OP-1280,2026-08-18,S-047,2026-08-30,2026-08-30,0,319710,False,92,0,95
OP-1402,2026-08-18,S-033,2026-08-23,2026-08-23,0,209953,False,94,0,95
OP-0507,2026-08-18,S-044,2026-08-22,2026-08-22,0,310796,False,96,0,94
OP-1261,2026-08-18,S-049,2026-08-31,2026-08-31,0,198776,False,97,0,89
OP-0361,2026-08-18,S-030,2026-08-25,2026-08-25,0,254662,False,93,0,94
OP-1078,2026-08-18,S-009,2026-08-30,2026-09-01,2,492632,False,85,16,92
OP-2681,2026-08-18,S-005,2026-08-25,2026-08-26,1,369139,False,89,3,89
OP-1419,2026-08-18,S-046,2026-08-24,2026-08-24,0,190689,False,96,0,97
OP-0731,2026-08-18,S-044,2026-08-22,2026-08-22,0,82275,False,94,0,96
OP-2209,2026-08-18,S-002,2026-08-31,2026-08-31,0,203507,False,96,0,98
OP-0425,2026-08-18,S-023,2026-08-30,2026-08-30,0,317606,False,95,0,96
OP-0427,2026-08-19,S-001,2026-08-28,2026-08-28,0,204850,False,94,0,87
OP-0860,2026-08-19,S-015,2026-08-27,2026-08-29,2,90726,False,85,16,92
OP-2964,2026-08-19,S-004,2026-08-24,2026-09-02,9,318242,True,48,68,75
OP-1845,2026-08-19,S-002,2026-09-01,2026-09-15,14,460074,True,20,113,63
OP-1806,2026-08-19,S-020,2026-08-29,2026-08-30,1,12144,False,86,7,97
OP-0447,2026-08-19,S-046,2026-08-25,2026-08-25,0,108894,False,92,0,92
OP-0624,2026-08-19,S-039,2026-08-31,2026-08-31,0,192493,False,93,0,94
OP-0025,2026-08-19,S-020,2026-08-29,2026-09-09,11,95760,True,40,88,71
OP-1275,2026-08-19,S-024,2026-08-29,2026-08-29,0,236295,False,93,0,95
OP-2374,2026-08-19,S-030,2026-08-26,2026-08-26,0,464973,False,91,0,92
OP-2540,2026-08-19,S-049,2026-09-01,2026-09-01,0,473103,False,95,0,90
OP-0667,2026-08-19,S-026,2026-09-03,2026-09-03,0,320980,False,93,0,90
OP-0255,2026-08-19,S-048,2026-09-01,2026-09-01,0,260559,False,90,0,95
OP-2685,2026-08-19,S-015,2026-08-27,2026-08-27,0,440847,False,95,0,93
OP-2173,2026-08-19,S-046,2026-08-25,2026-08-25,0,490741,False,94,0,93
OP-0837,2026-08-19,S-008,2026-09-03,2026-09-03,0,102544,False,94,0,96
OP-1009,2026-08-19,S-003,2026-08-29,2026-08-30,1,40580,False,89,9,91
OP-0707,2026-08-19,S-008,2026-09-03,2026-09-05,2,481436,False,81,16,90
OP-1042,2026-08-19,S-024,2026-08-29,2026-08-29,0,25161,False,89,0,89
OP-2861,2026-08-19,S-001,2026-08-28,2026-08-28,0,458739,False,93,0,95
OP-2854,2026-08-19,S-003,2026-08-29,2026-08-29,0,429566,False,96,0,95
OP-2868,2026-08-19,S-013,2026-08-23,2026-08-23,0,121076,False,93,0,97
OP-1654,2026-08-19,S-042,2026-09-02,2026-09-02,0,289239,False,94,0,92
OP-1871,2026-08-20,S-043,2026-08-29,2026-08-29,0,211293,False,95,0,93
OP-0725,2026-08-20,S-014,2026-08-28,2026-08-28,0,487571,False,90,0,95
OP-2214,2026-08-20,S-011,2026-09-04,2026-09-04,0,342853,False,96,0,93
OP-2250,2026-08-20,S-012,2026-08-30,2026-09-02,3,126098,True,77,25,85
OP-0353,2026-08-20,S-003,2026-08-30,2026-08-30,0,273100,False,95,0,95
OP-2266,2026-08-20,S-030,2026-08-27,2026-08-27,0,249009,False,95,0,98
OP-0751,2026-08-20,S-037,2026-08-28,2026-09-02,5,261612,True,70,40,83
OP-2295,2026-08-20,S-037,2026-08-28,2026-08-29,1,260112,False,91,9,97
OP-0219,2026-08-20,S-017,2026-09-03,2026-09-15,12,469226,True,34,99,70
OP-2580,2026-08-20,S-006,2026-09-01,2026-09-01,0,36630,False,96,0,95
OP-2315,2026-08-20,S-017,2026-09-03,2026-09-08,5,195741,True,68,40,80
OP-2928,2026-08-20,S-021,2026-09-01,2026-09-01,0,25862,False,95,0,96
OP-1161,2026-08-20,S-036,2026-08-30,2026-08-30,0,172347,False,98,0,97
OP-1788,2026-08-20,S-033,2026-08-25,2026-08-25,0,218237,False,98,0,97
OP-0868,2026-08-20,S-009,2026-09-01,2026-09-02,1,294594,False,91,8,92
OP-2366,2026-08-20,S-016,2026-08-28,2026-08-28,0,204937,False,93,0,98
OP-2523,2026-08-20,S-016,2026-08-28,2026-08-28,0,432519,False,91,0,96
OP-0178,2026-08-20,S-028,2026-08-23,2026-08-31,8,17781,True,55,64,80
OP-2511,2026-08-20,S-042,2026-09-03,2026-09-04,1,21249,False,90,8,92
OP-2417,2026-08-20,S-047,2026-09-01,2026-09-01,0,275876,False,97,0,95
OP-0738,2026-08-20,S-045,2026-08-26,2026-08-28,2,146170,False,86,18,93
OP-1243,2026-08-20,S-004,2026-08-25,2026-08-28,3,46826,True,79,28,93
OP-0853,2026-08-20,S-019,2026-08-30,2026-08-30,0,132248,False,94,0,95
OP-2189,2026-08-20,S-047,2026-09-01,2026-09-01,0,121765,False,95,0,97
OP-0429,2026-08-20,S-013,2026-08-24,2026-08-25,1,147116,False,88,10,90
OP-1424,2026-08-20,S-040,2026-08-25,2026-08-25,0,376390,False,91,0,99
OP-1524,2026-08-20,S-034,2026-08-23,2026-08-23,0,373785,False,93,0,100
OP-0085,2026-08-20,S-010,2026-08-25,2026-08-25,0,423880,False,99,0,94
OP-1584,2026-08-20,S-044,2026-08-24,2026-08-24,0,129384,False,94,0,95
OP-0304,2026-08-20,S-004,2026-08-25,2026-08-25,0,186778,False,94,0,96
OP-0018,2026-08-20,S-030,2026-08-27,2026-08-28,1,61631,False,89,9,90
OP-2949,2026-08-20,S-035,2026-08-31,2026-08-31,0,454459,False,93,0,98
OP-1624,2026-08-20,S-009,2026-09-01,2026-09-08,7,307180,True,59,58,79
OP-2432,2026-08-21,S-014,2026-08-29,2026-08-30,1,366389,False,89,8,94
OP-2441,2026-08-21,S-041,2026-08-27,2026-08-27,0,280177,False,94,0,94
OP-0619,2026-08-21,S-045,2026-08-27,2026-08-27,0,354337,False,96,0,88
OP-0968,2026-08-21,S-038,2026-09-05,2026-09-07,2,366172,False,85,15,87
OP-2460,2026-08-21,S-012,2026-08-31,2026-08-31,0,377678,False,93,0,97
OP-0015,2026-08-21,S-029,2026-08-31,2026-08-31,0,221670,False,95,0,97
OP-2013,2026-08-21,S-018,2026-08-30,2026-08-30,0,496002,False,96,0,95
OP-0942,2026-08-21,S-024,2026-08-31,2026-08-31,0,467491,False,95,0,97
OP-1961,2026-08-21,S-008,2026-09-05,2026-09-05,0,401123,False,90,0,95
OP-0934,2026-08-21,S-021,2026-09-02,2026-09-02,0,37995,False,90,0,93
OP-1739,2026-08-21,S-008,2026-09-05,2026-09-05,0,295156,False,94,0,91
OP-1316,2026-08-21,S-023,2026-09-02,2026-09-02,0,124720,False,94,0,94
OP-2367,2026-08-21,S-001,2026-08-30,2026-09-01,2,41470,False,87,16,95
OP-0169,2026-08-21,S-041,2026-08-27,2026-08-28,1,179036,False,88,8,91
OP-1980,2026-08-21,S-019,2026-08-31,2026-09-01,1,10317,False,88,9,96
OP-1072,2026-08-21,S-033,2026-08-26,2026-08-27,1,178674,False,87,8,92
OP-1323,2026-08-21,S-030,2026-08-28,2026-08-28,0,82202,False,96,0,94
OP-1450,2026-08-21,S-018,2026-08-30,2026-08-30,0,489545,False,92,0,98
OP-2650,2026-08-21,S-011,2026-09-05,2026-09-05,0,113057,False,91,0,95
OP-0673,2026-08-21,S-041,2026-08-27,2026-08-27,0,72925,False,94,0,92
OP-1927,2026-08-21,S-029,2026-08-31,2026-08-31,0,456277,False,94,0,94
OP-0539,2026-08-21,S-023,2026-09-02,2026-09-02,0,319215,False,95,0,97
OP-0524,2026-08-21,S-032,2026-09-03,2026-09-05,2,167374,False,85,14,94
OP-2614,2026-08-21,S-030,2026-08-28,2026-08-28,0,190161,False,93,0,99
OP-2720,2026-08-21,S-031,2026-08-30,2026-08-31,1,77250,False,91,5,93
OP-1492,2026-08-21,S-049,2026-09-03,2026-09-05,2,246893,False,81,15,93
OP-1047,2026-08-21,S-042,2026-09-04,2026-09-04,0,192533,False,95,0,92
OP-2111,2026-08-21,S-043,2026-08-30,2026-08-30,0,218111,False,92,0,95
OP-2106,2026-08-21,S-028,2026-08-24,2026-08-25,1,267843,False,91,9,88
OP-1832,2026-08-21,S-039,2026-09-02,2026-09-02,0,493666,False,93,0,95
OP-2745,2026-08-21,S-020,2026-08-31,2026-08-31,0,123439,False,95,0,96
OP-2557,2026-08-21,S-010,2026-08-26,2026-08-26,0,487250,False,95,0,91
OP-2555,2026-08-21,S-002,2026-09-03,2026-09-03,0,179280,False,96,0,98
OP-2082,2026-08-21,S-047,2026-09-02,2026-09-02,0,304090,False,95,0,93
OP-1186,2026-08-21,S-050,2026-09-04,2026-09-04,0,105045,False,95,0,97
OP-2615,2026-08-21,S-027,2026-08-24,2026-08-30,6,241137,True,67,49,80
