ticket_id,customer_id,date,category,severity,resolution_time_hours,satisfaction_score,related_order_id,escalated
TKT-00289,C-0098,2026-05-14,technical,low,8,5,ORD-8234,False
TKT-01865,C-2374,2026-05-14,billing,low,12,2,ORD-7936,True
TKT-00773,C-1258,2026-05-14,technical,high,55,2,ORD-8492,True
TKT-00037,C-3375,2026-05-14,technical,critical,55,2,ORD-3994,True
TKT-01885,C-1141,2026-05-14,quality,high,58,2,ORD-9468,True
TKT-00726,C-2597,2026-05-14,quality,medium,42,4,ORD-5592,False
TKT-01651,C-2171,2026-05-14,service,medium,54,2,ORD-9861,True
TKT-00327,C-2159,2026-05-14,service,medium,22,3,ORD-3357,False
TKT-01762,C-3971,2026-05-14,service,medium,19,2,ORD-1280,True
TKT-00345,C-3332,2026-05-14,service,medium,28,4,ORD-4957,False
TKT-01421,C-3911,2026-05-14,billing,low,14,5,ORD-4400,False
TKT-00986,C-4332,2026-05-14,service,low,2,3,ORD-2693,False
TKT-00156,C-0434,2026-05-14,billing,high,129,1,ORD-7493,True
TKT-01874,C-2559,2026-05-14,technical,low,2,4,ORD-6651,False
TKT-00432,C-3039,2026-05-14,service,medium,11,5,ORD-7714,False
TKT-01136,C-2836,2026-05-14,quality,high,103,3,ORD-2298,False
TKT-01129,C-3093,2026-05-14,service,low,43,5,ORD-3686,False
TKT-01373,C-0172,2026-05-14,billing,critical,140,1,ORD-7147,True
TKT-01912,C-0806,2026-05-14,service,low,11,4,ORD-4364,False
TKT-01107,C-2245,2026-05-14,delivery,low,28,3,ORD-9545,False
TKT-00426,C-0976,2026-05-14,technical,low,5,2,ORD-4852,True
TKT-01036,C-2813,2026-05-14,service,low,8,3,ORD-9059,False
TKT-01205,C-3774,2026-05-14,technical,critical,79,1,ORD-7309,True
TKT-01110,C-3468,2026-05-15,quality,critical,61,1,ORD-3524,True
TKT-01864,C-2173,2026-05-15,service,high,107,2,ORD-7118,True
TKT-01020,C-2886,2026-05-15,service,critical,60,2,ORD-6878,True
TKT-01777,C-1542,2026-05-15,service,critical,54,3,ORD-7659,True
TKT-00105,C-0683,2026-05-15,quality,low,22,2,ORD-3891,True
TKT-01066,C-0722,2026-05-15,service,low,2,3,ORD-2454,False
TKT-00837,C-1486,2026-05-15,delivery,high,51,3,ORD-1945,False
TKT-01004,C-2036,2026-05-15,service,low,25,5,ORD-4036,False
TKT-01860,C-1422,2026-05-15,quality,high,60,2,ORD-4658,True
TKT-00997,C-2753,2026-05-15,technical,medium,10,5,ORD-6282,False
TKT-01179,C-4261,2026-05-15,technical,critical,88,1,ORD-7438,True
TKT-01287,C-4392,2026-05-15,quality,high,70,1,ORD-1774,True
TKT-01483,C-3070,2026-05-15,delivery,low,66,2,ORD-1469,True
TKT-00503,C-2376,2026-05-15,quality,high,54,1,ORD-8816,True
TKT-00450,C-2523,2026-05-15,billing,critical,96,2,ORD-1791,True
TKT-00515,C-2694,2026-05-15,quality,low,50,2,ORD-7554,True
TKT-01309,C-0442,2026-05-15,billing,low,11,4,ORD-3222,False
TKT-00521,C-4521,2026-05-15,quality,medium,25,4,ORD-6911,False
TKT-01269,C-3680,2026-05-15,technical,low,6,4,ORD-3788,False
TKT-00359,C-3652,2026-05-15,delivery,critical,54,3,ORD-9185,True
TKT-00592,C-3145,2026-05-15,billing,low,24,4,ORD-4593,False
TKT-00581,C-2439,2026-05-15,quality,medium,15,1,ORD-6574,True
TKT-01543,C-2028,2026-05-15,service,critical,60,1,ORD-7668,True
TKT-00791,C-2925,2026-05-16,technical,medium,27,3,ORD-1408,False
TKT-01344,C-1394,2026-05-16,service,critical,70,2,ORD-4430,True
TKT-00106,C-3746,2026-05-16,billing,low,37,3,ORD-4315,False
TKT-01594,C-2366,2026-05-16,quality,low,36,4,ORD-1320,False
TKT-00398,C-2405,2026-05-16,service,low,27,5,ORD-1695,False
TKT-00806,C-3612,2026-05-16,quality,high,66,1,ORD-1767,True
TKT-01532,C-0430,2026-05-16,billing,medium,7,4,ORD-1042,False
TKT-00684,C-1878,2026-05-16,technical,low,24,3,ORD-9039,False
TKT-01625,C-4229,2026-05-16,delivery,high,87,2,ORD-2363,True
TKT-00736,C-0741,2026-05-16,service,low,66,1,ORD-5850,True
TKT-00862,C-2948,2026-05-16,delivery,low,0,3,ORD-8499,False
TKT-01646,C-2012,2026-05-16,technical,low,20,4,ORD-8077,False
TKT-00764,C-1196,2026-05-16,quality,low,9,5,ORD-4916,False
TKT-01162,C-2110,2026-05-16,technical,medium,68,1,ORD-5675,True
TKT-01600,C-4101,2026-05-16,billing,high,50,1,ORD-2327,True
TKT-01289,C-4409,2026-05-16,quality,high,49,2,ORD-9157,True
TKT-00892,C-1468,2026-05-16,billing,critical,72,1,ORD-8567,True
TKT-00029,C-4768,2026-05-16,service,high,123,1,ORD-5523,True
TKT-01217,C-3128,2026-05-16,delivery,high,50,1,ORD-3945,True
TKT-01318,C-0375,2026-05-16,billing,high,49,1,ORD-4160,True
TKT-00054,C-3512,2026-05-16,billing,high,49,1,ORD-5398,True
TKT-01265,C-0873,2026-05-16,delivery,low,65,2,ORD-6251,True
TKT-00312,C-2617,2026-05-17,service,low,18,3,ORD-7490,False
TKT-00133,C-0599,2026-05-17,service,medium,10,3,ORD-6647,False
TKT-00861,C-0797,2026-05-17,delivery,low,13,4,ORD-5017,False
TKT-01825,C-3142,2026-05-17,delivery,critical,61,2,ORD-8844,True
TKT-01146,C-1495,2026-05-17,delivery,low,27,4,ORD-8374,False
TKT-01623,C-0217,2026-05-17,billing,high,79,2,ORD-2801,True
TKT-00676,C-0884,2026-05-17,delivery,high,95,2,ORD-2538,True
TKT-01854,C-4539,2026-05-17,delivery,low,16,4,ORD-1802,False
TKT-00351,C-0996,2026-05-17,billing,low,8,4,ORD-3439,False
TKT-01419,C-3895,2026-05-17,billing,high,70,2,ORD-8772,True
TKT-01479,C-1099,2026-05-17,quality,high,129,1,ORD-6827,True
TKT-00608,C-4675,2026-05-17,delivery,high,59,1,ORD-1974,True
TKT-00925,C-2769,2026-05-17,delivery,medium,30,4,ORD-7532,False
TKT-01196,C-1198,2026-05-17,billing,high,65,2,ORD-1853,True
TKT-01266,C-2859,2026-05-17,service,critical,61,1,ORD-6914,True
TKT-01018,C-4157,2026-05-17,delivery,high,49,1,ORD-1851,True
TKT-00554,C-4469,2026-05-17,technical,low,3,3,ORD-9859,False
TKT-01931,C-1097,2026-05-17,billing,low,32,3,ORD-9111,False
TKT-01347,C-2051,2026-05-17,service,low,21,4,ORD-2587,False
TKT-01966,C-4057,2026-05-18,quality,medium,25,4,ORD-8275,False
TKT-01404,C-1200,2026-05-18,technical,high,180,1,ORD-7324,True
TKT-00114,C-4247,2026-05-18,delivery,critical,55,1,ORD-1134,True
TKT-01219,C-0986,2026-05-18,billing,high,50,2,ORD-6292,True
TKT-01034,C-4269,2026-05-18,delivery,medium,0,5,ORD-1582,False
TKT-01317,C-0539,2026-05-18,delivery,high,106,1,ORD-4054,True
TKT-01043,C-3134,2026-05-18,technical,high,65,3,ORD-3262,False
TKT-00924,C-3511,2026-05-18,service,critical,192,3,ORD-2375,True
TKT-00126,C-2393,2026-05-18,delivery,low,37,3,ORD-6722,False
TKT-01133,C-0901,2026-05-18,delivery,critical,57,3,ORD-9894,True
TKT-01183,C-1559,2026-05-18,technical,low,4,1,ORD-1836,True
TKT-01243,C-0444,2026-05-18,quality,high,79,2,ORD-5252,True
TKT-01487,C-1178,2026-05-18,billing,medium,29,5,ORD-6625,False
TKT-01891,C-0130,2026-05-18,quality,medium,10,4,ORD-7890,False
TKT-01268,C-0564,2026-05-18,technical,high,94,2,ORD-7348,True
TKT-00087,C-1716,2026-05-18,technical,low,8,4,ORD-8529,False
TKT-01892,C-0096,2026-05-18,quality,high,78,2,ORD-1380,True
TKT-00672,C-2347,2026-05-18,technical,critical,66,1,ORD-6995,True
TKT-00402,C-2269,2026-05-18,service,low,0,3,ORD-5716,False
TKT-01727,C-3905,2026-05-18,technical,low,16,5,ORD-4184,False
TKT-00526,C-3700,2026-05-19,technical,critical,54,2,ORD-6699,True
TKT-01914,C-4554,2026-05-19,quality,low,4,3,ORD-6758,False
TKT-00565,C-3749,2026-05-19,delivery,low,11,3,ORD-6436,False
TKT-01741,C-1060,2026-05-19,service,low,25,4,ORD-7143,False
TKT-00216,C-1064,2026-05-19,technical,medium,6,4,ORD-9724,False
TKT-00356,C-2395,2026-05-19,technical,medium,8,3,ORD-3690,False
TKT-00666,C-4084,2026-05-19,service,medium,20,3,ORD-5421,False
TKT-00750,C-2868,2026-05-19,service,high,81,2,ORD-8443,True
TKT-01659,C-2977,2026-05-19,service,critical,78,1,ORD-1446,True
TKT-01778,C-3529,2026-05-19,billing,low,30,4,ORD-7622,False
TKT-00026,C-4351,2026-05-19,technical,high,69,2,ORD-9102,True
TKT-01470,C-4269,2026-05-19,service,high,76,3,ORD-1137,False
TKT-00787,C-0769,2026-05-19,service,low,3,4,ORD-1678,False
TKT-01529,C-1295,2026-05-19,billing,critical,94,1,ORD-1454,True
TKT-00064,C-0567,2026-05-19,delivery,critical,78,2,ORD-2759,True
TKT-01456,C-2649,2026-05-19,quality,medium,39,3,ORD-5867,False
TKT-01125,C-4955,2026-05-19,quality,low,7,4,ORD-1187,False
TKT-01119,C-0273,2026-05-19,quality,critical,109,1,ORD-9106,True
TKT-00320,C-2304,2026-05-20,delivery,low,0,3,ORD-4814,False
TKT-00241,C-2411,2026-05-20,quality,medium,18,2,ORD-8259,True
TKT-01001,C-2730,2026-05-20,delivery,medium,4,4,ORD-1077,False
TKT-01082,C-0699,2026-05-20,quality,high,95,2,ORD-5854,True
TKT-00617,C-1347,2026-05-20,billing,critical,55,1,ORD-9802,True
TKT-01375,C-3420,2026-05-20,technical,low,26,3,ORD-6719,False
TKT-00818,C-4594,2026-05-20,technical,medium,19,3,ORD-4183,False
TKT-00731,C-2828,2026-05-20,technical,high,74,1,ORD-2110,True
TKT-00601,C-2367,2026-05-20,billing,critical,85,1,ORD-6946,True
TKT-01547,C-2239,2026-05-20,billing,low,30,5,ORD-1386,False
TKT-01655,C-2419,2026-05-20,technical,medium,7,4,ORD-4146,False
TKT-00776,C-2278,2026-05-20,billing,critical,141,1,ORD-5872,True
TKT-01455,C-4263,2026-05-20,service,critical,82,1,ORD-2071,True
TKT-01051,C-2166,2026-05-20,technical,low,12,2,ORD-5751,True
TKT-01052,C-0460,2026-05-20,quality,critical,85,2,ORD-3976,True
TKT-00926,C-3194,2026-05-20,delivery,critical,85,1,ORD-7543,True
TKT-01069,C-4713,2026-05-20,delivery,low,41,3,ORD-8683,False
TKT-01167,C-2319,2026-05-20,service,medium,2,1,ORD-1833,True
TKT-01960,C-3336,2026-05-20,quality,medium,5,3,ORD-3795,False
TKT-00455,C-4742,2026-05-21,quality,medium,25,5,ORD-5249,False
TKT-01681,C-2111,2026-05-21,billing,high,73,2,ORD-4252,True
TKT-01922,C-3843,2026-05-21,service,critical,71,2,ORD-5410,True
TKT-00542,C-1135,2026-05-21,delivery,low,3,3,ORD-9770,False
TKT-01551,C-4942,2026-05-21,service,critical,65,1,ORD-1842,True
TKT-00576,C-3479,2026-05-21,delivery,critical,51,3,ORD-2340,True
TKT-01679,C-2643,2026-05-21,quality,medium,8,3,ORD-6758,False
TKT-01544,C-1641,2026-05-21,service,high,53,1,ORD-3514,True
TKT-00822,C-1673,2026-05-21,service,low,35,4,ORD-5337,False
TKT-00514,C-1927,2026-05-21,service,medium,3,3,ORD-4127,False
TKT-01410,C-1124,2026-05-21,service,medium,57,1,ORD-8772,True
TKT-00452,C-0458,2026-05-21,technical,medium,55,1,ORD-4225,True
TKT-00687,C-2851,2026-05-21,delivery,low,11,4,ORD-7276,False
TKT-01962,C-3282,2026-05-21,service,high,51,3,ORD-3411,False
TKT-01845,C-2691,2026-05-21,service,critical,54,2,ORD-6368,True
TKT-01614,C-1337,2026-05-22,billing,critical,62,2,ORD-3218,True
TKT-00979,C-0784,2026-05-22,billing,medium,2,2,ORD-9726,True
TKT-01948,C-0397,2026-05-22,quality,critical,59,1,ORD-9293,True
TKT-01783,C-1591,2026-05-22,quality,high,55,3,ORD-9737,False
TKT-01851,C-4499,2026-05-22,technical,high,70,1,ORD-9792,True
TKT-00829,C-2537,2026-05-22,service,critical,55,1,ORD-5488,True
TKT-00013,C-3131,2026-05-22,quality,medium,28,3,ORD-8849,False
TKT-00960,C-3759,2026-05-22,quality,high,51,1,ORD-5362,True
TKT-00761,C-2316,2026-05-22,service,high,48,2,ORD-1492,True
TKT-00034,C-0294,2026-05-22,billing,medium,10,5,ORD-3065,False
TKT-01210,C-0853,2026-05-22,service,low,53,2,ORD-7681,True
TKT-00767,C-2891,2026-05-22,quality,critical,97,2,ORD-8316,True
TKT-01486,C-3520,2026-05-22,technical,medium,31,3,ORD-8464,False
TKT-00159,C-3391,2026-05-22,quality,high,53,1,ORD-8771,True
TKT-00529,C-0329,2026-05-22,billing,high,78,3,ORD-6584,False
TKT-01014,C-1613,2026-05-22,service,low,20,4,ORD-9232,False
TKT-01311,C-2035,2026-05-22,technical,medium,7,2,ORD-9500,True
TKT-01009,C-1625,2026-05-22,billing,critical,63,2,ORD-1884,True
TKT-00384,C-3246,2026-05-22,quality,critical,65,2,ORD-3396,True
TKT-00615,C-0056,2026-05-22,delivery,high,60,2,ORD-2100,True
TKT-01161,C-0576,2026-05-22,delivery,low,13,5,ORD-3399,False
TKT-00805,C-3767,2026-05-22,billing,high,51,2,ORD-5852,True
TKT-01809,C-4025,2026-05-23,billing,high,133,1,ORD-4609,True
TKT-01570,C-1419,2026-05-23,technical,low,26,2,ORD-4367,True
TKT-01117,C-1593,2026-05-23,technical,critical,133,3,ORD-2087,True
TKT-00380,C-3955,2026-05-23,billing,low,55,1,ORD-7840,True
TKT-01294,C-0702,2026-05-23,billing,low,62,1,ORD-7204,True
TKT-01856,C-3970,2026-05-23,quality,high,50,2,ORD-3295,True
TKT-01521,C-0339,2026-05-23,delivery,low,133,1,ORD-1056,True
TKT-00549,C-0536,2026-05-23,technical,low,40,5,ORD-3611,False
TKT-00446,C-2806,2026-05-23,quality,high,69,2,ORD-4420,True
TKT-00711,C-0773,2026-05-23,quality,medium,58,2,ORD-1687,True
TKT-00937,C-2979,2026-05-23,quality,low,33,3,ORD-3094,False
TKT-00649,C-2120,2026-05-23,technical,critical,50,1,ORD-7667,True
TKT-01398,C-4134,2026-05-23,technical,low,11,3,ORD-8026,False
TKT-00132,C-2050,2026-05-23,billing,medium,25,4,ORD-6769,False
TKT-01241,C-1787,2026-05-23,billing,low,118,1,ORD-9392,True
TKT-00025,C-0094,2026-05-23,delivery,medium,18,5,ORD-1055,False
TKT-00357,C-1106,2026-05-23,billing,medium,15,5,ORD-1463,False
TKT-01945,C-1489,2026-05-23,billing,critical,52,1,ORD-1045,True
TKT-00998,C-1485,2026-05-23,service,critical,49,2,ORD-1015,True
TKT-01062,C-0299,2026-05-23,service,high,107,2,ORD-4946,True
TKT-00849,C-0041,2026-05-23,quality,high,50,2,ORD-9710,True
TKT-00335,C-2485,2026-05-23,delivery,critical,91,2,ORD-5941,True
TKT-00154,C-4160,2026-05-23,billing,critical,169,1,ORD-2918,True
TKT-00580,C-2204,2026-05-23,billing,critical,57,2,ORD-4926,True
TKT-00022,C-0033,2026-05-24,service,medium,0,4,ORD-7956,False
TKT-01233,C-2849,2026-05-24,technical,low,36,3,ORD-8379,False
TKT-00718,C-3994,2026-05-24,delivery,critical,82,2,ORD-4623,True
TKT-01643,C-3693,2026-05-24,quality,critical,48,2,ORD-9269,True
TKT-00235,C-4871,2026-05-24,delivery,medium,86,1,ORD-7484,True
TKT-00729,C-4629,2026-05-24,delivery,medium,56,3,ORD-1789,False
TKT-00752,C-0692,2026-05-24,quality,low,22,4,ORD-1501,False
TKT-01879,C-2901,2026-05-24,service,high,62,1,ORD-1612,True
TKT-00188,C-2514,2026-05-24,delivery,high,63,2,ORD-5585,True
TKT-01448,C-1345,2026-05-24,billing,high,69,1,ORD-9082,True
TKT-01790,C-2676,2026-05-24,quality,critical,51,1,ORD-5109,True
TKT-01516,C-3299,2026-05-24,technical,medium,53,1,ORD-2229,True
TKT-01391,C-1169,2026-05-24,quality,high,55,2,ORD-6585,True
TKT-01223,C-0449,2026-05-24,billing,low,23,3,ORD-3619,False
TKT-00374,C-0805,2026-05-24,billing,medium,7,3,ORD-8806,False
TKT-00007,C-0647,2026-05-24,delivery,critical,81,2,ORD-4447,True
TKT-01235,C-1315,2026-05-24,delivery,medium,4,5,ORD-1812,False
TKT-00971,C-2731,2026-05-24,technical,critical,60,2,ORD-7322,True
TKT-01842,C-0257,2026-05-24,quality,high,51,2,ORD-4044,True
TKT-01689,C-4006,2026-05-24,service,critical,51,2,ORD-6036,True
TKT-00679,C-0756,2026-05-24,quality,low,7,4,ORD-2258,False
TKT-01897,C-3566,2026-05-24,service,medium,14,4,ORD-7330,False
TKT-00050,C-2705,2026-05-24,technical,medium,18,4,ORD-4667,False
TKT-00428,C-2617,2026-05-24,technical,critical,117,1,ORD-4594,True
TKT-00771,C-4132,2026-05-24,service,critical,49,1,ORD-8704,True
TKT-01939,C-2780,2026-05-24,service,high,51,3,ORD-4560,False
TKT-01771,C-4559,2026-05-25,quality,high,71,2,ORD-6333,True
TKT-00628,C-2928,2026-05-25,technical,critical,99,1,ORD-8243,True
TKT-00495,C-3518,2026-05-25,billing,low,6,4,ORD-2775,False
TKT-00877,C-4394,2026-05-25,technical,low,2,3,ORD-4051,False
TKT-01590,C-4037,2026-05-25,technical,critical,54,2,ORD-5328,True
TKT-01260,C-0083,2026-05-25,technical,high,100,2,ORD-9989,True
TKT-00583,C-4932,2026-05-25,technical,high,56,2,ORD-7557,True
TKT-01996,C-3241,2026-05-25,technical,medium,18,4,ORD-4724,False
TKT-01386,C-3864,2026-05-25,delivery,high,70,1,ORD-6208,True
TKT-00662,C-4181,2026-05-25,service,critical,63,1,ORD-5389,True
TKT-00214,C-0832,2026-05-25,delivery,critical,59,3,ORD-3190,True
TKT-01258,C-2060,2026-05-25,technical,medium,18,3,ORD-6149,False
TKT-01202,C-2008,2026-05-25,service,high,75,1,ORD-3583,True
TKT-01555,C-3653,2026-05-25,service,low,1,3,ORD-8712,False
TKT-01599,C-4769,2026-05-25,technical,high,102,2,ORD-8352,True
TKT-01153,C-3567,2026-05-25,technical,critical,48,2,ORD-6925,True
TKT-01562,C-4320,2026-05-25,technical,low,10,4,ORD-1817,False
TKT-01595,C-0042,2026-05-25,quality,high,89,1,ORD-7563,True
TKT-01714,C-0956,2026-05-26,service,critical,78,1,ORD-3709,True
TKT-01867,C-4112,2026-05-26,technical,critical,118,2,ORD-2664,True
TKT-00544,C-4055,2026-05-26,service,high,74,1,ORD-2609,True
TKT-00538,C-4613,2026-05-26,service,medium,96,2,ORD-3650,True
TKT-00183,C-1569,2026-05-26,billing,low,33,4,ORD-2344,False
TKT-00496,C-1587,2026-05-26,quality,low,3,4,ORD-5000,False
TKT-01522,C-4636,2026-05-26,technical,medium,20,3,ORD-4837,False
TKT-00060,C-4523,2026-05-26,quality,high,62,2,ORD-5426,True
TKT-00147,C-1957,2026-05-26,technical,high,48,2,ORD-3321,True
TKT-01674,C-2564,2026-05-26,service,high,81,2,ORD-4087,True
TKT-00082,C-0796,2026-05-26,billing,high,83,2,ORD-1741,True
TKT-00685,C-4303,2026-05-26,billing,high,65,1,ORD-6042,True
TKT-01006,C-2606,2026-05-26,service,low,20,2,ORD-4141,True
TKT-00112,C-3105,2026-05-26,service,critical,132,1,ORD-3444,True
TKT-00557,C-4016,2026-05-26,service,high,49,2,ORD-2705,True
TKT-01087,C-2335,2026-05-26,delivery,medium,13,2,ORD-8695,True
TKT-01564,C-4194,2026-05-26,service,critical,90,2,ORD-2118,True
TKT-01320,C-1494,2026-05-26,technical,medium,40,4,ORD-2754,False
TKT-01364,C-0656,2026-05-26,service,low,23,4,ORD-3351,False
TKT-01831,C-2166,2026-05-26,billing,critical,59,1,ORD-2095,True
TKT-00722,C-2480,2026-05-26,quality,medium,5,4,ORD-2875,False
TKT-00899,C-3449,2026-05-26,service,low,33,3,ORD-1718,False
TKT-01332,C-2606,2026-05-26,quality,medium,52,1,ORD-7348,True
TKT-00368,C-4010,2026-05-26,technical,high,62,1,ORD-4934,True
TKT-01607,C-4350,2026-05-27,billing,high,71,2,ORD-6404,True
TKT-01312,C-4075,2026-05-27,service,medium,7,4,ORD-8161,False
TKT-01525,C-3944,2026-05-27,billing,medium,91,2,ORD-8119,True
TKT-00754,C-4264,2026-05-27,delivery,high,56,3,ORD-3120,False
TKT-00661,C-4945,2026-05-27,billing,high,50,2,ORD-8642,True
TKT-01474,C-2642,2026-05-27,delivery,medium,13,3,ORD-4066,False
TKT-00080,C-0594,2026-05-27,service,medium,8,4,ORD-9411,False
TKT-00550,C-1477,2026-05-27,quality,critical,58,1,ORD-2585,True
TKT-01302,C-3096,2026-05-27,billing,medium,16,3,ORD-1315,False
TKT-00692,C-1797,2026-05-27,delivery,critical,52,1,ORD-7608,True
TKT-01189,C-0649,2026-05-27,technical,high,48,2,ORD-7343,True
TKT-00423,C-0600,2026-05-27,service,critical,128,2,ORD-8318,True
TKT-01536,C-4281,2026-05-27,service,high,56,1,ORD-5992,True
TKT-00342,C-3356,2026-05-27,service,high,100,1,ORD-2805,True
TKT-01710,C-2461,2026-05-27,billing,high,125,1,ORD-2768,True
TKT-01228,C-3371,2026-05-27,delivery,high,80,3,ORD-8793,False
TKT-01757,C-4007,2026-05-27,technical,high,52,1,ORD-6837,True
TKT-01097,C-3932,2026-05-27,service,critical,52,2,ORD-3274,True
TKT-01416,C-0844,2026-05-27,service,medium,4,4,ORD-5868,False
TKT-00959,C-3788,2026-05-27,technical,high,52,2,ORD-2978,True
TKT-01580,C-1137,2026-05-27,quality,critical,90,1,ORD-1090,True
TKT-00042,C-3801,2026-05-28,billing,low,3,3,ORD-9766,False
TKT-00209,C-3110,2026-05-28,delivery,high,48,2,ORD-6053,True
TKT-00020,C-3290,2026-05-28,delivery,medium,15,4,ORD-5864,False
TKT-01402,C-4385,2026-05-28,service,medium,114,1,ORD-3073,True
TKT-00835,C-0998,2026-05-28,technical,critical,60,1,ORD-2820,True
TKT-00664,C-1695,2026-05-28,billing,low,37,3,ORD-1226,False
TKT-01393,C-3499,2026-05-28,technical,critical,70,1,ORD-9857,True
TKT-00099,C-3860,2026-05-28,technical,medium,25,3,ORD-2513,False
TKT-01786,C-2984,2026-05-28,delivery,low,32,4,ORD-7322,False
TKT-01709,C-3858,2026-05-28,delivery,high,63,1,ORD-6767,True
TKT-00361,C-3615,2026-05-28,billing,medium,21,3,ORD-4954,False
TKT-01042,C-2440,2026-05-28,billing,critical,48,1,ORD-8010,True
TKT-01688,C-2219,2026-05-28,quality,critical,63,1,ORD-4668,True
TKT-00120,C-3776,2026-05-28,service,critical,63,1,ORD-2888,True
TKT-01378,C-0095,2026-05-28,billing,medium,13,5,ORD-5222,False
TKT-00670,C-2056,2026-05-28,delivery,medium,40,3,ORD-5957,False
TKT-01699,C-0406,2026-05-29,quality,medium,9,2,ORD-4620,True
TKT-00781,C-4859,2026-05-29,service,medium,63,1,ORD-2674,True
TKT-00932,C-2588,2026-05-29,delivery,high,53,1,ORD-2684,True
TKT-01428,C-3775,2026-05-29,billing,critical,67,2,ORD-8157,True
TKT-01274,C-4668,2026-05-29,billing,high,106,2,ORD-7000,True
TKT-01834,C-4518,2026-05-29,billing,low,49,2,ORD-8386,True
TKT-01833,C-3309,2026-05-29,delivery,low,102,1,ORD-3531,True
TKT-00905,C-4586,2026-05-29,technical,medium,6,3,ORD-7314,False
TKT-00590,C-4007,2026-05-29,service,critical,64,1,ORD-7551,True
TKT-00710,C-2483,2026-05-29,delivery,medium,9,2,ORD-4919,True
TKT-00083,C-2722,2026-05-29,billing,low,11,1,ORD-2062,True
TKT-01173,C-3873,2026-05-29,service,low,0,5,ORD-8237,False
TKT-00307,C-1160,2026-05-29,technical,medium,89,1,ORD-5190,True
TKT-00057,C-2982,2026-05-29,quality,high,69,1,ORD-2824,True
TKT-01871,C-4824,2026-05-29,quality,medium,78,2,ORD-5731,True
TKT-00010,C-4442,2026-05-29,technical,high,61,1,ORD-4833,True
TKT-01182,C-4420,2026-05-30,service,medium,2,5,ORD-1342,False
TKT-00561,C-2556,2026-05-30,service,low,3,4,ORD-8794,False
TKT-00177,C-4470,2026-05-30,delivery,high,52,2,ORD-5269,True
TKT-00655,C-1566,2026-05-30,technical,high,59,2,ORD-7959,True
TKT-01505,C-2394,2026-05-30,billing,high,57,2,ORD-6662,True
TKT-01749,C-1054,2026-05-30,delivery,high,86,1,ORD-2902,True
TKT-00642,C-3545,2026-05-30,billing,medium,17,3,ORD-4354,False
TKT-00524,C-3240,2026-05-30,quality,high,153,2,ORD-9910,True
TKT-00635,C-4433,2026-05-30,billing,critical,51,3,ORD-3691,True
TKT-01698,C-2126,2026-05-30,quality,low,5,4,ORD-3122,False
TKT-01566,C-0376,2026-05-30,technical,critical,82,1,ORD-1586,True
TKT-01603,C-5000,2026-05-30,billing,high,89,1,ORD-3940,True
TKT-00281,C-4823,2026-05-30,service,low,27,4,ORD-1293,False
TKT-00596,C-1484,2026-05-30,delivery,low,6,3,ORD-7305,False
TKT-00283,C-4268,2026-05-30,delivery,low,19,4,ORD-7828,False
TKT-00032,C-1791,2026-05-30,billing,critical,150,1,ORD-6452,True
TKT-01163,C-2088,2026-05-30,quality,critical,105,2,ORD-9587,True
TKT-01675,C-0933,2026-05-30,technical,critical,48,1,ORD-1686,True
TKT-00461,C-0107,2026-05-30,delivery,medium,42,2,ORD-3918,True
TKT-01080,C-4283,2026-05-30,delivery,high,68,2,ORD-1317,True
TKT-01435,C-0070,2026-05-30,quality,high,52,2,ORD-9497,True
TKT-01648,C-4371,2026-05-30,delivery,high,83,1,ORD-1080,True
TKT-01496,C-1928,2026-05-30,delivery,critical,63,1,ORD-1801,True
TKT-01593,C-0895,2026-05-30,service,low,2,3,ORD-8787,False
TKT-01139,C-1318,2026-05-30,technical,high,87,1,ORD-3771,True
TKT-00556,C-2299,2026-05-30,technical,high,130,1,ORD-5562,True
TKT-01591,C-0952,2026-05-31,billing,high,51,1,ORD-4240,True
TKT-01574,C-3822,2026-05-31,technical,medium,31,4,ORD-1228,False
TKT-00465,C-0748,2026-05-31,billing,low,46,2,ORD-6582,True
TKT-00166,C-3532,2026-05-31,service,high,54,1,ORD-6911,True
TKT-00072,C-4674,2026-05-31,quality,low,73,2,ORD-8765,True
TKT-01730,C-1919,2026-05-31,quality,medium,60,1,ORD-7551,True
TKT-01929,C-0149,2026-05-31,service,low,1,3,ORD-5249,False
TKT-00065,C-4962,2026-05-31,technical,high,77,2,ORD-2354,True
TKT-01748,C-3177,2026-05-31,service,medium,9,5,ORD-1695,False
TKT-01206,C-0560,2026-05-31,quality,high,61,1,ORD-5949,True
TKT-00819,C-0507,2026-05-31,service,medium,44,2,ORD-2260,True
TKT-00775,C-0113,2026-05-31,technical,high,53,3,ORD-9048,False
TKT-01444,C-3159,2026-05-31,billing,high,62,1,ORD-9684,True
TKT-01835,C-3862,2026-05-31,billing,medium,2,4,ORD-4940,False
TKT-01631,C-4587,2026-05-31,delivery,critical,65,1,ORD-1272,True
TKT-00212,C-0838,2026-05-31,quality,high,130,3,ORD-3521,False
TKT-00763,C-1617,2026-05-31,technical,critical,65,1,ORD-9839,True
TKT-00500,C-4588,2026-05-31,technical,high,63,3,ORD-3230,False
TKT-01199,C-1524,2026-05-31,service,critical,82,2,ORD-1114,True
TKT-01707,C-1184,2026-05-31,quality,high,68,2,ORD-7151,True
TKT-00844,C-2707,2026-05-31,quality,high,54,2,ORD-6589,True
TKT-01823,C-2719,2026-05-31,quality,critical,79,1,ORD-5641,True
TKT-00129,C-1852,2026-06-01,technical,medium,21,3,ORD-2669,False
TKT-00294,C-0876,2026-06-01,service,medium,13,5,ORD-6074,False
TKT-01846,C-4641,2026-06-01,delivery,low,35,4,ORD-4213,False
TKT-01722,C-4076,2026-06-01,delivery,high,58,2,ORD-1372,True
TKT-00476,C-4221,2026-06-01,technical,high,49,1,ORD-2553,True
TKT-01626,C-1155,2026-06-01,delivery,low,1,4,ORD-8904,False
TKT-00467,C-3544,2026-06-01,technical,high,48,2,ORD-3300,True
TKT-00195,C-0780,2026-06-01,delivery,medium,19,2,ORD-4361,True
TKT-01050,C-1379,2026-06-01,quality,high,65,1,ORD-2746,True
TKT-00225,C-2880,2026-06-01,delivery,critical,51,2,ORD-8621,True
TKT-00171,C-2585,2026-06-01,billing,low,2,5,ORD-5822,False
TKT-01081,C-2038,2026-06-01,service,low,21,2,ORD-9005,True
TKT-00623,C-2806,2026-06-01,delivery,high,105,3,ORD-5445,False
TKT-00794,C-1423,2026-06-01,technical,critical,55,2,ORD-7900,True
TKT-01467,C-1095,2026-06-01,quality,medium,32,5,ORD-7685,False
TKT-00234,C-3419,2026-06-01,service,critical,81,1,ORD-6454,True
TKT-00815,C-4624,2026-06-01,quality,high,65,1,ORD-6782,True
TKT-00502,C-1878,2026-06-01,billing,critical,71,1,ORD-6776,True
TKT-00999,C-3864,2026-06-01,billing,medium,57,1,ORD-4533,True
TKT-00084,C-0881,2026-06-01,billing,medium,84,3,ORD-1260,False
TKT-00157,C-1139,2026-06-01,quality,low,65,3,ORD-5288,False
TKT-01837,C-4245,2026-06-01,quality,critical,69,1,ORD-6178,True
TKT-01848,C-4431,2026-06-01,service,high,91,2,ORD-9101,True
TKT-00863,C-0588,2026-06-01,technical,low,3,4,ORD-6700,False
TKT-01572,C-0816,2026-06-02,technical,medium,3,3,ORD-4481,False
TKT-01866,C-1365,2026-06-02,delivery,medium,19,5,ORD-7919,False
TKT-00271,C-4178,2026-06-02,delivery,low,3,3,ORD-3637,False
TKT-01705,C-3501,2026-06-02,delivery,low,67,2,ORD-4380,True
TKT-00096,C-2892,2026-06-02,quality,critical,79,2,ORD-8923,True
TKT-01793,C-2731,2026-06-02,delivery,high,48,1,ORD-7931,True
TKT-01480,C-3840,2026-06-02,delivery,low,3,5,ORD-7942,False
TKT-01893,C-3366,2026-06-02,delivery,high,63,1,ORD-1385,True
TKT-01238,C-4830,2026-06-02,delivery,critical,58,2,ORD-1295,True
TKT-00081,C-2844,2026-06-02,delivery,high,64,2,ORD-7903,True
TKT-00663,C-3211,2026-06-02,delivery,high,73,1,ORD-8899,True
TKT-01844,C-4291,2026-06-02,quality,high,179,1,ORD-7070,True
TKT-00927,C-4666,2026-06-02,delivery,high,61,1,ORD-3647,True
TKT-00660,C-2602,2026-06-02,delivery,critical,64,1,ORD-9390,True
TKT-00595,C-2037,2026-06-02,delivery,critical,72,2,ORD-2416,True
TKT-00052,C-0540,2026-06-02,delivery,low,4,5,ORD-7621,False
TKT-01044,C-3935,2026-06-02,quality,medium,14,3,ORD-1988,False
TKT-00995,C-2980,2026-06-02,delivery,medium,64,1,ORD-9605,True
TKT-01035,C-1180,2026-06-02,delivery,low,9,4,ORD-4046,False
TKT-00621,C-4370,2026-06-02,billing,high,118,1,ORD-6188,True
TKT-00646,C-3553,2026-06-02,delivery,medium,4,5,ORD-1635,False
TKT-01023,C-3977,2026-06-02,delivery,high,73,3,ORD-9695,False
TKT-01460,C-2615,2026-06-02,billing,critical,72,1,ORD-9957,True
TKT-01271,C-1254,2026-06-03,delivery,low,19,3,ORD-9555,False
TKT-00217,C-3731,2026-06-03,service,high,58,1,ORD-7350,True
TKT-00227,C-1274,2026-06-03,delivery,medium,9,2,ORD-3062,True
TKT-00231,C-2880,2026-06-03,billing,critical,58,3,ORD-5847,True
TKT-00874,C-2676,2026-06-03,delivery,high,66,3,ORD-6290,False
TKT-00532,C-1439,2026-06-03,technical,critical,103,3,ORD-3948,True
TKT-00035,C-4269,2026-06-03,billing,low,6,4,ORD-4768,False
TKT-00928,C-4086,2026-06-03,technical,critical,125,1,ORD-8751,True
TKT-01923,C-4157,2026-06-03,technical,medium,3,3,ORD-1356,False
TKT-00916,C-0263,2026-06-03,billing,critical,64,1,ORD-5619,True
TKT-00394,C-1860,2026-06-03,service,critical,51,2,ORD-6877,True
TKT-01067,C-1442,2026-06-03,service,low,15,5,ORD-8908,False
TKT-00012,C-3148,2026-06-03,billing,medium,6,2,ORD-8073,True
TKT-00749,C-2701,2026-06-03,delivery,medium,39,5,ORD-1435,False
TKT-01500,C-3502,2026-06-03,delivery,critical,50,1,ORD-6208,True
TKT-00291,C-0954,2026-06-03,billing,critical,48,1,ORD-9180,True
TKT-00578,C-3811,2026-06-04,delivery,medium,6,3,ORD-3756,False
TKT-01209,C-1570,2026-06-04,billing,low,5,4,ORD-4712,False
TKT-00143,C-3595,2026-06-04,delivery,medium,63,2,ORD-1191,True
TKT-00484,C-0871,2026-06-04,delivery,high,71,2,ORD-5834,True
TKT-00792,C-3683,2026-06-04,delivery,high,87,3,ORD-4982,False
TKT-00575,C-3871,2026-06-04,delivery,high,62,3,ORD-9226,False
TKT-00598,C-3743,2026-06-04,delivery,medium,11,4,ORD-8428,False
TKT-01828,C-3699,2026-06-04,technical,critical,256,2,ORD-9109,True
TKT-01400,C-0706,2026-06-04,delivery,medium,58,1,ORD-3612,True
TKT-01669,C-2408,2026-06-04,delivery,medium,0,3,ORD-9121,False
TKT-00134,C-2281,2026-06-04,delivery,high,79,2,ORD-7687,True
TKT-01029,C-0636,2026-06-04,delivery,low,15,4,ORD-8356,False
TKT-00832,C-2511,2026-06-04,delivery,low,1,4,ORD-2037,False
TKT-01356,C-3668,2026-06-04,delivery,high,67,2,ORD-2771,True
TKT-00582,C-4818,2026-06-04,delivery,critical,51,1,ORD-9174,True
TKT-00847,C-1164,2026-06-04,technical,critical,48,2,ORD-5072,True
TKT-00008,C-2387,2026-06-04,delivery,medium,23,4,ORD-8915,False
TKT-01880,C-1141,2026-06-04,delivery,low,35,4,ORD-8928,False
TKT-00239,C-1882,2026-06-04,delivery,critical,70,3,ORD-5903,True
TKT-01439,C-3167,2026-06-04,delivery,medium,10,3,ORD-3387,False
TKT-01619,C-4634,2026-06-04,delivery,medium,2,4,ORD-8384,False
TKT-01476,C-3129,2026-06-04,delivery,critical,50,1,ORD-9453,True
TKT-01630,C-4641,2026-06-04,delivery,critical,55,1,ORD-3549,True
TKT-01099,C-1692,2026-06-04,delivery,high,78,2,ORD-4897,True
TKT-01307,C-1279,2026-06-04,delivery,high,58,3,ORD-3877,False
TKT-00448,C-4063,2026-06-04,quality,medium,37,5,ORD-9405,False
TKT-01412,C-3106,2026-06-04,quality,critical,54,2,ORD-8669,True
TKT-00650,C-1524,2026-06-05,quality,low,12,3,ORD-3540,False
TKT-00492,C-0246,2026-06-05,billing,critical,87,1,ORD-6334,True
TKT-01517,C-3526,2026-06-05,delivery,medium,31,4,ORD-3841,False
TKT-01839,C-0272,2026-06-05,quality,critical,75,2,ORD-9442,True
TKT-01171,C-0009,2026-06-05,delivery,critical,109,1,ORD-4629,True
TKT-01796,C-4301,2026-06-05,delivery,high,48,1,ORD-2587,True
TKT-01134,C-1126,2026-06-05,quality,critical,48,3,ORD-2653,True
TKT-01734,C-4939,2026-06-05,technical,high,63,1,ORD-7408,True
TKT-00272,C-4963,2026-06-05,delivery,low,8,4,ORD-8204,False
TKT-00317,C-0665,2026-06-05,service,critical,117,2,ORD-6734,True
TKT-00408,C-3338,2026-06-05,delivery,low,19,4,ORD-8832,False
TKT-00179,C-4431,2026-06-05,delivery,medium,20,2,ORD-7858,True
TKT-01737,C-4319,2026-06-05,delivery,medium,4,2,ORD-9912,True
TKT-01695,C-2886,2026-06-05,delivery,high,121,1,ORD-3228,True
TKT-00015,C-0093,2026-06-05,technical,medium,12,4,ORD-2577,False
TKT-00055,C-3559,2026-06-05,delivery,critical,94,1,ORD-4064,True
TKT-00310,C-1504,2026-06-05,delivery,low,13,4,ORD-1795,False
TKT-00242,C-0336,2026-06-05,delivery,high,56,3,ORD-3223,False
TKT-00372,C-2436,2026-06-06,billing,high,84,1,ORD-8938,True
TKT-01355,C-3347,2026-06-06,delivery,critical,69,3,ORD-3828,True
TKT-01477,C-4621,2026-06-06,quality,low,8,4,ORD-2718,False
TKT-01012,C-2320,2026-06-06,delivery,critical,53,1,ORD-6269,True
TKT-00153,C-2961,2026-06-06,delivery,critical,50,1,ORD-4862,True
TKT-00247,C-2804,2026-06-06,quality,high,58,1,ORD-9502,True
TKT-01704,C-2820,2026-06-06,delivery,low,16,4,ORD-4017,False
TKT-01475,C-3571,2026-06-06,technical,low,11,2,ORD-2511,True
TKT-01759,C-4472,2026-06-06,quality,high,53,1,ORD-4064,True
TKT-00436,C-4387,2026-06-06,delivery,medium,46,4,ORD-2544,False
TKT-01878,C-0366,2026-06-06,service,critical,94,1,ORD-6149,True
TKT-00400,C-0376,2026-06-06,billing,critical,57,2,ORD-8377,True
TKT-00416,C-0049,2026-06-06,technical,high,65,1,ORD-2869,True
TKT-01719,C-4058,2026-06-06,quality,low,9,3,ORD-8460,False
TKT-01700,C-2298,2026-06-06,billing,critical,55,1,ORD-2327,True
TKT-00719,C-1764,2026-06-06,delivery,medium,95,2,ORD-6359,True
TKT-01501,C-2726,2026-06-06,billing,low,14,3,ORD-6295,False
TKT-01148,C-3836,2026-06-06,billing,critical,71,2,ORD-9170,True
TKT-01784,C-1848,2026-06-06,technical,low,17,3,ORD-1574,False
TKT-01819,C-2555,2026-06-06,billing,high,93,1,ORD-8654,True
TKT-00974,C-3228,2026-06-06,quality,low,21,4,ORD-9067,False
TKT-00705,C-2167,2026-06-06,delivery,critical,48,1,ORD-1440,True
TKT-01314,C-0902,2026-06-07,technical,low,10,2,ORD-1511,True
TKT-00286,C-3952,2026-06-07,technical,low,52,2,ORD-8384,True
TKT-01451,C-1435,2026-06-07,delivery,low,29,4,ORD-9264,False
TKT-01193,C-0197,2026-06-07,quality,low,3,2,ORD-7858,True
TKT-00920,C-2373,2026-06-07,quality,high,90,2,ORD-6683,True
TKT-00480,C-1146,2026-06-07,service,critical,64,2,ORD-4257,True
TKT-00021,C-2405,2026-06-07,delivery,critical,123,1,ORD-6147,True
TKT-00914,C-3194,2026-06-07,technical,medium,7,3,ORD-6366,False
TKT-00381,C-3005,2026-06-07,technical,low,60,2,ORD-3327,True
TKT-01998,C-4199,2026-06-07,delivery,high,93,1,ORD-5380,True
TKT-00698,C-2360,2026-06-07,quality,low,18,4,ORD-5172,False
TKT-00101,C-4924,2026-06-07,delivery,low,0,4,ORD-8234,False
TKT-01415,C-4031,2026-06-07,delivery,medium,79,1,ORD-9356,True
TKT-01763,C-2553,2026-06-07,delivery,low,11,3,ORD-6943,False
TKT-01721,C-0026,2026-06-07,service,critical,70,3,ORD-7711,True
TKT-01224,C-1878,2026-06-07,service,low,10,4,ORD-1808,False
TKT-01126,C-1522,2026-06-07,quality,low,3,5,ORD-7125,False
TKT-01666,C-1765,2026-06-07,billing,low,7,4,ORD-2224,False
TKT-00586,C-0790,2026-06-07,quality,medium,65,3,ORD-6293,False
TKT-00405,C-0439,2026-06-07,technical,high,59,1,ORD-5310,True
TKT-00364,C-4952,2026-06-07,billing,low,63,2,ORD-5758,True
TKT-01231,C-0627,2026-06-07,service,low,4,4,ORD-4427,False
TKT-00128,C-3502,2026-06-07,technical,critical,51,2,ORD-6647,True
TKT-01935,C-4790,2026-06-07,delivery,medium,2,3,ORD-6080,False
TKT-00127,C-4352,2026-06-07,billing,critical,68,1,ORD-9133,True
TKT-01606,C-2405,2026-06-08,technical,critical,110,2,ORD-5036,True
TKT-01212,C-0824,2026-06-08,technical,high,107,2,ORD-6540,True
TKT-01731,C-4737,2026-06-08,delivery,medium,5,4,ORD-7629,False
TKT-00826,C-1690,2026-06-08,delivery,high,57,1,ORD-8876,True
TKT-01938,C-2382,2026-06-08,technical,critical,53,1,ORD-6409,True
TKT-01812,C-1504,2026-06-08,service,medium,25,3,ORD-5540,False
TKT-00447,C-2068,2026-06-08,billing,high,56,1,ORD-7162,True
TKT-00651,C-1594,2026-06-08,service,high,53,2,ORD-7249,True
TKT-00089,C-2556,2026-06-08,technical,high,53,2,ORD-3951,True
TKT-01685,C-3613,2026-06-08,quality,high,57,1,ORD-4923,True
TKT-00864,C-4742,2026-06-08,billing,low,23,3,ORD-9432,False
TKT-00901,C-3892,2026-06-08,service,medium,19,4,ORD-9115,False
TKT-00070,C-0703,2026-06-08,quality,low,17,2,ORD-4137,True
TKT-00186,C-2234,2026-06-08,billing,medium,44,3,ORD-2389,False
TKT-00494,C-2094,2026-06-08,quality,critical,61,1,ORD-3152,True
TKT-01339,C-3364,2026-06-08,quality,high,56,3,ORD-8822,False
TKT-01725,C-0552,2026-06-08,technical,high,81,3,ORD-5745,False
TKT-01095,C-2368,2026-06-08,service,critical,71,2,ORD-6215,True
TKT-01632,C-2815,2026-06-08,technical,low,4,3,ORD-2688,False
TKT-00298,C-3083,2026-06-09,technical,low,12,3,ORD-7336,False
TKT-00045,C-1475,2026-06-09,technical,critical,103,3,ORD-4059,True
TKT-00566,C-3024,2026-06-09,quality,low,37,4,ORD-2289,False
TKT-01143,C-1908,2026-06-09,technical,critical,71,2,ORD-3786,True
TKT-00315,C-4208,2026-06-09,service,high,51,2,ORD-3431,True
TKT-00276,C-0718,2026-06-09,service,high,55,3,ORD-6239,False
TKT-01813,C-0303,2026-06-09,technical,critical,92,1,ORD-2160,True
TKT-01502,C-1432,2026-06-09,service,high,65,2,ORD-7889,True
TKT-01359,C-2528,2026-06-09,delivery,high,64,1,ORD-6201,True
TKT-00411,C-3482,2026-06-09,billing,low,49,2,ORD-1750,True
TKT-01135,C-1419,2026-06-09,billing,medium,11,5,ORD-7594,False
TKT-00572,C-1186,2026-06-09,service,critical,135,2,ORD-6624,True
TKT-01150,C-0839,2026-06-09,quality,medium,37,3,ORD-7019,False
TKT-00046,C-0318,2026-06-09,service,high,123,1,ORD-6984,True
TKT-01403,C-1848,2026-06-09,technical,low,31,3,ORD-5277,False
TKT-00934,C-2563,2026-06-09,technical,high,83,3,ORD-8646,False
TKT-00150,C-0730,2026-06-09,billing,medium,12,2,ORD-9515,True
TKT-00262,C-2949,2026-06-10,billing,high,156,1,ORD-8630,True
TKT-00886,C-3370,2026-06-10,delivery,critical,48,1,ORD-1334,True
TKT-01755,C-1847,2026-06-10,delivery,medium,13,5,ORD-6197,False
TKT-01723,C-0892,2026-06-10,service,medium,37,4,ORD-5104,False
TKT-00839,C-2700,2026-06-10,service,critical,88,1,ORD-4262,True
TKT-00707,C-4891,2026-06-10,quality,medium,7,3,ORD-1259,False
TKT-01178,C-0346,2026-06-10,technical,medium,92,2,ORD-9032,True
TKT-01711,C-4204,2026-06-10,delivery,low,12,2,ORD-6559,True
TKT-01111,C-3683,2026-06-10,delivery,high,137,3,ORD-8996,False
TKT-00299,C-4605,2026-06-10,quality,low,41,5,ORD-2501,False
TKT-01701,C-1363,2026-06-10,quality,critical,66,1,ORD-2058,True
TKT-00613,C-2295,2026-06-10,billing,critical,63,2,ORD-7121,True
TKT-01194,C-4367,2026-06-10,delivery,low,5,3,ORD-3670,False
TKT-01978,C-0088,2026-06-10,billing,high,51,3,ORD-2517,False
TKT-00141,C-3449,2026-06-10,technical,medium,32,4,ORD-3292,False
TKT-01815,C-0090,2026-06-10,technical,medium,1,5,ORD-8672,False
TKT-01952,C-1613,2026-06-10,billing,low,6,2,ORD-4399,True
TKT-00674,C-4967,2026-06-10,technical,critical,68,2,ORD-1721,True
TKT-01941,C-4683,2026-06-10,billing,high,87,3,ORD-4772,False
TKT-00634,C-2708,2026-06-10,technical,high,53,3,ORD-1855,False
TKT-01220,C-1333,2026-06-10,billing,critical,63,1,ORD-2934,True
TKT-00424,C-2853,2026-06-10,service,high,58,1,ORD-5834,True
TKT-01753,C-0004,2026-06-10,quality,low,13,3,ORD-9587,False
TKT-00113,C-4786,2026-06-11,billing,low,31,3,ORD-6826,False
TKT-00843,C-4964,2026-06-11,quality,critical,52,3,ORD-1037,True
TKT-01336,C-0488,2026-06-11,delivery,medium,82,2,ORD-3232,True
TKT-01968,C-0531,2026-06-11,billing,high,70,1,ORD-2985,True
TKT-00490,C-3080,2026-06-11,billing,low,10,5,ORD-2026,False
TKT-00009,C-2427,2026-06-11,quality,high,70,2,ORD-6646,True
TKT-00454,C-0183,2026-06-11,technical,critical,63,2,ORD-3138,True
TKT-00118,C-0962,2026-06-11,delivery,low,15,3,ORD-5327,False
TKT-01782,C-4843,2026-06-11,service,high,50,2,ORD-4569,True
TKT-00887,C-4756,2026-06-11,delivery,low,12,4,ORD-2562,False
TKT-00269,C-2283,2026-06-11,service,high,74,1,ORD-2787,True
TKT-01971,C-3033,2026-06-11,technical,high,78,2,ORD-2182,True
TKT-00584,C-2481,2026-06-11,service,high,75,2,ORD-4497,True
TKT-01377,C-1472,2026-06-11,delivery,low,43,2,ORD-6143,True
TKT-01653,C-1707,2026-06-12,quality,high,53,1,ORD-4463,True
TKT-01678,C-0173,2026-06-12,quality,low,19,3,ORD-5644,False
TKT-00607,C-2372,2026-06-12,billing,medium,2,2,ORD-1633,True
TKT-00397,C-0191,2026-06-12,quality,medium,5,3,ORD-2611,False
TKT-01640,C-1646,2026-06-12,delivery,medium,5,3,ORD-3742,False
TKT-00720,C-4816,2026-06-12,service,medium,21,4,ORD-3669,False
TKT-00647,C-1344,2026-06-12,delivery,critical,60,1,ORD-3152,True
TKT-00680,C-1801,2026-06-12,billing,high,64,1,ORD-5417,True
TKT-01315,C-2068,2026-06-12,technical,low,44,3,ORD-1025,False
TKT-01463,C-3981,2026-06-12,service,high,48,1,ORD-5090,True
TKT-00523,C-1044,2026-06-12,delivery,low,54,1,ORD-8888,True
TKT-00211,C-3085,2026-06-12,delivery,critical,51,1,ORD-6258,True
TKT-01039,C-4265,2026-06-12,technical,low,21,5,ORD-9174,False
TKT-01829,C-3208,2026-06-12,service,medium,7,2,ORD-7637,True
TKT-01785,C-4277,2026-06-13,technical,critical,84,1,ORD-3686,True
TKT-01046,C-4053,2026-06-13,quality,low,17,4,ORD-2227,False
TKT-00644,C-3203,2026-06-13,delivery,medium,23,3,ORD-2439,False
TKT-01279,C-2445,2026-06-13,service,high,132,2,ORD-9131,True
TKT-00439,C-3338,2026-06-13,billing,low,19,4,ORD-5149,False
TKT-00460,C-4830,2026-06-13,billing,high,60,1,ORD-6846,True
TKT-01928,C-1304,2026-06-13,technical,medium,85,1,ORD-7655,True
TKT-00569,C-3352,2026-06-13,technical,low,26,5,ORD-1527,False
TKT-00611,C-3863,2026-06-13,quality,low,10,3,ORD-8659,False
TKT-00851,C-0117,2026-06-13,service,critical,166,1,ORD-1174,True
TKT-01204,C-0113,2026-06-13,technical,critical,56,3,ORD-4925,True
TKT-00488,C-1533,2026-06-13,service,medium,7,5,ORD-6607,False
TKT-01959,C-1862,2026-06-13,service,critical,114,1,ORD-7296,True
TKT-00164,C-0480,2026-06-13,quality,medium,50,2,ORD-2487,True
TKT-01868,C-4225,2026-06-13,delivery,medium,87,1,ORD-6217,True
TKT-00809,C-4047,2026-06-13,billing,medium,10,4,ORD-8572,False
TKT-00086,C-3817,2026-06-14,technical,high,74,2,ORD-3271,True
TKT-01497,C-4978,2026-06-14,service,critical,58,1,ORD-6750,True
TKT-01764,C-1073,2026-06-14,quality,critical,53,1,ORD-8469,True
TKT-00076,C-2500,2026-06-14,service,critical,110,1,ORD-1135,True
TKT-00326,C-3562,2026-06-14,quality,medium,37,2,ORD-8101,True
TKT-01122,C-0179,2026-06-14,technical,medium,0,2,ORD-1995,True
TKT-00897,C-0717,2026-06-14,billing,low,35,4,ORD-1815,False
TKT-00478,C-3477,2026-06-14,delivery,low,21,5,ORD-2654,False
TKT-01227,C-0765,2026-06-14,quality,medium,22,4,ORD-4735,False
TKT-00622,C-4661,2026-06-14,technical,low,15,2,ORD-8935,True
TKT-01765,C-3201,2026-06-14,service,medium,25,4,ORD-3507,False
TKT-00782,C-4987,2026-06-14,service,critical,78,3,ORD-8957,True
TKT-01876,C-4918,2026-06-14,billing,low,107,2,ORD-5686,True
TKT-01743,C-4771,2026-06-14,service,critical,61,2,ORD-3952,True
TKT-00616,C-3421,2026-06-14,delivery,low,35,4,ORD-3114,False
TKT-01654,C-3970,2026-06-14,service,medium,10,4,ORD-8000,False
TKT-00573,C-1988,2026-06-14,technical,critical,48,2,ORD-7654,True
TKT-00421,C-3650,2026-06-14,billing,high,55,2,ORD-2768,True
TKT-01986,C-0141,2026-06-14,quality,critical,62,2,ORD-4960,True
TKT-01913,C-1006,2026-06-14,quality,medium,3,4,ORD-8461,False
TKT-01457,C-3811,2026-06-15,billing,medium,25,4,ORD-5511,False
TKT-01620,C-3832,2026-06-15,service,low,13,4,ORD-3648,False
TKT-00568,C-4388,2026-06-15,billing,critical,51,2,ORD-6911,True
TKT-00802,C-1037,2026-06-15,billing,low,34,2,ORD-7693,True
TKT-00677,C-2246,2026-06-15,quality,critical,54,1,ORD-1852,True
TKT-01830,C-1377,2026-06-15,technical,low,24,4,ORD-7066,False
TKT-01138,C-4174,2026-06-15,service,high,48,3,ORD-1764,False
TKT-01064,C-1094,2026-06-15,quality,high,157,1,ORD-2654,True
TKT-01272,C-2967,2026-06-15,quality,high,106,2,ORD-5232,True
TKT-01472,C-0516,2026-06-15,delivery,low,51,2,ORD-9014,True
TKT-01098,C-4310,2026-06-15,delivery,low,55,1,ORD-5813,True
TKT-01482,C-0590,2026-06-15,quality,critical,66,1,ORD-5991,True
TKT-01003,C-4559,2026-06-15,billing,high,59,2,ORD-5141,True
TKT-01558,C-4148,2026-06-15,billing,critical,69,3,ORD-1060,True
TKT-00028,C-1863,2026-06-15,service,critical,48,2,ORD-3285,True
TKT-01789,C-4001,2026-06-15,delivery,medium,30,3,ORD-5549,False
TKT-00293,C-1132,2026-06-15,delivery,high,64,2,ORD-5555,True
TKT-01071,C-2726,2026-06-15,service,low,33,3,ORD-3113,False
TKT-01660,C-2698,2026-06-16,service,critical,66,1,ORD-1179,True
TKT-00785,C-2570,2026-06-16,technical,high,55,2,ORD-3618,True
TKT-01093,C-4321,2026-06-16,technical,high,65,2,ORD-4959,True
TKT-01132,C-1466,2026-06-16,delivery,critical,71,1,ORD-7072,True
TKT-00137,C-3834,2026-06-16,service,low,12,2,ORD-6232,True
TKT-00202,C-1390,2026-06-16,delivery,critical,85,1,ORD-4906,True
TKT-01946,C-4936,2026-06-16,billing,critical,58,1,ORD-8329,True
TKT-01821,C-4216,2026-06-16,technical,medium,42,5,ORD-4594,False
TKT-01886,C-2132,2026-06-16,service,low,8,3,ORD-3225,False
TKT-01054,C-3437,2026-06-16,delivery,high,167,1,ORD-4467,True
TKT-01002,C-2134,2026-06-16,delivery,high,56,2,ORD-5299,True
TKT-00944,C-2103,2026-06-16,delivery,high,65,1,ORD-2763,True
TKT-01280,C-4362,2026-06-16,billing,high,67,1,ORD-5626,True
TKT-00637,C-3388,2026-06-16,quality,medium,4,5,ORD-9871,False
TKT-01524,C-1530,2026-06-16,billing,medium,20,5,ORD-3086,False
TKT-01921,C-3997,2026-06-16,billing,medium,17,4,ORD-1717,False
TKT-01554,C-2294,2026-06-16,technical,critical,56,2,ORD-2871,True
TKT-01760,C-0951,2026-06-16,quality,high,69,2,ORD-9965,True
TKT-00612,C-0867,2026-06-16,quality,low,84,1,ORD-8905,True
TKT-00486,C-0544,2026-06-17,quality,medium,47,3,ORD-5557,False
TKT-00658,C-0406,2026-06-17,technical,critical,64,1,ORD-4922,True
TKT-01244,C-2855,2026-06-17,quality,high,78,2,ORD-7502,True
TKT-01345,C-1721,2026-06-17,billing,medium,11,3,ORD-5555,False
TKT-00245,C-4271,2026-06-17,billing,high,91,2,ORD-5444,True
TKT-01300,C-0754,2026-06-17,technical,high,53,2,ORD-6986,True
TKT-01327,C-1866,2026-06-17,quality,high,97,1,ORD-4887,True
TKT-01800,C-3757,2026-06-17,delivery,low,23,3,ORD-5743,False
TKT-00387,C-0592,2026-06-17,quality,low,17,4,ORD-1100,False
TKT-00122,C-4861,2026-06-17,billing,critical,68,2,ORD-4464,True
TKT-01840,C-2743,2026-06-17,service,critical,56,2,ORD-4143,True
TKT-00017,C-3970,2026-06-17,technical,high,117,1,ORD-5283,True
TKT-00869,C-4075,2026-06-17,quality,low,4,4,ORD-7521,False
TKT-01506,C-4269,2026-06-18,billing,critical,92,3,ORD-1392,True
TKT-01718,C-4183,2026-06-18,delivery,medium,9,4,ORD-7274,False
TKT-00252,C-3110,2026-06-18,billing,high,53,1,ORD-7180,True
TKT-01991,C-4936,2026-06-18,service,high,56,1,ORD-2880,True
TKT-00218,C-4484,2026-06-18,service,low,6,3,ORD-8896,False
TKT-01974,C-4287,2026-06-18,quality,critical,123,2,ORD-4544,True
TKT-00309,C-3027,2026-06-18,quality,low,0,3,ORD-3036,False
TKT-00911,C-1180,2026-06-18,billing,critical,49,1,ORD-8476,True
TKT-00941,C-0482,2026-06-18,quality,medium,2,4,ORD-4167,False
TKT-01145,C-4967,2026-06-18,quality,critical,63,1,ORD-9109,True
TKT-00848,C-4827,2026-06-18,billing,medium,7,3,ORD-4672,False
TKT-01895,C-0629,2026-06-18,delivery,medium,12,4,ORD-4875,False
TKT-00673,C-4307,2026-06-18,quality,low,5,4,ORD-9514,False
TKT-01573,C-3342,2026-06-18,billing,low,21,3,ORD-2629,False
TKT-01947,C-3037,2026-06-19,billing,medium,9,3,ORD-5543,False
TKT-00275,C-1488,2026-06-19,service,medium,121,1,ORD-2412,True
TKT-00618,C-3180,2026-06-19,billing,critical,58,1,ORD-5101,True
TKT-01076,C-1129,2026-06-19,billing,low,4,4,ORD-5685,False
TKT-00431,C-3741,2026-06-19,technical,medium,13,4,ORD-5126,False
TKT-01362,C-2783,2026-06-19,billing,medium,149,3,ORD-2486,False
TKT-01617,C-0640,2026-06-19,billing,high,74,1,ORD-9618,True
TKT-00992,C-2997,2026-06-19,delivery,medium,2,3,ORD-2419,False
TKT-00257,C-4077,2026-06-19,service,low,17,4,ORD-3361,False
TKT-01149,C-3515,2026-06-19,technical,low,59,2,ORD-1083,True
TKT-01667,C-4353,2026-06-19,quality,critical,56,1,ORD-2173,True
TKT-01615,C-0036,2026-06-19,service,critical,50,2,ORD-8664,True
TKT-00322,C-3766,2026-06-19,quality,critical,96,1,ORD-3363,True
TKT-01337,C-0857,2026-06-19,quality,medium,76,2,ORD-1220,True
TKT-00366,C-3139,2026-06-19,delivery,high,92,2,ORD-3786,True
TKT-01703,C-0587,2026-06-19,quality,medium,19,3,ORD-4277,False
TKT-01822,C-4585,2026-06-19,technical,critical,56,1,ORD-6876,True
TKT-01972,C-2454,2026-06-20,quality,medium,8,1,ORD-7866,True
TKT-00836,C-3585,2026-06-20,quality,low,69,1,ORD-9553,True
TKT-00056,C-2345,2026-06-20,delivery,critical,50,2,ORD-2091,True
TKT-01397,C-2319,2026-06-20,delivery,low,7,3,ORD-9403,False
TKT-00967,C-2889,2026-06-20,quality,critical,56,2,ORD-7846,True
TKT-01072,C-3616,2026-06-20,quality,high,103,1,ORD-2451,True
TKT-00403,C-4697,2026-06-20,service,high,86,1,ORD-4267,True
TKT-00290,C-1889,2026-06-20,quality,critical,97,2,ORD-5523,True
TKT-01533,C-3821,2026-06-20,technical,critical,50,2,ORD-5696,True
TKT-01987,C-0369,2026-06-20,billing,high,83,3,ORD-6147,False
TKT-00721,C-0383,2026-06-20,quality,low,14,3,ORD-8953,False
TKT-00973,C-1225,2026-06-20,billing,critical,132,1,ORD-8475,True
TKT-01172,C-4106,2026-06-20,service,critical,91,2,ORD-2265,True
TKT-01919,C-1364,2026-06-20,billing,critical,103,1,ORD-2182,True
TKT-01672,C-2268,2026-06-20,technical,high,110,1,ORD-7153,True
TKT-00124,C-2256,2026-06-20,quality,critical,57,2,ORD-4699,True
TKT-01576,C-1904,2026-06-20,billing,high,72,1,ORD-1180,True
TKT-00489,C-3177,2026-06-20,technical,low,93,1,ORD-5880,True
TKT-00552,C-4893,2026-06-20,technical,critical,136,1,ORD-5625,True
TKT-00038,C-1128,2026-06-20,service,medium,61,2,ORD-9322,True
TKT-00085,C-0310,2026-06-20,delivery,critical,90,2,ORD-5963,True
TKT-00938,C-2348,2026-06-21,billing,medium,12,4,ORD-6243,False
TKT-00888,C-3012,2026-06-21,service,low,52,1,ORD-6144,True
TKT-01633,C-1286,2026-06-21,service,medium,33,4,ORD-5208,False
TKT-01881,C-1827,2026-06-21,service,medium,1,3,ORD-1102,False
TKT-00483,C-4607,2026-06-21,delivery,critical,51,2,ORD-5570,True
TKT-00049,C-0512,2026-06-21,delivery,critical,98,2,ORD-5973,True
TKT-01440,C-0972,2026-06-21,billing,low,4,2,ORD-7605,True
TKT-00868,C-4993,2026-06-21,technical,high,55,1,ORD-3153,True
TKT-01450,C-4297,2026-06-21,quality,critical,71,2,ORD-8508,True
TKT-01803,C-0650,2026-06-21,service,low,5,4,ORD-2538,False
TKT-01335,C-4161,2026-06-21,service,high,53,3,ORD-6277,False
TKT-01647,C-4244,2026-06-21,delivery,critical,51,1,ORD-1966,True
TKT-00412,C-0416,2026-06-21,quality,critical,65,2,ORD-3565,True
TKT-00378,C-1528,2026-06-21,billing,low,15,1,ORD-5411,True
TKT-01247,C-0034,2026-06-21,technical,critical,62,1,ORD-2253,True
TKT-00456,C-2644,2026-06-21,delivery,critical,78,1,ORD-3079,True
TKT-01382,C-3025,2026-06-21,delivery,low,7,4,ORD-2066,False
TKT-00206,C-1524,2026-06-21,technical,medium,17,3,ORD-5641,False
TKT-01754,C-3625,2026-06-21,service,critical,49,1,ORD-2377,True
TKT-01437,C-0834,2026-06-22,technical,low,9,3,ORD-9832,False
TKT-01263,C-0679,2026-06-22,technical,critical,58,1,ORD-2529,True
TKT-01216,C-1641,2026-06-22,quality,high,50,2,ORD-6823,True
TKT-00735,C-3113,2026-06-22,billing,high,52,3,ORD-4071,False
TKT-00125,C-4756,2026-06-22,service,high,77,1,ORD-4319,True
TKT-00858,C-4237,2026-06-22,quality,critical,61,1,ORD-3845,True
TKT-00585,C-0707,2026-06-22,service,critical,80,2,ORD-8438,True
TKT-01677,C-2570,2026-06-22,delivery,high,63,1,ORD-8685,True
TKT-00300,C-2436,2026-06-22,delivery,low,3,3,ORD-4098,False
TKT-00682,C-1577,2026-06-22,billing,low,0,4,ORD-8160,False
TKT-01091,C-3184,2026-06-22,technical,medium,15,2,ORD-2400,True
TKT-01587,C-0286,2026-06-22,quality,high,53,3,ORD-1367,False
TKT-00482,C-3417,2026-06-22,billing,medium,4,3,ORD-2969,False
TKT-00203,C-0916,2026-06-22,technical,medium,33,4,ORD-3267,False
TKT-01548,C-4123,2026-06-22,technical,high,59,1,ORD-4838,True
TKT-01276,C-2136,2026-06-22,delivery,high,76,2,ORD-4445,True
TKT-00852,C-2861,2026-06-22,delivery,high,62,3,ORD-4602,False
TKT-01582,C-1077,2026-06-22,delivery,medium,20,5,ORD-6425,False
TKT-00678,C-4761,2026-06-22,service,critical,50,3,ORD-7413,True
TKT-01873,C-3221,2026-06-23,service,critical,117,2,ORD-3694,True
TKT-01915,C-1358,2026-06-23,service,medium,16,2,ORD-9046,True
TKT-01585,C-1037,2026-06-23,delivery,critical,50,3,ORD-9971,True
TKT-00530,C-4325,2026-06-23,quality,high,61,3,ORD-1911,False
TKT-01539,C-3683,2026-06-23,service,low,61,1,ORD-9545,True
TKT-00871,C-1987,2026-06-23,billing,low,25,5,ORD-9721,False
TKT-00302,C-1101,2026-06-23,billing,low,4,2,ORD-5657,True
TKT-01898,C-4956,2026-06-23,delivery,medium,13,4,ORD-2114,False
TKT-01352,C-2005,2026-06-23,billing,high,100,1,ORD-1668,True
TKT-01746,C-0062,2026-06-23,service,low,69,1,ORD-3745,True
TKT-01211,C-3496,2026-06-23,quality,low,47,2,ORD-7034,True
TKT-01807,C-1089,2026-06-23,quality,low,1,3,ORD-2314,False
TKT-00737,C-0161,2026-06-23,service,medium,35,5,ORD-1528,False
TKT-00657,C-2094,2026-06-23,service,high,57,3,ORD-2160,False
TKT-01169,C-0612,2026-06-23,service,low,152,1,ORD-8173,True
TKT-01215,C-1643,2026-06-23,service,low,0,4,ORD-3188,False
TKT-01338,C-0799,2026-06-23,delivery,critical,60,1,ORD-1397,True
TKT-00068,C-1336,2026-06-23,service,low,20,2,ORD-3156,True
TKT-01768,C-2272,2026-06-24,service,low,10,5,ORD-8679,False
TKT-01230,C-0318,2026-06-24,billing,high,59,2,ORD-9107,True
TKT-00102,C-1462,2026-06-24,service,critical,76,1,ORD-1496,True
TKT-01775,C-4933,2026-06-24,delivery,high,50,2,ORD-9458,True
TKT-01040,C-1754,2026-06-24,technical,medium,46,3,ORD-7010,False
TKT-01983,C-3607,2026-06-24,quality,critical,59,3,ORD-7882,True
TKT-00954,C-4615,2026-06-24,delivery,high,65,1,ORD-2220,True
TKT-00953,C-1316,2026-06-24,quality,critical,51,2,ORD-1079,True
TKT-00939,C-3064,2026-06-24,quality,low,6,1,ORD-7219,True
TKT-00341,C-1742,2026-06-24,billing,critical,49,3,ORD-6679,True
TKT-01942,C-1011,2026-06-24,delivery,medium,47,4,ORD-6458,False
TKT-00430,C-1890,2026-06-24,service,medium,5,5,ORD-1797,False
TKT-01644,C-2001,2026-06-24,service,low,21,3,ORD-5769,False
TKT-01747,C-4183,2026-06-24,technical,low,16,3,ORD-6646,False
TKT-01515,C-1137,2026-06-24,technical,critical,94,1,ORD-4501,True
TKT-01769,C-2182,2026-06-24,technical,critical,53,1,ORD-7668,True
TKT-00135,C-2006,2026-06-24,technical,critical,81,1,ORD-5331,True
TKT-01949,C-2690,2026-06-24,delivery,high,48,2,ORD-3647,True
TKT-00553,C-1111,2026-06-24,delivery,low,7,4,ORD-4387,False
TKT-01429,C-0962,2026-06-24,delivery,medium,35,3,ORD-9936,False
TKT-01443,C-2592,2026-06-24,service,critical,61,1,ORD-5898,True
TKT-00258,C-3087,2026-06-24,billing,low,51,1,ORD-1479,True
TKT-01297,C-2468,2026-06-24,technical,high,117,1,ORD-6063,True
TKT-01481,C-1518,2026-06-24,billing,medium,14,5,ORD-5973,False
TKT-00632,C-0794,2026-06-24,billing,medium,0,3,ORD-6769,False
TKT-01485,C-1518,2026-06-24,billing,high,108,1,ORD-4143,True
TKT-01578,C-1004,2026-06-25,service,high,104,2,ORD-5060,True
TKT-01729,C-2546,2026-06-25,service,critical,69,2,ORD-4331,True
TKT-00023,C-0609,2026-06-25,billing,medium,70,2,ORD-9742,True
TKT-01264,C-3591,2026-06-25,delivery,critical,153,3,ORD-9608,True
TKT-01441,C-3142,2026-06-25,technical,critical,58,3,ORD-8277,True
TKT-00846,C-4923,2026-06-25,technical,critical,91,2,ORD-9389,True
TKT-01401,C-0001,2026-06-25,service,medium,35,2,ORD-9441,True
TKT-00004,C-0636,2026-06-25,delivery,low,5,4,ORD-6197,False
TKT-00881,C-0931,2026-06-25,delivery,high,92,1,ORD-3879,True
TKT-00115,C-0994,2026-06-25,quality,high,51,2,ORD-8901,True
TKT-01100,C-4142,2026-06-25,delivery,medium,5,3,ORD-2369,False
TKT-00817,C-0670,2026-06-25,delivery,critical,74,2,ORD-7875,True
TKT-01208,C-4271,2026-06-25,service,medium,7,4,ORD-3609,False
TKT-00377,C-3117,2026-06-25,quality,low,18,3,ORD-9975,False
TKT-01191,C-1601,2026-06-25,technical,high,91,1,ORD-9871,True
TKT-01229,C-1744,2026-06-25,billing,low,0,4,ORD-7072,False
TKT-00330,C-1697,2026-06-25,delivery,critical,73,2,ORD-9271,True
TKT-01083,C-0222,2026-06-25,quality,low,4,4,ORD-7570,False
TKT-00030,C-4445,2026-06-25,delivery,medium,5,3,ORD-9863,False
TKT-00306,C-4263,2026-06-25,delivery,critical,49,2,ORD-6580,True
TKT-00675,C-0412,2026-06-25,technical,medium,3,4,ORD-8408,False
TKT-00349,C-0651,2026-06-25,service,high,81,1,ORD-5215,True
TKT-00533,C-1744,2026-06-25,quality,high,53,2,ORD-2909,True
TKT-00139,C-1001,2026-06-25,billing,low,64,1,ORD-2139,True
TKT-00396,C-0988,2026-06-25,delivery,medium,5,3,ORD-7617,False
TKT-00005,C-3155,2026-06-26,delivery,high,57,2,ORD-9530,True
TKT-00449,C-4110,2026-06-26,billing,medium,0,2,ORD-4524,True
TKT-01333,C-1696,2026-06-26,quality,medium,33,3,ORD-6202,False
TKT-00226,C-0548,2026-06-26,service,high,95,2,ORD-9619,True
TKT-01528,C-0782,2026-06-26,quality,medium,62,1,ORD-5073,True
TKT-00393,C-4656,2026-06-26,technical,low,3,1,ORD-7938,True
TKT-00192,C-4009,2026-06-26,technical,low,0,4,ORD-9163,False
TKT-00369,C-1456,2026-06-26,technical,high,51,3,ORD-6365,False
TKT-00962,C-4066,2026-06-26,technical,low,10,5,ORD-6297,False
TKT-01127,C-0036,2026-06-26,delivery,high,61,1,ORD-3814,True
TKT-01340,C-3821,2026-06-26,billing,low,48,3,ORD-5152,False
TKT-00415,C-2424,2026-06-26,quality,medium,14,4,ORD-9670,False
TKT-01662,C-2819,2026-06-26,billing,high,97,2,ORD-4504,True
TKT-00958,C-0641,2026-06-26,delivery,low,58,2,ORD-5821,True
TKT-00800,C-4600,2026-06-26,billing,low,48,2,ORD-7111,True
TKT-00248,C-1710,2026-06-27,billing,high,63,2,ORD-1511,True
TKT-00689,C-1023,2026-06-27,technical,high,189,2,ORD-8192,True
TKT-00898,C-2929,2026-06-27,billing,low,59,2,ORD-6921,True
TKT-00385,C-0289,2026-06-27,quality,critical,58,1,ORD-2894,True
TKT-01140,C-1268,2026-06-27,quality,high,59,3,ORD-2605,False
TKT-00267,C-3256,2026-06-27,service,critical,64,1,ORD-3141,True
TKT-01019,C-3180,2026-06-27,delivery,low,40,2,ORD-6914,True
TKT-00388,C-2351,2026-06-27,delivery,medium,17,5,ORD-3314,False
TKT-00223,C-3838,2026-06-27,delivery,high,73,1,ORD-9840,True
TKT-01379,C-2423,2026-06-27,delivery,high,50,2,ORD-6136,True
TKT-00816,C-3220,2026-06-27,billing,critical,48,1,ORD-5438,True
TKT-01103,C-4756,2026-06-27,quality,medium,11,2,ORD-2012,True
TKT-00130,C-4882,2026-06-27,billing,medium,15,4,ORD-7934,False
TKT-01213,C-0879,2026-06-27,technical,medium,1,3,ORD-9241,False
TKT-01322,C-1296,2026-06-27,service,low,70,2,ORD-6094,True
TKT-00801,C-1198,2026-06-27,technical,high,60,1,ORD-6774,True
TKT-00375,C-0619,2026-06-27,quality,critical,118,1,ORD-1697,True
TKT-01612,C-2633,2026-06-28,quality,high,50,2,ORD-5852,True
TKT-00069,C-3857,2026-06-28,service,low,24,3,ORD-2190,False
TKT-00730,C-0949,2026-06-28,delivery,low,11,2,ORD-8769,True
TKT-00363,C-4006,2026-06-28,billing,low,40,3,ORD-5561,False
TKT-00620,C-4241,2026-06-28,technical,low,23,4,ORD-1832,False
TKT-00668,C-1252,2026-06-28,service,critical,70,2,ORD-8337,True
TKT-00100,C-4781,2026-06-28,technical,high,54,1,ORD-7905,True
TKT-00945,C-2820,2026-06-28,delivery,high,65,2,ORD-2523,True
TKT-00813,C-2111,2026-06-28,delivery,high,50,1,ORD-7259,True
TKT-00758,C-4602,2026-06-28,delivery,high,57,1,ORD-4697,True
TKT-01074,C-1110,2026-06-28,delivery,critical,48,2,ORD-2866,True
TKT-01772,C-4960,2026-06-28,billing,critical,70,1,ORD-1477,True
TKT-00828,C-2719,2026-06-28,technical,medium,17,5,ORD-4897,False
TKT-01638,C-2826,2026-06-28,technical,medium,27,4,ORD-3502,False
TKT-00878,C-3641,2026-06-28,service,critical,53,1,ORD-6484,True
TKT-00545,C-0056,2026-06-28,delivery,high,51,3,ORD-3111,False
TKT-01024,C-0966,2026-06-28,delivery,critical,74,2,ORD-2089,True
TKT-00594,C-0194,2026-06-28,billing,medium,36,3,ORD-8006,False
TKT-01557,C-1385,2026-06-28,quality,medium,10,5,ORD-1188,False
TKT-00560,C-4092,2026-06-28,quality,high,55,2,ORD-5395,True
TKT-01222,C-4078,2026-06-28,delivery,critical,73,3,ORD-9034,True
TKT-00865,C-0650,2026-06-29,delivery,critical,55,1,ORD-9923,True
TKT-01022,C-1829,2026-06-29,quality,low,0,3,ORD-1479,False
TKT-00671,C-0135,2026-06-29,delivery,critical,49,2,ORD-7647,True
TKT-00694,C-1721,2026-06-29,billing,critical,73,2,ORD-2733,True
TKT-01985,C-1082,2026-06-29,delivery,critical,55,2,ORD-6365,True
TKT-00956,C-3371,2026-06-29,quality,high,49,2,ORD-8671,True
TKT-00985,C-2369,2026-06-29,delivery,critical,73,2,ORD-5294,True
TKT-00589,C-4289,2026-06-29,technical,low,32,4,ORD-1438,False
TKT-00329,C-3591,2026-06-29,billing,critical,75,2,ORD-6201,True
TKT-00292,C-1793,2026-06-29,quality,critical,50,3,ORD-5062,True
TKT-00602,C-0832,2026-06-29,billing,low,13,3,ORD-4561,False
TKT-00176,C-1969,2026-06-29,service,low,20,4,ORD-9821,False
TKT-00051,C-1640,2026-06-29,billing,critical,70,1,ORD-4395,True
TKT-01918,C-0373,2026-06-29,billing,high,84,1,ORD-6419,True
TKT-01366,C-3201,2026-06-29,quality,low,25,4,ORD-9924,False
TKT-00990,C-1349,2026-06-29,billing,high,51,1,ORD-9314,True
TKT-00173,C-4900,2026-06-29,billing,low,13,5,ORD-2894,False
TKT-01469,C-2014,2026-06-29,billing,high,102,3,ORD-6478,False
TKT-01061,C-0868,2026-06-29,billing,high,73,3,ORD-3367,False
TKT-00882,C-3970,2026-06-29,quality,medium,5,3,ORD-4197,False
TKT-01259,C-4313,2026-06-30,technical,high,60,1,ORD-8834,True
TKT-01105,C-3803,2026-06-30,billing,critical,69,3,ORD-9020,True
TKT-01147,C-0218,2026-06-30,delivery,high,77,1,ORD-8177,True
TKT-01283,C-1368,2026-06-30,billing,low,46,3,ORD-3915,False
TKT-00187,C-2122,2026-06-30,billing,medium,30,5,ORD-8277,False
TKT-01027,C-2752,2026-06-30,technical,critical,53,1,ORD-1562,True
TKT-00002,C-0008,2026-06-30,delivery,high,160,1,ORD-6256,True
TKT-00095,C-1750,2026-06-30,delivery,high,56,1,ORD-7300,True
TKT-01239,C-3775,2026-06-30,delivery,high,59,2,ORD-1916,True
TKT-01409,C-1269,2026-06-30,service,medium,20,4,ORD-1177,False
TKT-00471,C-0797,2026-06-30,technical,medium,15,3,ORD-3511,False
TKT-00940,C-4320,2026-06-30,billing,low,12,4,ORD-4150,False
TKT-01453,C-2790,2026-06-30,technical,high,58,1,ORD-8733,True
TKT-00804,C-3767,2026-06-30,quality,critical,55,2,ORD-8349,True
TKT-01745,C-2981,2026-06-30,delivery,medium,27,3,ORD-8349,False
TKT-00220,C-0117,2026-06-30,billing,low,0,3,ORD-4745,False
TKT-00700,C-2340,2026-06-30,technical,low,9,3,ORD-6709,False
TKT-01613,C-0062,2026-06-30,billing,high,76,1,ORD-4791,True
TKT-01611,C-2825,2026-06-30,delivery,critical,59,1,ORD-5740,True
TKT-00213,C-3064,2026-06-30,quality,high,63,3,ORD-8394,False
TKT-00713,C-0084,2026-06-30,quality,low,19,4,ORD-1320,False
TKT-00896,C-0363,2026-06-30,delivery,medium,31,3,ORD-8911,False
TKT-00508,C-0868,2026-06-30,delivery,high,109,1,ORD-8327,True
TKT-01008,C-3263,2026-07-01,service,low,6,4,ORD-6969,False
TKT-01979,C-2032,2026-07-01,quality,high,66,3,ORD-6243,False
TKT-01805,C-4005,2026-07-01,quality,low,28,3,ORD-1990,False
TKT-00477,C-2534,2026-07-01,delivery,low,26,4,ORD-7055,False
TKT-01744,C-1948,2026-07-01,service,high,63,2,ORD-3184,True
TKT-01628,C-4660,2026-07-01,billing,low,10,5,ORD-7717,False
TKT-01085,C-3665,2026-07-01,quality,low,21,3,ORD-3597,False
TKT-00751,C-1150,2026-07-01,service,critical,72,2,ORD-8902,True
TKT-01824,C-3001,2026-07-01,quality,medium,4,3,ORD-1268,False
TKT-00531,C-1460,2026-07-01,quality,low,92,1,ORD-7566,True
TKT-01581,C-3174,2026-07-01,quality,high,59,1,ORD-7859,True
TKT-00343,C-2673,2026-07-01,quality,low,25,5,ORD-7034,False
TKT-01713,C-4046,2026-07-01,delivery,critical,69,1,ORD-7245,True
TKT-00373,C-2698,2026-07-01,technical,medium,23,2,ORD-4756,True
TKT-01261,C-4670,2026-07-01,technical,high,65,1,ORD-6741,True
TKT-01963,C-1558,2026-07-02,delivery,high,48,1,ORD-9037,True
TKT-00831,C-1781,2026-07-02,service,low,26,2,ORD-4161,True
TKT-00518,C-1511,2026-07-02,service,medium,1,4,ORD-9104,False
TKT-00268,C-0038,2026-07-02,delivery,critical,54,1,ORD-6736,True
TKT-00172,C-2579,2026-07-02,quality,critical,86,2,ORD-8161,True
TKT-00796,C-3772,2026-07-02,delivery,low,30,3,ORD-4052,False
TKT-01262,C-0910,2026-07-02,technical,critical,138,1,ORD-8893,True
TKT-01063,C-2521,2026-07-02,billing,low,0,3,ORD-7609,False
TKT-00459,C-3473,2026-07-02,billing,medium,31,4,ORD-5240,False
TKT-01155,C-1497,2026-07-02,delivery,critical,63,1,ORD-2208,True
TKT-01257,C-3174,2026-07-02,billing,low,49,2,ORD-1514,True
TKT-00350,C-2617,2026-07-02,delivery,critical,80,2,ORD-6229,True
TKT-00097,C-1462,2026-07-02,billing,medium,35,4,ORD-7918,False
TKT-01464,C-1192,2026-07-02,quality,low,10,4,ORD-5684,False
TKT-01513,C-4078,2026-07-02,service,high,67,1,ORD-4717,True
TKT-00906,C-0665,2026-07-02,billing,critical,85,2,ORD-9466,True
TKT-00196,C-3578,2026-07-03,delivery,critical,82,2,ORD-8173,True
TKT-01861,C-0717,2026-07-03,quality,medium,40,5,ORD-6699,False
TKT-00714,C-1192,2026-07-03,technical,high,97,1,ORD-6926,True
TKT-00205,C-4885,2026-07-03,delivery,medium,36,3,ORD-3191,False
TKT-00427,C-2835,2026-07-03,service,high,51,1,ORD-4559,True
TKT-01427,C-2190,2026-07-03,service,high,191,3,ORD-5975,False
TKT-01176,C-3417,2026-07-03,quality,critical,57,1,ORD-1092,True
TKT-01384,C-4183,2026-07-03,service,critical,55,1,ORD-5995,True
TKT-00753,C-2073,2026-07-03,technical,medium,45,3,ORD-6631,False
TKT-00111,C-2391,2026-07-03,technical,low,73,3,ORD-7931,False
TKT-01811,C-3318,2026-07-03,technical,low,97,2,ORD-5468,True
TKT-01390,C-0708,2026-07-03,quality,low,7,3,ORD-6128,False
TKT-00727,C-3711,2026-07-03,billing,critical,58,1,ORD-2723,True
TKT-00894,C-4508,2026-07-03,quality,high,48,2,ORD-5941,True
TKT-00983,C-2280,2026-07-03,quality,critical,76,1,ORD-9003,True
TKT-01586,C-3013,2026-07-03,quality,critical,69,3,ORD-6028,True
TKT-00935,C-0732,2026-07-03,technical,low,49,3,ORD-4455,False
TKT-00058,C-4854,2026-07-03,delivery,low,4,3,ORD-7131,False
TKT-00259,C-3518,2026-07-03,quality,medium,13,3,ORD-4187,False
TKT-00963,C-2238,2026-07-04,billing,low,1,5,ORD-8922,False
TKT-00314,C-0988,2026-07-04,service,high,65,2,ORD-8045,True
TKT-00358,C-4316,2026-07-04,delivery,low,109,2,ORD-5956,True
TKT-01696,C-0080,2026-07-04,quality,high,63,1,ORD-4077,True
TKT-01788,C-4915,2026-07-04,technical,critical,74,3,ORD-7675,True
TKT-01955,C-4230,2026-07-04,technical,low,25,3,ORD-5547,False
TKT-00109,C-0411,2026-07-04,service,low,23,4,ORD-4405,False
TKT-00355,C-0358,2026-07-04,service,medium,16,3,ORD-8729,False
TKT-00779,C-0356,2026-07-04,technical,high,107,1,ORD-4781,True
TKT-01882,C-1914,2026-07-04,technical,high,61,1,ORD-6253,True
TKT-01489,C-0964,2026-07-04,delivery,low,56,2,ORD-6514,True
TKT-00747,C-1896,2026-07-04,technical,medium,19,4,ORD-3805,False
TKT-01976,C-1214,2026-07-04,delivery,medium,33,4,ORD-4996,False
TKT-00724,C-1057,2026-07-04,quality,low,25,2,ORD-3863,True
TKT-00921,C-4204,2026-07-04,technical,critical,82,2,ORD-6678,True
TKT-01802,C-2610,2026-07-04,delivery,low,0,3,ORD-8631,False
TKT-00509,C-4800,2026-07-04,quality,high,55,2,ORD-2735,True
TKT-01418,C-1523,2026-07-04,service,low,16,3,ORD-4024,False
TKT-01629,C-1835,2026-07-04,technical,medium,6,4,ORD-5908,False
TKT-01331,C-0716,2026-07-04,delivery,high,65,1,ORD-2241,True
TKT-00443,C-2142,2026-07-04,service,medium,5,3,ORD-2587,False
TKT-01608,C-4624,2026-07-04,quality,medium,48,4,ORD-8751,False
TKT-00193,C-1920,2026-07-05,quality,low,41,5,ORD-1435,False
TKT-00696,C-2439,2026-07-05,quality,medium,20,4,ORD-5441,False
TKT-01164,C-1881,2026-07-05,delivery,low,61,1,ORD-8528,True
TKT-00975,C-3007,2026-07-05,billing,medium,2,4,ORD-1129,False
TKT-00346,C-2619,2026-07-05,delivery,critical,53,2,ORD-4801,True
TKT-01426,C-4360,2026-07-05,quality,high,107,2,ORD-9949,True
TKT-01118,C-2605,2026-07-05,service,high,48,1,ORD-9375,True
TKT-01461,C-1038,2026-07-05,quality,high,52,2,ORD-5582,True
TKT-00324,C-0941,2026-07-05,technical,medium,31,4,ORD-7038,False
TKT-01075,C-2718,2026-07-05,technical,critical,55,2,ORD-5269,True
TKT-01670,C-0724,2026-07-05,delivery,low,30,2,ORD-4227,True
TKT-01141,C-2642,2026-07-05,technical,medium,28,5,ORD-5897,False
TKT-00353,C-1663,2026-07-05,delivery,critical,48,1,ORD-4141,True
TKT-00777,C-2888,2026-07-05,quality,medium,5,2,ORD-8380,True
TKT-00988,C-1607,2026-07-05,quality,low,23,2,ORD-6540,True
TKT-00036,C-3518,2026-07-05,billing,high,76,1,ORD-7528,True
TKT-00931,C-4338,2026-07-05,service,medium,27,2,ORD-6935,True
TKT-01932,C-1958,2026-07-05,billing,critical,94,1,ORD-9390,True
TKT-01735,C-4817,2026-07-05,quality,low,23,3,ORD-8989,False
TKT-00379,C-2760,2026-07-05,service,low,5,4,ORD-5874,False
TKT-00040,C-4938,2026-07-05,technical,low,55,1,ORD-4147,True
TKT-00948,C-2193,2026-07-05,billing,critical,94,1,ORD-9221,True
TKT-01030,C-0945,2026-07-05,delivery,medium,7,3,ORD-3230,False
TKT-01207,C-1247,2026-07-05,billing,critical,48,2,ORD-8132,True
TKT-00841,C-0755,2026-07-05,delivery,high,76,1,ORD-1515,True
TKT-00493,C-0977,2026-07-05,billing,critical,61,3,ORD-8078,True
TKT-01995,C-2373,2026-07-05,billing,low,4,4,ORD-2787,False
TKT-00263,C-0336,2026-07-05,technical,critical,52,1,ORD-7058,True
TKT-00840,C-4869,2026-07-05,service,high,59,2,ORD-6741,True
TKT-00895,C-0928,2026-07-05,service,high,79,3,ORD-3370,False
TKT-01089,C-4660,2026-07-06,quality,low,108,1,ORD-8799,True
TKT-01273,C-1666,2026-07-06,quality,medium,19,3,ORD-9556,False
TKT-00451,C-2151,2026-07-06,quality,critical,83,1,ORD-6663,True
TKT-00445,C-3708,2026-07-06,technical,medium,23,4,ORD-2554,False
TKT-00614,C-1964,2026-07-06,service,critical,57,1,ORD-6654,True
TKT-01301,C-2747,2026-07-06,technical,high,64,1,ORD-1749,True
TKT-01195,C-0703,2026-07-06,technical,medium,27,4,ORD-4693,False
TKT-01933,C-1952,2026-07-06,quality,medium,1,5,ORD-1658,False
TKT-00970,C-2415,2026-07-06,technical,critical,62,2,ORD-2843,True
TKT-01622,C-3203,2026-07-06,billing,low,9,4,ORD-3928,False
TKT-01908,C-2453,2026-07-06,delivery,critical,49,3,ORD-3011,True
TKT-01016,C-3799,2026-07-06,billing,medium,4,4,ORD-2726,False
TKT-00629,C-1744,2026-07-06,quality,medium,103,1,ORD-8624,True
TKT-00693,C-3554,2026-07-06,quality,high,133,2,ORD-8330,True
TKT-00534,C-0451,2026-07-06,service,critical,122,3,ORD-7498,True
TKT-00237,C-4369,2026-07-06,billing,low,46,3,ORD-7305,False
TKT-00717,C-2003,2026-07-06,technical,high,93,2,ORD-7656,True
TKT-01484,C-0486,2026-07-06,technical,critical,55,2,ORD-6485,True
TKT-00854,C-4417,2026-07-06,delivery,medium,113,1,ORD-3196,True
TKT-01319,C-4189,2026-07-06,technical,medium,8,2,ORD-3697,True
TKT-00907,C-2595,2026-07-06,service,medium,23,3,ORD-5129,False
TKT-01372,C-0476,2026-07-06,billing,low,54,3,ORD-5247,False
TKT-01296,C-3432,2026-07-07,delivery,low,35,3,ORD-8865,False
TKT-00468,C-2128,2026-07-07,quality,low,45,4,ORD-7526,False
TKT-01192,C-3749,2026-07-07,service,low,24,2,ORD-5391,True
TKT-00207,C-2374,2026-07-07,quality,medium,52,2,ORD-2336,True
TKT-00230,C-3340,2026-07-07,service,critical,109,2,ORD-3343,True
TKT-00338,C-4508,2026-07-07,technical,high,58,1,ORD-2676,True
TKT-00964,C-2116,2026-07-07,service,critical,100,3,ORD-2351,True
TKT-00410,C-1222,2026-07-07,technical,low,7,3,ORD-9145,False
TKT-00048,C-3578,2026-07-07,quality,medium,60,1,ORD-5713,True
TKT-01200,C-3554,2026-07-07,quality,critical,53,1,ORD-4185,True
TKT-00376,C-0831,2026-07-07,service,low,2,1,ORD-7941,True
TKT-00219,C-4738,2026-07-07,technical,critical,87,2,ORD-9866,True
TKT-01584,C-2993,2026-07-07,billing,low,7,3,ORD-9790,False
TKT-00716,C-0026,2026-07-07,quality,low,36,5,ORD-4621,False
TKT-00136,C-1350,2026-07-07,service,critical,56,1,ORD-7445,True
TKT-01634,C-0372,2026-07-07,technical,low,37,2,ORD-8970,True
TKT-01862,C-3574,2026-07-07,delivery,low,52,1,ORD-3786,True
TKT-00264,C-0801,2026-07-07,quality,medium,3,3,ORD-6200,False
TKT-01732,C-4901,2026-07-07,billing,low,5,4,ORD-8804,False
TKT-00229,C-1096,2026-07-07,service,low,5,5,ORD-1253,False
TKT-00908,C-4512,2026-07-07,billing,high,63,3,ORD-1436,False
TKT-01981,C-4626,2026-07-07,quality,high,51,1,ORD-9806,True
TKT-00254,C-1353,2026-07-07,service,medium,19,5,ORD-7050,False
TKT-01031,C-0944,2026-07-07,service,low,23,5,ORD-1241,False
TKT-00170,C-2438,2026-07-07,service,high,50,1,ORD-4712,True
TKT-01368,C-1922,2026-07-07,quality,medium,7,2,ORD-1652,True
TKT-01436,C-2725,2026-07-07,delivery,medium,9,4,ORD-9030,False
TKT-01605,C-3331,2026-07-08,delivery,medium,15,4,ORD-3197,False
TKT-01773,C-3357,2026-07-08,delivery,low,31,3,ORD-6882,False
TKT-00093,C-0813,2026-07-08,delivery,critical,144,1,ORD-5573,True
TKT-01808,C-4336,2026-07-08,quality,medium,9,3,ORD-2895,False
TKT-00238,C-1518,2026-07-08,delivery,critical,78,3,ORD-4856,True
TKT-01665,C-1190,2026-07-08,delivery,critical,51,1,ORD-4648,True
TKT-01518,C-2702,2026-07-08,delivery,critical,52,1,ORD-8508,True
TKT-00669,C-4191,2026-07-08,delivery,medium,41,3,ORD-8640,False
TKT-01306,C-3998,2026-07-08,delivery,critical,50,1,ORD-3475,True
TKT-01838,C-0775,2026-07-08,technical,low,10,5,ORD-8362,False
TKT-00744,C-1205,2026-07-08,delivery,medium,12,3,ORD-6535,False
TKT-01025,C-0136,2026-07-08,delivery,high,101,3,ORD-6134,False
TKT-00778,C-4986,2026-07-08,delivery,high,90,1,ORD-7239,True
TKT-01369,C-3317,2026-07-08,technical,high,111,3,ORD-5195,False
TKT-00313,C-0542,2026-07-08,billing,high,65,1,ORD-3561,True
TKT-01820,C-0686,2026-07-08,technical,medium,0,4,ORD-5237,False
TKT-00386,C-1062,2026-07-08,delivery,high,56,2,ORD-4700,True
TKT-01175,C-1667,2026-07-08,billing,critical,54,1,ORD-6980,True
TKT-01680,C-1622,2026-07-08,technical,critical,53,1,ORD-7425,True
TKT-00641,C-2662,2026-07-09,delivery,critical,91,1,ORD-6512,True
TKT-01546,C-4021,2026-07-09,delivery,medium,21,1,ORD-2315,True
TKT-01329,C-2480,2026-07-09,billing,high,90,2,ORD-1113,True
TKT-01157,C-1411,2026-07-09,service,medium,13,5,ORD-3739,False
TKT-00625,C-3435,2026-07-09,technical,high,50,1,ORD-9881,True
TKT-01980,C-0153,2026-07-09,technical,critical,104,3,ORD-4945,True
TKT-01142,C-3227,2026-07-09,delivery,high,67,1,ORD-2444,True
TKT-01604,C-3967,2026-07-09,delivery,low,27,4,ORD-5525,False
TKT-01687,C-0491,2026-07-09,delivery,critical,88,1,ORD-6486,True
TKT-01508,C-2372,2026-07-09,delivery,low,52,1,ORD-6040,True
TKT-00786,C-1610,2026-07-09,billing,medium,7,3,ORD-9911,False
TKT-01560,C-4712,2026-07-09,service,high,65,1,ORD-3393,True
TKT-01394,C-4626,2026-07-09,delivery,medium,5,4,ORD-2507,False
TKT-00325,C-0776,2026-07-09,delivery,medium,3,5,ORD-1854,False
TKT-01116,C-1721,2026-07-09,delivery,high,87,1,ORD-3570,True
TKT-00145,C-2362,2026-07-09,billing,critical,76,1,ORD-5718,True
TKT-00577,C-3072,2026-07-09,service,low,2,3,ORD-2119,False
TKT-00507,C-1010,2026-07-09,technical,critical,60,3,ORD-7794,True
TKT-00513,C-0717,2026-07-09,service,high,55,1,ORD-7036,True
TKT-00833,C-3702,2026-07-09,billing,critical,83,2,ORD-1560,True
TKT-00564,C-3092,2026-07-09,delivery,low,7,3,ORD-4597,False
TKT-01616,C-4199,2026-07-10,service,low,41,4,ORD-3575,False
TKT-00740,C-3267,2026-07-10,billing,medium,37,5,ORD-7919,False
TKT-00739,C-0597,2026-07-10,technical,high,55,2,ORD-6813,True
TKT-01187,C-2159,2026-07-10,technical,critical,55,2,ORD-9002,True
TKT-01005,C-1857,2026-07-10,quality,medium,23,3,ORD-6127,False
TKT-00803,C-0473,2026-07-10,billing,low,11,4,ORD-4930,False
TKT-00597,C-1349,2026-07-10,delivery,critical,61,2,ORD-3616,True
TKT-01776,C-4790,2026-07-10,service,medium,17,3,ORD-4482,False
TKT-00481,C-3713,2026-07-10,billing,critical,50,1,ORD-6528,True
TKT-01530,C-3666,2026-07-10,quality,medium,12,3,ORD-7190,False
TKT-01326,C-0703,2026-07-10,delivery,high,58,2,ORD-9500,True
TKT-01349,C-4365,2026-07-10,technical,medium,9,5,ORD-7390,False
TKT-01671,C-3003,2026-07-10,quality,high,59,2,ORD-7756,True
TKT-01438,C-1745,2026-07-10,delivery,high,48,1,ORD-9623,True
TKT-00144,C-1850,2026-07-10,quality,low,10,5,ORD-6974,False
TKT-01849,C-4756,2026-07-10,delivery,low,14,2,ORD-5708,True
TKT-01706,C-0300,2026-07-10,billing,high,50,3,ORD-9318,False
TKT-00067,C-1411,2026-07-10,service,medium,36,2,ORD-7237,True
TKT-01123,C-2171,2026-07-10,delivery,low,3,3,ORD-9645,False
TKT-00519,C-3477,2026-07-10,quality,high,116,2,ORD-3622,True
TKT-00273,C-3618,2026-07-10,delivery,medium,43,5,ORD-3676,False
TKT-01084,C-3516,2026-07-10,service,critical,51,3,ORD-6553,True
TKT-00574,C-0672,2026-07-11,service,high,49,2,ORD-1062,True
TKT-01152,C-3817,2026-07-11,quality,high,51,1,ORD-9308,True
TKT-01446,C-4791,2026-07-11,technical,low,13,4,ORD-6158,False
TKT-01527,C-3725,2026-07-11,service,low,51,2,ORD-3773,True
TKT-01571,C-4005,2026-07-11,technical,low,9,4,ORD-8908,False
TKT-00319,C-1047,2026-07-11,service,critical,58,3,ORD-7206,True
TKT-01568,C-1303,2026-07-11,delivery,medium,41,3,ORD-3513,False
TKT-00943,C-2282,2026-07-11,delivery,high,117,1,ORD-7539,True
TKT-00933,C-4326,2026-07-11,technical,medium,12,5,ORD-4013,False
TKT-01989,C-3317,2026-07-11,technical,medium,79,1,ORD-2777,True
TKT-01920,C-1592,2026-07-11,technical,medium,0,3,ORD-6823,False
TKT-01267,C-3255,2026-07-11,quality,high,119,1,ORD-6214,True
TKT-00168,C-0809,2026-07-11,billing,low,3,3,ORD-2653,False
TKT-01953,C-2367,2026-07-11,billing,high,57,2,ORD-8807,True
TKT-01158,C-1470,2026-07-11,billing,critical,61,1,ORD-9174,True
TKT-00161,C-3446,2026-07-11,delivery,critical,84,1,ORD-6185,True
TKT-00075,C-0030,2026-07-11,service,medium,41,5,ORD-7406,False
TKT-00540,C-2798,2026-07-11,delivery,high,60,2,ORD-5874,True
TKT-00407,C-0620,2026-07-11,delivery,high,85,1,ORD-8777,True
TKT-00742,C-3448,2026-07-12,billing,high,78,1,ORD-9324,True
TKT-00600,C-1761,2026-07-12,technical,critical,71,2,ORD-8534,True
TKT-01702,C-4257,2026-07-12,service,medium,3,4,ORD-9783,False
TKT-01104,C-4908,2026-07-12,technical,critical,59,1,ORD-8268,True
TKT-00917,C-0129,2026-07-12,technical,critical,124,1,ORD-6200,True
TKT-01780,C-1222,2026-07-12,quality,low,13,2,ORD-6695,True
TKT-00984,C-2570,2026-07-12,technical,low,16,3,ORD-1090,False
TKT-01131,C-0514,2026-07-12,billing,low,33,5,ORD-9064,False
TKT-00277,C-0230,2026-07-12,service,low,43,5,ORD-2808,False
TKT-00472,C-2447,2026-07-12,technical,high,80,1,ORD-4734,True
TKT-01598,C-1444,2026-07-13,quality,low,22,3,ORD-9044,False
TKT-00391,C-3758,2026-07-13,delivery,low,15,2,ORD-3003,True
TKT-01407,C-1619,2026-07-13,delivery,critical,131,2,ORD-3956,True
TKT-01836,C-3572,2026-07-13,technical,critical,52,2,ORD-5411,True
TKT-00856,C-0765,2026-07-13,service,high,50,2,ORD-9870,True
TKT-01234,C-2879,2026-07-13,quality,medium,12,2,ORD-5834,True
TKT-01997,C-0289,2026-07-13,billing,low,81,3,ORD-5724,False
TKT-00019,C-1840,2026-07-13,service,low,2,3,ORD-3395,False
TKT-01096,C-2564,2026-07-13,quality,low,87,1,ORD-7289,True
TKT-01973,C-3005,2026-07-13,delivery,low,1,4,ORD-9771,False
TKT-00337,C-3102,2026-07-13,quality,medium,33,2,ORD-1560,True
TKT-00090,C-0528,2026-07-13,billing,medium,18,4,ORD-5611,False
TKT-01121,C-4179,2026-07-13,service,low,26,4,ORD-6507,False
TKT-00790,C-2163,2026-07-13,technical,medium,9,5,ORD-1892,False
TKT-00189,C-4294,2026-07-13,technical,critical,50,1,ORD-6377,True
TKT-01420,C-1443,2026-07-13,delivery,high,64,2,ORD-5545,True
TKT-00654,C-2251,2026-07-13,service,critical,85,2,ORD-4762,True
TKT-01086,C-1468,2026-07-13,quality,medium,9,3,ORD-4649,False
TKT-00071,C-0953,2026-07-13,technical,high,82,1,ORD-9004,True
TKT-01174,C-1485,2026-07-13,delivery,critical,52,2,ORD-9298,True
TKT-01370,C-1167,2026-07-13,technical,critical,60,1,ORD-7258,True
TKT-01900,C-2932,2026-07-13,quality,medium,3,3,ORD-7416,False
TKT-01045,C-3387,2026-07-13,technical,high,72,3,ORD-4925,False
TKT-01767,C-2426,2026-07-13,technical,medium,148,1,ORD-5348,True
TKT-01656,C-4884,2026-07-13,technical,medium,29,3,ORD-1036,False
TKT-00605,C-4983,2026-07-13,delivery,medium,38,4,ORD-7875,False
TKT-00606,C-4417,2026-07-13,service,high,50,2,ORD-6972,True
TKT-01642,C-0541,2026-07-13,quality,high,68,3,ORD-4358,False
TKT-00981,C-3849,2026-07-13,quality,medium,31,4,ORD-9906,False
TKT-01902,C-1245,2026-07-14,technical,critical,52,2,ORD-2089,True
TKT-00092,C-3813,2026-07-14,quality,low,7,4,ORD-5034,False
TKT-01650,C-4261,2026-07-14,billing,high,50,3,ORD-1645,False
TKT-00059,C-0560,2026-07-14,billing,critical,73,1,ORD-9665,True
TKT-01827,C-1696,2026-07-14,delivery,high,64,2,ORD-7937,True
TKT-01151,C-0618,2026-07-14,billing,high,57,1,ORD-9455,True
TKT-01452,C-4239,2026-07-14,technical,low,69,2,ORD-8083,True
TKT-01277,C-0663,2026-07-14,service,critical,74,2,ORD-4024,True
TKT-01292,C-0061,2026-07-14,delivery,low,7,3,ORD-4558,False
TKT-00162,C-1668,2026-07-14,service,high,94,3,ORD-9709,False
TKT-01343,C-0524,2026-07-14,service,medium,0,3,ORD-5799,False
TKT-01504,C-1394,2026-07-14,service,critical,55,2,ORD-4454,True
TKT-00548,C-2555,2026-07-14,quality,critical,61,1,ORD-3686,True
TKT-00249,C-3961,2026-07-15,billing,high,120,1,ORD-6222,True
TKT-01540,C-3737,2026-07-15,service,high,187,1,ORD-3786,True
TKT-00371,C-2843,2026-07-15,technical,medium,19,5,ORD-7891,False
TKT-00558,C-1024,2026-07-15,delivery,high,57,2,ORD-6621,True
TKT-01495,C-0462,2026-07-15,quality,medium,8,4,ORD-2299,False
TKT-01471,C-4081,2026-07-15,quality,medium,17,4,ORD-3698,False
TKT-01115,C-1031,2026-07-15,quality,low,35,3,ORD-7852,False
TKT-00667,C-2889,2026-07-15,technical,high,57,1,ORD-1586,True
TKT-01291,C-1520,2026-07-15,service,high,68,1,ORD-1020,True
TKT-01907,C-3643,2026-07-15,technical,low,7,3,ORD-4680,False
TKT-00323,C-2185,2026-07-15,delivery,medium,9,2,ORD-5913,True
TKT-00079,C-4444,2026-07-15,service,medium,17,3,ORD-7926,False
TKT-01994,C-0493,2026-07-15,quality,medium,31,5,ORD-5176,False
TKT-00399,C-2983,2026-07-15,quality,medium,1,5,ORD-9693,False
TKT-00528,C-2120,2026-07-15,quality,medium,2,3,ORD-1745,False
TKT-01346,C-1815,2026-07-15,service,low,35,4,ORD-6326,False
TKT-00463,C-2806,2026-07-15,technical,high,65,3,ORD-3551,False
TKT-00757,C-1764,2026-07-15,technical,low,4,3,ORD-2370,False
TKT-00027,C-1041,2026-07-15,technical,low,8,5,ORD-8596,False
TKT-01090,C-1776,2026-07-16,quality,low,10,4,ORD-7760,False
TKT-01889,C-2645,2026-07-16,delivery,medium,35,3,ORD-9401,False
TKT-01579,C-0834,2026-07-16,quality,medium,3,4,ORD-9109,False
TKT-01883,C-1400,2026-07-16,delivery,critical,76,2,ORD-6230,True
TKT-01348,C-4060,2026-07-16,technical,medium,7,3,ORD-3562,False
TKT-01079,C-2002,2026-07-16,technical,low,18,4,ORD-8635,False
TKT-00304,C-3857,2026-07-16,delivery,critical,95,3,ORD-4288,True
TKT-00389,C-4803,2026-07-16,billing,medium,14,4,ORD-1643,False
TKT-00706,C-1281,2026-07-16,billing,medium,20,4,ORD-2084,False
TKT-01799,C-0131,2026-07-16,service,critical,65,1,ORD-7130,True
TKT-00567,C-0590,2026-07-16,technical,medium,20,4,ORD-4694,False
TKT-01550,C-2769,2026-07-16,quality,medium,15,3,ORD-5182,False
TKT-01055,C-0873,2026-07-16,technical,low,7,5,ORD-6360,False
TKT-00709,C-0302,2026-07-16,technical,medium,133,1,ORD-5497,True
TKT-00078,C-1816,2026-07-16,delivery,medium,31,2,ORD-7063,True
TKT-00024,C-4795,2026-07-16,quality,medium,88,1,ORD-9410,True
TKT-00522,C-0845,2026-07-16,service,low,61,2,ORD-4614,True
TKT-01255,C-0455,2026-07-16,technical,critical,80,3,ORD-9069,True
TKT-01405,C-3001,2026-07-16,technical,medium,1,3,ORD-6818,False
TKT-00770,C-2457,2026-07-16,service,low,31,3,ORD-5516,False
TKT-00768,C-4171,2026-07-16,billing,low,1,2,ORD-3850,True
TKT-00444,C-4225,2026-07-16,quality,high,91,3,ORD-1728,False
TKT-00665,C-2420,2026-07-16,delivery,low,34,4,ORD-8684,False
TKT-01565,C-2934,2026-07-17,technical,medium,11,4,ORD-5432,False
TKT-01610,C-4820,2026-07-17,service,critical,77,1,ORD-4630,True
TKT-01434,C-1128,2026-07-17,quality,low,0,3,ORD-4881,False
TKT-01514,C-4127,2026-07-17,quality,high,82,2,ORD-7460,True
TKT-01792,C-3009,2026-07-17,technical,high,82,3,ORD-1509,False
TKT-01661,C-2889,2026-07-17,delivery,low,25,4,ORD-9079,False
TKT-00001,C-1000,2026-07-17,delivery,critical,110,2,ORD-2444,True
TKT-00527,C-1942,2026-07-17,service,critical,60,1,ORD-4468,True
TKT-00825,C-2251,2026-07-17,billing,critical,110,1,ORD-2626,True
TKT-01197,C-2966,2026-07-17,delivery,high,60,1,ORD-1256,True
TKT-00636,C-3615,2026-07-17,delivery,medium,15,4,ORD-4636,False
TKT-00982,C-4387,2026-07-17,quality,medium,85,2,ORD-3105,True
TKT-00912,C-0135,2026-07-17,delivery,medium,1,4,ORD-6716,False
TKT-01906,C-4844,2026-07-17,billing,critical,60,1,ORD-8514,True
TKT-00587,C-0234,2026-07-17,quality,medium,29,3,ORD-3820,False
TKT-01961,C-4107,2026-07-17,billing,medium,31,3,ORD-7497,False
TKT-00904,C-4471,2026-07-17,technical,low,65,1,ORD-4716,True
TKT-00418,C-0001,2026-07-17,technical,high,49,1,ORD-5927,True
TKT-00838,C-3938,2026-07-18,billing,low,6,2,ORD-2417,True
TKT-01165,C-0499,2026-07-18,delivery,low,0,4,ORD-4170,False
TKT-01954,C-4193,2026-07-18,service,medium,44,1,ORD-3840,True
TKT-01592,C-0477,2026-07-18,billing,high,57,1,ORD-6745,True
TKT-01060,C-1429,2026-07-18,technical,medium,36,5,ORD-8243,False
TKT-01325,C-2854,2026-07-18,billing,high,76,2,ORD-5329,True
TKT-00798,C-4140,2026-07-18,technical,low,44,4,ORD-7029,False
TKT-01048,C-4244,2026-07-18,service,critical,50,1,ORD-1507,True
TKT-01739,C-1978,2026-07-18,service,high,49,2,ORD-3530,True
TKT-00683,C-0092,2026-07-18,quality,high,80,1,ORD-2694,True
TKT-00784,C-0144,2026-07-18,quality,low,0,2,ORD-1288,True
TKT-00250,C-2998,2026-07-18,delivery,low,20,5,ORD-6836,False
TKT-00760,C-1558,2026-07-18,delivery,low,43,2,ORD-3969,True
TKT-01890,C-4558,2026-07-18,delivery,medium,16,4,ORD-8199,False
TKT-00653,C-1128,2026-07-19,billing,medium,83,1,ORD-4563,True
TKT-01462,C-0695,2026-07-19,service,medium,9,5,ORD-1613,False
TKT-00401,C-0621,2026-07-19,service,critical,71,2,ORD-1903,True
TKT-01112,C-2535,2026-07-19,delivery,medium,44,4,ORD-4948,False
TKT-00246,C-2430,2026-07-19,quality,critical,72,1,ORD-6100,True
TKT-01682,C-0002,2026-07-19,delivery,high,83,3,ORD-8774,False
TKT-00116,C-1782,2026-07-19,service,high,86,3,ORD-6500,False
TKT-01817,C-3226,2026-07-19,technical,high,48,3,ORD-5797,False
TKT-00464,C-0208,2026-07-19,delivery,low,38,5,ORD-6315,False
TKT-01406,C-2433,2026-07-19,service,medium,83,1,ORD-5937,True
TKT-00160,C-1599,2026-07-19,technical,high,80,1,ORD-5271,True
TKT-01787,C-4084,2026-07-19,quality,critical,52,3,ORD-1271,True
TKT-01387,C-2124,2026-07-19,billing,high,48,2,ORD-9965,True
TKT-00333,C-3331,2026-07-19,quality,medium,22,3,ORD-8902,False
TKT-00551,C-0529,2026-07-19,delivery,high,109,2,ORD-9799,True
TKT-01658,C-3211,2026-07-19,billing,low,36,5,ORD-2948,False
TKT-00537,C-2207,2026-07-19,technical,high,52,1,ORD-3369,True
TKT-01596,C-3754,2026-07-19,billing,high,105,2,ORD-6276,True
TKT-01742,C-2632,2026-07-19,delivery,low,43,3,ORD-4379,False
TKT-00437,C-3935,2026-07-19,delivery,critical,59,1,ORD-3609,True
TKT-00334,C-4068,2026-07-19,delivery,critical,58,1,ORD-8592,True
TKT-01305,C-2124,2026-07-19,technical,low,27,3,ORD-4872,False
TKT-00845,C-3944,2026-07-19,delivery,low,18,2,ORD-9673,True
TKT-01917,C-3529,2026-07-19,billing,critical,57,1,ORD-2252,True
TKT-00107,C-0997,2026-07-19,billing,high,148,2,ORD-9793,True
TKT-00588,C-1472,2026-07-19,quality,critical,75,1,ORD-6444,True
TKT-00165,C-1582,2026-07-19,billing,low,7,3,ORD-5415,False
TKT-01065,C-2596,2026-07-19,billing,low,29,2,ORD-3391,True
TKT-01801,C-4329,2026-07-19,delivery,low,18,4,ORD-7865,False
TKT-00748,C-4568,2026-07-19,service,critical,80,1,ORD-1477,True
TKT-00610,C-0094,2026-07-19,quality,low,25,4,ORD-3154,False
TKT-00989,C-0483,2026-07-19,service,low,0,4,ORD-8750,False
TKT-01323,C-4670,2026-07-19,billing,low,9,5,ORD-4736,False
TKT-00795,C-0184,2026-07-19,billing,high,52,1,ORD-9394,True
TKT-00043,C-4108,2026-07-19,billing,high,52,1,ORD-5657,True
TKT-01053,C-0290,2026-07-20,delivery,critical,54,1,ORD-5734,True
TKT-01652,C-0590,2026-07-20,billing,low,67,2,ORD-3365,True
TKT-01478,C-1269,2026-07-20,delivery,critical,48,2,ORD-6822,True
TKT-01088,C-4904,2026-07-20,delivery,medium,27,5,ORD-4712,False
TKT-01993,C-4914,2026-07-20,billing,critical,50,3,ORD-7973,True
TKT-01668,C-1330,2026-07-20,billing,low,8,3,ORD-4406,False
TKT-01284,C-4468,2026-07-20,technical,critical,50,3,ORD-9634,True
TKT-00875,C-4347,2026-07-20,delivery,low,11,4,ORD-4318,False
TKT-01254,C-0333,2026-07-20,billing,medium,7,5,ORD-3961,False
TKT-01663,C-4739,2026-07-20,quality,low,119,2,ORD-9765,True
TKT-01417,C-1030,2026-07-20,delivery,medium,22,3,ORD-6351,False
TKT-00328,C-3370,2026-07-20,delivery,high,58,3,ORD-8024,False
TKT-00175,C-2681,2026-07-20,technical,medium,0,3,ORD-6913,False
TKT-00991,C-3861,2026-07-20,delivery,medium,2,4,ORD-2216,False
TKT-00344,C-4918,2026-07-20,billing,low,5,3,ORD-2555,False
TKT-00303,C-3679,2026-07-20,delivery,low,11,5,ORD-8134,False
TKT-00834,C-0130,2026-07-20,delivery,critical,62,1,ORD-3983,True
TKT-01201,C-3388,2026-07-20,delivery,medium,64,1,ORD-9747,True
TKT-01740,C-3468,2026-07-20,billing,low,60,2,ORD-9086,True
TKT-01459,C-3293,2026-07-20,delivery,low,45,4,ORD-8105,False
TKT-00256,C-4049,2026-07-20,delivery,critical,76,1,ORD-5762,True
TKT-00215,C-4794,2026-07-20,delivery,low,53,2,ORD-9255,True
TKT-01940,C-2979,2026-07-20,delivery,critical,58,2,ORD-4170,True
TKT-01850,C-3729,2026-07-21,technical,high,82,3,ORD-8641,False
TKT-00797,C-3449,2026-07-21,delivery,high,99,2,ORD-5211,True
TKT-01853,C-0582,2026-07-21,service,high,91,1,ORD-9239,True
TKT-00453,C-1920,2026-07-21,delivery,high,169,1,ORD-1580,True
TKT-00146,C-2545,2026-07-21,service,medium,33,4,ORD-7062,False
TKT-01877,C-0477,2026-07-21,technical,medium,44,1,ORD-1483,True
TKT-00466,C-3387,2026-07-21,billing,low,16,5,ORD-6285,False
TKT-00893,C-1244,2026-07-21,service,high,53,1,ORD-4223,True
TKT-00571,C-1729,2026-07-21,delivery,high,50,1,ORD-4421,True
TKT-00631,C-1579,2026-07-21,service,high,88,1,ORD-3675,True
TKT-00656,C-4929,2026-07-21,quality,high,52,1,ORD-8457,True
TKT-00011,C-4498,2026-07-21,billing,critical,54,2,ORD-9476,True
TKT-00434,C-0262,2026-07-21,technical,low,23,2,ORD-4133,True
TKT-01964,C-0292,2026-07-21,technical,critical,48,1,ORD-9285,True
TKT-01185,C-1872,2026-07-21,billing,low,13,2,ORD-8460,True
TKT-01888,C-2373,2026-07-21,service,medium,37,4,ORD-9030,False
TKT-00788,C-4170,2026-07-21,billing,low,40,4,ORD-2185,False
TKT-01281,C-0960,2026-07-21,billing,critical,51,1,ORD-9502,True
TKT-00039,C-1606,2026-07-21,technical,critical,62,2,ORD-7735,True
TKT-01545,C-3160,2026-07-21,quality,medium,26,4,ORD-8296,False
TKT-00504,C-1462,2026-07-21,delivery,medium,7,3,ORD-8200,False
TKT-01694,C-3966,2026-07-21,service,low,24,3,ORD-2699,False
TKT-00339,C-4937,2026-07-21,delivery,low,2,5,ORD-9185,False
TKT-00044,C-0681,2026-07-22,billing,medium,6,4,ORD-2061,False
TKT-01232,C-3051,2026-07-22,technical,critical,56,2,ORD-6882,True
TKT-01303,C-0825,2026-07-22,quality,low,0,1,ORD-5115,True
TKT-00066,C-0412,2026-07-22,technical,low,66,2,ORD-6890,True
TKT-01797,C-2949,2026-07-22,quality,low,36,4,ORD-8150,False
TKT-00474,C-0585,2026-07-22,technical,high,49,1,ORD-5443,True
TKT-00604,C-0499,2026-07-22,technical,low,48,2,ORD-1586,True
TKT-00441,C-1582,2026-07-22,service,high,77,1,ORD-4275,True
TKT-00406,C-1253,2026-07-22,billing,critical,86,2,ORD-9621,True
TKT-00178,C-4030,2026-07-22,billing,critical,51,1,ORD-4893,True
TKT-00517,C-3321,2026-07-22,quality,high,82,1,ORD-8670,True
TKT-01726,C-3742,2026-07-22,technical,low,13,4,ORD-3306,False
TKT-01510,C-0542,2026-07-22,service,low,2,4,ORD-7506,False
TKT-00980,C-0064,2026-07-22,delivery,medium,1,4,ORD-2131,False
TKT-00563,C-4417,2026-07-22,technical,critical,57,3,ORD-9663,True
TKT-00728,C-0464,2026-07-22,billing,critical,52,1,ORD-2265,True
TKT-00185,C-1940,2026-07-22,billing,high,56,3,ORD-9836,False
TKT-01967,C-1112,2026-07-22,quality,high,66,3,ORD-5831,False
TKT-01363,C-3630,2026-07-22,technical,high,53,1,ORD-5828,True
TKT-00392,C-3528,2026-07-22,technical,high,71,3,ORD-7777,False
TKT-00957,C-1536,2026-07-22,quality,medium,19,4,ORD-8226,False
TKT-01684,C-1839,2026-07-22,delivery,high,59,1,ORD-2603,True
TKT-01924,C-1589,2026-07-23,billing,high,58,2,ORD-2669,True
TKT-01950,C-0628,2026-07-23,billing,low,20,4,ORD-2878,False
TKT-00645,C-0780,2026-07-23,service,high,63,2,ORD-2128,True
TKT-01756,C-2072,2026-07-23,billing,critical,79,1,ORD-2144,True
TKT-00244,C-3259,2026-07-23,service,critical,67,1,ORD-7797,True
TKT-01875,C-0286,2026-07-23,service,high,125,2,ORD-7409,True
TKT-00506,C-0247,2026-07-23,technical,critical,102,1,ORD-3508,True
TKT-00233,C-4196,2026-07-23,technical,medium,2,4,ORD-7912,False
TKT-00210,C-1829,2026-07-23,quality,critical,50,1,ORD-4684,True
TKT-01804,C-3724,2026-07-23,quality,high,99,1,ORD-7740,True
TKT-00922,C-2100,2026-07-23,service,high,62,2,ORD-5587,True
TKT-01242,C-2833,2026-07-23,technical,medium,75,2,ORD-3202,True
TKT-01841,C-1723,2026-07-23,quality,high,50,2,ORD-3118,True
TKT-00016,C-3484,2026-07-23,billing,medium,62,3,ORD-1509,False
TKT-01389,C-1869,2026-07-23,technical,medium,24,1,ORD-9201,True
TKT-00930,C-0020,2026-07-23,service,high,91,1,ORD-9990,True
TKT-00140,C-3099,2026-07-23,service,medium,14,5,ORD-1858,False
TKT-01728,C-0406,2026-07-23,technical,high,71,1,ORD-2575,True
TKT-00123,C-3277,2026-07-23,quality,high,92,2,ORD-1534,True
TKT-01092,C-1564,2026-07-23,service,high,61,1,ORD-6999,True
TKT-01304,C-4192,2026-07-23,quality,critical,67,3,ORD-4085,True
TKT-01990,C-2041,2026-07-23,technical,medium,30,5,ORD-3443,False
TKT-01077,C-3103,2026-07-24,delivery,medium,13,4,ORD-2005,False
TKT-01198,C-2216,2026-07-24,billing,critical,77,2,ORD-5754,True
TKT-01214,C-1949,2026-07-24,service,critical,74,1,ORD-2353,True
TKT-00077,C-3493,2026-07-24,delivery,critical,48,3,ORD-6295,True
TKT-00462,C-4285,2026-07-24,technical,low,37,5,ORD-1815,False
TKT-00458,C-0269,2026-07-24,service,critical,73,3,ORD-1353,True
TKT-00690,C-0863,2026-07-24,billing,medium,19,5,ORD-8487,False
TKT-01225,C-2916,2026-07-24,quality,critical,54,2,ORD-1683,True
TKT-00224,C-4861,2026-07-24,delivery,low,41,4,ORD-7455,False
TKT-00756,C-3652,2026-07-24,billing,low,5,4,ORD-1756,False
TKT-00755,C-2229,2026-07-24,quality,high,52,1,ORD-6169,True
TKT-01492,C-2586,2026-07-24,delivery,medium,6,1,ORD-3203,True
TKT-00808,C-2048,2026-07-24,quality,critical,49,3,ORD-8725,True
TKT-01070,C-2082,2026-07-24,technical,medium,0,4,ORD-3089,False
TKT-01073,C-2007,2026-07-24,service,medium,66,1,ORD-3292,True
TKT-00703,C-2289,2026-07-24,billing,critical,53,1,ORD-3235,True
TKT-01693,C-0170,2026-07-24,service,low,1,4,ORD-3295,False
TKT-01181,C-4358,2026-07-24,billing,critical,62,2,ORD-4034,True
TKT-01541,C-4314,2026-07-24,billing,high,75,2,ORD-2214,True
TKT-01569,C-4201,2026-07-24,delivery,critical,54,2,ORD-3856,True
TKT-01859,C-4187,2026-07-24,delivery,high,49,1,ORD-6833,True
TKT-00879,C-1800,2026-07-24,service,low,56,1,ORD-8773,True
TKT-01295,C-3105,2026-07-24,billing,critical,49,1,ORD-7868,True
TKT-01275,C-2525,2026-07-24,delivery,critical,70,2,ORD-2477,True
TKT-00929,C-3043,2026-07-24,quality,medium,4,3,ORD-1306,False
TKT-01858,C-0832,2026-07-24,delivery,critical,148,2,ORD-6388,True
TKT-01538,C-3928,2026-07-24,service,medium,68,2,ORD-9011,True
TKT-00950,C-4120,2026-07-25,quality,high,150,2,ORD-4427,True
TKT-00883,C-0490,2026-07-25,delivery,critical,64,1,ORD-3850,True
TKT-01988,C-1988,2026-07-25,quality,critical,52,2,ORD-2299,True
TKT-01511,C-1584,2026-07-25,delivery,critical,58,2,ORD-1196,True
TKT-00876,C-3444,2026-07-25,delivery,high,85,1,ORD-1863,True
TKT-01899,C-3179,2026-07-25,quality,critical,60,2,ORD-3394,True
TKT-00240,C-4329,2026-07-25,technical,critical,54,2,ORD-6314,True
TKT-00485,C-0898,2026-07-25,billing,high,60,2,ORD-1113,True
TKT-01542,C-1295,2026-07-25,billing,low,40,3,ORD-3689,False
TKT-01226,C-2576,2026-07-25,quality,low,30,2,ORD-6240,True
TKT-00088,C-0733,2026-07-25,service,low,15,3,ORD-2596,False
TKT-01925,C-2360,2026-07-25,delivery,low,18,4,ORD-3183,False
TKT-00951,C-3143,2026-07-25,delivery,high,92,1,ORD-8771,True
TKT-00774,C-1608,2026-07-25,technical,medium,12,3,ORD-5242,False
TKT-00305,C-1981,2026-07-25,technical,low,7,4,ORD-3716,False
TKT-01180,C-4827,2026-07-25,technical,medium,64,2,ORD-9390,True
TKT-01814,C-3896,2026-07-25,service,medium,36,5,ORD-8146,False
TKT-00942,C-4610,2026-07-25,quality,medium,18,4,ORD-6395,False
TKT-01385,C-2454,2026-07-25,technical,high,52,2,ORD-6668,True
TKT-00823,C-4724,2026-07-25,delivery,low,50,2,ORD-2434,True
TKT-01137,C-0568,2026-07-25,quality,critical,55,2,ORD-3111,True
TKT-01166,C-4018,2026-07-26,technical,high,63,2,ORD-5301,True
TKT-01715,C-4943,2026-07-26,billing,high,62,1,ORD-1022,True
TKT-00352,C-0217,2026-07-26,quality,medium,53,3,ORD-2081,False
TKT-00190,C-2842,2026-07-26,quality,critical,82,3,ORD-9637,True
TKT-00194,C-2744,2026-07-26,technical,medium,29,3,ORD-6962,False
TKT-01645,C-0284,2026-07-26,service,critical,65,3,ORD-5162,True
TKT-01843,C-1725,2026-07-26,technical,medium,8,5,ORD-8311,False
TKT-01357,C-1201,2026-07-26,billing,critical,60,3,ORD-9846,True
TKT-01059,C-3432,2026-07-26,delivery,low,25,5,ORD-9528,False
TKT-00331,C-0544,2026-07-26,billing,medium,8,4,ORD-6952,False
TKT-01943,C-3571,2026-07-26,billing,low,14,3,ORD-2173,False
TKT-01454,C-1333,2026-07-26,quality,low,35,3,ORD-4624,False
TKT-01697,C-3079,2026-07-26,delivery,medium,56,2,ORD-4688,True
TKT-01128,C-0538,2026-07-26,technical,critical,53,2,ORD-9199,True
TKT-01758,C-1852,2026-07-26,billing,medium,7,3,ORD-9527,False
TKT-01549,C-1785,2026-07-26,service,critical,48,1,ORD-7963,True
TKT-01618,C-3200,2026-07-26,technical,high,68,2,ORD-5641,True
TKT-01635,C-0714,2026-07-27,billing,critical,62,2,ORD-5539,True
TKT-00419,C-3166,2026-07-27,technical,low,0,2,ORD-8546,True
TKT-00031,C-0148,2026-07-27,quality,high,61,1,ORD-8135,True
TKT-00296,C-0062,2026-07-27,billing,medium,51,2,ORD-8130,True
TKT-01293,C-3151,2026-07-27,technical,high,86,2,ORD-5606,True
TKT-01236,C-0057,2026-07-27,delivery,low,0,3,ORD-2897,False
TKT-00546,C-1081,2026-07-27,quality,critical,50,1,ORD-9337,True
TKT-00003,C-4289,2026-07-27,service,low,28,2,ORD-4121,True
TKT-00715,C-0775,2026-07-27,delivery,medium,245,1,ORD-9535,True
TKT-01816,C-2355,2026-07-27,delivery,critical,104,1,ORD-2729,True
TKT-01577,C-1674,2026-07-27,service,low,10,3,ORD-9420,False
TKT-01388,C-3042,2026-07-27,quality,low,38,2,ORD-3155,True
TKT-00425,C-1442,2026-07-27,billing,high,53,1,ORD-4608,True
TKT-01664,C-1475,2026-07-27,delivery,medium,39,5,ORD-9832,False
TKT-00857,C-3141,2026-07-27,quality,high,54,3,ORD-8376,False
TKT-00987,C-0106,2026-07-27,service,medium,13,4,ORD-6406,False
TKT-00395,C-2788,2026-07-27,delivery,high,169,2,ORD-3688,True
TKT-01575,C-0278,2026-07-27,delivery,medium,23,3,ORD-5078,False
TKT-00695,C-2412,2026-07-27,quality,critical,77,2,ORD-5422,True
TKT-00659,C-1862,2026-07-27,billing,critical,68,1,ORD-2363,True
TKT-01589,C-4339,2026-07-27,billing,low,31,4,ORD-8726,False
TKT-00198,C-0654,2026-07-27,billing,high,59,1,ORD-4467,True
TKT-01795,C-3291,2026-07-27,service,high,59,1,ORD-6464,True
TKT-00648,C-4422,2026-07-27,technical,low,0,3,ORD-3334,False
TKT-00094,C-4444,2026-07-27,quality,critical,81,2,ORD-6317,True
TKT-00918,C-3289,2026-07-28,billing,critical,66,1,ORD-3268,True
TKT-00200,C-3917,2026-07-28,quality,critical,144,1,ORD-3416,True
TKT-01774,C-2021,2026-07-28,billing,critical,67,2,ORD-1433,True
TKT-00885,C-1654,2026-07-28,technical,critical,64,1,ORD-1508,True
TKT-00487,C-2475,2026-07-28,quality,critical,90,2,ORD-3315,True
TKT-00884,C-4605,2026-07-28,service,critical,50,2,ORD-4218,True
TKT-01028,C-3602,2026-07-28,quality,high,99,2,ORD-4211,True
TKT-01374,C-4493,2026-07-28,billing,low,2,3,ORD-2155,False
TKT-00725,C-4286,2026-07-28,technical,critical,74,2,ORD-7335,True
TKT-00902,C-0744,2026-07-28,service,critical,114,3,ORD-6619,True
TKT-01526,C-0556,2026-07-28,delivery,high,92,2,ORD-2919,True
TKT-00062,C-0043,2026-07-28,billing,low,73,1,ORD-3405,True
TKT-00652,C-2577,2026-07-28,technical,critical,86,1,ORD-9098,True
TKT-00498,C-1321,2026-07-28,technical,critical,57,1,ORD-1298,True
TKT-01779,C-1205,2026-07-28,delivery,low,25,4,ORD-7797,False
TKT-00370,C-2469,2026-07-29,technical,medium,30,3,ORD-7627,False
TKT-00360,C-1692,2026-07-29,quality,low,3,3,ORD-6720,False
TKT-00420,C-0786,2026-07-29,delivery,medium,3,3,ORD-2630,False
TKT-00404,C-0757,2026-07-29,service,low,12,4,ORD-8033,False
TKT-01936,C-1064,2026-07-29,delivery,critical,55,1,ORD-3560,True
TKT-01911,C-2369,2026-07-29,service,critical,91,3,ORD-8263,True
TKT-01270,C-1731,2026-07-29,service,critical,89,3,ORD-8081,True
TKT-01253,C-2543,2026-07-29,billing,low,22,3,ORD-4073,False
TKT-01245,C-0170,2026-07-29,technical,medium,0,4,ORD-7229,False
TKT-01716,C-4436,2026-07-29,technical,high,52,1,ORD-1418,True
TKT-01350,C-1915,2026-07-29,billing,low,3,3,ORD-6289,False
TKT-01102,C-2728,2026-07-29,service,critical,59,3,ORD-8711,True
TKT-01041,C-3191,2026-07-29,technical,critical,67,1,ORD-6309,True
TKT-01032,C-4664,2026-07-29,service,medium,9,3,ORD-1667,False
TKT-00151,C-4780,2026-07-29,quality,low,71,2,ORD-3865,True
TKT-00155,C-0406,2026-07-29,quality,critical,48,2,ORD-6244,True
TKT-01396,C-2320,2026-07-29,technical,critical,66,2,ORD-3887,True
TKT-00955,C-0843,2026-07-29,technical,critical,49,2,ORD-2080,True
TKT-01411,C-1947,2026-07-29,delivery,critical,52,2,ORD-9425,True
TKT-01414,C-3061,2026-07-29,service,critical,53,2,ORD-3280,True
TKT-01847,C-3733,2026-07-29,quality,high,103,1,ORD-6502,True
TKT-01509,C-1501,2026-07-29,technical,medium,22,3,ORD-2440,False
TKT-01910,C-0553,2026-07-29,technical,high,54,3,ORD-1332,False
TKT-00593,C-2816,2026-07-29,quality,critical,72,2,ORD-7123,True
TKT-01909,C-4909,2026-07-29,delivery,critical,80,3,ORD-2821,True
TKT-00812,C-0133,2026-07-29,billing,critical,48,1,ORD-4631,True
TKT-00783,C-3883,2026-07-29,delivery,high,54,2,ORD-7558,True
TKT-00232,C-0795,2026-07-29,technical,critical,51,2,ORD-5654,True
TKT-01313,C-4986,2026-07-30,technical,critical,48,2,ORD-2335,True
TKT-01334,C-1464,2026-07-30,delivery,medium,92,2,ORD-9277,True
TKT-01342,C-1293,2026-07-30,billing,critical,140,3,ORD-7691,True
TKT-01901,C-4887,2026-07-30,technical,critical,50,1,ORD-6041,True
TKT-00104,C-4454,2026-07-30,delivery,high,56,2,ORD-6654,True
TKT-00638,C-3676,2026-07-30,quality,high,102,2,ORD-5826,True
TKT-01957,C-1584,2026-07-30,service,high,49,3,ORD-3002,False
TKT-01033,C-3185,2026-07-30,quality,medium,24,3,ORD-3804,False
TKT-01870,C-0639,2026-07-30,delivery,low,18,4,ORD-9142,False
TKT-01026,C-0122,2026-07-30,service,high,121,1,ORD-9153,True
TKT-01383,C-0407,2026-07-30,service,low,17,3,ORD-8259,False
TKT-00738,C-1818,2026-07-30,technical,critical,57,1,ORD-3802,True
TKT-01686,C-4385,2026-07-30,billing,critical,50,2,ORD-4371,True
TKT-00512,C-0235,2026-07-30,delivery,high,52,1,ORD-7090,True
TKT-00543,C-3501,2026-07-30,service,low,44,4,ORD-9156,False
TKT-01751,C-2147,2026-07-30,service,critical,53,2,ORD-6055,True
TKT-00821,C-2202,2026-07-30,service,critical,86,2,ORD-8546,True
TKT-00204,C-2647,2026-07-30,quality,low,57,1,ORD-1614,True
TKT-01609,C-2730,2026-07-31,billing,medium,4,3,ORD-8872,False
TKT-00074,C-1178,2026-07-31,delivery,medium,2,4,ORD-4775,False
TKT-01965,C-0682,2026-07-31,service,critical,74,2,ORD-2277,True
TKT-01712,C-3465,2026-07-31,quality,low,6,3,ORD-4733,False
TKT-00347,C-3889,2026-07-31,delivery,low,23,3,ORD-6848,False
TKT-00182,C-1760,2026-07-31,quality,critical,66,2,ORD-1820,True
TKT-01673,C-4685,2026-07-31,delivery,critical,53,1,ORD-9617,True
TKT-01512,C-1103,2026-07-31,quality,medium,51,3,ORD-7058,False
TKT-01358,C-0260,2026-07-31,service,low,60,2,ORD-2482,True
TKT-01905,C-1536,2026-07-31,quality,high,56,1,ORD-6200,True
TKT-01519,C-0077,2026-07-31,service,high,60,1,ORD-2003,True
TKT-00733,C-1671,2026-07-31,technical,high,93,1,ORD-9540,True
TKT-01422,C-0235,2026-07-31,quality,high,91,2,ORD-2578,True
TKT-00890,C-0133,2026-07-31,billing,high,55,2,ORD-1072,True
TKT-01237,C-1950,2026-07-31,technical,medium,18,1,ORD-7761,True
TKT-01218,C-3491,2026-07-31,delivery,high,123,2,ORD-3013,True
TKT-00599,C-1928,2026-07-31,delivery,medium,65,1,ORD-9076,True
TKT-01221,C-0238,2026-07-31,technical,critical,88,2,ORD-1816,True
TKT-00288,C-3659,2026-08-01,billing,critical,90,2,ORD-2389,True
TKT-00704,C-1278,2026-08-01,quality,high,70,3,ORD-8527,False
TKT-00741,C-2735,2026-08-01,quality,medium,3,3,ORD-8132,False
TKT-01884,C-0152,2026-08-01,billing,low,18,3,ORD-4743,False
TKT-01465,C-3265,2026-08-01,quality,low,15,4,ORD-8297,False
TKT-00866,C-0343,2026-08-01,service,critical,58,1,ORD-1772,True
TKT-01992,C-3576,2026-08-01,technical,low,10,3,ORD-9477,False
TKT-00968,C-1020,2026-08-01,technical,medium,38,2,ORD-2041,True
TKT-00969,C-2940,2026-08-01,quality,low,80,1,ORD-9326,True
TKT-00994,C-2239,2026-08-01,service,medium,8,5,ORD-4317,False
TKT-01690,C-3799,2026-08-01,technical,low,14,3,ORD-9787,False
TKT-01691,C-2083,2026-08-01,billing,medium,42,3,ORD-3184,False
TKT-01376,C-1691,2026-08-01,quality,critical,71,3,ORD-4194,True
TKT-01736,C-1877,2026-08-01,service,high,49,2,ORD-2873,True
TKT-00318,C-4373,2026-08-01,technical,medium,50,2,ORD-1213,True
TKT-00867,C-0231,2026-08-01,delivery,low,7,4,ORD-5242,False
TKT-01583,C-4201,2026-08-01,technical,low,15,4,ORD-6527,False
TKT-00469,C-1785,2026-08-01,service,medium,16,3,ORD-6451,False
TKT-00382,C-4746,2026-08-01,quality,low,3,3,ORD-1018,False
TKT-00433,C-1432,2026-08-01,technical,medium,9,3,ORD-8769,False
TKT-01810,C-2099,2026-08-02,service,low,62,2,ORD-3308,True
TKT-00429,C-1358,2026-08-02,delivery,low,7,3,ORD-1418,False
TKT-01351,C-0290,2026-08-02,technical,medium,12,3,ORD-9583,False
TKT-00222,C-2783,2026-08-02,quality,medium,21,3,ORD-9122,False
TKT-01535,C-1472,2026-08-02,quality,low,16,2,ORD-7035,True
TKT-01160,C-3633,2026-08-02,delivery,medium,6,3,ORD-3190,False
TKT-01094,C-1896,2026-08-02,billing,low,49,3,ORD-7295,False
TKT-00280,C-2301,2026-08-02,billing,medium,38,4,ORD-5955,False
TKT-00919,C-0420,2026-08-02,quality,high,80,1,ORD-7170,True
TKT-00570,C-3433,2026-08-02,quality,high,76,2,ORD-6588,True
TKT-00591,C-4381,2026-08-02,quality,high,60,1,ORD-6568,True
TKT-01308,C-4872,2026-08-02,delivery,low,61,3,ORD-9021,False
TKT-00308,C-3149,2026-08-02,delivery,medium,20,4,ORD-6564,False
TKT-00336,C-0093,2026-08-02,service,low,7,3,ORD-7017,False
TKT-01766,C-1718,2026-08-02,technical,medium,35,2,ORD-5586,True
TKT-01970,C-1790,2026-08-03,quality,medium,86,2,ORD-4102,True
TKT-00148,C-1327,2026-08-03,delivery,medium,25,3,ORD-3318,False
TKT-00936,C-0870,2026-08-03,technical,medium,19,5,ORD-3912,False
TKT-01203,C-0087,2026-08-03,quality,low,0,3,ORD-7442,False
TKT-00535,C-2571,2026-08-03,service,critical,61,1,ORD-2018,True
TKT-00745,C-3732,2026-08-03,quality,critical,65,1,ORD-6420,True
TKT-01553,C-4691,2026-08-03,technical,medium,21,3,ORD-2599,False
TKT-00383,C-0057,2026-08-03,quality,low,0,4,ORD-5053,False
TKT-01720,C-0153,2026-08-03,quality,low,38,3,ORD-8155,False
TKT-01058,C-4185,2026-08-03,delivery,low,69,1,ORD-2685,True
TKT-00547,C-2093,2026-08-03,billing,medium,27,5,ORD-9344,False
TKT-00266,C-3373,2026-08-03,quality,medium,1,2,ORD-1755,True
TKT-01037,C-2720,2026-08-03,technical,critical,62,2,ORD-7675,True
TKT-01507,C-0796,2026-08-03,quality,high,60,2,ORD-2988,True
TKT-00131,C-2169,2026-08-03,billing,low,11,4,ORD-2763,False
TKT-00691,C-4396,2026-08-03,delivery,low,12,1,ORD-9766,True
TKT-00473,C-1118,2026-08-04,billing,low,16,5,ORD-9509,False
TKT-00174,C-1135,2026-08-04,delivery,critical,66,1,ORD-9885,True
TKT-00536,C-2687,2026-08-04,billing,low,9,3,ORD-3506,False
TKT-00287,C-1682,2026-08-04,delivery,high,94,2,ORD-7932,True
TKT-00435,C-3735,2026-08-04,delivery,critical,50,1,ORD-1205,True
TKT-01154,C-0011,2026-08-04,delivery,critical,50,3,ORD-4340,True
TKT-00541,C-2513,2026-08-04,delivery,high,60,3,ORD-3410,False
TKT-00033,C-0006,2026-08-04,quality,high,48,1,ORD-3017,True
TKT-00891,C-1660,2026-08-04,delivery,low,16,3,ORD-8480,False
TKT-00014,C-0088,2026-08-04,technical,medium,0,3,ORD-5810,False
TKT-01038,C-0702,2026-08-04,service,critical,55,3,ORD-9338,True
TKT-00073,C-3571,2026-08-04,service,critical,57,2,ORD-6170,True
TKT-00520,C-4233,2026-08-04,service,critical,65,1,ORD-1141,True
TKT-01563,C-4103,2026-08-04,billing,high,69,2,ORD-9537,True
TKT-00365,C-4790,2026-08-04,technical,critical,56,1,ORD-8225,True
TKT-01106,C-4822,2026-08-04,delivery,critical,63,1,ORD-7064,True
TKT-01011,C-1124,2026-08-04,quality,high,69,2,ORD-5415,True
TKT-01285,C-3542,2026-08-05,billing,low,17,4,ORD-1119,False
TKT-01826,C-4592,2026-08-05,quality,high,82,2,ORD-1991,True
TKT-01017,C-3067,2026-08-05,delivery,low,20,5,ORD-3451,False
TKT-00108,C-2780,2026-08-05,billing,low,2,3,ORD-1592,False
TKT-01184,C-0117,2026-08-05,delivery,low,64,3,ORD-4005,False
TKT-01240,C-0599,2026-08-05,service,critical,76,3,ORD-3584,True
TKT-00297,C-1549,2026-08-05,service,low,24,5,ORD-9070,False
TKT-01248,C-1327,2026-08-05,delivery,critical,56,1,ORD-3689,True
TKT-00643,C-1356,2026-08-05,technical,low,3,4,ORD-6219,False
TKT-01290,C-2937,2026-08-05,quality,critical,79,1,ORD-9122,True
TKT-01310,C-1871,2026-08-05,billing,medium,67,3,ORD-1726,False
TKT-00686,C-4399,2026-08-05,service,high,76,1,ORD-4203,True
TKT-00961,C-4224,2026-08-05,service,low,3,2,ORD-7732,True
TKT-00708,C-1100,2026-08-05,service,low,17,3,ORD-5990,False
TKT-00413,C-4891,2026-08-05,delivery,medium,27,4,ORD-8021,False
TKT-01930,C-2323,2026-08-05,technical,high,50,2,ORD-5112,True
TKT-00900,C-3960,2026-08-05,technical,low,20,2,ORD-1724,True
TKT-01857,C-2883,2026-08-05,billing,critical,51,2,ORD-5400,True
TKT-00915,C-0433,2026-08-05,service,critical,66,2,ORD-1831,True
TKT-01251,C-4146,2026-08-06,technical,critical,114,1,ORD-1050,True
TKT-01250,C-3084,2026-08-06,delivery,critical,82,3,ORD-7841,True
TKT-01278,C-4760,2026-08-06,quality,low,41,4,ORD-4744,False
TKT-01130,C-1211,2026-08-06,delivery,high,66,1,ORD-5166,True
TKT-01937,C-4585,2026-08-06,technical,high,51,2,ORD-8347,True
TKT-01365,C-4690,2026-08-06,service,critical,50,2,ORD-1211,True
TKT-00417,C-1236,2026-08-06,quality,low,15,5,ORD-5976,False
TKT-01588,C-1607,2026-08-06,quality,low,40,4,ORD-7998,False
TKT-01534,C-0326,2026-08-06,technical,low,30,5,ORD-9660,False
TKT-00811,C-0200,2026-08-06,quality,medium,3,3,ORD-6753,False
TKT-01449,C-0123,2026-08-06,service,low,6,4,ORD-9716,False
TKT-01855,C-3097,2026-08-06,service,high,48,1,ORD-4571,True
TKT-00765,C-4647,2026-08-06,quality,medium,45,4,ORD-8230,False
TKT-01999,C-4412,2026-08-06,technical,low,12,4,ORD-1915,False
TKT-01392,C-3528,2026-08-06,technical,medium,5,1,ORD-9277,True
TKT-01413,C-3302,2026-08-06,quality,critical,55,1,ORD-8632,True
TKT-01408,C-4178,2026-08-06,billing,low,25,4,ORD-3235,False
TKT-00208,C-1435,2026-08-07,billing,critical,63,1,ORD-2464,True
TKT-00006,C-1532,2026-08-07,delivery,medium,2,3,ORD-5437,False
TKT-00340,C-0873,2026-08-07,technical,medium,15,4,ORD-5436,False
TKT-01552,C-2301,2026-08-07,billing,low,11,3,ORD-2035,False
TKT-01624,C-4676,2026-08-07,quality,critical,69,2,ORD-3485,True
TKT-01531,C-0434,2026-08-07,technical,medium,41,4,ORD-4441,False
TKT-00285,C-4820,2026-08-07,technical,low,4,4,ORD-3150,False
TKT-00279,C-1771,2026-08-07,delivery,high,90,1,ORD-7554,True
TKT-01503,C-3941,2026-08-07,technical,low,8,4,ORD-4085,False
TKT-00701,C-3796,2026-08-07,service,medium,72,1,ORD-3751,True
TKT-01649,C-3447,2026-08-07,billing,medium,19,3,ORD-5993,False
TKT-00762,C-1720,2026-08-07,quality,high,67,1,ORD-9997,True
TKT-01791,C-4478,2026-08-07,technical,medium,10,3,ORD-8627,False
TKT-01468,C-0862,2026-08-07,billing,low,14,5,ORD-1667,False
TKT-00063,C-2093,2026-08-07,delivery,medium,7,5,ORD-1164,False
TKT-01120,C-1609,2026-08-07,technical,medium,9,3,ORD-1900,False
TKT-00853,C-2758,2026-08-07,billing,critical,55,3,ORD-3432,True
TKT-00855,C-0924,2026-08-07,quality,medium,34,4,ORD-9493,False
TKT-00169,C-3553,2026-08-07,service,high,94,2,ORD-2312,True
TKT-01863,C-2711,2026-08-08,delivery,critical,142,1,ORD-5258,True
TKT-02000,C-0957,2026-08-08,technical,high,52,2,ORD-6224,True
TKT-00759,C-3332,2026-08-08,technical,medium,47,3,ORD-7468,False
TKT-01491,C-0113,2026-08-08,quality,high,67,2,ORD-5521,True
TKT-00619,C-1900,2026-08-08,billing,low,58,3,ORD-7938,False
TKT-01170,C-1601,2026-08-08,billing,high,67,3,ORD-1437,False
TKT-00409,C-3866,2026-08-08,quality,low,2,3,ORD-9630,False
TKT-00295,C-2160,2026-08-08,technical,critical,69,3,ORD-9542,True
TKT-01282,C-0260,2026-08-08,billing,low,35,4,ORD-1755,False
TKT-00260,C-4694,2026-08-08,billing,medium,62,1,ORD-9211,True
TKT-00603,C-1106,2026-08-08,service,low,13,5,ORD-1017,False
TKT-00041,C-3957,2026-08-08,billing,critical,55,1,ORD-8813,True
TKT-00117,C-4237,2026-08-08,quality,high,64,1,ORD-4045,True
TKT-00972,C-0051,2026-08-08,billing,high,136,2,ORD-3416,True
TKT-01330,C-2054,2026-08-09,billing,medium,7,3,ORD-7761,False
TKT-00525,C-1471,2026-08-09,delivery,critical,51,1,ORD-4405,True
TKT-01324,C-2338,2026-08-09,technical,low,9,4,ORD-6975,False
TKT-01852,C-3638,2026-08-09,service,medium,13,4,ORD-2915,False
TKT-01927,C-4927,2026-08-09,delivery,critical,116,1,ORD-6004,True
TKT-00316,C-3326,2026-08-09,billing,high,62,3,ORD-7286,False
TKT-01561,C-3527,2026-08-09,quality,critical,95,1,ORD-8863,True
TKT-00923,C-2268,2026-08-09,service,low,39,2,ORD-7013,True
TKT-00746,C-1912,2026-08-09,delivery,critical,71,2,ORD-4914,True
TKT-01676,C-2620,2026-08-09,quality,low,53,1,ORD-7213,True
TKT-01750,C-2072,2026-08-09,technical,medium,2,2,ORD-2964,True
TKT-00138,C-0402,2026-08-09,technical,medium,28,4,ORD-3486,False
TKT-01781,C-2656,2026-08-09,service,low,5,4,ORD-1299,False
TKT-01969,C-1915,2026-08-09,technical,low,4,4,ORD-4419,False
TKT-00807,C-0419,2026-08-09,technical,medium,21,2,ORD-5628,True
TKT-01683,C-4158,2026-08-09,technical,low,17,4,ORD-2929,False
TKT-01770,C-0859,2026-08-10,technical,low,19,4,ORD-5669,False
TKT-00870,C-4724,2026-08-10,service,low,34,3,ORD-3959,False
TKT-00712,C-1053,2026-08-10,technical,medium,8,4,ORD-7029,False
TKT-00793,C-2164,2026-08-10,technical,high,65,2,ORD-3922,True
TKT-00949,C-1884,2026-08-10,service,low,11,5,ORD-5104,False
TKT-00732,C-4535,2026-08-10,billing,critical,78,1,ORD-3560,True
TKT-01177,C-1582,2026-08-10,technical,high,54,3,ORD-9521,False
TKT-00559,C-4423,2026-08-10,service,medium,20,4,ORD-9181,False
TKT-01114,C-4678,2026-08-10,technical,high,48,1,ORD-6259,True
TKT-00152,C-3132,2026-08-10,technical,high,59,2,ORD-4526,True
TKT-00197,C-0895,2026-08-10,delivery,medium,41,5,ORD-9829,False
TKT-01252,C-1633,2026-08-10,delivery,high,51,1,ORD-3852,True
TKT-01057,C-4671,2026-08-10,quality,high,51,1,ORD-3493,True
TKT-00261,C-2137,2026-08-10,billing,critical,77,2,ORD-1574,True
TKT-01049,C-0854,2026-08-10,billing,high,52,3,ORD-4328,False
TKT-01926,C-0591,2026-08-10,technical,medium,15,4,ORD-6940,False
TKT-01493,C-4414,2026-08-10,billing,low,6,3,ORD-3164,False
TKT-00301,C-3980,2026-08-10,billing,medium,30,3,ORD-8123,False
TKT-01328,C-4226,2026-08-11,delivery,high,86,2,ORD-5864,True
TKT-01021,C-4458,2026-08-11,quality,medium,16,3,ORD-1430,False
TKT-01068,C-0320,2026-08-11,technical,low,45,4,ORD-2009,False
TKT-00976,C-0318,2026-08-11,quality,high,59,1,ORD-4338,True
TKT-01298,C-2101,2026-08-11,technical,critical,54,3,ORD-4568,True
TKT-01109,C-1226,2026-08-11,billing,high,60,1,ORD-8652,True
TKT-00965,C-2382,2026-08-11,quality,high,50,1,ORD-2415,True
TKT-01188,C-1683,2026-08-11,service,high,56,1,ORD-5733,True
TKT-01047,C-1858,2026-08-11,billing,medium,37,4,ORD-5050,False
TKT-00830,C-2270,2026-08-11,billing,critical,58,2,ORD-5933,True
TKT-00873,C-0488,2026-08-11,technical,high,56,2,ORD-5399,True
TKT-00018,C-4886,2026-08-11,delivery,medium,12,4,ORD-6563,False
TKT-01641,C-4906,2026-08-11,quality,low,10,3,ORD-1330,False
TKT-00243,C-0930,2026-08-11,quality,critical,55,3,ORD-4408,True
TKT-00265,C-2444,2026-08-11,quality,low,4,4,ORD-3211,False
TKT-00274,C-2254,2026-08-11,billing,medium,68,1,ORD-9616,True
TKT-00440,C-4621,2026-08-11,billing,high,58,1,ORD-9978,True
TKT-00723,C-2990,2026-08-11,billing,low,5,4,ORD-6959,False
TKT-00814,C-3769,2026-08-11,quality,medium,69,3,ORD-7061,False
TKT-01380,C-4796,2026-08-11,delivery,high,98,1,ORD-4977,True
TKT-01431,C-4221,2026-08-11,billing,critical,56,1,ORD-7384,True
TKT-00810,C-4807,2026-08-11,quality,critical,54,2,ORD-6962,True
TKT-01894,C-4222,2026-08-11,billing,low,30,2,ORD-4817,True
TKT-00946,C-0571,2026-08-12,service,critical,54,2,ORD-3928,True
TKT-01144,C-0195,2026-08-12,quality,low,15,3,ORD-4678,False
TKT-00098,C-1942,2026-08-12,quality,medium,33,2,ORD-4378,True
TKT-00236,C-2141,2026-08-12,quality,medium,1,3,ORD-4244,False
TKT-00630,C-1864,2026-08-12,quality,high,93,1,ORD-3909,True
TKT-00501,C-4685,2026-08-12,quality,critical,70,2,ORD-5330,True
TKT-00903,C-3360,2026-08-12,billing,medium,10,2,ORD-6364,True
TKT-00579,C-2161,2026-08-12,quality,critical,49,1,ORD-3657,True
TKT-01015,C-3377,2026-08-12,billing,low,17,4,ORD-3292,False
TKT-00978,C-4448,2026-08-12,technical,low,20,2,ORD-3883,True
TKT-00827,C-1585,2026-08-12,delivery,medium,21,2,ORD-3349,True
TKT-01916,C-3619,2026-08-12,service,high,89,1,ORD-1428,True
TKT-01000,C-4451,2026-08-12,technical,low,3,4,ORD-7818,False
TKT-01567,C-3341,2026-08-12,technical,high,52,1,ORD-3446,True
TKT-01190,C-2205,2026-08-12,quality,medium,13,4,ORD-6992,False
TKT-01299,C-2298,2026-08-12,delivery,high,63,1,ORD-1605,True
TKT-01499,C-4404,2026-08-12,technical,low,57,2,ORD-1418,True
TKT-01602,C-1111,2026-08-12,billing,medium,31,3,ORD-7726,False
TKT-01752,C-2764,2026-08-12,technical,low,65,2,ORD-1827,True
TKT-00799,C-3183,2026-08-13,quality,medium,78,2,ORD-7455,True
TKT-01432,C-2104,2026-08-13,billing,high,59,2,ORD-1925,True
TKT-01442,C-3219,2026-08-13,technical,low,35,3,ORD-9895,False
TKT-01458,C-2681,2026-08-13,technical,high,65,3,ORD-1599,False
TKT-00627,C-4822,2026-08-13,delivery,critical,51,2,ORD-3828,True
TKT-00422,C-0534,2026-08-13,technical,medium,25,4,ORD-4461,False
TKT-00390,C-0933,2026-08-13,technical,medium,12,3,ORD-9031,False
TKT-00609,C-0537,2026-08-13,quality,high,62,1,ORD-8305,True
TKT-01395,C-1774,2026-08-13,quality,critical,133,1,ORD-8425,True
TKT-01958,C-3547,2026-08-13,billing,medium,101,1,ORD-7110,True
TKT-00228,C-2316,2026-08-13,quality,low,24,3,ORD-8569,False
TKT-00181,C-1304,2026-08-13,delivery,critical,50,2,ORD-2144,True
TKT-01975,C-0987,2026-08-13,service,low,63,3,ORD-2417,False
TKT-00180,C-0264,2026-08-13,service,high,51,1,ORD-5835,True
TKT-00163,C-4581,2026-08-13,delivery,high,85,1,ORD-8172,True
TKT-01692,C-0123,2026-08-13,quality,medium,5,3,ORD-8846,False
TKT-00047,C-4043,2026-08-13,billing,low,0,3,ORD-8504,False
TKT-00362,C-2572,2026-08-13,billing,low,5,5,ORD-9099,False
TKT-00889,C-3536,2026-08-13,service,critical,52,1,ORD-6589,True
TKT-01724,C-4858,2026-08-13,quality,critical,65,1,ORD-2428,True
TKT-01124,C-1229,2026-08-13,service,critical,73,1,ORD-5486,True
TKT-01078,C-1187,2026-08-13,technical,high,51,2,ORD-5889,True
TKT-01101,C-1078,2026-08-13,delivery,high,61,3,ORD-3384,False
TKT-01872,C-3387,2026-08-14,delivery,critical,95,1,ORD-9597,True
TKT-00149,C-0518,2026-08-14,quality,low,0,5,ORD-4991,False
TKT-01639,C-2404,2026-08-14,quality,medium,19,5,ORD-7052,False
TKT-01445,C-0980,2026-08-14,technical,high,117,2,ORD-8709,True
TKT-01896,C-3252,2026-08-14,delivery,medium,21,5,ORD-2945,False
TKT-01637,C-0139,2026-08-14,delivery,medium,51,1,ORD-2940,True
TKT-01466,C-3520,2026-08-14,service,critical,60,2,ORD-3324,True
TKT-00103,C-0738,2026-08-14,service,high,62,1,ORD-2988,True
TKT-00872,C-2606,2026-08-14,delivery,high,57,3,ORD-5577,False
TKT-01473,C-0477,2026-08-14,delivery,critical,67,1,ORD-3150,True
TKT-00780,C-2136,2026-08-14,quality,medium,21,5,ORD-6808,False
TKT-00516,C-1707,2026-08-14,delivery,low,4,4,ORD-1790,False
TKT-00061,C-2792,2026-08-14,billing,medium,44,5,ORD-4799,False
TKT-01256,C-2818,2026-08-14,service,critical,94,1,ORD-9483,True
TKT-01806,C-4029,2026-08-14,technical,high,96,1,ORD-3073,True
TKT-01818,C-4807,2026-08-14,billing,critical,111,1,ORD-2486,True
TKT-01601,C-0804,2026-08-14,technical,high,52,2,ORD-4214,True
TKT-01007,C-4752,2026-08-14,billing,high,85,2,ORD-9544,True
TKT-00255,C-4369,2026-08-15,technical,low,44,3,ORD-6727,False
TKT-01832,C-1178,2026-08-15,quality,medium,51,3,ORD-7029,False
TKT-00511,C-3844,2026-08-15,delivery,critical,66,1,ORD-2826,True
TKT-00702,C-4329,2026-08-15,delivery,low,7,3,ORD-2286,False
TKT-01186,C-2761,2026-08-15,quality,medium,20,4,ORD-6095,False
TKT-00470,C-0131,2026-08-15,delivery,critical,51,2,ORD-9299,True
TKT-01010,C-3354,2026-08-15,service,medium,12,4,ORD-8891,False
TKT-00251,C-3270,2026-08-15,delivery,high,78,2,ORD-8128,True
TKT-00201,C-4060,2026-08-15,quality,low,4,3,ORD-6908,False
TKT-01523,C-1316,2026-08-15,service,high,100,1,ORD-1114,True
TKT-00479,C-2693,2026-08-15,service,critical,92,1,ORD-7919,True
TKT-00282,C-3127,2026-08-15,service,medium,2,5,ORD-5490,False
TKT-01353,C-0559,2026-08-15,delivery,medium,55,2,ORD-2604,True
TKT-00993,C-0715,2026-08-15,delivery,critical,69,1,ORD-6341,True
TKT-00909,C-3225,2026-08-15,service,medium,9,5,ORD-1628,False
TKT-00539,C-0039,2026-08-16,billing,medium,10,4,ORD-3535,False
TKT-01381,C-3907,2026-08-16,delivery,low,0,5,ORD-6441,False
TKT-01903,C-4955,2026-08-16,delivery,low,44,3,ORD-3091,False
TKT-00562,C-1513,2026-08-16,delivery,critical,80,1,ORD-6078,True
TKT-00633,C-1122,2026-08-16,delivery,low,21,3,ORD-2219,False
TKT-01636,C-4744,2026-08-16,technical,medium,62,1,ORD-7975,True
TKT-01494,C-3164,2026-08-16,delivery,low,7,3,ORD-8493,False
TKT-01738,C-3430,2026-08-16,delivery,medium,20,3,ORD-5553,False
TKT-00842,C-3516,2026-08-16,technical,critical,111,2,ORD-3052,True
TKT-01977,C-2285,2026-08-16,delivery,critical,54,2,ORD-8386,True
TKT-01156,C-1626,2026-08-16,delivery,high,54,2,ORD-2450,True
TKT-00497,C-3218,2026-08-16,billing,medium,24,5,ORD-7936,False
TKT-00624,C-4532,2026-08-16,delivery,medium,12,2,ORD-1407,True
TKT-01520,C-2761,2026-08-16,delivery,high,64,1,ORD-7771,True
TKT-01361,C-1113,2026-08-16,technical,critical,75,1,ORD-3186,True
TKT-00734,C-1900,2026-08-16,delivery,high,49,1,ORD-1499,True
TKT-01360,C-4020,2026-08-16,delivery,high,48,1,ORD-1385,True
TKT-01354,C-2341,2026-08-16,quality,critical,65,1,ORD-5671,True
TKT-00121,C-2236,2026-08-16,technical,low,9,3,ORD-1634,False
TKT-01657,C-1134,2026-08-16,delivery,low,7,5,ORD-5887,False
TKT-01159,C-2028,2026-08-16,quality,high,98,2,ORD-3959,True
TKT-00457,C-2012,2026-08-17,technical,high,58,1,ORD-1070,True
TKT-01108,C-2202,2026-08-17,delivery,low,23,4,ORD-7803,False
TKT-00278,C-4209,2026-08-17,billing,high,70,1,ORD-7941,True
TKT-01490,C-1674,2026-08-17,delivery,medium,9,3,ORD-2586,False
TKT-01559,C-0041,2026-08-17,technical,high,60,1,ORD-5636,True
TKT-00284,C-0972,2026-08-17,service,critical,80,3,ORD-8502,True
TKT-01249,C-2826,2026-08-17,billing,medium,110,2,ORD-7425,True
TKT-00142,C-1421,2026-08-17,service,critical,55,1,ORD-5984,True
TKT-01430,C-0612,2026-08-17,delivery,high,58,1,ORD-9644,True
TKT-00824,C-2952,2026-08-17,delivery,medium,2,4,ORD-2326,False
TKT-01316,C-4279,2026-08-17,delivery,high,59,1,ORD-2989,True
TKT-00789,C-3373,2026-08-17,technical,medium,11,2,ORD-3541,True
TKT-00640,C-2525,2026-08-17,delivery,low,14,4,ORD-8325,False
TKT-01447,C-0804,2026-08-17,delivery,low,38,4,ORD-2049,False
TKT-00772,C-3114,2026-08-17,billing,medium,29,3,ORD-6704,False
TKT-01013,C-0011,2026-08-17,delivery,medium,45,4,ORD-1163,False
TKT-00996,C-1293,2026-08-17,delivery,medium,16,4,ORD-3840,False
TKT-00699,C-0186,2026-08-17,technical,low,26,3,ORD-6469,False
TKT-01982,C-3922,2026-08-18,service,low,20,4,ORD-6312,False
TKT-00438,C-0711,2026-08-18,billing,critical,67,2,ORD-7319,True
TKT-00119,C-4638,2026-08-18,quality,low,7,3,ORD-3247,False
TKT-00091,C-3437,2026-08-18,service,low,6,4,ORD-2391,False
TKT-01717,C-2609,2026-08-18,service,high,48,1,ORD-2233,True
TKT-01341,C-1184,2026-08-18,service,critical,50,1,ORD-7055,True
TKT-01286,C-0586,2026-08-18,delivery,critical,57,3,ORD-5422,True
TKT-00414,C-0014,2026-08-18,quality,high,60,2,ORD-5813,True
TKT-01321,C-3616,2026-08-18,quality,medium,14,5,ORD-8744,False
TKT-00311,C-0645,2026-08-18,billing,medium,34,3,ORD-7990,False
TKT-01424,C-4070,2026-08-18,technical,critical,68,2,ORD-4437,True
TKT-01798,C-3860,2026-08-18,quality,high,76,1,ORD-3462,True
TKT-00199,C-3077,2026-08-18,technical,high,54,3,ORD-2335,False
TKT-01425,C-4558,2026-08-18,delivery,medium,13,4,ORD-5938,False
TKT-01956,C-2089,2026-08-18,technical,medium,25,2,ORD-1289,True
TKT-00499,C-3331,2026-08-18,technical,critical,97,2,ORD-2172,True
TKT-00270,C-4718,2026-08-19,delivery,critical,58,2,ORD-7166,True
TKT-01597,C-1809,2026-08-19,delivery,low,8,3,ORD-3747,False
TKT-01794,C-2762,2026-08-19,technical,critical,70,2,ORD-5441,True
TKT-00367,C-1579,2026-08-19,delivery,critical,154,1,ORD-4445,True
TKT-00191,C-2524,2026-08-19,technical,critical,55,3,ORD-8641,True
TKT-00110,C-4163,2026-08-19,delivery,low,49,1,ORD-8971,True
TKT-00910,C-0152,2026-08-19,service,low,25,2,ORD-4304,True
TKT-01733,C-1798,2026-08-19,delivery,high,91,1,ORD-4116,True
TKT-00505,C-0478,2026-08-19,service,medium,10,2,ORD-6453,True
TKT-01367,C-4171,2026-08-19,service,critical,88,1,ORD-6784,True
TKT-01951,C-3128,2026-08-19,technical,low,1,4,ORD-3392,False
TKT-01113,C-2029,2026-08-19,technical,low,1,4,ORD-7383,False
TKT-01371,C-1009,2026-08-19,technical,critical,55,1,ORD-6722,True
TKT-01984,C-0720,2026-08-19,quality,medium,0,2,ORD-5401,True
TKT-00158,C-2021,2026-08-19,service,critical,53,1,ORD-7801,True
TKT-00253,C-0823,2026-08-20,service,critical,62,2,ORD-4374,True
TKT-01627,C-3766,2026-08-20,delivery,high,70,1,ORD-5482,True
TKT-00221,C-3554,2026-08-20,service,low,20,3,ORD-8120,False
TKT-01246,C-3014,2026-08-20,service,medium,18,3,ORD-8159,False
TKT-00977,C-0570,2026-08-20,service,medium,9,3,ORD-2980,False
TKT-00321,C-0794,2026-08-20,quality,high,67,2,ORD-8909,True
TKT-00947,C-3259,2026-08-20,quality,high,144,3,ORD-5373,False
TKT-00913,C-2229,2026-08-20,billing,high,63,1,ORD-4832,True
TKT-00860,C-4707,2026-08-20,billing,high,64,2,ORD-8142,True
TKT-00859,C-1603,2026-08-20,quality,critical,92,1,ORD-7451,True
TKT-01399,C-1418,2026-08-20,quality,medium,66,3,ORD-8158,False
TKT-00766,C-3428,2026-08-20,service,high,54,2,ORD-7427,True
TKT-01887,C-3966,2026-08-20,billing,high,66,3,ORD-1701,False
TKT-01433,C-2295,2026-08-20,billing,medium,26,5,ORD-8347,False
TKT-01556,C-1286,2026-08-20,billing,high,108,2,ORD-6101,True
TKT-01288,C-0872,2026-08-20,quality,low,14,5,ORD-3235,False
TKT-01904,C-3226,2026-08-20,billing,medium,30,4,ORD-2894,False
TKT-00626,C-3815,2026-08-20,billing,low,13,4,ORD-4261,False
TKT-00688,C-3127,2026-08-20,technical,high,50,2,ORD-6265,True
TKT-01537,C-0482,2026-08-20,quality,critical,119,1,ORD-8243,True
TKT-00491,C-3674,2026-08-20,delivery,low,64,2,ORD-9681,True
TKT-01761,C-3813,2026-08-20,quality,medium,14,3,ORD-5705,False
TKT-00354,C-2491,2026-08-20,delivery,critical,65,1,ORD-7265,True
TKT-00510,C-4813,2026-08-20,technical,low,11,3,ORD-9353,False
TKT-00348,C-1456,2026-08-20,service,critical,56,1,ORD-3527,True
TKT-01498,C-0236,2026-08-21,technical,medium,25,3,ORD-8390,False
TKT-00820,C-1316,2026-08-21,billing,critical,111,1,ORD-4396,True
TKT-01869,C-3302,2026-08-21,quality,high,51,2,ORD-7746,True
TKT-00850,C-4418,2026-08-21,technical,high,48,3,ORD-6000,False
TKT-00332,C-1745,2026-08-21,delivery,critical,81,1,ORD-3450,True
TKT-01944,C-0952,2026-08-21,service,medium,9,4,ORD-2013,False
TKT-00053,C-0220,2026-08-21,billing,low,21,2,ORD-2123,True
TKT-00952,C-2746,2026-08-21,billing,medium,21,1,ORD-6811,True
TKT-01708,C-4574,2026-08-21,billing,critical,56,3,ORD-9790,True
TKT-00966,C-1852,2026-08-21,technical,medium,13,3,ORD-1717,False
TKT-00880,C-4308,2026-08-21,delivery,low,9,5,ORD-6667,False
TKT-01056,C-1881,2026-08-21,delivery,low,44,4,ORD-6548,False
TKT-00769,C-4407,2026-08-21,billing,high,57,3,ORD-2343,False
TKT-00743,C-0724,2026-08-21,service,medium,43,2,ORD-1202,True
TKT-01934,C-2095,2026-08-21,billing,medium,5,3,ORD-1170,False
TKT-00442,C-1550,2026-08-21,billing,low,9,4,ORD-3044,False
TKT-00697,C-1477,2026-08-21,billing,low,29,4,ORD-6075,False
TKT-00167,C-4529,2026-08-21,delivery,high,70,1,ORD-2220,True
TKT-00475,C-3079,2026-08-21,quality,medium,5,3,ORD-4185,False
TKT-00681,C-0505,2026-08-21,billing,low,25,3,ORD-2478,False
TKT-00639,C-4361,2026-08-21,quality,medium,5,3,ORD-1790,False
TKT-01621,C-1984,2026-08-21,technical,low,35,5,ORD-5758,False
TKT-00184,C-4804,2026-08-21,technical,low,43,4,ORD-4851,False
TKT-01488,C-4775,2026-08-21,delivery,high,60,2,ORD-4587,True
TKT-00555,C-4407,2026-08-21,service,high,97,3,ORD-1824,False
TKT-01423,C-0458,2026-08-21,delivery,medium,19,4,ORD-5810,False
TKT-01168,C-0826,2026-08-21,service,critical,79,1,ORD-3801,True
